frame_idx,t_global_s,linear_velocity,reward_state,reward_amount,reward_level,slot1
1,0.0166666666666667,25,0,0,0,1|-12.000|29.750|1|1.500
2,0.0333333333333333,25,0,0,0,1|-12.000|29.500|1|1.500
3,0.05,25,0,0,0,1|-12.000|29.250|1|1.500
4,0.0666666666666667,25,0,0,0,1|-12.000|29.000|1|1.500
5,0.0833333333333333,25,0,0,0,1|-12.000|28.750|1|1.500
6,0.1,25,0,0,0,1|-12.000|28.500|1|1.500
7,0.116666666666667,25,0,0,0,1|-11.600|28.250|1|1.500
8,0.133333333333333,25,0,0,0,1|-11.600|28.000|1|1.500
9,0.15,25,0,0,0,1|-11.200|27.750|1|1.500
10,0.166666666666667,25,0,0,0,1|-11.200|27.500|1|1.500
11,0.183333333333333,25,0,0,0,1|-11.200|27.250|1|1.500
12,0.2,25,0,0,0,1|-11.200|27.000|1|1.500
13,0.216666666666667,25,0,0,0,1|-10.800|26.750|1|1.500
14,0.233333333333333,25,0,0,0,1|-10.800|26.500|1|1.500
15,0.25,25,0,0,0,1|-10.400|26.250|1|1.500
16,0.266666666666667,25,0,0,0,1|-10.400|26.000|1|1.500
17,0.283333333333333,25,0,0,0,1|-10.000|25.750|1|1.500
18,0.3,25,0,0,0,1|-10.000|25.500|1|1.500
19,0.316666666666667,25,0,0,0,1|-10.000|25.250|1|1.500
20,0.333333333333333,25,0,0,0,1|-10.000|25.000|1|1.500
21,0.35,25,0,0,0,1|-10.000|24.750|1|1.500
22,0.366666666666667,25,0,0,0,1|-9.600|24.500|1|1.500
23,0.383333333333333,25,0,0,0,1|-9.200|24.250|1|1.500
24,0.4,25,0,0,0,1|-9.200|24.000|1|1.500
25,0.416666666666667,25,0,0,0,1|-9.200|23.750|1|1.500
26,0.433333333333333,25,0,0,0,1|-8.800|23.500|1|1.500
27,0.45,25,0,0,0,1|-8.800|23.250|1|1.500
28,0.466666666666667,25,0,0,0,1|-8.800|23.000|1|1.500
29,0.483333333333333,25,0,0,0,1|-8.800|22.750|1|1.500
30,0.5,25,0,0,0,1|-8.800|22.500|1|1.500
31,0.516666666666667,25,0,0,0,1|-8.800|22.250|1|1.500
32,0.533333333333333,25,0,0,0,1|-8.800|22.000|1|1.500
33,0.55,25,0,0,0,1|-8.800|21.750|1|1.500
34,0.566666666666667,25,0,0,0,1|-8.800|21.500|1|1.500
35,0.583333333333333,25,0,0,0,1|-8.400|21.250|1|1.500
36,0.6,25,0,0,0,1|-8.000|21.000|1|1.500
37,0.616666666666667,25,0,0,0,1|-8.000|20.750|1|1.500
38,0.633333333333333,25,0,0,0,1|-8.000|20.500|1|1.500
39,0.65,25,0,0,0,1|-8.000|20.250|1|1.500
40,0.666666666666667,25,0,0,0,1|-8.000|20.000|1|1.500
41,0.683333333333333,25,0,0,0,1|-7.600|19.750|1|1.500
42,0.7,25,0,0,0,1|-7.600|19.500|1|1.500
43,0.716666666666667,25,0,0,0,1|-7.600|19.250|1|1.500
44,0.733333333333333,25,0,0,0,1|-7.200|19.000|1|1.500
45,0.75,25,0,0,0,1|-7.200|18.750|1|1.500
46,0.766666666666667,25,0,0,0,1|-7.200|18.500|1|1.500
47,0.783333333333333,25,0,0,0,1|-7.200|18.250|1|1.500
48,0.8,25,0,0,0,1|-7.200|18.000|1|1.500
49,0.816666666666667,25,0,0,0,1|-7.200|17.750|1|1.500
50,0.833333333333333,25,0,0,0,1|-6.800|17.500|1|1.500
51,0.85,25,0,0,0,1|-6.800|17.250|1|1.500
52,0.866666666666667,25,0,0,0,1|-6.800|17.000|1|1.500
53,0.883333333333333,25,0,0,0,1|-6.800|16.750|1|1.500
54,0.9,25,0,0,0,1|-6.800|16.500|1|1.500
55,0.916666666666667,25,0,0,0,1|-6.800|16.250|1|1.500
56,0.933333333333333,25,0,0,0,1|-6.400|16.000|1|1.500
57,0.95,25,0,0,0,1|-6.000|15.750|1|1.500
58,0.966666666666667,25,0,0,0,1|-6.000|15.500|1|1.500
59,0.983333333333333,25,0,0,0,1|-6.000|15.250|1|1.500
60,1,25,0,0,0,1|-6.000|15.000|1|1.500
61,1.01666666666667,25,0,0,0,1|-6.000|14.750|1|1.500
62,1.03333333333333,25,0,0,0,1|-6.000|14.500|1|1.500
63,1.05,25,0,0,0,1|-5.600|14.250|1|1.500
64,1.06666666666667,25,0,0,0,1|-5.600|14.000|1|1.500
65,1.08333333333333,25,0,0,0,1|-5.200|13.750|1|1.500
66,1.1,25,0,0,0,1|-5.200|13.500|1|1.500
67,1.11666666666667,25,0,0,0,1|-5.200|13.250|1|1.500
68,1.13333333333333,25,0,0,0,1|-4.800|13.000|1|1.500
69,1.15,25,0,0,0,1|-4.800|12.750|1|1.500
70,1.16666666666667,25,0,0,0,1|-4.800|12.500|1|1.500
71,1.18333333333333,25,0,0,0,1|-4.800|12.250|1|1.500
72,1.2,25,0,0,0,1|-4.400|12.000|1|1.500
73,1.21666666666667,25,0,0,0,1|-4.400|11.750|1|1.500
74,1.23333333333333,25,0,0,0,1|-4.400|11.500|1|1.500
75,1.25,25,0,0,0,1|-4.400|11.250|1|1.500
76,1.26666666666667,25,0,0,0,1|-4.400|11.000|1|1.500
77,1.28333333333333,25,0,0,0,1|-4.400|10.750|1|1.500
78,1.3,25,0,0,0,1|-4.400|10.500|1|1.500
79,1.31666666666667,25,0,0,0,1|-4.400|10.250|1|1.500
80,1.33333333333333,25,0,0,0,1|-4.400|10.000|1|1.500
81,1.35,25,0,0,0,1|-4.400|9.750|1|1.500
82,1.36666666666667,25,0,0,0,1|-4.000|9.500|1|1.500
83,1.38333333333333,25,0,0,0,1|-4.000|9.250|1|1.500
84,1.4,25,0,0,0,1|-4.000|9.000|1|1.500
85,1.41666666666667,25,0,0,0,1|-3.600|8.750|1|1.500
86,1.43333333333333,25,0,0,0,1|-3.600|8.500|1|1.500
87,1.45,25,0,0,0,1|-3.600|8.250|1|1.500
88,1.46666666666667,25,0,0,0,1|-3.600|8.000|1|1.500
89,1.48333333333333,25,0,0,0,1|-3.200|7.750|1|1.500
90,1.5,25,0,0,0,1|-2.800|7.500|1|1.500
91,1.51666666666667,25,0,0,0,1|-2.800|7.250|1|1.500
92,1.53333333333333,25,0,0,0,1|-2.400|7.000|1|1.500
93,1.55,25,0,0,0,1|-2.400|6.750|1|1.500
94,1.56666666666667,25,0,0,0,1|-2.400|6.500|1|1.500
95,1.58333333333333,25,0,0,0,1|-2.400|6.250|1|1.500
96,1.6,25,0,0,0,1|-2.400|6.000|1|1.500
97,1.61666666666667,25,0,0,0,1|-2.400|5.750|1|1.500
98,1.63333333333333,25,0,0,0,1|-2.400|5.500|1|1.500
99,1.65,25,0,0,0,1|-2.000|5.250|1|1.500
100,1.66666666666667,25,0,0,0,1|-2.000|5.000|1|1.500
101,1.68333333333333,25,0,0,0,1|-2.000|4.750|1|1.500
102,1.7,25,0,0,0,1|-2.000|4.500|1|1.500
103,1.71666666666667,25,0,0,0,1|-2.000|4.250|1|1.500
104,1.73333333333333,25,0,0,0,1|-2.000|4.000|1|1.500
105,1.75,25,0,0,0,1|-2.000|3.750|1|1.500
106,1.76666666666667,25,0,0,0,1|-2.000|3.500|1|1.500
107,1.78333333333333,25,0,0,0,1|-2.000|3.250|1|1.500
108,1.8,25,0,0,0,1|-1.600|3.000|1|1.500
109,1.81666666666667,25,0,0,0,1|-1.200|2.750|1|1.500
110,1.83333333333333,25,0,0,0,1|-0.800|2.500|1|1.500
111,1.85,25,0,0,0,1|-0.800|2.250|1|1.500
112,1.86666666666667,25,0,0,0,1|-0.800|2.000|1|1.500
113,1.88333333333333,25,0,0,0,1|-0.800|1.750|1|1.500
114,1.9,25,0,0,0,1|-0.800|1.500|1|1.500
115,1.91666666666667,25,0,0,0,1|-0.800|1.250|1|1.500
116,1.93333333333333,25,0,0,0,1|-0.800|1.000|1|1.500
117,1.95,25,0,0,0,1|-0.800|0.750|1|1.500
118,1.96666666666667,25,0,0,0,1|-0.800|0.500|1|1.500
119,1.98333333333333,25,0,0,0,1|-0.400|0.250|1|1.500
120,2,25,1,1.5,3,1|0.000|0.000|1|1.500
121,2.01666666666667,0,0,0,0,
122,2.03333333333333,0,0,0,0,
123,2.05,0,0,0,0,
124,2.06666666666667,0,0,0,0,
125,2.08333333333333,0,0,0,0,
126,2.1,0,0,0,0,
127,2.11666666666667,0,0,0,0,
128,2.13333333333333,0,0,0,0,
129,2.15,0,0,0,0,
130,2.16666666666667,0,0,0,0,
131,2.18333333333333,0,0,0,0,
132,2.2,0,0,0,0,
133,2.21666666666667,0,0,0,0,
134,2.23333333333333,0,0,0,0,
135,2.25,0,0,0,0,
136,2.26666666666667,0,0,0,0,
137,2.28333333333333,0,0,0,0,
138,2.3,0,0,0,0,
139,2.31666666666667,25,0,0,0,2|-8.700|29.750|1|3.000
140,2.33333333333333,25,0,0,0,2|-8.400|29.500|1|3.000
141,2.35,25,0,0,0,2|-8.100|29.250|1|3.000
142,2.36666666666667,25,0,0,0,2|-8.100|29.000|1|3.000
143,2.38333333333333,25,0,0,0,2|-8.100|28.750|1|3.000
144,2.4,25,0,0,0,2|-8.100|28.500|1|3.000
145,2.41666666666667,25,0,0,0,2|-7.800|28.250|1|3.000
146,2.43333333333333,25,0,0,0,2|-7.800|28.000|1|3.000
147,2.45,25,0,0,0,2|-7.800|27.750|1|3.000
148,2.46666666666667,25,0,0,0,2|-7.500|27.500|1|3.000
149,2.48333333333333,25,0,0,0,2|-7.500|27.250|1|3.000
150,2.5,25,0,0,0,2|-7.200|27.000|1|3.000
151,2.51666666666667,25,0,0,0,2|-6.900|26.750|1|3.000
152,2.53333333333333,25,0,0,0,2|-6.600|26.500|1|3.000
153,2.55,25,0,0,0,2|-6.300|26.250|1|3.000
154,2.56666666666667,25,0,0,0,2|-6.300|26.000|1|3.000
155,2.58333333333333,25,0,0,0,2|-6.300|25.750|1|3.000
156,2.6,25,0,0,0,2|-6.000|25.500|1|3.000
157,2.61666666666667,25,0,0,0,2|-5.700|25.250|1|3.000
158,2.63333333333333,25,0,0,0,2|-5.700|25.000|1|3.000
159,2.65,25,0,0,0,2|-5.700|24.750|1|3.000
160,2.66666666666667,25,0,0,0,2|-5.700|24.500|1|3.000
161,2.68333333333333,25,0,0,0,2|-5.700|24.250|1|3.000
162,2.7,25,0,0,0,2|-5.700|24.000|1|3.000
163,2.71666666666667,25,0,0,0,2|-5.700|23.750|1|3.000
164,2.73333333333333,25,0,0,0,2|-5.700|23.500|1|3.000
165,2.75,25,0,0,0,2|-5.400|23.250|1|3.000
166,2.76666666666667,25,0,0,0,2|-5.100|23.000|1|3.000
167,2.78333333333333,25,0,0,0,2|-5.100|22.750|1|3.000
168,2.8,25,0,0,0,2|-5.100|22.500|1|3.000
169,2.81666666666667,25,0,0,0,2|-5.100|22.250|1|3.000
170,2.83333333333333,25,0,0,0,2|-5.100|22.000|1|3.000
171,2.85,25,0,0,0,2|-5.100|21.750|1|3.000
172,2.86666666666667,25,0,0,0,2|-5.100|21.500|1|3.000
173,2.88333333333333,25,0,0,0,2|-5.100|21.250|1|3.000
174,2.9,25,0,0,0,2|-5.100|21.000|1|3.000
175,2.91666666666667,25,0,0,0,2|-5.100|20.750|1|3.000
176,2.93333333333333,25,0,0,0,2|-5.100|20.500|1|3.000
177,2.95,25,0,0,0,2|-5.100|20.250|1|3.000
178,2.96666666666667,25,0,0,0,2|-5.100|20.000|1|3.000
179,2.98333333333333,25,0,0,0,2|-5.100|19.750|1|3.000
180,3,25,0,0,0,2|-5.100|19.500|1|3.000
181,3.01666666666667,25,0,0,0,2|-5.100|19.250|1|3.000
182,3.03333333333333,25,0,0,0,2|-5.100|19.000|1|3.000
183,3.05,25,0,0,0,2|-5.100|18.750|1|3.000
184,3.06666666666667,25,0,0,0,2|-5.100|18.500|1|3.000
185,3.08333333333333,25,0,0,0,2|-4.800|18.250|1|3.000
186,3.1,25,0,0,0,2|-4.800|18.000|1|3.000
187,3.11666666666667,25,0,0,0,2|-4.800|17.750|1|3.000
188,3.13333333333333,25,0,0,0,2|-4.800|17.500|1|3.000
189,3.15,25,0,0,0,2|-4.800|17.250|1|3.000
190,3.16666666666667,25,0,0,0,2|-4.800|17.000|1|3.000
191,3.18333333333333,25,0,0,0,2|-4.500|16.750|1|3.000
192,3.2,25,0,0,0,2|-4.500|16.500|1|3.000
193,3.21666666666667,25,0,0,0,2|-4.500|16.250|1|3.000
194,3.23333333333333,25,0,0,0,2|-4.200|16.000|1|3.000
195,3.25,25,0,0,0,2|-4.200|15.750|1|3.000
196,3.26666666666667,25,0,0,0,2|-4.200|15.500|1|3.000
197,3.28333333333333,25,0,0,0,2|-4.200|15.250|1|3.000
198,3.3,25,0,0,0,2|-4.200|15.000|1|3.000
199,3.31666666666667,25,0,0,0,2|-3.900|14.750|1|3.000
200,3.33333333333333,25,0,0,0,2|-3.900|14.500|1|3.000
201,3.35,25,0,0,0,2|-3.600|14.250|1|3.000
202,3.36666666666667,25,0,0,0,2|-3.600|14.000|1|3.000
203,3.38333333333333,25,0,0,0,2|-3.600|13.750|1|3.000
204,3.4,25,0,0,0,2|-3.600|13.500|1|3.000
205,3.41666666666667,25,0,0,0,2|-3.600|13.250|1|3.000
206,3.43333333333333,25,0,0,0,2|-3.300|13.000|1|3.000
207,3.45,25,0,0,0,2|-3.000|12.750|1|3.000
208,3.46666666666667,25,0,0,0,2|-3.000|12.500|1|3.000
209,3.48333333333333,25,0,0,0,2|-2.700|12.250|1|3.000
210,3.5,25,0,0,0,2|-2.400|12.000|1|3.000
211,3.51666666666667,25,0,0,0,2|-2.400|11.750|1|3.000
212,3.53333333333333,25,0,0,0,2|-2.400|11.500|1|3.000
213,3.55,25,0,0,0,2|-2.100|11.250|1|3.000
214,3.56666666666667,25,0,0,0,2|-2.100|11.000|1|3.000
215,3.58333333333333,25,0,0,0,2|-2.100|10.750|1|3.000
216,3.6,25,0,0,0,2|-2.100|10.500|1|3.000
217,3.61666666666667,25,0,0,0,2|-2.100|10.250|1|3.000
218,3.63333333333333,25,0,0,0,2|-2.100|10.000|1|3.000
219,3.65,25,0,0,0,2|-1.800|9.750|1|3.000
220,3.66666666666667,25,0,0,0,2|-1.800|9.500|1|3.000
221,3.68333333333333,25,0,0,0,2|-1.800|9.250|1|3.000
222,3.7,25,0,0,0,2|-1.800|9.000|1|3.000
223,3.71666666666667,25,0,0,0,2|-1.500|8.750|1|3.000
224,3.73333333333333,25,0,0,0,2|-1.500|8.500|1|3.000
225,3.75,25,0,0,0,2|-1.500|8.250|1|3.000
226,3.76666666666667,25,0,0,0,2|-1.500|8.000|1|3.000
227,3.78333333333333,25,0,0,0,2|-1.500|7.750|1|3.000
228,3.8,25,0,0,0,2|-1.500|7.500|1|3.000
229,3.81666666666667,25,0,0,0,2|-1.500|7.250|1|3.000
230,3.83333333333333,25,0,0,0,2|-1.500|7.000|1|3.000
231,3.85,25,0,0,0,2|-1.200|6.750|1|3.000
232,3.86666666666667,25,0,0,0,2|-1.200|6.500|1|3.000
233,3.88333333333333,25,0,0,0,2|-1.200|6.250|1|3.000
234,3.9,25,0,0,0,2|-1.200|6.000|1|3.000
235,3.91666666666667,25,0,0,0,2|-1.200|5.750|1|3.000
236,3.93333333333333,25,0,0,0,2|-1.200|5.500|1|3.000
237,3.95,25,0,0,0,2|-1.200|5.250|1|3.000
238,3.96666666666667,25,0,0,0,2|-0.900|5.000|1|3.000
239,3.98333333333333,25,0,0,0,2|-0.600|4.750|1|3.000
240,4,25,0,0,0,2|-0.600|4.500|1|3.000
241,4.01666666666667,25,0,0,0,2|-0.600|4.250|1|3.000
242,4.03333333333333,25,0,0,0,2|-0.300|4.000|1|3.000
243,4.05,25,0,0,0,2|-0.300|3.750|1|3.000
244,4.06666666666667,25,0,0,0,2|-0.300|3.500|1|3.000
245,4.08333333333333,25,0,0,0,2|-0.300|3.250|1|3.000
246,4.1,25,0,0,0,2|-0.300|3.000|1|3.000
247,4.11666666666667,25,0,0,0,2|0.000|2.750|1|3.000
248,4.13333333333333,25,0,0,0,2|0.000|2.500|1|3.000
249,4.15,25,0,0,0,2|0.000|2.250|1|3.000
250,4.16666666666667,25,0,0,0,2|0.000|2.000|1|3.000
251,4.18333333333333,25,0,0,0,2|0.000|1.750|1|3.000
252,4.2,25,0,0,0,2|0.000|1.500|1|3.000
253,4.21666666666667,25,0,0,0,2|0.000|1.250|1|3.000
254,4.23333333333333,25,0,0,0,2|0.000|1.000|1|3.000
255,4.25,25,0,0,0,2|0.000|0.750|1|3.000
256,4.26666666666667,25,0,0,0,2|0.000|0.500|1|3.000
257,4.28333333333333,25,0,0,0,2|0.000|0.250|1|3.000
258,4.3,25,1,1,2,2|0.000|0.000|1|3.000
259,4.31666666666667,0,0,0,0,
260,4.33333333333333,0,0,0,0,
261,4.35,0,0,0,0,
262,4.36666666666667,0,0,0,0,
263,4.38333333333333,0,0,0,0,
264,4.4,0,0,0,0,
265,4.41666666666667,0,0,0,0,
266,4.43333333333333,0,0,0,0,
267,4.45,0,0,0,0,
268,4.46666666666667,0,0,0,0,
269,4.48333333333333,0,0,0,0,
270,4.5,0,0,0,0,
271,4.51666666666667,0,0,0,0,
272,4.53333333333333,0,0,0,0,
273,4.55,0,0,0,0,
274,4.56666666666667,0,0,0,0,
275,4.58333333333333,0,0,0,0,
276,4.6,0,0,0,0,
277,4.61666666666667,25,0,0,0,3|14.875|29.750|1|3.000
278,4.63333333333333,25,0,0,0,3|14.750|29.500|1|3.000
279,4.65,25,0,0,0,3|14.625|29.250|1|3.000
280,4.66666666666667,25,0,0,0,3|14.500|29.000|1|3.000
281,4.68333333333333,25,0,0,0,3|14.375|28.750|1|3.000
282,4.7,25,0,0,0,3|14.250|28.500|1|3.000
283,4.71666666666667,25,0,0,0,3|14.125|28.250|1|3.000
284,4.73333333333333,25,0,0,0,3|14.000|28.000|1|3.000
285,4.75,25,0,0,0,3|13.875|27.750|1|3.000
286,4.76666666666667,25,0,0,0,3|13.750|27.500|1|3.000
287,4.78333333333333,25,0,0,0,3|13.625|27.250|1|3.000
288,4.8,25,0,0,0,3|13.500|27.000|1|3.000
289,4.81666666666667,25,0,0,0,3|13.375|26.750|1|3.000
290,4.83333333333333,25,0,0,0,3|13.250|26.500|1|3.000
291,4.85,25,0,0,0,3|13.125|26.250|1|3.000
292,4.86666666666667,25,0,0,0,3|13.000|26.000|1|3.000
293,4.88333333333333,25,0,0,0,3|12.875|25.750|1|3.000
294,4.9,25,0,0,0,3|12.750|25.500|1|3.000
295,4.91666666666667,25,0,0,0,3|12.625|25.250|1|3.000
296,4.93333333333333,25,0,0,0,3|12.500|25.000|1|3.000
297,4.95,25,0,0,0,3|12.375|24.750|1|3.000
298,4.96666666666667,25,0,0,0,3|12.250|24.500|1|3.000
299,4.98333333333333,25,0,0,0,3|12.125|24.250|1|3.000
300,5,25,0,0,0,3|12.000|24.000|1|3.000
301,5.01666666666667,25,0,0,0,3|11.875|23.750|1|3.000
302,5.03333333333333,25,0,0,0,3|11.750|23.500|1|3.000
303,5.05,25,0,0,0,3|11.625|23.250|1|3.000
304,5.06666666666667,25,0,0,0,3|11.500|23.000|1|3.000
305,5.08333333333333,25,0,0,0,3|11.375|22.750|1|3.000
306,5.1,25,0,0,0,3|11.250|22.500|1|3.000
307,5.11666666666667,25,0,0,0,3|11.125|22.250|1|3.000
308,5.13333333333333,25,0,0,0,3|11.000|22.000|1|3.000
309,5.15,25,0,0,0,3|10.875|21.750|1|3.000
310,5.16666666666667,25,0,0,0,3|10.750|21.500|1|3.000
311,5.18333333333333,25,0,0,0,3|10.625|21.250|1|3.000
312,5.2,25,0,0,0,3|10.500|21.000|1|3.000
313,5.21666666666667,25,0,0,0,3|10.375|20.750|1|3.000
314,5.23333333333333,25,0,0,0,3|10.250|20.500|1|3.000
315,5.25,25,0,0,0,3|10.125|20.250|1|3.000
316,5.26666666666667,25,0,0,0,3|10.000|20.000|1|3.000
317,5.28333333333333,25,0,0,0,3|9.875|19.750|1|3.000
318,5.3,25,0,0,0,3|9.750|19.500|1|3.000
319,5.31666666666667,25,0,0,0,3|9.625|19.250|1|3.000
320,5.33333333333333,25,0,0,0,3|9.500|19.000|1|3.000
321,5.35,25,0,0,0,3|9.375|18.750|1|3.000
322,5.36666666666667,25,0,0,0,3|9.250|18.500|1|3.000
323,5.38333333333333,25,0,0,0,3|9.125|18.250|1|3.000
324,5.4,25,0,0,0,3|9.000|18.000|1|3.000
325,5.41666666666667,25,0,0,0,3|8.875|17.750|1|3.000
326,5.43333333333333,25,0,0,0,3|8.750|17.500|1|3.000
327,5.45,25,0,0,0,3|8.625|17.250|1|3.000
328,5.46666666666667,25,0,0,0,3|8.500|17.000|1|3.000
329,5.48333333333333,25,0,0,0,3|8.375|16.750|1|3.000
330,5.5,25,0,0,0,3|8.250|16.500|1|3.000
331,5.51666666666667,25,0,0,0,3|8.125|16.250|1|3.000
332,5.53333333333333,25,0,0,0,3|8.000|16.000|1|3.000
333,5.55,25,0,0,0,3|7.875|15.750|1|3.000
334,5.56666666666667,25,0,0,0,3|7.750|15.500|1|3.000
335,5.58333333333333,25,0,0,0,3|7.625|15.250|1|3.000
336,5.6,25,0,0,0,3|7.500|15.000|1|3.000
337,5.61666666666667,25,0,0,0,3|7.375|14.750|1|3.000
338,5.63333333333333,25,0,0,0,3|7.250|14.500|1|3.000
339,5.65,25,0,0,0,3|7.125|14.250|1|3.000
340,5.66666666666667,25,0,0,0,3|7.000|14.000|1|3.000
341,5.68333333333333,25,0,0,0,3|6.875|13.750|1|3.000
342,5.7,25,0,0,0,3|6.750|13.500|1|3.000
343,5.71666666666667,25,0,0,0,3|6.625|13.250|1|3.000
344,5.73333333333333,25,0,0,0,3|6.500|13.000|1|3.000
345,5.75,25,0,0,0,3|6.375|12.750|1|3.000
346,5.76666666666667,25,0,0,0,3|6.250|12.500|1|3.000
347,5.78333333333333,25,0,0,0,3|6.125|12.250|1|3.000
348,5.8,25,0,0,0,3|6.000|12.000|1|3.000
349,5.81666666666667,25,0,0,0,3|5.875|11.750|1|3.000
350,5.83333333333333,25,0,0,0,3|5.750|11.500|1|3.000
351,5.85,25,0,0,0,3|5.625|11.250|1|3.000
352,5.86666666666667,25,0,0,0,3|5.500|11.000|1|3.000
353,5.88333333333333,25,0,0,0,3|5.375|10.750|1|3.000
354,5.9,25,0,0,0,3|5.250|10.500|1|3.000
355,5.91666666666667,25,0,0,0,3|5.125|10.250|1|3.000
356,5.93333333333333,25,0,0,0,3|5.000|10.000|1|3.000
357,5.95,25,0,0,0,3|4.875|9.750|1|3.000
358,5.96666666666667,25,0,0,0,3|4.750|9.500|1|3.000
359,5.98333333333333,25,0,0,0,3|4.625|9.250|1|3.000
360,6,25,0,0,0,3|4.500|9.000|1|3.000
361,6.01666666666667,25,0,0,0,3|4.375|8.750|1|3.000
362,6.03333333333333,25,0,0,0,3|4.250|8.500|1|3.000
363,6.05,25,0,0,0,3|4.125|8.250|1|3.000
364,6.06666666666667,25,0,0,0,3|4.000|8.000|1|3.000
365,6.08333333333333,25,0,0,0,3|3.875|7.750|1|3.000
366,6.1,25,0,0,0,3|3.750|7.500|1|3.000
367,6.11666666666667,25,0,0,0,3|3.625|7.250|1|3.000
368,6.13333333333333,25,0,0,0,3|3.500|7.000|1|3.000
369,6.15,25,0,0,0,3|3.375|6.750|1|3.000
370,6.16666666666667,25,0,0,0,3|3.250|6.500|1|3.000
371,6.18333333333333,25,0,0,0,3|3.125|6.250|1|3.000
372,6.2,25,0,0,0,3|3.000|6.000|1|3.000
373,6.21666666666667,25,0,0,0,3|2.875|5.750|1|3.000
374,6.23333333333333,25,0,0,0,3|2.750|5.500|1|3.000
375,6.25,25,0,0,0,3|2.625|5.250|1|3.000
376,6.26666666666667,25,0,0,0,3|2.500|5.000|1|3.000
377,6.28333333333333,25,0,0,0,3|2.375|4.750|1|3.000
378,6.3,25,0,0,0,3|2.250|4.500|1|3.000
379,6.31666666666667,25,0,0,0,3|2.125|4.250|1|3.000
380,6.33333333333333,25,0,0,0,3|2.000|4.000|1|3.000
381,6.35,25,0,0,0,3|1.875|3.750|1|3.000
382,6.36666666666667,25,0,0,0,3|1.750|3.500|1|3.000
383,6.38333333333333,25,0,0,0,3|1.625|3.250|1|3.000
384,6.4,25,0,0,0,3|1.500|3.000|1|3.000
385,6.41666666666667,25,0,0,0,3|1.375|2.750|1|3.000
386,6.43333333333333,25,0,0,0,3|1.250|2.500|1|3.000
387,6.45,25,0,0,0,3|1.125|2.250|1|3.000
388,6.46666666666667,25,0,0,0,3|1.000|2.000|1|3.000
389,6.48333333333333,25,0,0,0,3|0.875|1.750|1|3.000
390,6.5,25,0,0,0,3|0.750|1.500|1|3.000
391,6.51666666666667,25,0,0,0,3|0.625|1.250|1|3.000
392,6.53333333333333,25,0,0,0,3|0.500|1.000|1|3.000
393,6.55,25,0,0,0,3|0.375|0.750|1|3.000
394,6.56666666666667,25,0,0,0,3|0.250|0.500|1|3.000
395,6.58333333333333,25,0,0,0,3|0.125|0.250|1|3.000
396,6.6,25,1,1.5,4,3|0.000|0.000|1|3.000
397,6.61666666666667,0,0,0,0,
398,6.63333333333333,0,0,0,0,
399,6.65,0,0,0,0,
400,6.66666666666667,0,0,0,0,
401,6.68333333333333,0,0,0,0,
402,6.7,0,0,0,0,
403,6.71666666666667,0,0,0,0,
404,6.73333333333333,0,0,0,0,
405,6.75,0,0,0,0,
406,6.76666666666667,0,0,0,0,
407,6.78333333333333,0,0,0,0,
408,6.8,0,0,0,0,
409,6.81666666666667,0,0,0,0,
410,6.83333333333333,0,0,0,0,
411,6.85,0,0,0,0,
412,6.86666666666667,0,0,0,0,
413,6.88333333333333,0,0,0,0,
414,6.9,0,0,0,0,
415,6.91666666666667,25,0,0,0,4|8.850|29.750|1|3.000
416,6.93333333333333,25,0,0,0,4|8.850|29.500|1|3.000
417,6.95,25,0,0,0,4|8.700|29.250|1|3.000
418,6.96666666666667,25,0,0,0,4|8.550|29.000|1|3.000
419,6.98333333333333,25,0,0,0,4|8.550|28.750|1|3.000
420,7,25,0,0,0,4|8.400|28.500|1|3.000
421,7.01666666666667,25,0,0,0,4|8.250|28.250|1|3.000
422,7.03333333333333,25,0,0,0,4|8.250|28.000|1|3.000
423,7.05,25,0,0,0,4|8.250|27.750|1|3.000
424,7.06666666666667,25,0,0,0,4|8.100|27.500|1|3.000
425,7.08333333333333,25,0,0,0,4|8.100|27.250|1|3.000
426,7.1,25,0,0,0,4|8.100|27.000|1|3.000
427,7.11666666666667,25,0,0,0,4|7.950|26.750|1|3.000
428,7.13333333333333,25,0,0,0,4|7.950|26.500|1|3.000
429,7.15,25,0,0,0,4|7.950|26.250|1|3.000
430,7.16666666666667,25,0,0,0,4|7.950|26.000|1|3.000
431,7.18333333333333,25,0,0,0,4|7.950|25.750|1|3.000
432,7.2,25,0,0,0,4|7.950|25.500|1|3.000
433,7.21666666666667,25,0,0,0,4|7.950|25.250|1|3.000
434,7.23333333333333,25,0,0,0,4|7.800|25.000|1|3.000
435,7.25,25,0,0,0,4|7.650|24.750|1|3.000
436,7.26666666666667,25,0,0,0,4|7.500|24.500|1|3.000
437,7.28333333333333,25,0,0,0,4|7.350|24.250|1|3.000
438,7.3,25,0,0,0,4|7.350|24.000|1|3.000
439,7.31666666666667,25,0,0,0,4|7.200|23.750|1|3.000
440,7.33333333333333,25,0,0,0,4|7.200|23.500|1|3.000
441,7.35,25,0,0,0,4|7.050|23.250|1|3.000
442,7.36666666666667,25,0,0,0,4|6.900|23.000|1|3.000
443,7.38333333333333,25,0,0,0,4|6.900|22.750|1|3.000
444,7.4,25,0,0,0,4|6.900|22.500|1|3.000
445,7.41666666666667,25,0,0,0,4|6.900|22.250|1|3.000
446,7.43333333333333,25,0,0,0,4|6.750|22.000|1|3.000
447,7.45,25,0,0,0,4|6.600|21.750|1|3.000
448,7.46666666666667,25,0,0,0,4|6.600|21.500|1|3.000
449,7.48333333333333,25,0,0,0,4|6.450|21.250|1|3.000
450,7.5,25,0,0,0,4|6.450|21.000|1|3.000
451,7.51666666666667,25,0,0,0,4|6.450|20.750|1|3.000
452,7.53333333333333,25,0,0,0,4|6.300|20.500|1|3.000
453,7.55,25,0,0,0,4|6.300|20.250|1|3.000
454,7.56666666666667,25,0,0,0,4|6.300|20.000|1|3.000
455,7.58333333333333,25,0,0,0,4|6.300|19.750|1|3.000
456,7.6,25,0,0,0,4|6.150|19.500|1|3.000
457,7.61666666666667,25,0,0,0,4|6.000|19.250|1|3.000
458,7.63333333333333,25,0,0,0,4|5.850|19.000|1|3.000
459,7.65,25,0,0,0,4|5.700|18.750|1|3.000
460,7.66666666666667,25,0,0,0,4|5.700|18.500|1|3.000
461,7.68333333333333,25,0,0,0,4|5.700|18.250|1|3.000
462,7.7,25,0,0,0,4|5.550|18.000|1|3.000
463,7.71666666666667,25,0,0,0,4|5.550|17.750|1|3.000
464,7.73333333333333,25,0,0,0,4|5.550|17.500|1|3.000
465,7.75,25,0,0,0,4|5.400|17.250|1|3.000
466,7.76666666666667,25,0,0,0,4|5.250|17.000|1|3.000
467,7.78333333333333,25,0,0,0,4|5.250|16.750|1|3.000
468,7.8,25,0,0,0,4|5.100|16.500|1|3.000
469,7.81666666666667,25,0,0,0,4|4.950|16.250|1|3.000
470,7.83333333333333,25,0,0,0,4|4.950|16.000|1|3.000
471,7.85,25,0,0,0,4|4.950|15.750|1|3.000
472,7.86666666666667,25,0,0,0,4|4.800|15.500|1|3.000
473,7.88333333333333,25,0,0,0,4|4.800|15.250|1|3.000
474,7.9,25,0,0,0,4|4.650|15.000|1|3.000
475,7.91666666666667,25,0,0,0,4|4.500|14.750|1|3.000
476,7.93333333333333,25,0,0,0,4|4.500|14.500|1|3.000
477,7.95,25,0,0,0,4|4.500|14.250|1|3.000
478,7.96666666666667,25,0,0,0,4|4.350|14.000|1|3.000
479,7.98333333333333,25,0,0,0,4|4.350|13.750|1|3.000
480,8,25,0,0,0,4|4.350|13.500|1|3.000
481,8.01666666666667,25,0,0,0,4|4.200|13.250|1|3.000
482,8.03333333333333,25,0,0,0,4|4.200|13.000|1|3.000
483,8.05,25,0,0,0,4|4.200|12.750|1|3.000
484,8.06666666666667,25,0,0,0,4|4.050|12.500|1|3.000
485,8.08333333333333,25,0,0,0,4|4.050|12.250|1|3.000
486,8.1,25,0,0,0,4|3.900|12.000|1|3.000
487,8.11666666666667,25,0,0,0,4|3.750|11.750|1|3.000
488,8.13333333333333,25,0,0,0,4|3.600|11.500|1|3.000
489,8.15,25,0,0,0,4|3.600|11.250|1|3.000
490,8.16666666666667,25,0,0,0,4|3.450|11.000|1|3.000
491,8.18333333333333,25,0,0,0,4|3.300|10.750|1|3.000
492,8.2,25,0,0,0,4|3.150|10.500|1|3.000
493,8.21666666666667,25,0,0,0,4|3.000|10.250|1|3.000
494,8.23333333333333,25,0,0,0,4|3.000|10.000|1|3.000
495,8.25,25,0,0,0,4|3.000|9.750|1|3.000
496,8.26666666666667,25,0,0,0,4|3.000|9.500|1|3.000
497,8.28333333333333,25,0,0,0,4|3.000|9.250|1|3.000
498,8.3,25,0,0,0,4|2.850|9.000|1|3.000
499,8.31666666666667,25,0,0,0,4|2.700|8.750|1|3.000
500,8.33333333333333,25,0,0,0,4|2.700|8.500|1|3.000
501,8.35,25,0,0,0,4|2.700|8.250|1|3.000
502,8.36666666666667,25,0,0,0,4|2.700|8.000|1|3.000
503,8.38333333333333,25,0,0,0,4|2.550|7.750|1|3.000
504,8.4,25,0,0,0,4|2.400|7.500|1|3.000
505,8.41666666666667,25,0,0,0,4|2.250|7.250|1|3.000
506,8.43333333333333,25,0,0,0,4|2.100|7.000|1|3.000
507,8.45,25,0,0,0,4|2.100|6.750|1|3.000
508,8.46666666666667,25,0,0,0,4|1.950|6.500|1|3.000
509,8.48333333333333,25,0,0,0,4|1.800|6.250|1|3.000
510,8.5,25,0,0,0,4|1.800|6.000|1|3.000
511,8.51666666666667,25,0,0,0,4|1.650|5.750|1|3.000
512,8.53333333333333,25,0,0,0,4|1.500|5.500|1|3.000
513,8.55,25,0,0,0,4|1.500|5.250|1|3.000
514,8.56666666666667,25,0,0,0,4|1.500|5.000|1|3.000
515,8.58333333333333,25,0,0,0,4|1.500|4.750|1|3.000
516,8.6,25,0,0,0,4|1.350|4.500|1|3.000
517,8.61666666666667,25,0,0,0,4|1.350|4.250|1|3.000
518,8.63333333333333,25,0,0,0,4|1.200|4.000|1|3.000
519,8.65,25,0,0,0,4|1.200|3.750|1|3.000
520,8.66666666666667,25,0,0,0,4|1.200|3.500|1|3.000
521,8.68333333333333,25,0,0,0,4|1.200|3.250|1|3.000
522,8.7,25,0,0,0,4|1.050|3.000|1|3.000
523,8.71666666666667,25,0,0,0,4|0.900|2.750|1|3.000
524,8.73333333333333,25,0,0,0,4|0.750|2.500|1|3.000
525,8.75,25,0,0,0,4|0.750|2.250|1|3.000
526,8.76666666666667,25,0,0,0,4|0.600|2.000|1|3.000
527,8.78333333333333,25,0,0,0,4|0.450|1.750|1|3.000
528,8.8,25,0,0,0,4|0.450|1.500|1|3.000
529,8.81666666666667,25,0,0,0,4|0.300|1.250|1|3.000
530,8.83333333333333,25,0,0,0,4|0.300|1.000|1|3.000
531,8.85,25,0,0,0,4|0.300|0.750|1|3.000
532,8.86666666666667,25,0,0,0,4|0.300|0.500|1|3.000
533,8.88333333333333,25,0,0,0,4|0.150|0.250|1|3.000
534,8.9,25,1,1,2,4|-0.000|0.000|1|3.000
535,8.91666666666667,0,0,0,0,
536,8.93333333333333,0,0,0,0,
537,8.95,0,0,0,0,
538,8.96666666666667,0,0,0,0,
539,8.98333333333333,0,0,0,0,
540,9,0,0,0,0,
541,9.01666666666667,0,0,0,0,
542,9.03333333333333,0,0,0,0,
543,9.05,0,0,0,0,
544,9.06666666666667,0,0,0,0,
545,9.08333333333333,0,0,0,0,
546,9.1,0,0,0,0,
547,9.11666666666667,0,0,0,0,
548,9.13333333333333,0,0,0,0,
549,9.15,0,0,0,0,
550,9.16666666666667,0,0,0,0,
551,9.18333333333333,0,0,0,0,
552,9.2,0,0,0,0,
553,9.21666666666667,25,0,0,0,5|-12.000|29.750|1|1.500
554,9.23333333333333,25,0,0,0,5|-12.000|29.500|1|1.500
555,9.25,25,0,0,0,5|-12.000|29.250|1|1.500
556,9.26666666666667,25,0,0,0,5|-12.000|29.000|1|1.500
557,9.28333333333333,25,0,0,0,5|-12.000|28.750|1|1.500
558,9.3,25,0,0,0,5|-12.000|28.500|1|1.500
559,9.31666666666667,25,0,0,0,5|-12.000|28.250|1|1.500
560,9.33333333333333,25,0,0,0,5|-12.000|28.000|1|1.500
561,9.35,25,0,0,0,5|-12.000|27.750|1|1.500
562,9.36666666666667,25,0,0,0,5|-12.000|27.500|1|1.500
563,9.38333333333333,25,0,0,0,5|-12.000|27.250|1|1.500
564,9.4,25,0,0,0,5|-12.000|27.000|1|1.500
565,9.41666666666667,25,0,0,0,5|-12.000|26.750|1|1.500
566,9.43333333333333,25,0,0,0,5|-12.000|26.500|1|1.500
567,9.45,25,0,0,0,5|-11.000|26.250|1|1.500
568,9.46666666666667,25,0,0,0,5|-11.000|26.000|1|1.500
569,9.48333333333333,25,0,0,0,5|-11.000|25.750|1|1.500
570,9.5,25,0,0,0,5|-11.000|25.500|1|1.500
571,9.51666666666667,25,0,0,0,5|-11.000|25.250|1|1.500
572,9.53333333333333,25,0,0,0,5|-11.000|25.000|1|1.500
573,9.55,25,0,0,0,5|-11.000|24.750|1|1.500
574,9.56666666666667,25,0,0,0,5|-11.000|24.500|1|1.500
575,9.58333333333333,25,0,0,0,5|-11.000|24.250|1|1.500
576,9.6,25,0,0,0,5|-11.000|24.000|1|1.500
577,9.61666666666667,25,0,0,0,5|-10.000|23.750|1|1.500
578,9.63333333333333,25,0,0,0,5|-9.000|23.500|1|1.500
579,9.65,25,0,0,0,5|-9.000|23.250|1|1.500
580,9.66666666666667,25,0,0,0,5|-9.000|23.000|1|1.500
581,9.68333333333333,25,0,0,0,5|-9.000|22.750|1|1.500
582,9.7,25,0,0,0,5|-9.000|22.500|1|1.500
583,9.71666666666667,25,0,0,0,5|-9.000|22.250|1|1.500
584,9.73333333333333,25,0,0,0,5|-9.000|22.000|1|1.500
585,9.75,25,0,0,0,5|-8.000|21.750|1|1.500
586,9.76666666666667,25,0,0,0,5|-8.000|21.500|1|1.500
587,9.78333333333333,25,0,0,0,5|-8.000|21.250|1|1.500
588,9.8,25,0,0,0,5|-8.000|21.000|1|1.500
589,9.81666666666667,25,0,0,0,5|-8.000|20.750|1|1.500
590,9.83333333333333,25,0,0,0,5|-8.000|20.500|1|1.500
591,9.85,25,0,0,0,5|-8.000|20.250|1|1.500
592,9.86666666666667,25,0,0,0,5|-8.000|20.000|1|1.500
593,9.88333333333333,25,0,0,0,5|-8.000|19.750|1|1.500
594,9.9,25,0,0,0,5|-8.000|19.500|1|1.500
595,9.91666666666667,25,0,0,0,5|-8.000|19.250|1|1.500
596,9.93333333333333,25,0,0,0,5|-8.000|19.000|1|1.500
597,9.95,25,0,0,0,5|-8.000|18.750|1|1.500
598,9.96666666666667,25,0,0,0,5|-8.000|18.500|1|1.500
599,9.98333333333333,25,0,0,0,5|-8.000|18.250|1|1.500
600,10,25,0,0,0,5|-8.000|18.000|1|1.500
601,10.0166666666667,25,0,0,0,5|-8.000|17.750|1|1.500
602,10.0333333333333,25,0,0,0,5|-8.000|17.500|1|1.500
603,10.05,25,0,0,0,5|-7.000|17.250|1|1.500
604,10.0666666666667,25,0,0,0,5|-7.000|17.000|1|1.500
605,10.0833333333333,25,0,0,0,5|-7.000|16.750|1|1.500
606,10.1,25,0,0,0,5|-6.000|16.500|1|1.500
607,10.1166666666667,25,0,0,0,5|-6.000|16.250|1|1.500
608,10.1333333333333,25,0,0,0,5|-6.000|16.000|1|1.500
609,10.15,25,0,0,0,5|-6.000|15.750|1|1.500
610,10.1666666666667,25,0,0,0,5|-6.000|15.500|1|1.500
611,10.1833333333333,25,0,0,0,5|-5.000|15.250|1|1.500
612,10.2,25,0,0,0,5|-5.000|15.000|1|1.500
613,10.2166666666667,25,0,0,0,5|-5.000|14.750|1|1.500
614,10.2333333333333,25,0,0,0,5|-5.000|14.500|1|1.500
615,10.25,25,0,0,0,5|-5.000|14.250|1|1.500
616,10.2666666666667,25,0,0,0,5|-5.000|14.000|1|1.500
617,10.2833333333333,25,0,0,0,5|-5.000|13.750|1|1.500
618,10.3,25,0,0,0,5|-5.000|13.500|1|1.500
619,10.3166666666667,25,0,0,0,5|-5.000|13.250|1|1.500
620,10.3333333333333,25,0,0,0,5|-4.000|13.000|1|1.500
621,10.35,25,0,0,0,5|-4.000|12.750|1|1.500
622,10.3666666666667,25,0,0,0,5|-4.000|12.500|1|1.500
623,10.3833333333333,25,0,0,0,5|-4.000|12.250|1|1.500
624,10.4,25,0,0,0,5|-4.000|12.000|1|1.500
625,10.4166666666667,25,0,0,0,5|-4.000|11.750|1|1.500
626,10.4333333333333,25,0,0,0,5|-4.000|11.500|1|1.500
627,10.45,25,0,0,0,5|-4.000|11.250|1|1.500
628,10.4666666666667,25,0,0,0,5|-4.000|11.000|1|1.500
629,10.4833333333333,25,0,0,0,5|-3.000|10.750|1|1.500
630,10.5,25,0,0,0,5|-3.000|10.500|1|1.500
631,10.5166666666667,25,0,0,0,5|-3.000|10.250|1|1.500
632,10.5333333333333,25,0,0,0,5|-3.000|10.000|1|1.500
633,10.55,25,0,0,0,5|-3.000|9.750|1|1.500
634,10.5666666666667,25,0,0,0,5|-3.000|9.500|1|1.500
635,10.5833333333333,25,0,0,0,5|-3.000|9.250|1|1.500
636,10.6,25,0,0,0,5|-3.000|9.000|1|1.500
637,10.6166666666667,25,0,0,0,5|-3.000|8.750|1|1.500
638,10.6333333333333,25,0,0,0,5|-3.000|8.500|1|1.500
639,10.65,25,0,0,0,5|-3.000|8.250|1|1.500
640,10.6666666666667,25,0,0,0,5|-3.000|8.000|1|1.500
641,10.6833333333333,25,0,0,0,5|-3.000|7.750|1|1.500
642,10.7,25,0,0,0,5|-3.000|7.500|1|1.500
643,10.7166666666667,25,0,0,0,5|-3.000|7.250|1|1.500
644,10.7333333333333,25,0,0,0,5|-3.000|7.000|1|1.500
645,10.75,25,0,0,0,5|-3.000|6.750|1|1.500
646,10.7666666666667,25,0,0,0,5|-3.000|6.500|1|1.500
647,10.7833333333333,25,0,0,0,5|-3.000|6.250|1|1.500
648,10.8,25,0,0,0,5|-3.000|6.000|1|1.500
649,10.8166666666667,25,0,0,0,5|-3.000|5.750|1|1.500
650,10.8333333333333,25,0,0,0,5|-3.000|5.500|1|1.500
651,10.85,25,0,0,0,5|-3.000|5.250|1|1.500
652,10.8666666666667,25,0,0,0,5|-3.000|5.000|1|1.500
653,10.8833333333333,25,0,0,0,5|-3.000|4.750|1|1.500
654,10.9,25,0,0,0,5|-3.000|4.500|1|1.500
655,10.9166666666667,25,0,0,0,5|-2.000|4.250|1|1.500
656,10.9333333333333,25,0,0,0,5|-2.000|4.000|1|1.500
657,10.95,25,0,0,0,5|-1.000|3.750|1|1.500
658,10.9666666666667,25,0,0,0,5|-1.000|3.500|1|1.500
659,10.9833333333333,25,0,0,0,5|-1.000|3.250|1|1.500
660,11,25,0,0,0,5|-1.000|3.000|1|1.500
661,11.0166666666667,25,0,0,0,5|-1.000|2.750|1|1.500
662,11.0333333333333,25,0,0,0,5|-1.000|2.500|1|1.500
663,11.05,25,0,0,0,5|-1.000|2.250|1|1.500
664,11.0666666666667,25,0,0,0,5|-1.000|2.000|1|1.500
665,11.0833333333333,25,0,0,0,5|-1.000|1.750|1|1.500
666,11.1,25,0,0,0,5|0.000|1.500|1|1.500
667,11.1166666666667,25,0,0,0,5|0.000|1.250|1|1.500
668,11.1333333333333,25,0,0,0,5|0.000|1.000|1|1.500
669,11.15,25,0,0,0,5|0.000|0.750|1|1.500
670,11.1666666666667,25,0,0,0,5|0.000|0.500|1|1.500
671,11.1833333333333,25,0,0,0,5|0.000|0.250|1|1.500
672,11.2,25,1,1.5,3,5|0.000|0.000|1|1.500
673,11.2166666666667,0,0,0,0,
674,11.2333333333333,0,0,0,0,
675,11.25,0,0,0,0,
676,11.2666666666667,0,0,0,0,
677,11.2833333333333,0,0,0,0,
678,11.3,0,0,0,0,
679,11.3166666666667,0,0,0,0,
680,11.3333333333333,0,0,0,0,
681,11.35,0,0,0,0,
682,11.3666666666667,0,0,0,0,
683,11.3833333333333,0,0,0,0,
684,11.4,0,0,0,0,
685,11.4166666666667,0,0,0,0,
686,11.4333333333333,0,0,0,0,
687,11.45,0,0,0,0,
688,11.4666666666667,0,0,0,0,
689,11.4833333333333,0,0,0,0,
690,11.5,0,0,0,0,
691,11.5166666666667,25,0,0,0,6|-6.000|29.750|1|3.000
692,11.5333333333333,25,0,0,0,6|-6.000|29.500|1|3.000
693,11.55,25,0,0,0,6|-6.000|29.250|1|3.000
694,11.5666666666667,25,0,0,0,6|-6.000|29.000|1|3.000
695,11.5833333333333,25,0,0,0,6|-6.000|28.750|1|3.000
696,11.6,25,0,0,0,6|-6.000|28.500|1|3.000
697,11.6166666666667,25,0,0,0,6|-6.000|28.250|1|3.000
698,11.6333333333333,25,0,0,0,6|-6.000|28.000|1|3.000
699,11.65,25,0,0,0,6|-6.000|27.750|1|3.000
700,11.6666666666667,25,0,0,0,6|-6.000|27.500|1|3.000
701,11.6833333333333,25,0,0,0,6|-6.000|27.250|1|3.000
702,11.7,25,0,0,0,6|-6.000|27.000|1|3.000
703,11.7166666666667,25,0,0,0,6|-6.000|26.750|1|3.000
704,11.7333333333333,25,0,0,0,6|-6.000|26.500|1|3.000
705,11.75,25,0,0,0,6|-6.000|26.250|1|3.000
706,11.7666666666667,25,0,0,0,6|-6.000|26.000|1|3.000
707,11.7833333333333,25,0,0,0,6|-6.000|25.750|1|3.000
708,11.8,25,0,0,0,6|-6.000|25.500|1|3.000
709,11.8166666666667,25,0,0,0,6|-6.000|25.250|1|3.000
710,11.8333333333333,25,0,0,0,6|-6.000|25.000|1|3.000
711,11.85,25,0,0,0,6|-6.000|24.750|1|3.000
712,11.8666666666667,25,0,0,0,6|-6.000|24.500|1|3.000
713,11.8833333333333,25,0,0,0,6|-6.000|24.250|1|3.000
714,11.9,25,0,0,0,6|-6.000|24.000|1|3.000
715,11.9166666666667,25,0,0,0,6|-6.000|23.750|1|3.000
716,11.9333333333333,25,0,0,0,6|-6.000|23.500|1|3.000
717,11.95,25,0,0,0,6|-6.000|23.250|1|3.000
718,11.9666666666667,25,0,0,0,6|-6.000|23.000|1|3.000
719,11.9833333333333,25,0,0,0,6|-6.000|22.750|1|3.000
720,12,25,0,0,0,6|-6.000|22.500|1|3.000
721,12.0166666666667,25,0,0,0,6|-6.000|22.250|1|3.000
722,12.0333333333333,25,0,0,0,6|-6.000|22.000|1|3.000
723,12.05,25,0,0,0,6|-6.000|21.750|1|3.000
724,12.0666666666667,25,0,0,0,6|-6.000|21.500|1|3.000
725,12.0833333333333,25,0,0,0,6|-6.000|21.250|1|3.000
726,12.1,25,0,0,0,6|-6.000|21.000|1|3.000
727,12.1166666666667,25,0,0,0,6|-6.000|20.750|1|3.000
728,12.1333333333333,25,0,0,0,6|-6.000|20.500|1|3.000
729,12.15,25,0,0,0,6|-6.000|20.250|1|3.000
730,12.1666666666667,25,0,0,0,6|-6.000|20.000|1|3.000
731,12.1833333333333,25,0,0,0,6|-6.000|19.750|1|3.000
732,12.2,25,0,0,0,6|-6.000|19.500|1|3.000
733,12.2166666666667,25,0,0,0,6|-6.000|19.250|1|3.000
734,12.2333333333333,25,0,0,0,6|-6.000|19.000|1|3.000
735,12.25,25,0,0,0,6|-6.000|18.750|1|3.000
736,12.2666666666667,25,0,0,0,6|-6.000|18.500|1|3.000
737,12.2833333333333,25,0,0,0,6|-6.000|18.250|1|3.000
738,12.3,25,0,0,0,6|-6.000|18.000|1|3.000
739,12.3166666666667,25,0,0,0,6|-6.000|17.750|1|3.000
740,12.3333333333333,25,0,0,0,6|-6.000|17.500|1|3.000
741,12.35,25,0,0,0,6|-6.000|17.250|1|3.000
742,12.3666666666667,25,0,0,0,6|-6.000|17.000|1|3.000
743,12.3833333333333,25,0,0,0,6|-6.000|16.750|1|3.000
744,12.4,25,0,0,0,6|-6.000|16.500|1|3.000
745,12.4166666666667,25,0,0,0,6|-6.000|16.250|1|3.000
746,12.4333333333333,25,0,0,0,6|-6.000|16.000|1|3.000
747,12.45,25,0,0,0,6|-6.000|15.750|1|3.000
748,12.4666666666667,25,0,0,0,6|-6.000|15.500|1|3.000
749,12.4833333333333,25,0,0,0,6|-6.000|15.250|1|3.000
750,12.5,25,0,0,0,6|-6.000|15.000|1|3.000
751,12.5166666666667,25,0,0,0,6|-6.000|14.750|1|3.000
752,12.5333333333333,25,0,0,0,6|-6.000|14.500|1|3.000
753,12.55,25,0,0,0,6|-6.000|14.250|1|3.000
754,12.5666666666667,25,0,0,0,6|-6.000|14.000|1|3.000
755,12.5833333333333,25,0,0,0,6|-6.000|13.750|1|3.000
756,12.6,25,0,0,0,6|-6.000|13.500|1|3.000
757,12.6166666666667,25,0,0,0,6|-6.000|13.250|1|3.000
758,12.6333333333333,25,0,0,0,6|-6.000|13.000|1|3.000
759,12.65,25,0,0,0,6|-6.000|12.750|1|3.000
760,12.6666666666667,25,0,0,0,6|-6.000|12.500|1|3.000
761,12.6833333333333,25,0,0,0,6|-6.000|12.250|1|3.000
762,12.7,25,0,0,0,6|-6.000|12.000|1|3.000
763,12.7166666666667,25,0,0,0,6|-6.000|11.750|1|3.000
764,12.7333333333333,25,0,0,0,6|-6.000|11.500|1|3.000
765,12.75,25,0,0,0,6|-6.000|11.250|1|3.000
766,12.7666666666667,25,0,0,0,6|-6.000|11.000|1|3.000
767,12.7833333333333,25,0,0,0,6|-6.000|10.750|1|3.000
768,12.8,25,0,0,0,6|-6.000|10.500|1|3.000
769,12.8166666666667,25,0,0,0,6|-6.000|10.250|1|3.000
770,12.8333333333333,25,0,0,0,6|-6.000|10.000|1|3.000
771,12.85,25,0,0,0,6|-6.000|9.750|1|3.000
772,12.8666666666667,25,0,0,0,6|-6.000|9.500|1|3.000
773,12.8833333333333,25,0,0,0,6|-6.000|9.250|1|3.000
774,12.9,25,0,0,0,6|-6.000|9.000|1|3.000
775,12.9166666666667,25,0,0,0,6|-6.000|8.750|1|3.000
776,12.9333333333333,25,0,0,0,6|-6.000|8.500|1|3.000
777,12.95,25,0,0,0,6|-6.000|8.250|1|3.000
778,12.9666666666667,25,0,0,0,6|-6.000|8.000|1|3.000
779,12.9833333333333,25,0,0,0,6|-6.000|7.750|1|3.000
780,13,25,0,0,0,6|-6.000|7.500|1|3.000
781,13.0166666666667,25,0,0,0,6|-6.000|7.250|1|3.000
782,13.0333333333333,25,0,0,0,6|-6.000|7.000|1|3.000
783,13.05,25,0,0,0,6|-6.000|6.750|1|3.000
784,13.0666666666667,25,0,0,0,6|-6.000|6.500|1|3.000
785,13.0833333333333,25,0,0,0,6|-6.000|6.250|1|3.000
786,13.1,25,0,0,0,6|-6.000|6.000|1|3.000
787,13.1166666666667,25,0,0,0,6|-6.000|5.750|1|3.000
788,13.1333333333333,25,0,0,0,6|-6.000|5.500|1|3.000
789,13.15,25,0,0,0,6|-6.000|5.250|1|3.000
790,13.1666666666667,25,0,0,0,6|-6.000|5.000|1|3.000
791,13.1833333333333,25,0,0,0,6|-6.000|4.750|1|3.000
792,13.2,25,0,0,0,6|-6.000|4.500|1|3.000
793,13.2166666666667,25,0,0,0,6|-6.000|4.250|1|3.000
794,13.2333333333333,25,0,0,0,6|-6.000|4.000|1|3.000
795,13.25,25,0,0,0,6|-6.000|3.750|1|3.000
796,13.2666666666667,25,0,0,0,6|-6.000|3.500|1|3.000
797,13.2833333333333,25,0,0,0,6|-6.000|3.250|1|3.000
798,13.3,25,0,0,0,6|-6.000|3.000|1|3.000
799,13.3166666666667,25,0,0,0,6|-6.000|2.750|1|3.000
800,13.3333333333333,25,0,0,0,6|-6.000|2.500|1|3.000
801,13.35,25,0,0,0,6|-6.000|2.250|1|3.000
802,13.3666666666667,25,0,0,0,6|-6.000|2.000|1|3.000
803,13.3833333333333,25,0,0,0,6|-6.000|1.750|1|3.000
804,13.4,25,0,0,0,6|-6.000|1.500|1|3.000
805,13.4166666666667,25,0,0,0,6|-6.000|1.250|1|3.000
806,13.4333333333333,25,0,0,0,6|-6.000|1.000|1|3.000
807,13.45,25,0,0,0,6|-6.000|0.750|1|3.000
808,13.4666666666667,25,0,0,0,6|-6.000|0.500|1|3.000
809,13.4833333333333,25,0,0,0,6|-6.000|0.250|1|3.000
810,13.5,25,0,1,0,6|-6.000|0.000|1|3.000
811,13.5166666666667,0,0,0,0,
812,13.5333333333333,0,0,0,0,
813,13.55,0,0,0,0,
814,13.5666666666667,0,0,0,0,
815,13.5833333333333,0,0,0,0,
816,13.6,0,0,0,0,
817,13.6166666666667,0,0,0,0,
818,13.6333333333333,0,0,0,0,
819,13.65,0,0,0,0,
820,13.6666666666667,0,0,0,0,
821,13.6833333333333,0,0,0,0,
822,13.7,0,0,0,0,
823,13.7166666666667,0,0,0,0,
824,13.7333333333333,0,0,0,0,
825,13.75,0,0,0,0,
826,13.7666666666667,0,0,0,0,
827,13.7833333333333,0,0,0,0,
828,13.8,0,0,0,0,
829,13.8166666666667,25,0,0,0,7|-15.000|29.750|1|3.000
830,13.8333333333333,25,0,0,0,7|-15.000|29.500|1|3.000
831,13.85,25,0,0,0,7|-15.000|29.250|1|3.000
832,13.8666666666667,25,0,0,0,7|-13.750|29.000|1|3.000
833,13.8833333333333,25,0,0,0,7|-13.750|28.750|1|3.000
834,13.9,25,0,0,0,7|-12.500|28.500|1|3.000
835,13.9166666666667,25,0,0,0,7|-12.500|28.250|1|3.000
836,13.9333333333333,25,0,0,0,7|-12.500|28.000|1|3.000
837,13.95,25,0,0,0,7|-12.500|27.750|1|3.000
838,13.9666666666667,25,0,0,0,7|-12.500|27.500|1|3.000
839,13.9833333333333,25,0,0,0,7|-12.500|27.250|1|3.000
840,14,25,0,0,0,7|-11.250|27.000|1|3.000
841,14.0166666666667,25,0,0,0,7|-11.250|26.750|1|3.000
842,14.0333333333333,25,0,0,0,7|-11.250|26.500|1|3.000
843,14.05,25,0,0,0,7|-11.250|26.250|1|3.000
844,14.0666666666667,25,0,0,0,7|-11.250|26.000|1|3.000
845,14.0833333333333,25,0,0,0,7|-11.250|25.750|1|3.000
846,14.1,25,0,0,0,7|-11.250|25.500|1|3.000
847,14.1166666666667,25,0,0,0,7|-11.250|25.250|1|3.000
848,14.1333333333333,25,0,0,0,7|-11.250|25.000|1|3.000
849,14.15,25,0,0,0,7|-10.000|24.750|1|3.000
850,14.1666666666667,25,0,0,0,7|-10.000|24.500|1|3.000
851,14.1833333333333,25,0,0,0,7|-10.000|24.250|1|3.000
852,14.2,25,0,0,0,7|-10.000|24.000|1|3.000
853,14.2166666666667,25,0,0,0,7|-10.000|23.750|1|3.000
854,14.2333333333333,25,0,0,0,7|-10.000|23.500|1|3.000
855,14.25,25,0,0,0,7|-10.000|23.250|1|3.000
856,14.2666666666667,25,0,0,0,7|-10.000|23.000|1|3.000
857,14.2833333333333,25,0,0,0,7|-10.000|22.750|1|3.000
858,14.3,25,0,0,0,7|-10.000|22.500|1|3.000
859,14.3166666666667,25,0,0,0,7|-10.000|22.250|1|3.000
860,14.3333333333333,25,0,0,0,7|-10.000|22.000|1|3.000
861,14.35,25,0,0,0,7|-10.000|21.750|1|3.000
862,14.3666666666667,25,0,0,0,7|-8.750|21.500|1|3.000
863,14.3833333333333,25,0,0,0,7|-8.750|21.250|1|3.000
864,14.4,25,0,0,0,7|-8.750|21.000|1|3.000
865,14.4166666666667,25,0,0,0,7|-8.750|20.750|1|3.000
866,14.4333333333333,25,0,0,0,7|-8.750|20.500|1|3.000
867,14.45,25,0,0,0,7|-8.750|20.250|1|3.000
868,14.4666666666667,25,0,0,0,7|-8.750|20.000|1|3.000
869,14.4833333333333,25,0,0,0,7|-8.750|19.750|1|3.000
870,14.5,25,0,0,0,7|-8.750|19.500|1|3.000
871,14.5166666666667,25,0,0,0,7|-8.750|19.250|1|3.000
872,14.5333333333333,25,0,0,0,7|-8.750|19.000|1|3.000
873,14.55,25,0,0,0,7|-8.750|18.750|1|3.000
874,14.5666666666667,25,0,0,0,7|-8.750|18.500|1|3.000
875,14.5833333333333,25,0,0,0,7|-8.750|18.250|1|3.000
876,14.6,25,0,0,0,7|-7.500|18.000|1|3.000
877,14.6166666666667,25,0,0,0,7|-7.500|17.750|1|3.000
878,14.6333333333333,25,0,0,0,7|-7.500|17.500|1|3.000
879,14.65,25,0,0,0,7|-7.500|17.250|1|3.000
880,14.6666666666667,25,0,0,0,7|-7.500|17.000|1|3.000
881,14.6833333333333,25,0,0,0,7|-7.500|16.750|1|3.000
882,14.7,25,0,0,0,7|-7.500|16.500|1|3.000
883,14.7166666666667,25,0,0,0,7|-7.500|16.250|1|3.000
884,14.7333333333333,25,0,0,0,7|-7.500|16.000|1|3.000
885,14.75,25,0,0,0,7|-7.500|15.750|1|3.000
886,14.7666666666667,25,0,0,0,7|-7.500|15.500|1|3.000
887,14.7833333333333,25,0,0,0,7|-7.500|15.250|1|3.000
888,14.8,25,0,0,0,7|-7.500|15.000|1|3.000
889,14.8166666666667,25,0,0,0,7|-7.500|14.750|1|3.000
890,14.8333333333333,25,0,0,0,7|-7.500|14.500|1|3.000
891,14.85,25,0,0,0,7|-7.500|14.250|1|3.000
892,14.8666666666667,25,0,0,0,7|-7.500|14.000|1|3.000
893,14.8833333333333,25,0,0,0,7|-7.500|13.750|1|3.000
894,14.9,25,0,0,0,7|-7.500|13.500|1|3.000
895,14.9166666666667,25,0,0,0,7|-7.500|13.250|1|3.000
896,14.9333333333333,25,0,0,0,7|-7.500|13.000|1|3.000
897,14.95,25,0,0,0,7|-7.500|12.750|1|3.000
898,14.9666666666667,25,0,0,0,7|-7.500|12.500|1|3.000
899,14.9833333333333,25,0,0,0,7|-7.500|12.250|1|3.000
900,15,25,0,0,0,7|-7.500|12.000|1|3.000
901,15.0166666666667,25,0,0,0,7|-7.500|11.750|1|3.000
902,15.0333333333333,25,0,0,0,7|-7.500|11.500|1|3.000
903,15.05,25,0,0,0,7|-7.500|11.250|1|3.000
904,15.0666666666667,25,0,0,0,7|-7.500|11.000|1|3.000
905,15.0833333333333,25,0,0,0,7|-7.500|10.750|1|3.000
906,15.1,25,0,0,0,7|-7.500|10.500|1|3.000
907,15.1166666666667,25,0,0,0,7|-6.250|10.250|1|3.000
908,15.1333333333333,25,0,0,0,7|-6.250|10.000|1|3.000
909,15.15,25,0,0,0,7|-6.250|9.750|1|3.000
910,15.1666666666667,25,0,0,0,7|-5.000|9.500|1|3.000
911,15.1833333333333,25,0,0,0,7|-5.000|9.250|1|3.000
912,15.2,25,0,0,0,7|-5.000|9.000|1|3.000
913,15.2166666666667,25,0,0,0,7|-3.750|8.750|1|3.000
914,15.2333333333333,25,0,0,0,7|-3.750|8.500|1|3.000
915,15.25,25,0,0,0,7|-3.750|8.250|1|3.000
916,15.2666666666667,25,0,0,0,7|-3.750|8.000|1|3.000
917,15.2833333333333,25,0,0,0,7|-3.750|7.750|1|3.000
918,15.3,25,0,0,0,7|-2.500|7.500|1|3.000
919,15.3166666666667,25,0,0,0,7|-1.250|7.250|1|3.000
920,15.3333333333333,25,0,0,0,7|-1.250|7.000|1|3.000
921,15.35,25,0,0,0,7|-1.250|6.750|1|3.000
922,15.3666666666667,25,0,0,0,7|-1.250|6.500|1|3.000
923,15.3833333333333,25,0,0,0,7|-1.250|6.250|1|3.000
924,15.4,25,0,0,0,7|-1.250|6.000|1|3.000
925,15.4166666666667,25,0,0,0,7|-1.250|5.750|1|3.000
926,15.4333333333333,25,0,0,0,7|-1.250|5.500|1|3.000
927,15.45,25,0,0,0,7|0.000|5.250|1|3.000
928,15.4666666666667,25,0,0,0,7|0.000|5.000|1|3.000
929,15.4833333333333,25,0,0,0,7|0.000|4.750|1|3.000
930,15.5,25,0,0,0,7|0.000|4.500|1|3.000
931,15.5166666666667,25,0,0,0,7|0.000|4.250|1|3.000
932,15.5333333333333,25,0,0,0,7|0.000|4.000|1|3.000
933,15.55,25,0,0,0,7|0.000|3.750|1|3.000
934,15.5666666666667,25,0,0,0,7|0.000|3.500|1|3.000
935,15.5833333333333,25,0,0,0,7|0.000|3.250|1|3.000
936,15.6,25,0,0,0,7|0.000|3.000|1|3.000
937,15.6166666666667,25,0,0,0,7|0.000|2.750|1|3.000
938,15.6333333333333,25,0,0,0,7|0.000|2.500|1|3.000
939,15.65,25,0,0,0,7|0.000|2.250|1|3.000
940,15.6666666666667,25,0,0,0,7|0.000|2.000|1|3.000
941,15.6833333333333,25,0,0,0,7|0.000|1.750|1|3.000
942,15.7,25,0,0,0,7|0.000|1.500|1|3.000
943,15.7166666666667,25,0,0,0,7|0.000|1.250|1|3.000
944,15.7333333333333,25,0,0,0,7|0.000|1.000|1|3.000
945,15.75,25,0,0,0,7|0.000|0.750|1|3.000
946,15.7666666666667,25,0,0,0,7|0.000|0.500|1|3.000
947,15.7833333333333,25,0,0,0,7|0.000|0.250|1|3.000
948,15.8,25,1,1.5,4,7|0.000|0.000|1|3.000
949,15.8166666666667,0,0,0,0,
950,15.8333333333333,0,0,0,0,
951,15.85,0,0,0,0,
952,15.8666666666667,0,0,0,0,
953,15.8833333333333,0,0,0,0,
954,15.9,0,0,0,0,
955,15.9166666666667,0,0,0,0,
956,15.9333333333333,0,0,0,0,
957,15.95,0,0,0,0,
958,15.9666666666667,0,0,0,0,
959,15.9833333333333,0,0,0,0,
960,16,0,0,0,0,
961,16.0166666666667,0,0,0,0,
962,16.0333333333333,0,0,0,0,
963,16.05,0,0,0,0,
964,16.0666666666667,0,0,0,0,
965,16.0833333333333,0,0,0,0,
966,16.1,0,0,0,0,
967,16.1166666666667,25,0,0,0,8|6.000|29.750|1|3.000
968,16.1333333333333,25,0,0,0,8|6.000|29.500|1|3.000
969,16.15,25,0,0,0,8|6.000|29.250|1|3.000
970,16.1666666666667,25,0,0,0,8|6.000|29.000|1|3.000
971,16.1833333333333,25,0,0,0,8|6.000|28.750|1|3.000
972,16.2,25,0,0,0,8|6.000|28.500|1|3.000
973,16.2166666666667,25,0,0,0,8|6.000|28.250|1|3.000
974,16.2333333333333,25,0,0,0,8|6.000|28.000|1|3.000
975,16.25,25,0,0,0,8|6.000|27.750|1|3.000
976,16.2666666666667,25,0,0,0,8|6.000|27.500|1|3.000
977,16.2833333333333,25,0,0,0,8|6.000|27.250|1|3.000
978,16.3,25,0,0,0,8|6.000|27.000|1|3.000
979,16.3166666666667,25,0,0,0,8|6.000|26.750|1|3.000
980,16.3333333333333,25,0,0,0,8|6.000|26.500|1|3.000
981,16.35,25,0,0,0,8|6.000|26.250|1|3.000
982,16.3666666666667,25,0,0,0,8|6.000|26.000|1|3.000
983,16.3833333333333,25,0,0,0,8|6.000|25.750|1|3.000
984,16.4,25,0,0,0,8|6.000|25.500|1|3.000
985,16.4166666666667,25,0,0,0,8|6.000|25.250|1|3.000
986,16.4333333333333,25,0,0,0,8|6.000|25.000|1|3.000
987,16.45,25,0,0,0,8|6.000|24.750|1|3.000
988,16.4666666666667,25,0,0,0,8|6.000|24.500|1|3.000
989,16.4833333333333,25,0,0,0,8|6.000|24.250|1|3.000
990,16.5,25,0,0,0,8|6.000|24.000|1|3.000
991,16.5166666666667,25,0,0,0,8|6.000|23.750|1|3.000
992,16.5333333333333,25,0,0,0,8|6.000|23.500|1|3.000
993,16.55,25,0,0,0,8|6.000|23.250|1|3.000
994,16.5666666666667,25,0,0,0,8|6.000|23.000|1|3.000
995,16.5833333333333,25,0,0,0,8|6.000|22.750|1|3.000
996,16.6,25,0,0,0,8|6.000|22.500|1|3.000
997,16.6166666666667,25,0,0,0,8|6.000|22.250|1|3.000
998,16.6333333333333,25,0,0,0,8|6.000|22.000|1|3.000
999,16.65,25,0,0,0,8|6.000|21.750|1|3.000
1000,16.6666666666667,25,0,0,0,8|6.000|21.500|1|3.000
1001,16.6833333333333,25,0,0,0,8|6.000|21.250|1|3.000
1002,16.7,25,0,0,0,8|6.000|21.000|1|3.000
1003,16.7166666666667,25,0,0,0,8|6.000|20.750|1|3.000
1004,16.7333333333333,25,0,0,0,8|6.000|20.500|1|3.000
1005,16.75,25,0,0,0,8|6.000|20.250|1|3.000
1006,16.7666666666667,25,0,0,0,8|6.000|20.000|1|3.000
1007,16.7833333333333,25,0,0,0,8|6.000|19.750|1|3.000
1008,16.8,25,0,0,0,8|6.000|19.500|1|3.000
1009,16.8166666666667,25,0,0,0,8|6.000|19.250|1|3.000
1010,16.8333333333333,25,0,0,0,8|6.000|19.000|1|3.000
1011,16.85,25,0,0,0,8|6.000|18.750|1|3.000
1012,16.8666666666667,25,0,0,0,8|6.000|18.500|1|3.000
1013,16.8833333333333,25,0,0,0,8|6.000|18.250|1|3.000
1014,16.9,25,0,0,0,8|6.000|18.000|1|3.000
1015,16.9166666666667,25,0,0,0,8|6.000|17.750|1|3.000
1016,16.9333333333333,25,0,0,0,8|6.000|17.500|1|3.000
1017,16.95,25,0,0,0,8|6.000|17.250|1|3.000
1018,16.9666666666667,25,0,0,0,8|6.000|17.000|1|3.000
1019,16.9833333333333,25,0,0,0,8|6.000|16.750|1|3.000
1020,17,25,0,0,0,8|6.000|16.500|1|3.000
1021,17.0166666666667,25,0,0,0,8|6.000|16.250|1|3.000
1022,17.0333333333333,25,0,0,0,8|6.000|16.000|1|3.000
1023,17.05,25,0,0,0,8|6.000|15.750|1|3.000
1024,17.0666666666667,25,0,0,0,8|6.000|15.500|1|3.000
1025,17.0833333333333,25,0,0,0,8|6.000|15.250|1|3.000
1026,17.1,25,0,0,0,8|6.000|15.000|1|3.000
1027,17.1166666666667,25,0,0,0,8|6.000|14.750|1|3.000
1028,17.1333333333333,25,0,0,0,8|6.000|14.500|1|3.000
1029,17.15,25,0,0,0,8|6.000|14.250|1|3.000
1030,17.1666666666667,25,0,0,0,8|6.000|14.000|1|3.000
1031,17.1833333333333,25,0,0,0,8|6.000|13.750|1|3.000
1032,17.2,25,0,0,0,8|6.000|13.500|1|3.000
1033,17.2166666666667,25,0,0,0,8|6.000|13.250|1|3.000
1034,17.2333333333333,25,0,0,0,8|6.000|13.000|1|3.000
1035,17.25,25,0,0,0,8|6.000|12.750|1|3.000
1036,17.2666666666667,25,0,0,0,8|6.000|12.500|1|3.000
1037,17.2833333333333,25,0,0,0,8|6.000|12.250|1|3.000
1038,17.3,25,0,0,0,8|6.000|12.000|1|3.000
1039,17.3166666666667,25,0,0,0,8|6.000|11.750|1|3.000
1040,17.3333333333333,25,0,0,0,8|6.000|11.500|1|3.000
1041,17.35,25,0,0,0,8|6.000|11.250|1|3.000
1042,17.3666666666667,25,0,0,0,8|6.000|11.000|1|3.000
1043,17.3833333333333,25,0,0,0,8|6.000|10.750|1|3.000
1044,17.4,25,0,0,0,8|6.000|10.500|1|3.000
1045,17.4166666666667,25,0,0,0,8|6.000|10.250|1|3.000
1046,17.4333333333333,25,0,0,0,8|6.000|10.000|1|3.000
1047,17.45,25,0,0,0,8|6.000|9.750|1|3.000
1048,17.4666666666667,25,0,0,0,8|6.000|9.500|1|3.000
1049,17.4833333333333,25,0,0,0,8|6.000|9.250|1|3.000
1050,17.5,25,0,0,0,8|6.000|9.000|1|3.000
1051,17.5166666666667,25,0,0,0,8|6.000|8.750|1|3.000
1052,17.5333333333333,25,0,0,0,8|6.000|8.500|1|3.000
1053,17.55,25,0,0,0,8|6.000|8.250|1|3.000
1054,17.5666666666667,25,0,0,0,8|6.000|8.000|1|3.000
1055,17.5833333333333,25,0,0,0,8|6.000|7.750|1|3.000
1056,17.6,25,0,0,0,8|6.000|7.500|1|3.000
1057,17.6166666666667,25,0,0,0,8|6.000|7.250|1|3.000
1058,17.6333333333333,25,0,0,0,8|6.000|7.000|1|3.000
1059,17.65,25,0,0,0,8|6.000|6.750|1|3.000
1060,17.6666666666667,25,0,0,0,8|6.000|6.500|1|3.000
1061,17.6833333333333,25,0,0,0,8|6.000|6.250|1|3.000
1062,17.7,25,0,0,0,8|6.000|6.000|1|3.000
1063,17.7166666666667,25,0,0,0,8|6.000|5.750|1|3.000
1064,17.7333333333333,25,0,0,0,8|6.000|5.500|1|3.000
1065,17.75,25,0,0,0,8|6.000|5.250|1|3.000
1066,17.7666666666667,25,0,0,0,8|6.000|5.000|1|3.000
1067,17.7833333333333,25,0,0,0,8|6.000|4.750|1|3.000
1068,17.8,25,0,0,0,8|6.000|4.500|1|3.000
1069,17.8166666666667,25,0,0,0,8|6.000|4.250|1|3.000
1070,17.8333333333333,25,0,0,0,8|6.000|4.000|1|3.000
1071,17.85,25,0,0,0,8|6.000|3.750|1|3.000
1072,17.8666666666667,25,0,0,0,8|6.000|3.500|1|3.000
1073,17.8833333333333,25,0,0,0,8|6.000|3.250|1|3.000
1074,17.9,25,0,0,0,8|6.000|3.000|1|3.000
1075,17.9166666666667,25,0,0,0,8|6.000|2.750|1|3.000
1076,17.9333333333333,25,0,0,0,8|6.000|2.500|1|3.000
1077,17.95,25,0,0,0,8|6.000|2.250|1|3.000
1078,17.9666666666667,25,0,0,0,8|6.000|2.000|1|3.000
1079,17.9833333333333,25,0,0,0,8|6.000|1.750|1|3.000
1080,18,25,0,0,0,8|6.000|1.500|1|3.000
1081,18.0166666666667,25,0,0,0,8|6.000|1.250|1|3.000
1082,18.0333333333333,25,0,0,0,8|6.000|1.000|1|3.000
1083,18.05,25,0,0,0,8|6.000|0.750|1|3.000
1084,18.0666666666667,25,0,0,0,8|6.000|0.500|1|3.000
1085,18.0833333333333,25,0,0,0,8|6.000|0.250|1|3.000
1086,18.1,25,0,1,0,8|6.000|0.000|1|3.000
1087,18.1166666666667,0,0,0,0,
1088,18.1333333333333,0,0,0,0,
1089,18.15,0,0,0,0,
1090,18.1666666666667,0,0,0,0,
1091,18.1833333333333,0,0,0,0,
1092,18.2,0,0,0,0,
1093,18.2166666666667,0,0,0,0,
1094,18.2333333333333,0,0,0,0,
1095,18.25,0,0,0,0,
1096,18.2666666666667,0,0,0,0,
1097,18.2833333333333,0,0,0,0,
1098,18.3,0,0,0,0,
1099,18.3166666666667,0,0,0,0,
1100,18.3333333333333,0,0,0,0,
1101,18.35,0,0,0,0,
1102,18.3666666666667,0,0,0,0,
1103,18.3833333333333,0,0,0,0,
1104,18.4,0,0,0,0,
1105,18.4166666666667,25,0,0,0,9|15.000|29.750|1|1.500
1106,18.4333333333333,25,0,0,0,9|14.500|29.500|1|1.500
1107,18.45,25,0,0,0,9|14.500|29.250|1|1.500
1108,18.4666666666667,25,0,0,0,9|14.000|29.000|1|1.500
1109,18.4833333333333,25,0,0,0,9|14.000|28.750|1|1.500
1110,18.5,25,0,0,0,9|14.000|28.500|1|1.500
1111,18.5166666666667,25,0,0,0,9|14.000|28.250|1|1.500
1112,18.5333333333333,25,0,0,0,9|14.000|28.000|1|1.500
1113,18.55,25,0,0,0,9|14.000|27.750|1|1.500
1114,18.5666666666667,25,0,0,0,9|14.000|27.500|1|1.500
1115,18.5833333333333,25,0,0,0,9|14.000|27.250|1|1.500
1116,18.6,25,0,0,0,9|13.500|27.000|1|1.500
1117,18.6166666666667,25,0,0,0,9|13.500|26.750|1|1.500
1118,18.6333333333333,25,0,0,0,9|13.500|26.500|1|1.500
1119,18.65,25,0,0,0,9|13.500|26.250|1|1.500
1120,18.6666666666667,25,0,0,0,9|13.000|26.000|1|1.500
1121,18.6833333333333,25,0,0,0,9|13.000|25.750|1|1.500
1122,18.7,25,0,0,0,9|13.000|25.500|1|1.500
1123,18.7166666666667,25,0,0,0,9|13.000|25.250|1|1.500
1124,18.7333333333333,25,0,0,0,9|13.000|25.000|1|1.500
1125,18.75,25,0,0,0,9|13.000|24.750|1|1.500
1126,18.7666666666667,25,0,0,0,9|13.000|24.500|1|1.500
1127,18.7833333333333,25,0,0,0,9|13.000|24.250|1|1.500
1128,18.8,25,0,0,0,9|13.000|24.000|1|1.500
1129,18.8166666666667,25,0,0,0,9|13.000|23.750|1|1.500
1130,18.8333333333333,25,0,0,0,9|13.000|23.500|1|1.500
1131,18.85,25,0,0,0,9|13.000|23.250|1|1.500
1132,18.8666666666667,25,0,0,0,9|13.000|23.000|1|1.500
1133,18.8833333333333,25,0,0,0,9|13.000|22.750|1|1.500
1134,18.9,25,0,0,0,9|12.500|22.500|1|1.500
1135,18.9166666666667,25,0,0,0,9|12.500|22.250|1|1.500
1136,18.9333333333333,25,0,0,0,9|12.000|22.000|1|1.500
1137,18.95,25,0,0,0,9|12.000|21.750|1|1.500
1138,18.9666666666667,25,0,0,0,9|12.000|21.500|1|1.500
1139,18.9833333333333,25,0,0,0,9|12.000|21.250|1|1.500
1140,19,25,0,0,0,9|12.000|21.000|1|1.500
1141,19.0166666666667,25,0,0,0,9|12.000|20.750|1|1.500
1142,19.0333333333333,25,0,0,0,9|11.500|20.500|1|1.500
1143,19.05,25,0,0,0,9|11.500|20.250|1|1.500
1144,19.0666666666667,25,0,0,0,9|11.500|20.000|1|1.500
1145,19.0833333333333,25,0,0,0,9|11.500|19.750|1|1.500
1146,19.1,25,0,0,0,9|11.500|19.500|1|1.500
1147,19.1166666666667,25,0,0,0,9|11.000|19.250|1|1.500
1148,19.1333333333333,25,0,0,0,9|11.000|19.000|1|1.500
1149,19.15,25,0,0,0,9|11.000|18.750|1|1.500
1150,19.1666666666667,25,0,0,0,9|11.000|18.500|1|1.500
1151,19.1833333333333,25,0,0,0,9|11.000|18.250|1|1.500
1152,19.2,25,0,0,0,9|11.000|18.000|1|1.500
1153,19.2166666666667,25,0,0,0,9|10.500|17.750|1|1.500
1154,19.2333333333333,25,0,0,0,9|10.500|17.500|1|1.500
1155,19.25,25,0,0,0,9|10.500|17.250|1|1.500
1156,19.2666666666667,25,0,0,0,9|10.000|17.000|1|1.500
1157,19.2833333333333,25,0,0,0,9|10.000|16.750|1|1.500
1158,19.3,25,0,0,0,9|9.500|16.500|1|1.500
1159,19.3166666666667,25,0,0,0,9|9.500|16.250|1|1.500
1160,19.3333333333333,25,0,0,0,9|9.500|16.000|1|1.500
1161,19.35,25,0,0,0,9|9.500|15.750|1|1.500
1162,19.3666666666667,25,0,0,0,9|9.500|15.500|1|1.500
1163,19.3833333333333,25,0,0,0,9|9.500|15.250|1|1.500
1164,19.4,25,0,0,0,9|9.000|15.000|1|1.500
1165,19.4166666666667,25,0,0,0,9|9.000|14.750|1|1.500
1166,19.4333333333333,25,0,0,0,9|8.500|14.500|1|1.500
1167,19.45,25,0,0,0,9|8.000|14.250|1|1.500
1168,19.4666666666667,25,0,0,0,9|7.500|14.000|1|1.500
1169,19.4833333333333,25,0,0,0,9|7.500|13.750|1|1.500
1170,19.5,25,0,0,0,9|7.500|13.500|1|1.500
1171,19.5166666666667,25,0,0,0,9|7.500|13.250|1|1.500
1172,19.5333333333333,25,0,0,0,9|7.000|13.000|1|1.500
1173,19.55,25,0,0,0,9|7.000|12.750|1|1.500
1174,19.5666666666667,25,0,0,0,9|6.500|12.500|1|1.500
1175,19.5833333333333,25,0,0,0,9|6.500|12.250|1|1.500
1176,19.6,25,0,0,0,9|6.500|12.000|1|1.500
1177,19.6166666666667,25,0,0,0,9|6.000|11.750|1|1.500
1178,19.6333333333333,25,0,0,0,9|6.000|11.500|1|1.500
1179,19.65,25,0,0,0,9|6.000|11.250|1|1.500
1180,19.6666666666667,25,0,0,0,9|6.000|11.000|1|1.500
1181,19.6833333333333,25,0,0,0,9|5.500|10.750|1|1.500
1182,19.7,25,0,0,0,9|5.500|10.500|1|1.500
1183,19.7166666666667,25,0,0,0,9|5.500|10.250|1|1.500
1184,19.7333333333333,25,0,0,0,9|5.500|10.000|1|1.500
1185,19.75,25,0,0,0,9|5.500|9.750|1|1.500
1186,19.7666666666667,25,0,0,0,9|5.500|9.500|1|1.500
1187,19.7833333333333,25,0,0,0,9|5.000|9.250|1|1.500
1188,19.8,25,0,0,0,9|5.000|9.000|1|1.500
1189,19.8166666666667,25,0,0,0,9|5.000|8.750|1|1.500
1190,19.8333333333333,25,0,0,0,9|5.000|8.500|1|1.500
1191,19.85,25,0,0,0,9|5.000|8.250|1|1.500
1192,19.8666666666667,25,0,0,0,9|5.000|8.000|1|1.500
1193,19.8833333333333,25,0,0,0,9|4.500|7.750|1|1.500
1194,19.9,25,0,0,0,9|4.500|7.500|1|1.500
1195,19.9166666666667,25,0,0,0,9|4.500|7.250|1|1.500
1196,19.9333333333333,25,0,0,0,9|4.500|7.000|1|1.500
1197,19.95,25,0,0,0,9|4.000|6.750|1|1.500
1198,19.9666666666667,25,0,0,0,9|4.000|6.500|1|1.500
1199,19.9833333333333,25,0,0,0,9|3.500|6.250|1|1.500
1200,20,25,0,0,0,9|3.500|6.000|1|1.500
1201,20.0166666666667,25,0,0,0,9|3.500|5.750|1|1.500
1202,20.0333333333333,25,0,0,0,9|3.500|5.500|1|1.500
1203,20.05,25,0,0,0,9|3.500|5.250|1|1.500
1204,20.0666666666667,25,0,0,0,9|3.500|5.000|1|1.500
1205,20.0833333333333,25,0,0,0,9|3.500|4.750|1|1.500
1206,20.1,25,0,0,0,9|3.000|4.500|1|1.500
1207,20.1166666666667,25,0,0,0,9|3.000|4.250|1|1.500
1208,20.1333333333333,25,0,0,0,9|3.000|4.000|1|1.500
1209,20.15,25,0,0,0,9|2.500|3.750|1|1.500
1210,20.1666666666667,25,0,0,0,9|2.000|3.500|1|1.500
1211,20.1833333333333,25,0,0,0,9|2.000|3.250|1|1.500
1212,20.2,25,0,0,0,9|2.000|3.000|1|1.500
1213,20.2166666666667,25,0,0,0,9|2.000|2.750|1|1.500
1214,20.2333333333333,25,0,0,0,9|1.500|2.500|1|1.500
1215,20.25,25,0,0,0,9|1.000|2.250|1|1.500
1216,20.2666666666667,25,0,0,0,9|0.500|2.000|1|1.500
1217,20.2833333333333,25,0,0,0,9|0.500|1.750|1|1.500
1218,20.3,25,0,0,0,9|0.000|1.500|1|1.500
1219,20.3166666666667,25,0,0,0,9|0.000|1.250|1|1.500
1220,20.3333333333333,25,0,0,0,9|0.000|1.000|1|1.500
1221,20.35,25,0,0,0,9|0.000|0.750|1|1.500
1222,20.3666666666667,25,0,0,0,9|0.000|0.500|1|1.500
1223,20.3833333333333,25,0,0,0,9|0.000|0.250|1|1.500
1224,20.4,25,1,1.5,4,9|0.000|0.000|1|1.500
1225,20.4166666666667,0,0,0,0,
1226,20.4333333333333,0,0,0,0,
1227,20.45,0,0,0,0,
1228,20.4666666666667,0,0,0,0,
1229,20.4833333333333,0,0,0,0,
1230,20.5,0,0,0,0,
1231,20.5166666666667,0,0,0,0,
1232,20.5333333333333,0,0,0,0,
1233,20.55,0,0,0,0,
1234,20.5666666666667,0,0,0,0,
1235,20.5833333333333,0,0,0,0,
1236,20.6,0,0,0,0,
1237,20.6166666666667,0,0,0,0,
1238,20.6333333333333,0,0,0,0,
1239,20.65,0,0,0,0,
1240,20.6666666666667,0,0,0,0,
1241,20.6833333333333,0,0,0,0,
1242,20.7,0,0,0,0,
1243,20.7166666666667,25,0,0,0,10|9.000|29.750|1|3.000
1244,20.7333333333333,25,0,0,0,10|9.000|29.500|1|3.000
1245,20.75,25,0,0,0,10|9.000|29.250|1|3.000
1246,20.7666666666667,25,0,0,0,10|9.000|29.000|1|3.000
1247,20.7833333333333,25,0,0,0,10|9.000|28.750|1|3.000
1248,20.8,25,0,0,0,10|9.000|28.500|1|3.000
1249,20.8166666666667,25,0,0,0,10|9.000|28.250|1|3.000
1250,20.8333333333333,25,0,0,0,10|9.000|28.000|1|3.000
1251,20.85,25,0,0,0,10|9.000|27.750|1|3.000
1252,20.8666666666667,25,0,0,0,10|9.000|27.500|1|3.000
1253,20.8833333333333,25,0,0,0,10|9.000|27.250|1|3.000
1254,20.9,25,0,0,0,10|9.000|27.000|1|3.000
1255,20.9166666666667,25,0,0,0,10|9.000|26.750|1|3.000
1256,20.9333333333333,25,0,0,0,10|9.000|26.500|1|3.000
1257,20.95,25,0,0,0,10|9.000|26.250|1|3.000
1258,20.9666666666667,25,0,0,0,10|9.000|26.000|1|3.000
1259,20.9833333333333,25,0,0,0,10|9.000|25.750|1|3.000
1260,21,25,0,0,0,10|9.000|25.500|1|3.000
1261,21.0166666666667,25,0,0,0,10|9.000|25.250|1|3.000
1262,21.0333333333333,25,0,0,0,10|9.000|25.000|1|3.000
1263,21.05,25,0,0,0,10|9.000|24.750|1|3.000
1264,21.0666666666667,25,0,0,0,10|9.000|24.500|1|3.000
1265,21.0833333333333,25,0,0,0,10|9.000|24.250|1|3.000
1266,21.1,25,0,0,0,10|9.000|24.000|1|3.000
1267,21.1166666666667,25,0,0,0,10|9.000|23.750|1|3.000
1268,21.1333333333333,25,0,0,0,10|9.000|23.500|1|3.000
1269,21.15,25,0,0,0,10|9.000|23.250|1|3.000
1270,21.1666666666667,25,0,0,0,10|9.000|23.000|1|3.000
1271,21.1833333333333,25,0,0,0,10|9.000|22.750|1|3.000
1272,21.2,25,0,0,0,10|9.000|22.500|1|3.000
1273,21.2166666666667,25,0,0,0,10|9.000|22.250|1|3.000
1274,21.2333333333333,25,0,0,0,10|9.000|22.000|1|3.000
1275,21.25,25,0,0,0,10|9.000|21.750|1|3.000
1276,21.2666666666667,25,0,0,0,10|9.000|21.500|1|3.000
1277,21.2833333333333,25,0,0,0,10|9.000|21.250|1|3.000
1278,21.3,25,0,0,0,10|9.000|21.000|1|3.000
1279,21.3166666666667,25,0,0,0,10|9.000|20.750|1|3.000
1280,21.3333333333333,25,0,0,0,10|9.000|20.500|1|3.000
1281,21.35,25,0,0,0,10|9.000|20.250|1|3.000
1282,21.3666666666667,25,0,0,0,10|9.000|20.000|1|3.000
1283,21.3833333333333,25,0,0,0,10|9.000|19.750|1|3.000
1284,21.4,25,0,0,0,10|9.000|19.500|1|3.000
1285,21.4166666666667,25,0,0,0,10|9.000|19.250|1|3.000
1286,21.4333333333333,25,0,0,0,10|9.000|19.000|1|3.000
1287,21.45,25,0,0,0,10|9.000|18.750|1|3.000
1288,21.4666666666667,25,0,0,0,10|9.000|18.500|1|3.000
1289,21.4833333333333,25,0,0,0,10|9.000|18.250|1|3.000
1290,21.5,25,0,0,0,10|9.000|18.000|1|3.000
1291,21.5166666666667,25,0,0,0,10|9.000|17.750|1|3.000
1292,21.5333333333333,25,0,0,0,10|9.000|17.500|1|3.000
1293,21.55,25,0,0,0,10|9.000|17.250|1|3.000
1294,21.5666666666667,25,0,0,0,10|9.000|17.000|1|3.000
1295,21.5833333333333,25,0,0,0,10|9.000|16.750|1|3.000
1296,21.6,25,0,0,0,10|9.000|16.500|1|3.000
1297,21.6166666666667,25,0,0,0,10|9.000|16.250|1|3.000
1298,21.6333333333333,25,0,0,0,10|9.000|16.000|1|3.000
1299,21.65,25,0,0,0,10|9.000|15.750|1|3.000
1300,21.6666666666667,25,0,0,0,10|9.000|15.500|1|3.000
1301,21.6833333333333,25,0,0,0,10|9.000|15.250|1|3.000
1302,21.7,25,0,0,0,10|9.000|15.000|1|3.000
1303,21.7166666666667,25,0,0,0,10|9.000|14.750|1|3.000
1304,21.7333333333333,25,0,0,0,10|9.000|14.500|1|3.000
1305,21.75,25,0,0,0,10|9.000|14.250|1|3.000
1306,21.7666666666667,25,0,0,0,10|9.000|14.000|1|3.000
1307,21.7833333333333,25,0,0,0,10|9.000|13.750|1|3.000
1308,21.8,25,0,0,0,10|9.000|13.500|1|3.000
1309,21.8166666666667,25,0,0,0,10|9.000|13.250|1|3.000
1310,21.8333333333333,25,0,0,0,10|9.000|13.000|1|3.000
1311,21.85,25,0,0,0,10|9.000|12.750|1|3.000
1312,21.8666666666667,25,0,0,0,10|9.000|12.500|1|3.000
1313,21.8833333333333,25,0,0,0,10|9.000|12.250|1|3.000
1314,21.9,25,0,0,0,10|9.000|12.000|1|3.000
1315,21.9166666666667,25,0,0,0,10|9.000|11.750|1|3.000
1316,21.9333333333333,25,0,0,0,10|9.000|11.500|1|3.000
1317,21.95,25,0,0,0,10|9.000|11.250|1|3.000
1318,21.9666666666667,25,0,0,0,10|9.000|11.000|1|3.000
1319,21.9833333333333,25,0,0,0,10|9.000|10.750|1|3.000
1320,22,25,0,0,0,10|9.000|10.500|1|3.000
1321,22.0166666666667,25,0,0,0,10|9.000|10.250|1|3.000
1322,22.0333333333333,25,0,0,0,10|9.000|10.000|1|3.000
1323,22.05,25,0,0,0,10|9.000|9.750|1|3.000
1324,22.0666666666667,25,0,0,0,10|9.000|9.500|1|3.000
1325,22.0833333333333,25,0,0,0,10|9.000|9.250|1|3.000
1326,22.1,25,0,0,0,10|9.000|9.000|1|3.000
1327,22.1166666666667,25,0,0,0,10|9.000|8.750|1|3.000
1328,22.1333333333333,25,0,0,0,10|9.000|8.500|1|3.000
1329,22.15,25,0,0,0,10|9.000|8.250|1|3.000
1330,22.1666666666667,25,0,0,0,10|9.000|8.000|1|3.000
1331,22.1833333333333,25,0,0,0,10|9.000|7.750|1|3.000
1332,22.2,25,0,0,0,10|9.000|7.500|1|3.000
1333,22.2166666666667,25,0,0,0,10|9.000|7.250|1|3.000
1334,22.2333333333333,25,0,0,0,10|9.000|7.000|1|3.000
1335,22.25,25,0,0,0,10|9.000|6.750|1|3.000
1336,22.2666666666667,25,0,0,0,10|9.000|6.500|1|3.000
1337,22.2833333333333,25,0,0,0,10|9.000|6.250|1|3.000
1338,22.3,25,0,0,0,10|9.000|6.000|1|3.000
1339,22.3166666666667,25,0,0,0,10|9.000|5.750|1|3.000
1340,22.3333333333333,25,0,0,0,10|9.000|5.500|1|3.000
1341,22.35,25,0,0,0,10|9.000|5.250|1|3.000
1342,22.3666666666667,25,0,0,0,10|9.000|5.000|1|3.000
1343,22.3833333333333,25,0,0,0,10|9.000|4.750|1|3.000
1344,22.4,25,0,0,0,10|9.000|4.500|1|3.000
1345,22.4166666666667,25,0,0,0,10|9.000|4.250|1|3.000
1346,22.4333333333333,25,0,0,0,10|9.000|4.000|1|3.000
1347,22.45,25,0,0,0,10|9.000|3.750|1|3.000
1348,22.4666666666667,25,0,0,0,10|9.000|3.500|1|3.000
1349,22.4833333333333,25,0,0,0,10|9.000|3.250|1|3.000
1350,22.5,25,0,0,0,10|9.000|3.000|1|3.000
1351,22.5166666666667,25,0,0,0,10|9.000|2.750|1|3.000
1352,22.5333333333333,25,0,0,0,10|9.000|2.500|1|3.000
1353,22.55,25,0,0,0,10|9.000|2.250|1|3.000
1354,22.5666666666667,25,0,0,0,10|9.000|2.000|1|3.000
1355,22.5833333333333,25,0,0,0,10|9.000|1.750|1|3.000
1356,22.6,25,0,0,0,10|9.000|1.500|1|3.000
1357,22.6166666666667,25,0,0,0,10|9.000|1.250|1|3.000
1358,22.6333333333333,25,0,0,0,10|9.000|1.000|1|3.000
1359,22.65,25,0,0,0,10|9.000|0.750|1|3.000
1360,22.6666666666667,25,0,0,0,10|9.000|0.500|1|3.000
1361,22.6833333333333,25,0,0,0,10|9.000|0.250|1|3.000
1362,22.7,25,0,1,0,10|9.000|0.000|1|3.000
1363,22.7166666666667,0,0,0,0,
1364,22.7333333333333,0,0,0,0,
1365,22.75,0,0,0,0,
1366,22.7666666666667,0,0,0,0,
1367,22.7833333333333,0,0,0,0,
1368,22.8,0,0,0,0,
1369,22.8166666666667,0,0,0,0,
1370,22.8333333333333,0,0,0,0,
1371,22.85,0,0,0,0,
1372,22.8666666666667,0,0,0,0,
1373,22.8833333333333,0,0,0,0,
1374,22.9,0,0,0,0,
1375,22.9166666666667,0,0,0,0,
1376,22.9333333333333,0,0,0,0,
1377,22.95,0,0,0,0,
1378,22.9666666666667,0,0,0,0,
1379,22.9833333333333,0,0,0,0,
1380,23,0,0,0,0,
1381,23.0166666666667,25,0,0,0,11|6.000|29.750|1|1.500
1382,23.0333333333333,25,0,0,0,11|6.000|29.500|1|1.500
1383,23.05,25,0,0,0,11|6.000|29.250|1|1.500
1384,23.0666666666667,25,0,0,0,11|6.000|29.000|1|1.500
1385,23.0833333333333,25,0,0,0,11|6.000|28.750|1|1.500
1386,23.1,25,0,0,0,11|6.000|28.500|1|1.500
1387,23.1166666666667,25,0,0,0,11|6.000|28.250|1|1.500
1388,23.1333333333333,25,0,0,0,11|6.000|28.000|1|1.500
1389,23.15,25,0,0,0,11|6.000|27.750|1|1.500
1390,23.1666666666667,25,0,0,0,11|6.000|27.500|1|1.500
1391,23.1833333333333,25,0,0,0,11|6.000|27.250|1|1.500
1392,23.2,25,0,0,0,11|6.000|27.000|1|1.500
1393,23.2166666666667,25,0,0,0,11|6.000|26.750|1|1.500
1394,23.2333333333333,25,0,0,0,11|6.000|26.500|1|1.500
1395,23.25,25,0,0,0,11|6.000|26.250|1|1.500
1396,23.2666666666667,25,0,0,0,11|6.000|26.000|1|1.500
1397,23.2833333333333,25,0,0,0,11|6.000|25.750|1|1.500
1398,23.3,25,0,0,0,11|6.000|25.500|1|1.500
1399,23.3166666666667,25,0,0,0,11|6.000|25.250|1|1.500
1400,23.3333333333333,25,0,0,0,11|6.000|25.000|1|1.500
1401,23.35,25,0,0,0,11|6.000|24.750|1|1.500
1402,23.3666666666667,25,0,0,0,11|6.000|24.500|1|1.500
1403,23.3833333333333,25,0,0,0,11|6.000|24.250|1|1.500
1404,23.4,25,0,0,0,11|6.000|24.000|1|1.500
1405,23.4166666666667,25,0,0,0,11|6.000|23.750|1|1.500
1406,23.4333333333333,25,0,0,0,11|6.000|23.500|1|1.500
1407,23.45,25,0,0,0,11|6.000|23.250|1|1.500
1408,23.4666666666667,25,0,0,0,11|6.000|23.000|1|1.500
1409,23.4833333333333,25,0,0,0,11|6.000|22.750|1|1.500
1410,23.5,25,0,0,0,11|6.000|22.500|1|1.500
1411,23.5166666666667,25,0,0,0,11|6.000|22.250|1|1.500
1412,23.5333333333333,25,0,0,0,11|6.000|22.000|1|1.500
1413,23.55,25,0,0,0,11|6.000|21.750|1|1.500
1414,23.5666666666667,25,0,0,0,11|6.000|21.500|1|1.500
1415,23.5833333333333,25,0,0,0,11|6.000|21.250|1|1.500
1416,23.6,25,0,0,0,11|6.000|21.000|1|1.500
1417,23.6166666666667,25,0,0,0,11|6.000|20.750|1|1.500
1418,23.6333333333333,25,0,0,0,11|6.000|20.500|1|1.500
1419,23.65,25,0,0,0,11|6.000|20.250|1|1.500
1420,23.6666666666667,25,0,0,0,11|6.000|20.000|1|1.500
1421,23.6833333333333,25,0,0,0,11|6.000|19.750|1|1.500
1422,23.7,25,0,0,0,11|6.000|19.500|1|1.500
1423,23.7166666666667,25,0,0,0,11|6.000|19.250|1|1.500
1424,23.7333333333333,25,0,0,0,11|6.000|19.000|1|1.500
1425,23.75,25,0,0,0,11|6.000|18.750|1|1.500
1426,23.7666666666667,25,0,0,0,11|6.000|18.500|1|1.500
1427,23.7833333333333,25,0,0,0,11|6.000|18.250|1|1.500
1428,23.8,25,0,0,0,11|6.000|18.000|1|1.500
1429,23.8166666666667,25,0,0,0,11|6.000|17.750|1|1.500
1430,23.8333333333333,25,0,0,0,11|6.000|17.500|1|1.500
1431,23.85,25,0,0,0,11|6.000|17.250|1|1.500
1432,23.8666666666667,25,0,0,0,11|6.000|17.000|1|1.500
1433,23.8833333333333,25,0,0,0,11|6.000|16.750|1|1.500
1434,23.9,25,0,0,0,11|6.000|16.500|1|1.500
1435,23.9166666666667,25,0,0,0,11|6.000|16.250|1|1.500
1436,23.9333333333333,25,0,0,0,11|6.000|16.000|1|1.500
1437,23.95,25,0,0,0,11|6.000|15.750|1|1.500
1438,23.9666666666667,25,0,0,0,11|6.000|15.500|1|1.500
1439,23.9833333333333,25,0,0,0,11|6.000|15.250|1|1.500
1440,24,25,0,0,0,11|6.000|15.000|1|1.500
1441,24.0166666666667,25,0,0,0,11|6.000|14.750|1|1.500
1442,24.0333333333333,25,0,0,0,11|6.000|14.500|1|1.500
1443,24.05,25,0,0,0,11|6.000|14.250|1|1.500
1444,24.0666666666667,25,0,0,0,11|6.000|14.000|1|1.500
1445,24.0833333333333,25,0,0,0,11|6.000|13.750|1|1.500
1446,24.1,25,0,0,0,11|6.000|13.500|1|1.500
1447,24.1166666666667,25,0,0,0,11|6.000|13.250|1|1.500
1448,24.1333333333333,25,0,0,0,11|6.000|13.000|1|1.500
1449,24.15,25,0,0,0,11|6.000|12.750|1|1.500
1450,24.1666666666667,25,0,0,0,11|6.000|12.500|1|1.500
1451,24.1833333333333,25,0,0,0,11|6.000|12.250|1|1.500
1452,24.2,25,0,0,0,11|6.000|12.000|1|1.500
1453,24.2166666666667,25,0,0,0,11|6.000|11.750|1|1.500
1454,24.2333333333333,25,0,0,0,11|6.000|11.500|1|1.500
1455,24.25,25,0,0,0,11|6.000|11.250|1|1.500
1456,24.2666666666667,25,0,0,0,11|6.000|11.000|1|1.500
1457,24.2833333333333,25,0,0,0,11|6.000|10.750|1|1.500
1458,24.3,25,0,0,0,11|6.000|10.500|1|1.500
1459,24.3166666666667,25,0,0,0,11|6.000|10.250|1|1.500
1460,24.3333333333333,25,0,0,0,11|6.000|10.000|1|1.500
1461,24.35,25,0,0,0,11|6.000|9.750|1|1.500
1462,24.3666666666667,25,0,0,0,11|6.000|9.500|1|1.500
1463,24.3833333333333,25,0,0,0,11|6.000|9.250|1|1.500
1464,24.4,25,0,0,0,11|6.000|9.000|1|1.500
1465,24.4166666666667,25,0,0,0,11|6.000|8.750|1|1.500
1466,24.4333333333333,25,0,0,0,11|6.000|8.500|1|1.500
1467,24.45,25,0,0,0,11|6.000|8.250|1|1.500
1468,24.4666666666667,25,0,0,0,11|6.000|8.000|1|1.500
1469,24.4833333333333,25,0,0,0,11|6.000|7.750|1|1.500
1470,24.5,25,0,0,0,11|6.000|7.500|1|1.500
1471,24.5166666666667,25,0,0,0,11|6.000|7.250|1|1.500
1472,24.5333333333333,25,0,0,0,11|6.000|7.000|1|1.500
1473,24.55,25,0,0,0,11|6.000|6.750|1|1.500
1474,24.5666666666667,25,0,0,0,11|6.000|6.500|1|1.500
1475,24.5833333333333,25,0,0,0,11|6.000|6.250|1|1.500
1476,24.6,25,0,0,0,11|6.000|6.000|1|1.500
1477,24.6166666666667,25,0,0,0,11|6.000|5.750|1|1.500
1478,24.6333333333333,25,0,0,0,11|6.000|5.500|1|1.500
1479,24.65,25,0,0,0,11|6.000|5.250|1|1.500
1480,24.6666666666667,25,0,0,0,11|6.000|5.000|1|1.500
1481,24.6833333333333,25,0,0,0,11|6.000|4.750|1|1.500
1482,24.7,25,0,0,0,11|6.000|4.500|1|1.500
1483,24.7166666666667,25,0,0,0,11|6.000|4.250|1|1.500
1484,24.7333333333333,25,0,0,0,11|6.000|4.000|1|1.500
1485,24.75,25,0,0,0,11|6.000|3.750|1|1.500
1486,24.7666666666667,25,0,0,0,11|6.000|3.500|1|1.500
1487,24.7833333333333,25,0,0,0,11|6.000|3.250|1|1.500
1488,24.8,25,0,0,0,11|6.000|3.000|1|1.500
1489,24.8166666666667,25,0,0,0,11|6.000|2.750|1|1.500
1490,24.8333333333333,25,0,0,0,11|6.000|2.500|1|1.500
1491,24.85,25,0,0,0,11|6.000|2.250|1|1.500
1492,24.8666666666667,25,0,0,0,11|6.000|2.000|1|1.500
1493,24.8833333333333,25,0,0,0,11|6.000|1.750|1|1.500
1494,24.9,25,0,0,0,11|6.000|1.500|1|1.500
1495,24.9166666666667,25,0,0,0,11|6.000|1.250|1|1.500
1496,24.9333333333333,25,0,0,0,11|6.000|1.000|1|1.500
1497,24.95,25,0,0,0,11|6.000|0.750|1|1.500
1498,24.9666666666667,25,0,0,0,11|6.000|0.500|1|1.500
1499,24.9833333333333,25,0,0,0,11|6.000|0.250|1|1.500
1500,25,25,0,1,0,11|6.000|0.000|1|1.500
1501,25.0166666666667,0,0,0,0,
1502,25.0333333333333,0,0,0,0,
1503,25.05,0,0,0,0,
1504,25.0666666666667,0,0,0,0,
1505,25.0833333333333,0,0,0,0,
1506,25.1,0,0,0,0,
1507,25.1166666666667,0,0,0,0,
1508,25.1333333333333,0,0,0,0,
1509,25.15,0,0,0,0,
1510,25.1666666666667,0,0,0,0,
1511,25.1833333333333,0,0,0,0,
1512,25.2,0,0,0,0,
1513,25.2166666666667,0,0,0,0,
1514,25.2333333333333,0,0,0,0,
1515,25.25,0,0,0,0,
1516,25.2666666666667,0,0,0,0,
1517,25.2833333333333,0,0,0,0,
1518,25.3,0,0,0,0,
1519,25.3166666666667,25,0,0,0,12|-8.925|29.750|1|1.500
1520,25.3333333333333,25,0,0,0,12|-8.850|29.500|1|1.500
1521,25.35,25,0,0,0,12|-8.775|29.250|1|1.500
1522,25.3666666666667,25,0,0,0,12|-8.700|29.000|1|1.500
1523,25.3833333333333,25,0,0,0,12|-8.625|28.750|1|1.500
1524,25.4,25,0,0,0,12|-8.550|28.500|1|1.500
1525,25.4166666666667,25,0,0,0,12|-8.475|28.250|1|1.500
1526,25.4333333333333,25,0,0,0,12|-8.400|28.000|1|1.500
1527,25.45,25,0,0,0,12|-8.325|27.750|1|1.500
1528,25.4666666666667,25,0,0,0,12|-8.250|27.500|1|1.500
1529,25.4833333333333,25,0,0,0,12|-8.175|27.250|1|1.500
1530,25.5,25,0,0,0,12|-8.100|27.000|1|1.500
1531,25.5166666666667,25,0,0,0,12|-8.025|26.750|1|1.500
1532,25.5333333333333,25,0,0,0,12|-7.950|26.500|1|1.500
1533,25.55,25,0,0,0,12|-7.875|26.250|1|1.500
1534,25.5666666666667,25,0,0,0,12|-7.800|26.000|1|1.500
1535,25.5833333333333,25,0,0,0,12|-7.725|25.750|1|1.500
1536,25.6,25,0,0,0,12|-7.650|25.500|1|1.500
1537,25.6166666666667,25,0,0,0,12|-7.575|25.250|1|1.500
1538,25.6333333333333,25,0,0,0,12|-7.500|25.000|1|1.500
1539,25.65,25,0,0,0,12|-7.425|24.750|1|1.500
1540,25.6666666666667,25,0,0,0,12|-7.350|24.500|1|1.500
1541,25.6833333333333,25,0,0,0,12|-7.275|24.250|1|1.500
1542,25.7,25,0,0,0,12|-7.200|24.000|1|1.500
1543,25.7166666666667,25,0,0,0,12|-7.125|23.750|1|1.500
1544,25.7333333333333,25,0,0,0,12|-7.050|23.500|1|1.500
1545,25.75,25,0,0,0,12|-6.975|23.250|1|1.500
1546,25.7666666666667,25,0,0,0,12|-6.900|23.000|1|1.500
1547,25.7833333333333,25,0,0,0,12|-6.825|22.750|1|1.500
1548,25.8,25,0,0,0,12|-6.750|22.500|1|1.500
1549,25.8166666666667,25,0,0,0,12|-6.675|22.250|1|1.500
1550,25.8333333333333,25,0,0,0,12|-6.600|22.000|1|1.500
1551,25.85,25,0,0,0,12|-6.525|21.750|1|1.500
1552,25.8666666666667,25,0,0,0,12|-6.450|21.500|1|1.500
1553,25.8833333333333,25,0,0,0,12|-6.375|21.250|1|1.500
1554,25.9,25,0,0,0,12|-6.300|21.000|1|1.500
1555,25.9166666666667,25,0,0,0,12|-6.225|20.750|1|1.500
1556,25.9333333333333,25,0,0,0,12|-6.150|20.500|1|1.500
1557,25.95,25,0,0,0,12|-6.075|20.250|1|1.500
1558,25.9666666666667,25,0,0,0,12|-6.000|20.000|1|1.500
1559,25.9833333333333,25,0,0,0,12|-5.925|19.750|1|1.500
1560,26,25,0,0,0,12|-5.850|19.500|1|1.500
1561,26.0166666666667,25,0,0,0,12|-5.775|19.250|1|1.500
1562,26.0333333333333,25,0,0,0,12|-5.700|19.000|1|1.500
1563,26.05,25,0,0,0,12|-5.625|18.750|1|1.500
1564,26.0666666666667,25,0,0,0,12|-5.550|18.500|1|1.500
1565,26.0833333333333,25,0,0,0,12|-5.475|18.250|1|1.500
1566,26.1,25,0,0,0,12|-5.400|18.000|1|1.500
1567,26.1166666666667,25,0,0,0,12|-5.325|17.750|1|1.500
1568,26.1333333333333,25,0,0,0,12|-5.250|17.500|1|1.500
1569,26.15,25,0,0,0,12|-5.175|17.250|1|1.500
1570,26.1666666666667,25,0,0,0,12|-5.100|17.000|1|1.500
1571,26.1833333333333,25,0,0,0,12|-5.025|16.750|1|1.500
1572,26.2,25,0,0,0,12|-4.950|16.500|1|1.500
1573,26.2166666666667,25,0,0,0,12|-4.875|16.250|1|1.500
1574,26.2333333333333,25,0,0,0,12|-4.800|16.000|1|1.500
1575,26.25,25,0,0,0,12|-4.725|15.750|1|1.500
1576,26.2666666666667,25,0,0,0,12|-4.650|15.500|1|1.500
1577,26.2833333333333,25,0,0,0,12|-4.575|15.250|1|1.500
1578,26.3,25,0,0,0,12|-4.500|15.000|1|1.500
1579,26.3166666666667,25,0,0,0,12|-4.425|14.750|1|1.500
1580,26.3333333333333,25,0,0,0,12|-4.350|14.500|1|1.500
1581,26.35,25,0,0,0,12|-4.275|14.250|1|1.500
1582,26.3666666666667,25,0,0,0,12|-4.200|14.000|1|1.500
1583,26.3833333333333,25,0,0,0,12|-4.125|13.750|1|1.500
1584,26.4,25,0,0,0,12|-4.050|13.500|1|1.500
1585,26.4166666666667,25,0,0,0,12|-3.975|13.250|1|1.500
1586,26.4333333333333,25,0,0,0,12|-3.900|13.000|1|1.500
1587,26.45,25,0,0,0,12|-3.825|12.750|1|1.500
1588,26.4666666666667,25,0,0,0,12|-3.750|12.500|1|1.500
1589,26.4833333333333,25,0,0,0,12|-3.675|12.250|1|1.500
1590,26.5,25,0,0,0,12|-3.600|12.000|1|1.500
1591,26.5166666666667,25,0,0,0,12|-3.525|11.750|1|1.500
1592,26.5333333333333,25,0,0,0,12|-3.450|11.500|1|1.500
1593,26.55,25,0,0,0,12|-3.375|11.250|1|1.500
1594,26.5666666666667,25,0,0,0,12|-3.300|11.000|1|1.500
1595,26.5833333333333,25,0,0,0,12|-3.225|10.750|1|1.500
1596,26.6,25,0,0,0,12|-3.150|10.500|1|1.500
1597,26.6166666666667,25,0,0,0,12|-3.075|10.250|1|1.500
1598,26.6333333333333,25,0,0,0,12|-3.000|10.000|1|1.500
1599,26.65,25,0,0,0,12|-2.925|9.750|1|1.500
1600,26.6666666666667,25,0,0,0,12|-2.850|9.500|1|1.500
1601,26.6833333333333,25,0,0,0,12|-2.775|9.250|1|1.500
1602,26.7,25,0,0,0,12|-2.700|9.000|1|1.500
1603,26.7166666666667,25,0,0,0,12|-2.625|8.750|1|1.500
1604,26.7333333333333,25,0,0,0,12|-2.550|8.500|1|1.500
1605,26.75,25,0,0,0,12|-2.475|8.250|1|1.500
1606,26.7666666666667,25,0,0,0,12|-2.400|8.000|1|1.500
1607,26.7833333333333,25,0,0,0,12|-2.325|7.750|1|1.500
1608,26.8,25,0,0,0,12|-2.250|7.500|1|1.500
1609,26.8166666666667,25,0,0,0,12|-2.175|7.250|1|1.500
1610,26.8333333333333,25,0,0,0,12|-2.100|7.000|1|1.500
1611,26.85,25,0,0,0,12|-2.025|6.750|1|1.500
1612,26.8666666666667,25,0,0,0,12|-1.950|6.500|1|1.500
1613,26.8833333333333,25,0,0,0,12|-1.875|6.250|1|1.500
1614,26.9,25,0,0,0,12|-1.800|6.000|1|1.500
1615,26.9166666666667,25,0,0,0,12|-1.725|5.750|1|1.500
1616,26.9333333333333,25,0,0,0,12|-1.650|5.500|1|1.500
1617,26.95,25,0,0,0,12|-1.575|5.250|1|1.500
1618,26.9666666666667,25,0,0,0,12|-1.500|5.000|1|1.500
1619,26.9833333333333,25,0,0,0,12|-1.425|4.750|1|1.500
1620,27,25,0,0,0,12|-1.350|4.500|1|1.500
1621,27.0166666666667,25,0,0,0,12|-1.275|4.250|1|1.500
1622,27.0333333333333,25,0,0,0,12|-1.200|4.000|1|1.500
1623,27.05,25,0,0,0,12|-1.125|3.750|1|1.500
1624,27.0666666666667,25,0,0,0,12|-1.050|3.500|1|1.500
1625,27.0833333333333,25,0,0,0,12|-0.975|3.250|1|1.500
1626,27.1,25,0,0,0,12|-0.900|3.000|1|1.500
1627,27.1166666666667,25,0,0,0,12|-0.825|2.750|1|1.500
1628,27.1333333333333,25,0,0,0,12|-0.750|2.500|1|1.500
1629,27.15,25,0,0,0,12|-0.675|2.250|1|1.500
1630,27.1666666666667,25,0,0,0,12|-0.600|2.000|1|1.500
1631,27.1833333333333,25,0,0,0,12|-0.525|1.750|1|1.500
1632,27.2,25,0,0,0,12|-0.450|1.500|1|1.500
1633,27.2166666666667,25,0,0,0,12|-0.375|1.250|1|1.500
1634,27.2333333333333,25,0,0,0,12|-0.300|1.000|1|1.500
1635,27.25,25,0,0,0,12|-0.225|0.750|1|1.500
1636,27.2666666666667,25,0,0,0,12|-0.150|0.500|1|1.500
1637,27.2833333333333,25,0,0,0,12|-0.075|0.250|1|1.500
1638,27.3,25,1,1,2,12|0.000|0.000|1|1.500
1639,27.3166666666667,0,0,0,0,
1640,27.3333333333333,0,0,0,0,
1641,27.35,0,0,0,0,
1642,27.3666666666667,0,0,0,0,
1643,27.3833333333333,0,0,0,0,
1644,27.4,0,0,0,0,
1645,27.4166666666667,0,0,0,0,
1646,27.4333333333333,0,0,0,0,
1647,27.45,0,0,0,0,
1648,27.4666666666667,0,0,0,0,
1649,27.4833333333333,0,0,0,0,
1650,27.5,0,0,0,0,
1651,27.5166666666667,0,0,0,0,
1652,27.5333333333333,0,0,0,0,
1653,27.55,0,0,0,0,
1654,27.5666666666667,0,0,0,0,
1655,27.5833333333333,0,0,0,0,
1656,27.6,0,0,0,0,
1657,27.6166666666667,25,0,0,0,13|12.000|29.750|1|1.500
1658,27.6333333333333,25,0,0,0,13|12.000|29.500|1|1.500
1659,27.65,25,0,0,0,13|12.000|29.250|1|1.500
1660,27.6666666666667,25,0,0,0,13|11.000|29.000|1|1.500
1661,27.6833333333333,25,0,0,0,13|11.000|28.750|1|1.500
1662,27.7,25,0,0,0,13|11.000|28.500|1|1.500
1663,27.7166666666667,25,0,0,0,13|11.000|28.250|1|1.500
1664,27.7333333333333,25,0,0,0,13|11.000|28.000|1|1.500
1665,27.75,25,0,0,0,13|11.000|27.750|1|1.500
1666,27.7666666666667,25,0,0,0,13|11.000|27.500|1|1.500
1667,27.7833333333333,25,0,0,0,13|11.000|27.250|1|1.500
1668,27.8,25,0,0,0,13|11.000|27.000|1|1.500
1669,27.8166666666667,25,0,0,0,13|11.000|26.750|1|1.500
1670,27.8333333333333,25,0,0,0,13|11.000|26.500|1|1.500
1671,27.85,25,0,0,0,13|11.000|26.250|1|1.500
1672,27.8666666666667,25,0,0,0,13|10.000|26.000|1|1.500
1673,27.8833333333333,25,0,0,0,13|10.000|25.750|1|1.500
1674,27.9,25,0,0,0,13|10.000|25.500|1|1.500
1675,27.9166666666667,25,0,0,0,13|10.000|25.250|1|1.500
1676,27.9333333333333,25,0,0,0,13|10.000|25.000|1|1.500
1677,27.95,25,0,0,0,13|10.000|24.750|1|1.500
1678,27.9666666666667,25,0,0,0,13|10.000|24.500|1|1.500
1679,27.9833333333333,25,0,0,0,13|10.000|24.250|1|1.500
1680,28,25,0,0,0,13|10.000|24.000|1|1.500
1681,28.0166666666667,25,0,0,0,13|10.000|23.750|1|1.500
1682,28.0333333333333,25,0,0,0,13|9.000|23.500|1|1.500
1683,28.05,25,0,0,0,13|9.000|23.250|1|1.500
1684,28.0666666666667,25,0,0,0,13|9.000|23.000|1|1.500
1685,28.0833333333333,25,0,0,0,13|9.000|22.750|1|1.500
1686,28.1,25,0,0,0,13|9.000|22.500|1|1.500
1687,28.1166666666667,25,0,0,0,13|9.000|22.250|1|1.500
1688,28.1333333333333,25,0,0,0,13|8.000|22.000|1|1.500
1689,28.15,25,0,0,0,13|8.000|21.750|1|1.500
1690,28.1666666666667,25,0,0,0,13|8.000|21.500|1|1.500
1691,28.1833333333333,25,0,0,0,13|8.000|21.250|1|1.500
1692,28.2,25,0,0,0,13|8.000|21.000|1|1.500
1693,28.2166666666667,25,0,0,0,13|8.000|20.750|1|1.500
1694,28.2333333333333,25,0,0,0,13|8.000|20.500|1|1.500
1695,28.25,25,0,0,0,13|8.000|20.250|1|1.500
1696,28.2666666666667,25,0,0,0,13|8.000|20.000|1|1.500
1697,28.2833333333333,25,0,0,0,13|8.000|19.750|1|1.500
1698,28.3,25,0,0,0,13|8.000|19.500|1|1.500
1699,28.3166666666667,25,0,0,0,13|8.000|19.250|1|1.500
1700,28.3333333333333,25,0,0,0,13|8.000|19.000|1|1.500
1701,28.35,25,0,0,0,13|8.000|18.750|1|1.500
1702,28.3666666666667,25,0,0,0,13|8.000|18.500|1|1.500
1703,28.3833333333333,25,0,0,0,13|8.000|18.250|1|1.500
1704,28.4,25,0,0,0,13|8.000|18.000|1|1.500
1705,28.4166666666667,25,0,0,0,13|8.000|17.750|1|1.500
1706,28.4333333333333,25,0,0,0,13|8.000|17.500|1|1.500
1707,28.45,25,0,0,0,13|8.000|17.250|1|1.500
1708,28.4666666666667,25,0,0,0,13|8.000|17.000|1|1.500
1709,28.4833333333333,25,0,0,0,13|8.000|16.750|1|1.500
1710,28.5,25,0,0,0,13|8.000|16.500|1|1.500
1711,28.5166666666667,25,0,0,0,13|8.000|16.250|1|1.500
1712,28.5333333333333,25,0,0,0,13|8.000|16.000|1|1.500
1713,28.55,25,0,0,0,13|8.000|15.750|1|1.500
1714,28.5666666666667,25,0,0,0,13|8.000|15.500|1|1.500
1715,28.5833333333333,25,0,0,0,13|8.000|15.250|1|1.500
1716,28.6,25,0,0,0,13|7.000|15.000|1|1.500
1717,28.6166666666667,25,0,0,0,13|7.000|14.750|1|1.500
1718,28.6333333333333,25,0,0,0,13|7.000|14.500|1|1.500
1719,28.65,25,0,0,0,13|7.000|14.250|1|1.500
1720,28.6666666666667,25,0,0,0,13|7.000|14.000|1|1.500
1721,28.6833333333333,25,0,0,0,13|7.000|13.750|1|1.500
1722,28.7,25,0,0,0,13|7.000|13.500|1|1.500
1723,28.7166666666667,25,0,0,0,13|7.000|13.250|1|1.500
1724,28.7333333333333,25,0,0,0,13|7.000|13.000|1|1.500
1725,28.75,25,0,0,0,13|7.000|12.750|1|1.500
1726,28.7666666666667,25,0,0,0,13|7.000|12.500|1|1.500
1727,28.7833333333333,25,0,0,0,13|7.000|12.250|1|1.500
1728,28.8,25,0,0,0,13|7.000|12.000|1|1.500
1729,28.8166666666667,25,0,0,0,13|7.000|11.750|1|1.500
1730,28.8333333333333,25,0,0,0,13|7.000|11.500|1|1.500
1731,28.85,25,0,0,0,13|7.000|11.250|1|1.500
1732,28.8666666666667,25,0,0,0,13|7.000|11.000|1|1.500
1733,28.8833333333333,25,0,0,0,13|7.000|10.750|1|1.500
1734,28.9,25,0,0,0,13|7.000|10.500|1|1.500
1735,28.9166666666667,25,0,0,0,13|6.000|10.250|1|1.500
1736,28.9333333333333,25,0,0,0,13|6.000|10.000|1|1.500
1737,28.95,25,0,0,0,13|6.000|9.750|1|1.500
1738,28.9666666666667,25,0,0,0,13|6.000|9.500|1|1.500
1739,28.9833333333333,25,0,0,0,13|6.000|9.250|1|1.500
1740,29,25,0,0,0,13|6.000|9.000|1|1.500
1741,29.0166666666667,25,0,0,0,13|6.000|8.750|1|1.500
1742,29.0333333333333,25,0,0,0,13|6.000|8.500|1|1.500
1743,29.05,25,0,0,0,13|6.000|8.250|1|1.500
1744,29.0666666666667,25,0,0,0,13|6.000|8.000|1|1.500
1745,29.0833333333333,25,0,0,0,13|6.000|7.750|1|1.500
1746,29.1,25,0,0,0,13|6.000|7.500|1|1.500
1747,29.1166666666667,25,0,0,0,13|6.000|7.250|1|1.500
1748,29.1333333333333,25,0,0,0,13|5.000|7.000|1|1.500
1749,29.15,25,0,0,0,13|5.000|6.750|1|1.500
1750,29.1666666666667,25,0,0,0,13|5.000|6.500|1|1.500
1751,29.1833333333333,25,0,0,0,13|4.000|6.250|1|1.500
1752,29.2,25,0,0,0,13|4.000|6.000|1|1.500
1753,29.2166666666667,25,0,0,0,13|4.000|5.750|1|1.500
1754,29.2333333333333,25,0,0,0,13|4.000|5.500|1|1.500
1755,29.25,25,0,0,0,13|4.000|5.250|1|1.500
1756,29.2666666666667,25,0,0,0,13|3.000|5.000|1|1.500
1757,29.2833333333333,25,0,0,0,13|2.000|4.750|1|1.500
1758,29.3,25,0,0,0,13|2.000|4.500|1|1.500
1759,29.3166666666667,25,0,0,0,13|2.000|4.250|1|1.500
1760,29.3333333333333,25,0,0,0,13|2.000|4.000|1|1.500
1761,29.35,25,0,0,0,13|2.000|3.750|1|1.500
1762,29.3666666666667,25,0,0,0,13|2.000|3.500|1|1.500
1763,29.3833333333333,25,0,0,0,13|2.000|3.250|1|1.500
1764,29.4,25,0,0,0,13|2.000|3.000|1|1.500
1765,29.4166666666667,25,0,0,0,13|2.000|2.750|1|1.500
1766,29.4333333333333,25,0,0,0,13|2.000|2.500|1|1.500
1767,29.45,25,0,0,0,13|1.000|2.250|1|1.500
1768,29.4666666666667,25,0,0,0,13|0.000|2.000|1|1.500
1769,29.4833333333333,25,0,0,0,13|0.000|1.750|1|1.500
1770,29.5,25,0,0,0,13|0.000|1.500|1|1.500
1771,29.5166666666667,25,0,0,0,13|0.000|1.250|1|1.500
1772,29.5333333333333,25,0,0,0,13|0.000|1.000|1|1.500
1773,29.55,25,0,0,0,13|0.000|0.750|1|1.500
1774,29.5666666666667,25,0,0,0,13|0.000|0.500|1|1.500
1775,29.5833333333333,25,0,0,0,13|0.000|0.250|1|1.500
1776,29.6,25,1,1.5,3,13|0.000|0.000|1|1.500
1777,29.6166666666667,0,0,0,0,
1778,29.6333333333333,0,0,0,0,
1779,29.65,0,0,0,0,
1780,29.6666666666667,0,0,0,0,
1781,29.6833333333333,0,0,0,0,
1782,29.7,0,0,0,0,
1783,29.7166666666667,0,0,0,0,
1784,29.7333333333333,0,0,0,0,
1785,29.75,0,0,0,0,
1786,29.7666666666667,0,0,0,0,
1787,29.7833333333333,0,0,0,0,
1788,29.8,0,0,0,0,
1789,29.8166666666667,0,0,0,0,
1790,29.8333333333333,0,0,0,0,
1791,29.85,0,0,0,0,
1792,29.8666666666667,0,0,0,0,
1793,29.8833333333333,0,0,0,0,
1794,29.9,0,0,0,0,
1795,29.9166666666667,25,0,0,0,14|-9.000|29.750|1|3.000
1796,29.9333333333333,25,0,0,0,14|-9.000|29.500|1|3.000
1797,29.95,25,0,0,0,14|-9.000|29.250|1|3.000
1798,29.9666666666667,25,0,0,0,14|-9.000|29.000|1|3.000
1799,29.9833333333333,25,0,0,0,14|-9.000|28.750|1|3.000
1800,30,25,0,0,0,14|-9.000|28.500|1|3.000
1801,30.0166666666667,25,0,0,0,14|-9.000|28.250|1|3.000
1802,30.0333333333333,25,0,0,0,14|-9.000|28.000|1|3.000
1803,30.05,25,0,0,0,14|-9.000|27.750|1|3.000
1804,30.0666666666667,25,0,0,0,14|-9.000|27.500|1|3.000
1805,30.0833333333333,25,0,0,0,14|-9.000|27.250|1|3.000
1806,30.1,25,0,0,0,14|-9.000|27.000|1|3.000
1807,30.1166666666667,25,0,0,0,14|-9.000|26.750|1|3.000
1808,30.1333333333333,25,0,0,0,14|-9.000|26.500|1|3.000
1809,30.15,25,0,0,0,14|-9.000|26.250|1|3.000
1810,30.1666666666667,25,0,0,0,14|-9.000|26.000|1|3.000
1811,30.1833333333333,25,0,0,0,14|-9.000|25.750|1|3.000
1812,30.2,25,0,0,0,14|-9.000|25.500|1|3.000
1813,30.2166666666667,25,0,0,0,14|-9.000|25.250|1|3.000
1814,30.2333333333333,25,0,0,0,14|-9.000|25.000|1|3.000
1815,30.25,25,0,0,0,14|-9.000|24.750|1|3.000
1816,30.2666666666667,25,0,0,0,14|-9.000|24.500|1|3.000
1817,30.2833333333333,25,0,0,0,14|-9.000|24.250|1|3.000
1818,30.3,25,0,0,0,14|-9.000|24.000|1|3.000
1819,30.3166666666667,25,0,0,0,14|-9.000|23.750|1|3.000
1820,30.3333333333333,25,0,0,0,14|-9.000|23.500|1|3.000
1821,30.35,25,0,0,0,14|-9.000|23.250|1|3.000
1822,30.3666666666667,25,0,0,0,14|-9.000|23.000|1|3.000
1823,30.3833333333333,25,0,0,0,14|-9.000|22.750|1|3.000
1824,30.4,25,0,0,0,14|-9.000|22.500|1|3.000
1825,30.4166666666667,25,0,0,0,14|-9.000|22.250|1|3.000
1826,30.4333333333333,25,0,0,0,14|-9.000|22.000|1|3.000
1827,30.45,25,0,0,0,14|-9.000|21.750|1|3.000
1828,30.4666666666667,25,0,0,0,14|-9.000|21.500|1|3.000
1829,30.4833333333333,25,0,0,0,14|-9.000|21.250|1|3.000
1830,30.5,25,0,0,0,14|-9.000|21.000|1|3.000
1831,30.5166666666667,25,0,0,0,14|-9.000|20.750|1|3.000
1832,30.5333333333333,25,0,0,0,14|-9.000|20.500|1|3.000
1833,30.55,25,0,0,0,14|-9.000|20.250|1|3.000
1834,30.5666666666667,25,0,0,0,14|-9.000|20.000|1|3.000
1835,30.5833333333333,25,0,0,0,14|-9.000|19.750|1|3.000
1836,30.6,25,0,0,0,14|-9.000|19.500|1|3.000
1837,30.6166666666667,25,0,0,0,14|-9.000|19.250|1|3.000
1838,30.6333333333333,25,0,0,0,14|-9.000|19.000|1|3.000
1839,30.65,25,0,0,0,14|-9.000|18.750|1|3.000
1840,30.6666666666667,25,0,0,0,14|-9.000|18.500|1|3.000
1841,30.6833333333333,25,0,0,0,14|-9.000|18.250|1|3.000
1842,30.7,25,0,0,0,14|-9.000|18.000|1|3.000
1843,30.7166666666667,25,0,0,0,14|-9.000|17.750|1|3.000
1844,30.7333333333333,25,0,0,0,14|-9.000|17.500|1|3.000
1845,30.75,25,0,0,0,14|-9.000|17.250|1|3.000
1846,30.7666666666667,25,0,0,0,14|-9.000|17.000|1|3.000
1847,30.7833333333333,25,0,0,0,14|-9.000|16.750|1|3.000
1848,30.8,25,0,0,0,14|-9.000|16.500|1|3.000
1849,30.8166666666667,25,0,0,0,14|-9.000|16.250|1|3.000
1850,30.8333333333333,25,0,0,0,14|-9.000|16.000|1|3.000
1851,30.85,25,0,0,0,14|-9.000|15.750|1|3.000
1852,30.8666666666667,25,0,0,0,14|-9.000|15.500|1|3.000
1853,30.8833333333333,25,0,0,0,14|-9.000|15.250|1|3.000
1854,30.9,25,0,0,0,14|-9.000|15.000|1|3.000
1855,30.9166666666667,25,0,0,0,14|-9.000|14.750|1|3.000
1856,30.9333333333333,25,0,0,0,14|-9.000|14.500|1|3.000
1857,30.95,25,0,0,0,14|-9.000|14.250|1|3.000
1858,30.9666666666667,25,0,0,0,14|-9.000|14.000|1|3.000
1859,30.9833333333333,25,0,0,0,14|-9.000|13.750|1|3.000
1860,31,25,0,0,0,14|-9.000|13.500|1|3.000
1861,31.0166666666667,25,0,0,0,14|-9.000|13.250|1|3.000
1862,31.0333333333333,25,0,0,0,14|-9.000|13.000|1|3.000
1863,31.05,25,0,0,0,14|-9.000|12.750|1|3.000
1864,31.0666666666667,25,0,0,0,14|-9.000|12.500|1|3.000
1865,31.0833333333333,25,0,0,0,14|-9.000|12.250|1|3.000
1866,31.1,25,0,0,0,14|-9.000|12.000|1|3.000
1867,31.1166666666667,25,0,0,0,14|-9.000|11.750|1|3.000
1868,31.1333333333333,25,0,0,0,14|-9.000|11.500|1|3.000
1869,31.15,25,0,0,0,14|-9.000|11.250|1|3.000
1870,31.1666666666667,25,0,0,0,14|-9.000|11.000|1|3.000
1871,31.1833333333333,25,0,0,0,14|-9.000|10.750|1|3.000
1872,31.2,25,0,0,0,14|-9.000|10.500|1|3.000
1873,31.2166666666667,25,0,0,0,14|-9.000|10.250|1|3.000
1874,31.2333333333333,25,0,0,0,14|-9.000|10.000|1|3.000
1875,31.25,25,0,0,0,14|-9.000|9.750|1|3.000
1876,31.2666666666667,25,0,0,0,14|-9.000|9.500|1|3.000
1877,31.2833333333333,25,0,0,0,14|-9.000|9.250|1|3.000
1878,31.3,25,0,0,0,14|-9.000|9.000|1|3.000
1879,31.3166666666667,25,0,0,0,14|-9.000|8.750|1|3.000
1880,31.3333333333333,25,0,0,0,14|-9.000|8.500|1|3.000
1881,31.35,25,0,0,0,14|-9.000|8.250|1|3.000
1882,31.3666666666667,25,0,0,0,14|-9.000|8.000|1|3.000
1883,31.3833333333333,25,0,0,0,14|-9.000|7.750|1|3.000
1884,31.4,25,0,0,0,14|-9.000|7.500|1|3.000
1885,31.4166666666667,25,0,0,0,14|-9.000|7.250|1|3.000
1886,31.4333333333333,25,0,0,0,14|-9.000|7.000|1|3.000
1887,31.45,25,0,0,0,14|-9.000|6.750|1|3.000
1888,31.4666666666667,25,0,0,0,14|-9.000|6.500|1|3.000
1889,31.4833333333333,25,0,0,0,14|-9.000|6.250|1|3.000
1890,31.5,25,0,0,0,14|-9.000|6.000|1|3.000
1891,31.5166666666667,25,0,0,0,14|-9.000|5.750|1|3.000
1892,31.5333333333333,25,0,0,0,14|-9.000|5.500|1|3.000
1893,31.55,25,0,0,0,14|-9.000|5.250|1|3.000
1894,31.5666666666667,25,0,0,0,14|-9.000|5.000|1|3.000
1895,31.5833333333333,25,0,0,0,14|-9.000|4.750|1|3.000
1896,31.6,25,0,0,0,14|-9.000|4.500|1|3.000
1897,31.6166666666667,25,0,0,0,14|-9.000|4.250|1|3.000
1898,31.6333333333333,25,0,0,0,14|-9.000|4.000|1|3.000
1899,31.65,25,0,0,0,14|-9.000|3.750|1|3.000
1900,31.6666666666667,25,0,0,0,14|-9.000|3.500|1|3.000
1901,31.6833333333333,25,0,0,0,14|-9.000|3.250|1|3.000
1902,31.7,25,0,0,0,14|-9.000|3.000|1|3.000
1903,31.7166666666667,25,0,0,0,14|-9.000|2.750|1|3.000
1904,31.7333333333333,25,0,0,0,14|-9.000|2.500|1|3.000
1905,31.75,25,0,0,0,14|-9.000|2.250|1|3.000
1906,31.7666666666667,25,0,0,0,14|-9.000|2.000|1|3.000
1907,31.7833333333333,25,0,0,0,14|-9.000|1.750|1|3.000
1908,31.8,25,0,0,0,14|-9.000|1.500|1|3.000
1909,31.8166666666667,25,0,0,0,14|-9.000|1.250|1|3.000
1910,31.8333333333333,25,0,0,0,14|-9.000|1.000|1|3.000
1911,31.85,25,0,0,0,14|-9.000|0.750|1|3.000
1912,31.8666666666667,25,0,0,0,14|-9.000|0.500|1|3.000
1913,31.8833333333333,25,0,0,0,14|-9.000|0.250|1|3.000
1914,31.9,25,0,1,0,14|-9.000|0.000|1|3.000
1915,31.9166666666667,0,0,0,0,
1916,31.9333333333333,0,0,0,0,
1917,31.95,0,0,0,0,
1918,31.9666666666667,0,0,0,0,
1919,31.9833333333333,0,0,0,0,
1920,32,0,0,0,0,
1921,32.0166666666667,0,0,0,0,
1922,32.0333333333333,0,0,0,0,
1923,32.05,0,0,0,0,
1924,32.0666666666667,0,0,0,0,
1925,32.0833333333333,0,0,0,0,
1926,32.1,0,0,0,0,
1927,32.1166666666667,0,0,0,0,
1928,32.1333333333333,0,0,0,0,
1929,32.15,0,0,0,0,
1930,32.1666666666667,0,0,0,0,
1931,32.1833333333333,0,0,0,0,
1932,32.2,0,0,0,0,
1933,32.2166666666667,25,0,0,0,15|6.000|29.750|1|1.500
1934,32.2333333333333,25,0,0,0,15|6.000|29.500|1|1.500
1935,32.25,25,0,0,0,15|5.500|29.250|1|1.500
1936,32.2666666666667,25,0,0,0,15|5.500|29.000|1|1.500
1937,32.2833333333333,25,0,0,0,15|5.500|28.750|1|1.500
1938,32.3,25,0,0,0,15|5.500|28.500|1|1.500
1939,32.3166666666667,25,0,0,0,15|5.500|28.250|1|1.500
1940,32.3333333333333,25,0,0,0,15|5.500|28.000|1|1.500
1941,32.35,25,0,0,0,15|5.500|27.750|1|1.500
1942,32.3666666666667,25,0,0,0,15|5.500|27.500|1|1.500
1943,32.3833333333333,25,0,0,0,15|5.500|27.250|1|1.500
1944,32.4,25,0,0,0,15|5.000|27.000|1|1.500
1945,32.4166666666667,25,0,0,0,15|5.000|26.750|1|1.500
1946,32.4333333333333,25,0,0,0,15|5.000|26.500|1|1.500
1947,32.45,25,0,0,0,15|5.000|26.250|1|1.500
1948,32.4666666666667,25,0,0,0,15|5.000|26.000|1|1.500
1949,32.4833333333333,25,0,0,0,15|5.000|25.750|1|1.500
1950,32.5,25,0,0,0,15|5.000|25.500|1|1.500
1951,32.5166666666667,25,0,0,0,15|5.000|25.250|1|1.500
1952,32.5333333333333,25,0,0,0,15|5.000|25.000|1|1.500
1953,32.55,25,0,0,0,15|5.000|24.750|1|1.500
1954,32.5666666666667,25,0,0,0,15|5.000|24.500|1|1.500
1955,32.5833333333333,25,0,0,0,15|5.000|24.250|1|1.500
1956,32.6,25,0,0,0,15|5.000|24.000|1|1.500
1957,32.6166666666667,25,0,0,0,15|5.000|23.750|1|1.500
1958,32.6333333333333,25,0,0,0,15|4.500|23.500|1|1.500
1959,32.65,25,0,0,0,15|4.500|23.250|1|1.500
1960,32.6666666666667,25,0,0,0,15|4.500|23.000|1|1.500
1961,32.6833333333333,25,0,0,0,15|4.500|22.750|1|1.500
1962,32.7,25,0,0,0,15|4.500|22.500|1|1.500
1963,32.7166666666667,25,0,0,0,15|4.500|22.250|1|1.500
1964,32.7333333333333,25,0,0,0,15|4.500|22.000|1|1.500
1965,32.75,25,0,0,0,15|4.500|21.750|1|1.500
1966,32.7666666666667,25,0,0,0,15|4.000|21.500|1|1.500
1967,32.7833333333333,25,0,0,0,15|4.000|21.250|1|1.500
1968,32.8,25,0,0,0,15|4.000|21.000|1|1.500
1969,32.8166666666667,25,0,0,0,15|4.000|20.750|1|1.500
1970,32.8333333333333,25,0,0,0,15|4.000|20.500|1|1.500
1971,32.85,25,0,0,0,15|4.000|20.250|1|1.500
1972,32.8666666666667,25,0,0,0,15|4.000|20.000|1|1.500
1973,32.8833333333333,25,0,0,0,15|4.000|19.750|1|1.500
1974,32.9,25,0,0,0,15|3.500|19.500|1|1.500
1975,32.9166666666667,25,0,0,0,15|3.500|19.250|1|1.500
1976,32.9333333333333,25,0,0,0,15|3.500|19.000|1|1.500
1977,32.95,25,0,0,0,15|3.500|18.750|1|1.500
1978,32.9666666666667,25,0,0,0,15|3.500|18.500|1|1.500
1979,32.9833333333333,25,0,0,0,15|3.500|18.250|1|1.500
1980,33,25,0,0,0,15|3.500|18.000|1|1.500
1981,33.0166666666667,25,0,0,0,15|3.500|17.750|1|1.500
1982,33.0333333333333,25,0,0,0,15|3.500|17.500|1|1.500
1983,33.05,25,0,0,0,15|3.000|17.250|1|1.500
1984,33.0666666666667,25,0,0,0,15|3.000|17.000|1|1.500
1985,33.0833333333333,25,0,0,0,15|3.000|16.750|1|1.500
1986,33.1,25,0,0,0,15|3.000|16.500|1|1.500
1987,33.1166666666667,25,0,0,0,15|3.000|16.250|1|1.500
1988,33.1333333333333,25,0,0,0,15|3.000|16.000|1|1.500
1989,33.15,25,0,0,0,15|3.000|15.750|1|1.500
1990,33.1666666666667,25,0,0,0,15|3.000|15.500|1|1.500
1991,33.1833333333333,25,0,0,0,15|3.000|15.250|1|1.500
1992,33.2,25,0,0,0,15|3.000|15.000|1|1.500
1993,33.2166666666667,25,0,0,0,15|3.000|14.750|1|1.500
1994,33.2333333333333,25,0,0,0,15|3.000|14.500|1|1.500
1995,33.25,25,0,0,0,15|3.000|14.250|1|1.500
1996,33.2666666666667,25,0,0,0,15|3.000|14.000|1|1.500
1997,33.2833333333333,25,0,0,0,15|3.000|13.750|1|1.500
1998,33.3,25,0,0,0,15|3.000|13.500|1|1.500
1999,33.3166666666667,25,0,0,0,15|3.000|13.250|1|1.500
2000,33.3333333333333,25,0,0,0,15|3.000|13.000|1|1.500
2001,33.35,25,0,0,0,15|3.000|12.750|1|1.500
2002,33.3666666666667,25,0,0,0,15|2.500|12.500|1|1.500
2003,33.3833333333333,25,0,0,0,15|2.500|12.250|1|1.500
2004,33.4,25,0,0,0,15|2.500|12.000|1|1.500
2005,33.4166666666667,25,0,0,0,15|2.500|11.750|1|1.500
2006,33.4333333333333,25,0,0,0,15|2.500|11.500|1|1.500
2007,33.45,25,0,0,0,15|2.500|11.250|1|1.500
2008,33.4666666666667,25,0,0,0,15|2.500|11.000|1|1.500
2009,33.4833333333333,25,0,0,0,15|2.000|10.750|1|1.500
2010,33.5,25,0,0,0,15|2.000|10.500|1|1.500
2011,33.5166666666667,25,0,0,0,15|2.000|10.250|1|1.500
2012,33.5333333333333,25,0,0,0,15|2.000|10.000|1|1.500
2013,33.55,25,0,0,0,15|2.000|9.750|1|1.500
2014,33.5666666666667,25,0,0,0,15|2.000|9.500|1|1.500
2015,33.5833333333333,25,0,0,0,15|2.000|9.250|1|1.500
2016,33.6,25,0,0,0,15|2.000|9.000|1|1.500
2017,33.6166666666667,25,0,0,0,15|2.000|8.750|1|1.500
2018,33.6333333333333,25,0,0,0,15|2.000|8.500|1|1.500
2019,33.65,25,0,0,0,15|1.500|8.250|1|1.500
2020,33.6666666666667,25,0,0,0,15|1.500|8.000|1|1.500
2021,33.6833333333333,25,0,0,0,15|1.500|7.750|1|1.500
2022,33.7,25,0,0,0,15|1.500|7.500|1|1.500
2023,33.7166666666667,25,0,0,0,15|1.000|7.250|1|1.500
2024,33.7333333333333,25,0,0,0,15|1.000|7.000|1|1.500
2025,33.75,25,0,0,0,15|1.000|6.750|1|1.500
2026,33.7666666666667,25,0,0,0,15|1.000|6.500|1|1.500
2027,33.7833333333333,25,0,0,0,15|0.500|6.250|1|1.500
2028,33.8,25,0,0,0,15|0.500|6.000|1|1.500
2029,33.8166666666667,25,0,0,0,15|0.500|5.750|1|1.500
2030,33.8333333333333,25,0,0,0,15|0.500|5.500|1|1.500
2031,33.85,25,0,0,0,15|0.500|5.250|1|1.500
2032,33.8666666666667,25,0,0,0,15|0.500|5.000|1|1.500
2033,33.8833333333333,25,0,0,0,15|0.500|4.750|1|1.500
2034,33.9,25,0,0,0,15|0.500|4.500|1|1.500
2035,33.9166666666667,25,0,0,0,15|0.500|4.250|1|1.500
2036,33.9333333333333,25,0,0,0,15|0.500|4.000|1|1.500
2037,33.95,25,0,0,0,15|0.500|3.750|1|1.500
2038,33.9666666666667,25,0,0,0,15|0.500|3.500|1|1.500
2039,33.9833333333333,25,0,0,0,15|0.500|3.250|1|1.500
2040,34,25,0,0,0,15|0.500|3.000|1|1.500
2041,34.0166666666667,25,0,0,0,15|0.500|2.750|1|1.500
2042,34.0333333333333,25,0,0,0,15|0.500|2.500|1|1.500
2043,34.05,25,0,0,0,15|0.500|2.250|1|1.500
2044,34.0666666666667,25,0,0,0,15|0.500|2.000|1|1.500
2045,34.0833333333333,25,0,0,0,15|0.500|1.750|1|1.500
2046,34.1,25,0,0,0,15|0.500|1.500|1|1.500
2047,34.1166666666667,25,0,0,0,15|0.000|1.250|1|1.500
2048,34.1333333333333,25,0,0,0,15|0.000|1.000|1|1.500
2049,34.15,25,0,0,0,15|0.000|0.750|1|1.500
2050,34.1666666666667,25,0,0,0,15|0.000|0.500|1|1.500
2051,34.1833333333333,25,0,0,0,15|0.000|0.250|1|1.500
2052,34.2,25,1,1,1,15|0.000|0.000|1|1.500
2053,34.2166666666667,0,0,0,0,
2054,34.2333333333333,0,0,0,0,
2055,34.25,0,0,0,0,
2056,34.2666666666667,0,0,0,0,
2057,34.2833333333333,0,0,0,0,
2058,34.3,0,0,0,0,
2059,34.3166666666667,0,0,0,0,
2060,34.3333333333333,0,0,0,0,
2061,34.35,0,0,0,0,
2062,34.3666666666667,0,0,0,0,
2063,34.3833333333333,0,0,0,0,
2064,34.4,0,0,0,0,
2065,34.4166666666667,0,0,0,0,
2066,34.4333333333333,0,0,0,0,
2067,34.45,0,0,0,0,
2068,34.4666666666667,0,0,0,0,
2069,34.4833333333333,0,0,0,0,
2070,34.5,0,0,0,0,
2071,34.5166666666667,25,0,0,0,16|-11.900|29.750|1|1.500
2072,34.5333333333333,25,0,0,0,16|-11.800|29.500|1|1.500
2073,34.55,25,0,0,0,16|-11.700|29.250|1|1.500
2074,34.5666666666667,25,0,0,0,16|-11.600|29.000|1|1.500
2075,34.5833333333333,25,0,0,0,16|-11.500|28.750|1|1.500
2076,34.6,25,0,0,0,16|-11.400|28.500|1|1.500
2077,34.6166666666667,25,0,0,0,16|-11.300|28.250|1|1.500
2078,34.6333333333333,25,0,0,0,16|-11.200|28.000|1|1.500
2079,34.65,25,0,0,0,16|-11.100|27.750|1|1.500
2080,34.6666666666667,25,0,0,0,16|-11.000|27.500|1|1.500
2081,34.6833333333333,25,0,0,0,16|-10.900|27.250|1|1.500
2082,34.7,25,0,0,0,16|-10.800|27.000|1|1.500
2083,34.7166666666667,25,0,0,0,16|-10.700|26.750|1|1.500
2084,34.7333333333333,25,0,0,0,16|-10.600|26.500|1|1.500
2085,34.75,25,0,0,0,16|-10.500|26.250|1|1.500
2086,34.7666666666667,25,0,0,0,16|-10.400|26.000|1|1.500
2087,34.7833333333333,25,0,0,0,16|-10.300|25.750|1|1.500
2088,34.8,25,0,0,0,16|-10.200|25.500|1|1.500
2089,34.8166666666667,25,0,0,0,16|-10.100|25.250|1|1.500
2090,34.8333333333333,25,0,0,0,16|-10.000|25.000|1|1.500
2091,34.85,25,0,0,0,16|-9.900|24.750|1|1.500
2092,34.8666666666667,25,0,0,0,16|-9.800|24.500|1|1.500
2093,34.8833333333333,25,0,0,0,16|-9.700|24.250|1|1.500
2094,34.9,25,0,0,0,16|-9.600|24.000|1|1.500
2095,34.9166666666667,25,0,0,0,16|-9.500|23.750|1|1.500
2096,34.9333333333333,25,0,0,0,16|-9.400|23.500|1|1.500
2097,34.95,25,0,0,0,16|-9.300|23.250|1|1.500
2098,34.9666666666667,25,0,0,0,16|-9.200|23.000|1|1.500
2099,34.9833333333333,25,0,0,0,16|-9.100|22.750|1|1.500
2100,35,25,0,0,0,16|-9.000|22.500|1|1.500
2101,35.0166666666667,25,0,0,0,16|-8.900|22.250|1|1.500
2102,35.0333333333333,25,0,0,0,16|-8.800|22.000|1|1.500
2103,35.05,25,0,0,0,16|-8.700|21.750|1|1.500
2104,35.0666666666667,25,0,0,0,16|-8.600|21.500|1|1.500
2105,35.0833333333333,25,0,0,0,16|-8.500|21.250|1|1.500
2106,35.1,25,0,0,0,16|-8.400|21.000|1|1.500
2107,35.1166666666667,25,0,0,0,16|-8.300|20.750|1|1.500
2108,35.1333333333333,25,0,0,0,16|-8.200|20.500|1|1.500
2109,35.15,25,0,0,0,16|-8.100|20.250|1|1.500
2110,35.1666666666667,25,0,0,0,16|-8.000|20.000|1|1.500
2111,35.1833333333333,25,0,0,0,16|-7.900|19.750|1|1.500
2112,35.2,25,0,0,0,16|-7.800|19.500|1|1.500
2113,35.2166666666667,25,0,0,0,16|-7.700|19.250|1|1.500
2114,35.2333333333333,25,0,0,0,16|-7.600|19.000|1|1.500
2115,35.25,25,0,0,0,16|-7.500|18.750|1|1.500
2116,35.2666666666667,25,0,0,0,16|-7.400|18.500|1|1.500
2117,35.2833333333333,25,0,0,0,16|-7.300|18.250|1|1.500
2118,35.3,25,0,0,0,16|-7.200|18.000|1|1.500
2119,35.3166666666667,25,0,0,0,16|-7.100|17.750|1|1.500
2120,35.3333333333333,25,0,0,0,16|-7.000|17.500|1|1.500
2121,35.35,25,0,0,0,16|-6.900|17.250|1|1.500
2122,35.3666666666667,25,0,0,0,16|-6.800|17.000|1|1.500
2123,35.3833333333333,25,0,0,0,16|-6.700|16.750|1|1.500
2124,35.4,25,0,0,0,16|-6.600|16.500|1|1.500
2125,35.4166666666667,25,0,0,0,16|-6.500|16.250|1|1.500
2126,35.4333333333333,25,0,0,0,16|-6.400|16.000|1|1.500
2127,35.45,25,0,0,0,16|-6.300|15.750|1|1.500
2128,35.4666666666667,25,0,0,0,16|-6.200|15.500|1|1.500
2129,35.4833333333333,25,0,0,0,16|-6.100|15.250|1|1.500
2130,35.5,25,0,0,0,16|-6.000|15.000|1|1.500
2131,35.5166666666667,25,0,0,0,16|-5.900|14.750|1|1.500
2132,35.5333333333333,25,0,0,0,16|-5.800|14.500|1|1.500
2133,35.55,25,0,0,0,16|-5.700|14.250|1|1.500
2134,35.5666666666667,25,0,0,0,16|-5.600|14.000|1|1.500
2135,35.5833333333333,25,0,0,0,16|-5.500|13.750|1|1.500
2136,35.6,25,0,0,0,16|-5.400|13.500|1|1.500
2137,35.6166666666667,25,0,0,0,16|-5.300|13.250|1|1.500
2138,35.6333333333333,25,0,0,0,16|-5.200|13.000|1|1.500
2139,35.65,25,0,0,0,16|-5.100|12.750|1|1.500
2140,35.6666666666667,25,0,0,0,16|-5.000|12.500|1|1.500
2141,35.6833333333333,25,0,0,0,16|-4.900|12.250|1|1.500
2142,35.7,25,0,0,0,16|-4.800|12.000|1|1.500
2143,35.7166666666667,25,0,0,0,16|-4.700|11.750|1|1.500
2144,35.7333333333333,25,0,0,0,16|-4.600|11.500|1|1.500
2145,35.75,25,0,0,0,16|-4.500|11.250|1|1.500
2146,35.7666666666667,25,0,0,0,16|-4.400|11.000|1|1.500
2147,35.7833333333333,25,0,0,0,16|-4.300|10.750|1|1.500
2148,35.8,25,0,0,0,16|-4.200|10.500|1|1.500
2149,35.8166666666667,25,0,0,0,16|-4.100|10.250|1|1.500
2150,35.8333333333333,25,0,0,0,16|-4.000|10.000|1|1.500
2151,35.85,25,0,0,0,16|-3.900|9.750|1|1.500
2152,35.8666666666667,25,0,0,0,16|-3.800|9.500|1|1.500
2153,35.8833333333333,25,0,0,0,16|-3.700|9.250|1|1.500
2154,35.9,25,0,0,0,16|-3.600|9.000|1|1.500
2155,35.9166666666667,25,0,0,0,16|-3.500|8.750|1|1.500
2156,35.9333333333333,25,0,0,0,16|-3.400|8.500|1|1.500
2157,35.95,25,0,0,0,16|-3.300|8.250|1|1.500
2158,35.9666666666667,25,0,0,0,16|-3.200|8.000|1|1.500
2159,35.9833333333333,25,0,0,0,16|-3.100|7.750|1|1.500
2160,36,25,0,0,0,16|-3.000|7.500|1|1.500
2161,36.0166666666667,25,0,0,0,16|-2.900|7.250|1|1.500
2162,36.0333333333333,25,0,0,0,16|-2.800|7.000|1|1.500
2163,36.05,25,0,0,0,16|-2.700|6.750|1|1.500
2164,36.0666666666667,25,0,0,0,16|-2.600|6.500|1|1.500
2165,36.0833333333333,25,0,0,0,16|-2.500|6.250|1|1.500
2166,36.1,25,0,0,0,16|-2.400|6.000|1|1.500
2167,36.1166666666667,25,0,0,0,16|-2.300|5.750|1|1.500
2168,36.1333333333333,25,0,0,0,16|-2.200|5.500|1|1.500
2169,36.15,25,0,0,0,16|-2.100|5.250|1|1.500
2170,36.1666666666667,25,0,0,0,16|-2.000|5.000|1|1.500
2171,36.1833333333333,25,0,0,0,16|-1.900|4.750|1|1.500
2172,36.2,25,0,0,0,16|-1.800|4.500|1|1.500
2173,36.2166666666667,25,0,0,0,16|-1.700|4.250|1|1.500
2174,36.2333333333333,25,0,0,0,16|-1.600|4.000|1|1.500
2175,36.25,25,0,0,0,16|-1.500|3.750|1|1.500
2176,36.2666666666667,25,0,0,0,16|-1.400|3.500|1|1.500
2177,36.2833333333333,25,0,0,0,16|-1.300|3.250|1|1.500
2178,36.3,25,0,0,0,16|-1.200|3.000|1|1.500
2179,36.3166666666667,25,0,0,0,16|-1.100|2.750|1|1.500
2180,36.3333333333333,25,0,0,0,16|-1.000|2.500|1|1.500
2181,36.35,25,0,0,0,16|-0.900|2.250|1|1.500
2182,36.3666666666667,25,0,0,0,16|-0.800|2.000|1|1.500
2183,36.3833333333333,25,0,0,0,16|-0.700|1.750|1|1.500
2184,36.4,25,0,0,0,16|-0.600|1.500|1|1.500
2185,36.4166666666667,25,0,0,0,16|-0.500|1.250|1|1.500
2186,36.4333333333333,25,0,0,0,16|-0.400|1.000|1|1.500
2187,36.45,25,0,0,0,16|-0.300|0.750|1|1.500
2188,36.4666666666667,25,0,0,0,16|-0.200|0.500|1|1.500
2189,36.4833333333333,25,0,0,0,16|-0.100|0.250|1|1.500
2190,36.5,25,1,1.5,3,16|-0.000|0.000|1|1.500
2191,36.5166666666667,0,0,0,0,
2192,36.5333333333333,0,0,0,0,
2193,36.55,0,0,0,0,
2194,36.5666666666667,0,0,0,0,
2195,36.5833333333333,0,0,0,0,
2196,36.6,0,0,0,0,
2197,36.6166666666667,0,0,0,0,
2198,36.6333333333333,0,0,0,0,
2199,36.65,0,0,0,0,
2200,36.6666666666667,0,0,0,0,
2201,36.6833333333333,0,0,0,0,
2202,36.7,0,0,0,0,
2203,36.7166666666667,0,0,0,0,
2204,36.7333333333333,0,0,0,0,
2205,36.75,0,0,0,0,
2206,36.7666666666667,0,0,0,0,
2207,36.7833333333333,0,0,0,0,
2208,36.8,0,0,0,0,
2209,36.8166666666667,25,0,0,0,17|8.925|29.750|1|3.000
2210,36.8333333333333,25,0,0,0,17|8.850|29.500|1|3.000
2211,36.85,25,0,0,0,17|8.775|29.250|1|3.000
2212,36.8666666666667,25,0,0,0,17|8.700|29.000|1|3.000
2213,36.8833333333333,25,0,0,0,17|8.625|28.750|1|3.000
2214,36.9,25,0,0,0,17|8.550|28.500|1|3.000
2215,36.9166666666667,25,0,0,0,17|8.475|28.250|1|3.000
2216,36.9333333333333,25,0,0,0,17|8.400|28.000|1|3.000
2217,36.95,25,0,0,0,17|8.325|27.750|1|3.000
2218,36.9666666666667,25,0,0,0,17|8.250|27.500|1|3.000
2219,36.9833333333333,25,0,0,0,17|8.175|27.250|1|3.000
2220,37,25,0,0,0,17|8.100|27.000|1|3.000
2221,37.0166666666667,25,0,0,0,17|8.025|26.750|1|3.000
2222,37.0333333333333,25,0,0,0,17|7.950|26.500|1|3.000
2223,37.05,25,0,0,0,17|7.875|26.250|1|3.000
2224,37.0666666666667,25,0,0,0,17|7.800|26.000|1|3.000
2225,37.0833333333333,25,0,0,0,17|7.725|25.750|1|3.000
2226,37.1,25,0,0,0,17|7.650|25.500|1|3.000
2227,37.1166666666667,25,0,0,0,17|7.575|25.250|1|3.000
2228,37.1333333333333,25,0,0,0,17|7.500|25.000|1|3.000
2229,37.15,25,0,0,0,17|7.425|24.750|1|3.000
2230,37.1666666666667,25,0,0,0,17|7.350|24.500|1|3.000
2231,37.1833333333333,25,0,0,0,17|7.275|24.250|1|3.000
2232,37.2,25,0,0,0,17|7.200|24.000|1|3.000
2233,37.2166666666667,25,0,0,0,17|7.125|23.750|1|3.000
2234,37.2333333333333,25,0,0,0,17|7.050|23.500|1|3.000
2235,37.25,25,0,0,0,17|6.975|23.250|1|3.000
2236,37.2666666666667,25,0,0,0,17|6.900|23.000|1|3.000
2237,37.2833333333333,25,0,0,0,17|6.825|22.750|1|3.000
2238,37.3,25,0,0,0,17|6.750|22.500|1|3.000
2239,37.3166666666667,25,0,0,0,17|6.675|22.250|1|3.000
2240,37.3333333333333,25,0,0,0,17|6.600|22.000|1|3.000
2241,37.35,25,0,0,0,17|6.525|21.750|1|3.000
2242,37.3666666666667,25,0,0,0,17|6.450|21.500|1|3.000
2243,37.3833333333333,25,0,0,0,17|6.375|21.250|1|3.000
2244,37.4,25,0,0,0,17|6.300|21.000|1|3.000
2245,37.4166666666667,25,0,0,0,17|6.225|20.750|1|3.000
2246,37.4333333333333,25,0,0,0,17|6.150|20.500|1|3.000
2247,37.45,25,0,0,0,17|6.075|20.250|1|3.000
2248,37.4666666666667,25,0,0,0,17|6.000|20.000|1|3.000
2249,37.4833333333333,25,0,0,0,17|5.925|19.750|1|3.000
2250,37.5,25,0,0,0,17|5.850|19.500|1|3.000
2251,37.5166666666667,25,0,0,0,17|5.775|19.250|1|3.000
2252,37.5333333333333,25,0,0,0,17|5.700|19.000|1|3.000
2253,37.55,25,0,0,0,17|5.625|18.750|1|3.000
2254,37.5666666666667,25,0,0,0,17|5.550|18.500|1|3.000
2255,37.5833333333333,25,0,0,0,17|5.475|18.250|1|3.000
2256,37.6,25,0,0,0,17|5.400|18.000|1|3.000
2257,37.6166666666667,25,0,0,0,17|5.325|17.750|1|3.000
2258,37.6333333333333,25,0,0,0,17|5.250|17.500|1|3.000
2259,37.65,25,0,0,0,17|5.175|17.250|1|3.000
2260,37.6666666666667,25,0,0,0,17|5.100|17.000|1|3.000
2261,37.6833333333333,25,0,0,0,17|5.025|16.750|1|3.000
2262,37.7,25,0,0,0,17|4.950|16.500|1|3.000
2263,37.7166666666667,25,0,0,0,17|4.875|16.250|1|3.000
2264,37.7333333333333,25,0,0,0,17|4.800|16.000|1|3.000
2265,37.75,25,0,0,0,17|4.725|15.750|1|3.000
2266,37.7666666666667,25,0,0,0,17|4.650|15.500|1|3.000
2267,37.7833333333333,25,0,0,0,17|4.575|15.250|1|3.000
2268,37.8,25,0,0,0,17|4.500|15.000|1|3.000
2269,37.8166666666667,25,0,0,0,17|4.425|14.750|1|3.000
2270,37.8333333333333,25,0,0,0,17|4.350|14.500|1|3.000
2271,37.85,25,0,0,0,17|4.275|14.250|1|3.000
2272,37.8666666666667,25,0,0,0,17|4.200|14.000|1|3.000
2273,37.8833333333333,25,0,0,0,17|4.125|13.750|1|3.000
2274,37.9,25,0,0,0,17|4.050|13.500|1|3.000
2275,37.9166666666667,25,0,0,0,17|3.975|13.250|1|3.000
2276,37.9333333333333,25,0,0,0,17|3.900|13.000|1|3.000
2277,37.95,25,0,0,0,17|3.825|12.750|1|3.000
2278,37.9666666666667,25,0,0,0,17|3.750|12.500|1|3.000
2279,37.9833333333333,25,0,0,0,17|3.675|12.250|1|3.000
2280,38,25,0,0,0,17|3.600|12.000|1|3.000
2281,38.0166666666667,25,0,0,0,17|3.525|11.750|1|3.000
2282,38.0333333333333,25,0,0,0,17|3.450|11.500|1|3.000
2283,38.05,25,0,0,0,17|3.375|11.250|1|3.000
2284,38.0666666666667,25,0,0,0,17|3.300|11.000|1|3.000
2285,38.0833333333333,25,0,0,0,17|3.225|10.750|1|3.000
2286,38.1,25,0,0,0,17|3.150|10.500|1|3.000
2287,38.1166666666667,25,0,0,0,17|3.075|10.250|1|3.000
2288,38.1333333333333,25,0,0,0,17|3.000|10.000|1|3.000
2289,38.15,25,0,0,0,17|2.925|9.750|1|3.000
2290,38.1666666666667,25,0,0,0,17|2.850|9.500|1|3.000
2291,38.1833333333333,25,0,0,0,17|2.775|9.250|1|3.000
2292,38.2,25,0,0,0,17|2.700|9.000|1|3.000
2293,38.2166666666667,25,0,0,0,17|2.625|8.750|1|3.000
2294,38.2333333333333,25,0,0,0,17|2.550|8.500|1|3.000
2295,38.25,25,0,0,0,17|2.475|8.250|1|3.000
2296,38.2666666666667,25,0,0,0,17|2.400|8.000|1|3.000
2297,38.2833333333333,25,0,0,0,17|2.325|7.750|1|3.000
2298,38.3,25,0,0,0,17|2.250|7.500|1|3.000
2299,38.3166666666667,25,0,0,0,17|2.175|7.250|1|3.000
2300,38.3333333333333,25,0,0,0,17|2.100|7.000|1|3.000
2301,38.35,25,0,0,0,17|2.025|6.750|1|3.000
2302,38.3666666666667,25,0,0,0,17|1.950|6.500|1|3.000
2303,38.3833333333333,25,0,0,0,17|1.875|6.250|1|3.000
2304,38.4,25,0,0,0,17|1.800|6.000|1|3.000
2305,38.4166666666667,25,0,0,0,17|1.725|5.750|1|3.000
2306,38.4333333333333,25,0,0,0,17|1.650|5.500|1|3.000
2307,38.45,25,0,0,0,17|1.575|5.250|1|3.000
2308,38.4666666666667,25,0,0,0,17|1.500|5.000|1|3.000
2309,38.4833333333333,25,0,0,0,17|1.425|4.750|1|3.000
2310,38.5,25,0,0,0,17|1.350|4.500|1|3.000
2311,38.5166666666667,25,0,0,0,17|1.275|4.250|1|3.000
2312,38.5333333333333,25,0,0,0,17|1.200|4.000|1|3.000
2313,38.55,25,0,0,0,17|1.125|3.750|1|3.000
2314,38.5666666666667,25,0,0,0,17|1.050|3.500|1|3.000
2315,38.5833333333333,25,0,0,0,17|0.975|3.250|1|3.000
2316,38.6,25,0,0,0,17|0.900|3.000|1|3.000
2317,38.6166666666667,25,0,0,0,17|0.825|2.750|1|3.000
2318,38.6333333333333,25,0,0,0,17|0.750|2.500|1|3.000
2319,38.65,25,0,0,0,17|0.675|2.250|1|3.000
2320,38.6666666666667,25,0,0,0,17|0.600|2.000|1|3.000
2321,38.6833333333333,25,0,0,0,17|0.525|1.750|1|3.000
2322,38.7,25,0,0,0,17|0.450|1.500|1|3.000
2323,38.7166666666667,25,0,0,0,17|0.375|1.250|1|3.000
2324,38.7333333333333,25,0,0,0,17|0.300|1.000|1|3.000
2325,38.75,25,0,0,0,17|0.225|0.750|1|3.000
2326,38.7666666666667,25,0,0,0,17|0.150|0.500|1|3.000
2327,38.7833333333333,25,0,0,0,17|0.075|0.250|1|3.000
2328,38.8,25,1,1,2,17|-0.000|0.000|1|3.000
2329,38.8166666666667,0,0,0,0,
2330,38.8333333333333,0,0,0,0,
2331,38.85,0,0,0,0,
2332,38.8666666666667,0,0,0,0,
2333,38.8833333333333,0,0,0,0,
2334,38.9,0,0,0,0,
2335,38.9166666666667,0,0,0,0,
2336,38.9333333333333,0,0,0,0,
2337,38.95,0,0,0,0,
2338,38.9666666666667,0,0,0,0,
2339,38.9833333333333,0,0,0,0,
2340,39,0,0,0,0,
2341,39.0166666666667,0,0,0,0,
2342,39.0333333333333,0,0,0,0,
2343,39.05,0,0,0,0,
2344,39.0666666666667,0,0,0,0,
2345,39.0833333333333,0,0,0,0,
2346,39.1,0,0,0,0,
2347,39.1166666666667,25,0,0,0,18|-14.500|29.750|1|3.000
2348,39.1333333333333,25,0,0,0,18|-14.500|29.500|1|3.000
2349,39.15,25,0,0,0,18|-14.500|29.250|1|3.000
2350,39.1666666666667,25,0,0,0,18|-14.500|29.000|1|3.000
2351,39.1833333333333,25,0,0,0,18|-14.500|28.750|1|3.000
2352,39.2,25,0,0,0,18|-14.500|28.500|1|3.000
2353,39.2166666666667,25,0,0,0,18|-14.500|28.250|1|3.000
2354,39.2333333333333,25,0,0,0,18|-14.500|28.000|1|3.000
2355,39.25,25,0,0,0,18|-14.500|27.750|1|3.000
2356,39.2666666666667,25,0,0,0,18|-14.000|27.500|1|3.000
2357,39.2833333333333,25,0,0,0,18|-13.500|27.250|1|3.000
2358,39.3,25,0,0,0,18|-13.500|27.000|1|3.000
2359,39.3166666666667,25,0,0,0,18|-13.000|26.750|1|3.000
2360,39.3333333333333,25,0,0,0,18|-13.000|26.500|1|3.000
2361,39.35,25,0,0,0,18|-12.500|26.250|1|3.000
2362,39.3666666666667,25,0,0,0,18|-12.500|26.000|1|3.000
2363,39.3833333333333,25,0,0,0,18|-12.000|25.750|1|3.000
2364,39.4,25,0,0,0,18|-11.500|25.500|1|3.000
2365,39.4166666666667,25,0,0,0,18|-11.500|25.250|1|3.000
2366,39.4333333333333,25,0,0,0,18|-11.500|25.000|1|3.000
2367,39.45,25,0,0,0,18|-11.500|24.750|1|3.000
2368,39.4666666666667,25,0,0,0,18|-11.000|24.500|1|3.000
2369,39.4833333333333,25,0,0,0,18|-10.500|24.250|1|3.000
2370,39.5,25,0,0,0,18|-10.500|24.000|1|3.000
2371,39.5166666666667,25,0,0,0,18|-10.500|23.750|1|3.000
2372,39.5333333333333,25,0,0,0,18|-10.500|23.500|1|3.000
2373,39.55,25,0,0,0,18|-10.500|23.250|1|3.000
2374,39.5666666666667,25,0,0,0,18|-10.500|23.000|1|3.000
2375,39.5833333333333,25,0,0,0,18|-10.000|22.750|1|3.000
2376,39.6,25,0,0,0,18|-10.000|22.500|1|3.000
2377,39.6166666666667,25,0,0,0,18|-10.000|22.250|1|3.000
2378,39.6333333333333,25,0,0,0,18|-9.500|22.000|1|3.000
2379,39.65,25,0,0,0,18|-9.500|21.750|1|3.000
2380,39.6666666666667,25,0,0,0,18|-9.500|21.500|1|3.000
2381,39.6833333333333,25,0,0,0,18|-9.500|21.250|1|3.000
2382,39.7,25,0,0,0,18|-9.500|21.000|1|3.000
2383,39.7166666666667,25,0,0,0,18|-9.500|20.750|1|3.000
2384,39.7333333333333,25,0,0,0,18|-9.500|20.500|1|3.000
2385,39.75,25,0,0,0,18|-9.500|20.250|1|3.000
2386,39.7666666666667,25,0,0,0,18|-9.500|20.000|1|3.000
2387,39.7833333333333,25,0,0,0,18|-9.500|19.750|1|3.000
2388,39.8,25,0,0,0,18|-9.500|19.500|1|3.000
2389,39.8166666666667,25,0,0,0,18|-9.000|19.250|1|3.000
2390,39.8333333333333,25,0,0,0,18|-9.000|19.000|1|3.000
2391,39.85,25,0,0,0,18|-9.000|18.750|1|3.000
2392,39.8666666666667,25,0,0,0,18|-9.000|18.500|1|3.000
2393,39.8833333333333,25,0,0,0,18|-9.000|18.250|1|3.000
2394,39.9,25,0,0,0,18|-8.500|18.000|1|3.000
2395,39.9166666666667,25,0,0,0,18|-8.000|17.750|1|3.000
2396,39.9333333333333,25,0,0,0,18|-8.000|17.500|1|3.000
2397,39.95,25,0,0,0,18|-8.000|17.250|1|3.000
2398,39.9666666666667,25,0,0,0,18|-7.500|17.000|1|3.000
2399,39.9833333333333,25,0,0,0,18|-7.500|16.750|1|3.000
2400,40,25,0,0,0,18|-7.000|16.500|1|3.000
2401,40.0166666666667,25,0,0,0,18|-7.000|16.250|1|3.000
2402,40.0333333333333,25,0,0,0,18|-7.000|16.000|1|3.000
2403,40.05,25,0,0,0,18|-7.000|15.750|1|3.000
2404,40.0666666666667,25,0,0,0,18|-7.000|15.500|1|3.000
2405,40.0833333333333,25,0,0,0,18|-7.000|15.250|1|3.000
2406,40.1,25,0,0,0,18|-7.000|15.000|1|3.000
2407,40.1166666666667,25,0,0,0,18|-7.000|14.750|1|3.000
2408,40.1333333333333,25,0,0,0,18|-6.500|14.500|1|3.000
2409,40.15,25,0,0,0,18|-6.500|14.250|1|3.000
2410,40.1666666666667,25,0,0,0,18|-6.500|14.000|1|3.000
2411,40.1833333333333,25,0,0,0,18|-6.000|13.750|1|3.000
2412,40.2,25,0,0,0,18|-5.500|13.500|1|3.000
2413,40.2166666666667,25,0,0,0,18|-5.500|13.250|1|3.000
2414,40.2333333333333,25,0,0,0,18|-5.500|13.000|1|3.000
2415,40.25,25,0,0,0,18|-5.500|12.750|1|3.000
2416,40.2666666666667,25,0,0,0,18|-5.000|12.500|1|3.000
2417,40.2833333333333,25,0,0,0,18|-5.000|12.250|1|3.000
2418,40.3,25,0,0,0,18|-5.000|12.000|1|3.000
2419,40.3166666666667,25,0,0,0,18|-5.000|11.750|1|3.000
2420,40.3333333333333,25,0,0,0,18|-5.000|11.500|1|3.000
2421,40.35,25,0,0,0,18|-4.500|11.250|1|3.000
2422,40.3666666666667,25,0,0,0,18|-4.500|11.000|1|3.000
2423,40.3833333333333,25,0,0,0,18|-4.500|10.750|1|3.000
2424,40.4,25,0,0,0,18|-4.500|10.500|1|3.000
2425,40.4166666666667,25,0,0,0,18|-4.500|10.250|1|3.000
2426,40.4333333333333,25,0,0,0,18|-4.500|10.000|1|3.000
2427,40.45,25,0,0,0,18|-4.500|9.750|1|3.000
2428,40.4666666666667,25,0,0,0,18|-4.500|9.500|1|3.000
2429,40.4833333333333,25,0,0,0,18|-4.500|9.250|1|3.000
2430,40.5,25,0,0,0,18|-4.500|9.000|1|3.000
2431,40.5166666666667,25,0,0,0,18|-4.500|8.750|1|3.000
2432,40.5333333333333,25,0,0,0,18|-4.500|8.500|1|3.000
2433,40.55,25,0,0,0,18|-4.500|8.250|1|3.000
2434,40.5666666666667,25,0,0,0,18|-4.500|8.000|1|3.000
2435,40.5833333333333,25,0,0,0,18|-4.500|7.750|1|3.000
2436,40.6,25,0,0,0,18|-4.500|7.500|1|3.000
2437,40.6166666666667,25,0,0,0,18|-4.500|7.250|1|3.000
2438,40.6333333333333,25,0,0,0,18|-4.500|7.000|1|3.000
2439,40.65,25,0,0,0,18|-4.000|6.750|1|3.000
2440,40.6666666666667,25,0,0,0,18|-4.000|6.500|1|3.000
2441,40.6833333333333,25,0,0,0,18|-4.000|6.250|1|3.000
2442,40.7,25,0,0,0,18|-4.000|6.000|1|3.000
2443,40.7166666666667,25,0,0,0,18|-3.500|5.750|1|3.000
2444,40.7333333333333,25,0,0,0,18|-3.500|5.500|1|3.000
2445,40.75,25,0,0,0,18|-3.000|5.250|1|3.000
2446,40.7666666666667,25,0,0,0,18|-2.500|5.000|1|3.000
2447,40.7833333333333,25,0,0,0,18|-2.500|4.750|1|3.000
2448,40.8,25,0,0,0,18|-2.500|4.500|1|3.000
2449,40.8166666666667,25,0,0,0,18|-2.000|4.250|1|3.000
2450,40.8333333333333,25,0,0,0,18|-2.000|4.000|1|3.000
2451,40.85,25,0,0,0,18|-1.500|3.750|1|3.000
2452,40.8666666666667,25,0,0,0,18|-1.500|3.500|1|3.000
2453,40.8833333333333,25,0,0,0,18|-1.500|3.250|1|3.000
2454,40.9,25,0,0,0,18|-1.500|3.000|1|3.000
2455,40.9166666666667,25,0,0,0,18|-1.500|2.750|1|3.000
2456,40.9333333333333,25,0,0,0,18|-1.000|2.500|1|3.000
2457,40.95,25,0,0,0,18|-1.000|2.250|1|3.000
2458,40.9666666666667,25,0,0,0,18|-1.000|2.000|1|3.000
2459,40.9833333333333,25,0,0,0,18|-1.000|1.750|1|3.000
2460,41,25,0,0,0,18|-1.000|1.500|1|3.000
2461,41.0166666666667,25,0,0,0,18|-1.000|1.250|1|3.000
2462,41.0333333333333,25,0,0,0,18|-0.500|1.000|1|3.000
2463,41.05,25,0,0,0,18|-0.500|0.750|1|3.000
2464,41.0666666666667,25,0,0,0,18|-0.500|0.500|1|3.000
2465,41.0833333333333,25,0,0,0,18|-0.500|0.250|1|3.000
2466,41.1,25,1,1.5,4,18|0.000|0.000|1|3.000
2467,41.1166666666667,0,0,0,0,
2468,41.1333333333333,0,0,0,0,
2469,41.15,0,0,0,0,
2470,41.1666666666667,0,0,0,0,
2471,41.1833333333333,0,0,0,0,
2472,41.2,0,0,0,0,
2473,41.2166666666667,0,0,0,0,
2474,41.2333333333333,0,0,0,0,
2475,41.25,0,0,0,0,
2476,41.2666666666667,0,0,0,0,
2477,41.2833333333333,0,0,0,0,
2478,41.3,0,0,0,0,
2479,41.3166666666667,0,0,0,0,
2480,41.3333333333333,0,0,0,0,
2481,41.35,0,0,0,0,
2482,41.3666666666667,0,0,0,0,
2483,41.3833333333333,0,0,0,0,
2484,41.4,0,0,0,0,
2485,41.4166666666667,25,0,0,0,19|12.000|29.750|1|3.000
2486,41.4333333333333,25,0,0,0,19|11.800|29.500|1|3.000
2487,41.45,25,0,0,0,19|11.600|29.250|1|3.000
2488,41.4666666666667,25,0,0,0,19|11.400|29.000|1|3.000
2489,41.4833333333333,25,0,0,0,19|11.400|28.750|1|3.000
2490,41.5,25,0,0,0,19|11.400|28.500|1|3.000
2491,41.5166666666667,25,0,0,0,19|11.400|28.250|1|3.000
2492,41.5333333333333,25,0,0,0,19|11.400|28.000|1|3.000
2493,41.55,25,0,0,0,19|11.400|27.750|1|3.000
2494,41.5666666666667,25,0,0,0,19|11.400|27.500|1|3.000
2495,41.5833333333333,25,0,0,0,19|11.200|27.250|1|3.000
2496,41.6,25,0,0,0,19|11.200|27.000|1|3.000
2497,41.6166666666667,25,0,0,0,19|11.200|26.750|1|3.000
2498,41.6333333333333,25,0,0,0,19|11.000|26.500|1|3.000
2499,41.65,25,0,0,0,19|11.000|26.250|1|3.000
2500,41.6666666666667,25,0,0,0,19|10.800|26.000|1|3.000
2501,41.6833333333333,25,0,0,0,19|10.600|25.750|1|3.000
2502,41.7,25,0,0,0,19|10.400|25.500|1|3.000
2503,41.7166666666667,25,0,0,0,19|10.200|25.250|1|3.000
2504,41.7333333333333,25,0,0,0,19|10.200|25.000|1|3.000
2505,41.75,25,0,0,0,19|10.000|24.750|1|3.000
2506,41.7666666666667,25,0,0,0,19|9.800|24.500|1|3.000
2507,41.7833333333333,25,0,0,0,19|9.600|24.250|1|3.000
2508,41.8,25,0,0,0,19|9.400|24.000|1|3.000
2509,41.8166666666667,25,0,0,0,19|9.400|23.750|1|3.000
2510,41.8333333333333,25,0,0,0,19|9.400|23.500|1|3.000
2511,41.85,25,0,0,0,19|9.200|23.250|1|3.000
2512,41.8666666666667,25,0,0,0,19|9.000|23.000|1|3.000
2513,41.8833333333333,25,0,0,0,19|9.000|22.750|1|3.000
2514,41.9,25,0,0,0,19|9.000|22.500|1|3.000
2515,41.9166666666667,25,0,0,0,19|9.000|22.250|1|3.000
2516,41.9333333333333,25,0,0,0,19|8.800|22.000|1|3.000
2517,41.95,25,0,0,0,19|8.800|21.750|1|3.000
2518,41.9666666666667,25,0,0,0,19|8.800|21.500|1|3.000
2519,41.9833333333333,25,0,0,0,19|8.600|21.250|1|3.000
2520,42,25,0,0,0,19|8.400|21.000|1|3.000
2521,42.0166666666667,25,0,0,0,19|8.400|20.750|1|3.000
2522,42.0333333333333,25,0,0,0,19|8.200|20.500|1|3.000
2523,42.05,25,0,0,0,19|8.000|20.250|1|3.000
2524,42.0666666666667,25,0,0,0,19|8.000|20.000|1|3.000
2525,42.0833333333333,25,0,0,0,19|8.000|19.750|1|3.000
2526,42.1,25,0,0,0,19|8.000|19.500|1|3.000
2527,42.1166666666667,25,0,0,0,19|8.000|19.250|1|3.000
2528,42.1333333333333,25,0,0,0,19|8.000|19.000|1|3.000
2529,42.15,25,0,0,0,19|7.800|18.750|1|3.000
2530,42.1666666666667,25,0,0,0,19|7.600|18.500|1|3.000
2531,42.1833333333333,25,0,0,0,19|7.400|18.250|1|3.000
2532,42.2,25,0,0,0,19|7.200|18.000|1|3.000
2533,42.2166666666667,25,0,0,0,19|7.200|17.750|1|3.000
2534,42.2333333333333,25,0,0,0,19|7.000|17.500|1|3.000
2535,42.25,25,0,0,0,19|6.800|17.250|1|3.000
2536,42.2666666666667,25,0,0,0,19|6.600|17.000|1|3.000
2537,42.2833333333333,25,0,0,0,19|6.600|16.750|1|3.000
2538,42.3,25,0,0,0,19|6.600|16.500|1|3.000
2539,42.3166666666667,25,0,0,0,19|6.600|16.250|1|3.000
2540,42.3333333333333,25,0,0,0,19|6.600|16.000|1|3.000
2541,42.35,25,0,0,0,19|6.600|15.750|1|3.000
2542,42.3666666666667,25,0,0,0,19|6.600|15.500|1|3.000
2543,42.3833333333333,25,0,0,0,19|6.400|15.250|1|3.000
2544,42.4,25,0,0,0,19|6.400|15.000|1|3.000
2545,42.4166666666667,25,0,0,0,19|6.200|14.750|1|3.000
2546,42.4333333333333,25,0,0,0,19|6.000|14.500|1|3.000
2547,42.45,25,0,0,0,19|5.800|14.250|1|3.000
2548,42.4666666666667,25,0,0,0,19|5.800|14.000|1|3.000
2549,42.4833333333333,25,0,0,0,19|5.800|13.750|1|3.000
2550,42.5,25,0,0,0,19|5.600|13.500|1|3.000
2551,42.5166666666667,25,0,0,0,19|5.600|13.250|1|3.000
2552,42.5333333333333,25,0,0,0,19|5.600|13.000|1|3.000
2553,42.55,25,0,0,0,19|5.400|12.750|1|3.000
2554,42.5666666666667,25,0,0,0,19|5.200|12.500|1|3.000
2555,42.5833333333333,25,0,0,0,19|5.000|12.250|1|3.000
2556,42.6,25,0,0,0,19|4.800|12.000|1|3.000
2557,42.6166666666667,25,0,0,0,19|4.600|11.750|1|3.000
2558,42.6333333333333,25,0,0,0,19|4.400|11.500|1|3.000
2559,42.65,25,0,0,0,19|4.200|11.250|1|3.000
2560,42.6666666666667,25,0,0,0,19|4.200|11.000|1|3.000
2561,42.6833333333333,25,0,0,0,19|4.000|10.750|1|3.000
2562,42.7,25,0,0,0,19|3.800|10.500|1|3.000
2563,42.7166666666667,25,0,0,0,19|3.600|10.250|1|3.000
2564,42.7333333333333,25,0,0,0,19|3.400|10.000|1|3.000
2565,42.75,25,0,0,0,19|3.200|9.750|1|3.000
2566,42.7666666666667,25,0,0,0,19|3.000|9.500|1|3.000
2567,42.7833333333333,25,0,0,0,19|3.000|9.250|1|3.000
2568,42.8,25,0,0,0,19|2.800|9.000|1|3.000
2569,42.8166666666667,25,0,0,0,19|2.800|8.750|1|3.000
2570,42.8333333333333,25,0,0,0,19|2.600|8.500|1|3.000
2571,42.85,25,0,0,0,19|2.400|8.250|1|3.000
2572,42.8666666666667,25,0,0,0,19|2.400|8.000|1|3.000
2573,42.8833333333333,25,0,0,0,19|2.200|7.750|1|3.000
2574,42.9,25,0,0,0,19|2.000|7.500|1|3.000
2575,42.9166666666667,25,0,0,0,19|2.000|7.250|1|3.000
2576,42.9333333333333,25,0,0,0,19|1.800|7.000|1|3.000
2577,42.95,25,0,0,0,19|1.800|6.750|1|3.000
2578,42.9666666666667,25,0,0,0,19|1.800|6.500|1|3.000
2579,42.9833333333333,25,0,0,0,19|1.800|6.250|1|3.000
2580,43,25,0,0,0,19|1.800|6.000|1|3.000
2581,43.0166666666667,25,0,0,0,19|1.800|5.750|1|3.000
2582,43.0333333333333,25,0,0,0,19|1.800|5.500|1|3.000
2583,43.05,25,0,0,0,19|1.800|5.250|1|3.000
2584,43.0666666666667,25,0,0,0,19|1.800|5.000|1|3.000
2585,43.0833333333333,25,0,0,0,19|1.600|4.750|1|3.000
2586,43.1,25,0,0,0,19|1.400|4.500|1|3.000
2587,43.1166666666667,25,0,0,0,19|1.400|4.250|1|3.000
2588,43.1333333333333,25,0,0,0,19|1.200|4.000|1|3.000
2589,43.15,25,0,0,0,19|1.000|3.750|1|3.000
2590,43.1666666666667,25,0,0,0,19|0.800|3.500|1|3.000
2591,43.1833333333333,25,0,0,0,19|0.800|3.250|1|3.000
2592,43.2,25,0,0,0,19|0.800|3.000|1|3.000
2593,43.2166666666667,25,0,0,0,19|0.800|2.750|1|3.000
2594,43.2333333333333,25,0,0,0,19|0.800|2.500|1|3.000
2595,43.25,25,0,0,0,19|0.800|2.250|1|3.000
2596,43.2666666666667,25,0,0,0,19|0.600|2.000|1|3.000
2597,43.2833333333333,25,0,0,0,19|0.600|1.750|1|3.000
2598,43.3,25,0,0,0,19|0.400|1.500|1|3.000
2599,43.3166666666667,25,0,0,0,19|0.400|1.250|1|3.000
2600,43.3333333333333,25,0,0,0,19|0.400|1.000|1|3.000
2601,43.35,25,0,0,0,19|0.400|0.750|1|3.000
2602,43.3666666666667,25,0,0,0,19|0.200|0.500|1|3.000
2603,43.3833333333333,25,0,0,0,19|0.200|0.250|1|3.000
2604,43.4,25,1,1.5,3,19|0.000|0.000|1|3.000
2605,43.4166666666667,0,0,0,0,
2606,43.4333333333333,0,0,0,0,
2607,43.45,0,0,0,0,
2608,43.4666666666667,0,0,0,0,
2609,43.4833333333333,0,0,0,0,
2610,43.5,0,0,0,0,
2611,43.5166666666667,0,0,0,0,
2612,43.5333333333333,0,0,0,0,
2613,43.55,0,0,0,0,
2614,43.5666666666667,0,0,0,0,
2615,43.5833333333333,0,0,0,0,
2616,43.6,0,0,0,0,
2617,43.6166666666667,0,0,0,0,
2618,43.6333333333333,0,0,0,0,
2619,43.65,0,0,0,0,
2620,43.6666666666667,0,0,0,0,
2621,43.6833333333333,0,0,0,0,
2622,43.7,0,0,0,0,
2623,43.7166666666667,25,0,0,0,20|12.000|29.750|1|3.000
2624,43.7333333333333,25,0,0,0,20|12.000|29.500|1|3.000
2625,43.75,25,0,0,0,20|12.000|29.250|1|3.000
2626,43.7666666666667,25,0,0,0,20|12.000|29.000|1|3.000
2627,43.7833333333333,25,0,0,0,20|12.000|28.750|1|3.000
2628,43.8,25,0,0,0,20|12.000|28.500|1|3.000
2629,43.8166666666667,25,0,0,0,20|12.000|28.250|1|3.000
2630,43.8333333333333,25,0,0,0,20|12.000|28.000|1|3.000
2631,43.85,25,0,0,0,20|12.000|27.750|1|3.000
2632,43.8666666666667,25,0,0,0,20|12.000|27.500|1|3.000
2633,43.8833333333333,25,0,0,0,20|12.000|27.250|1|3.000
2634,43.9,25,0,0,0,20|12.000|27.000|1|3.000
2635,43.9166666666667,25,0,0,0,20|12.000|26.750|1|3.000
2636,43.9333333333333,25,0,0,0,20|12.000|26.500|1|3.000
2637,43.95,25,0,0,0,20|12.000|26.250|1|3.000
2638,43.9666666666667,25,0,0,0,20|12.000|26.000|1|3.000
2639,43.9833333333333,25,0,0,0,20|12.000|25.750|1|3.000
2640,44,25,0,0,0,20|12.000|25.500|1|3.000
2641,44.0166666666667,25,0,0,0,20|12.000|25.250|1|3.000
2642,44.0333333333333,25,0,0,0,20|12.000|25.000|1|3.000
2643,44.05,25,0,0,0,20|12.000|24.750|1|3.000
2644,44.0666666666667,25,0,0,0,20|12.000|24.500|1|3.000
2645,44.0833333333333,25,0,0,0,20|12.000|24.250|1|3.000
2646,44.1,25,0,0,0,20|12.000|24.000|1|3.000
2647,44.1166666666667,25,0,0,0,20|12.000|23.750|1|3.000
2648,44.1333333333333,25,0,0,0,20|12.000|23.500|1|3.000
2649,44.15,25,0,0,0,20|12.000|23.250|1|3.000
2650,44.1666666666667,25,0,0,0,20|12.000|23.000|1|3.000
2651,44.1833333333333,25,0,0,0,20|12.000|22.750|1|3.000
2652,44.2,25,0,0,0,20|12.000|22.500|1|3.000
2653,44.2166666666667,25,0,0,0,20|12.000|22.250|1|3.000
2654,44.2333333333333,25,0,0,0,20|12.000|22.000|1|3.000
2655,44.25,25,0,0,0,20|12.000|21.750|1|3.000
2656,44.2666666666667,25,0,0,0,20|12.000|21.500|1|3.000
2657,44.2833333333333,25,0,0,0,20|12.000|21.250|1|3.000
2658,44.3,25,0,0,0,20|12.000|21.000|1|3.000
2659,44.3166666666667,25,0,0,0,20|12.000|20.750|1|3.000
2660,44.3333333333333,25,0,0,0,20|12.000|20.500|1|3.000
2661,44.35,25,0,0,0,20|12.000|20.250|1|3.000
2662,44.3666666666667,25,0,0,0,20|12.000|20.000|1|3.000
2663,44.3833333333333,25,0,0,0,20|12.000|19.750|1|3.000
2664,44.4,25,0,0,0,20|12.000|19.500|1|3.000
2665,44.4166666666667,25,0,0,0,20|12.000|19.250|1|3.000
2666,44.4333333333333,25,0,0,0,20|12.000|19.000|1|3.000
2667,44.45,25,0,0,0,20|12.000|18.750|1|3.000
2668,44.4666666666667,25,0,0,0,20|12.000|18.500|1|3.000
2669,44.4833333333333,25,0,0,0,20|12.000|18.250|1|3.000
2670,44.5,25,0,0,0,20|12.000|18.000|1|3.000
2671,44.5166666666667,25,0,0,0,20|12.000|17.750|1|3.000
2672,44.5333333333333,25,0,0,0,20|12.000|17.500|1|3.000
2673,44.55,25,0,0,0,20|12.000|17.250|1|3.000
2674,44.5666666666667,25,0,0,0,20|12.000|17.000|1|3.000
2675,44.5833333333333,25,0,0,0,20|12.000|16.750|1|3.000
2676,44.6,25,0,0,0,20|12.000|16.500|1|3.000
2677,44.6166666666667,25,0,0,0,20|12.000|16.250|1|3.000
2678,44.6333333333333,25,0,0,0,20|12.000|16.000|1|3.000
2679,44.65,25,0,0,0,20|12.000|15.750|1|3.000
2680,44.6666666666667,25,0,0,0,20|12.000|15.500|1|3.000
2681,44.6833333333333,25,0,0,0,20|12.000|15.250|1|3.000
2682,44.7,25,0,0,0,20|12.000|15.000|1|3.000
2683,44.7166666666667,25,0,0,0,20|12.000|14.750|1|3.000
2684,44.7333333333333,25,0,0,0,20|12.000|14.500|1|3.000
2685,44.75,25,0,0,0,20|12.000|14.250|1|3.000
2686,44.7666666666667,25,0,0,0,20|12.000|14.000|1|3.000
2687,44.7833333333333,25,0,0,0,20|12.000|13.750|1|3.000
2688,44.8,25,0,0,0,20|12.000|13.500|1|3.000
2689,44.8166666666667,25,0,0,0,20|12.000|13.250|1|3.000
2690,44.8333333333333,25,0,0,0,20|12.000|13.000|1|3.000
2691,44.85,25,0,0,0,20|12.000|12.750|1|3.000
2692,44.8666666666667,25,0,0,0,20|12.000|12.500|1|3.000
2693,44.8833333333333,25,0,0,0,20|12.000|12.250|1|3.000
2694,44.9,25,0,0,0,20|12.000|12.000|1|3.000
2695,44.9166666666667,25,0,0,0,20|12.000|11.750|1|3.000
2696,44.9333333333333,25,0,0,0,20|12.000|11.500|1|3.000
2697,44.95,25,0,0,0,20|12.000|11.250|1|3.000
2698,44.9666666666667,25,0,0,0,20|12.000|11.000|1|3.000
2699,44.9833333333333,25,0,0,0,20|12.000|10.750|1|3.000
2700,45,25,0,0,0,20|12.000|10.500|1|3.000
2701,45.0166666666667,25,0,0,0,20|12.000|10.250|1|3.000
2702,45.0333333333333,25,0,0,0,20|12.000|10.000|1|3.000
2703,45.05,25,0,0,0,20|12.000|9.750|1|3.000
2704,45.0666666666667,25,0,0,0,20|12.000|9.500|1|3.000
2705,45.0833333333333,25,0,0,0,20|12.000|9.250|1|3.000
2706,45.1,25,0,0,0,20|12.000|9.000|1|3.000
2707,45.1166666666667,25,0,0,0,20|12.000|8.750|1|3.000
2708,45.1333333333333,25,0,0,0,20|12.000|8.500|1|3.000
2709,45.15,25,0,0,0,20|12.000|8.250|1|3.000
2710,45.1666666666667,25,0,0,0,20|12.000|8.000|1|3.000
2711,45.1833333333333,25,0,0,0,20|12.000|7.750|1|3.000
2712,45.2,25,0,0,0,20|12.000|7.500|1|3.000
2713,45.2166666666667,25,0,0,0,20|12.000|7.250|1|3.000
2714,45.2333333333333,25,0,0,0,20|12.000|7.000|1|3.000
2715,45.25,25,0,0,0,20|12.000|6.750|1|3.000
2716,45.2666666666667,25,0,0,0,20|12.000|6.500|1|3.000
2717,45.2833333333333,25,0,0,0,20|12.000|6.250|1|3.000
2718,45.3,25,0,0,0,20|12.000|6.000|1|3.000
2719,45.3166666666667,25,0,0,0,20|12.000|5.750|1|3.000
2720,45.3333333333333,25,0,0,0,20|12.000|5.500|1|3.000
2721,45.35,25,0,0,0,20|12.000|5.250|1|3.000
2722,45.3666666666667,25,0,0,0,20|12.000|5.000|1|3.000
2723,45.3833333333333,25,0,0,0,20|12.000|4.750|1|3.000
2724,45.4,25,0,0,0,20|12.000|4.500|1|3.000
2725,45.4166666666667,25,0,0,0,20|12.000|4.250|1|3.000
2726,45.4333333333333,25,0,0,0,20|12.000|4.000|1|3.000
2727,45.45,25,0,0,0,20|12.000|3.750|1|3.000
2728,45.4666666666667,25,0,0,0,20|12.000|3.500|1|3.000
2729,45.4833333333333,25,0,0,0,20|12.000|3.250|1|3.000
2730,45.5,25,0,0,0,20|12.000|3.000|1|3.000
2731,45.5166666666667,25,0,0,0,20|12.000|2.750|1|3.000
2732,45.5333333333333,25,0,0,0,20|12.000|2.500|1|3.000
2733,45.55,25,0,0,0,20|12.000|2.250|1|3.000
2734,45.5666666666667,25,0,0,0,20|12.000|2.000|1|3.000
2735,45.5833333333333,25,0,0,0,20|12.000|1.750|1|3.000
2736,45.6,25,0,0,0,20|12.000|1.500|1|3.000
2737,45.6166666666667,25,0,0,0,20|12.000|1.250|1|3.000
2738,45.6333333333333,25,0,0,0,20|12.000|1.000|1|3.000
2739,45.65,25,0,0,0,20|12.000|0.750|1|3.000
2740,45.6666666666667,25,0,0,0,20|12.000|0.500|1|3.000
2741,45.6833333333333,25,0,0,0,20|12.000|0.250|1|3.000
2742,45.7,25,0,1.5,0,20|12.000|0.000|1|3.000
2743,45.7166666666667,0,0,0,0,
2744,45.7333333333333,0,0,0,0,
2745,45.75,0,0,0,0,
2746,45.7666666666667,0,0,0,0,
2747,45.7833333333333,0,0,0,0,
2748,45.8,0,0,0,0,
2749,45.8166666666667,0,0,0,0,
2750,45.8333333333333,0,0,0,0,
2751,45.85,0,0,0,0,
2752,45.8666666666667,0,0,0,0,
2753,45.8833333333333,0,0,0,0,
2754,45.9,0,0,0,0,
2755,45.9166666666667,0,0,0,0,
2756,45.9333333333333,0,0,0,0,
2757,45.95,0,0,0,0,
2758,45.9666666666667,0,0,0,0,
2759,45.9833333333333,0,0,0,0,
2760,46,0,0,0,0,
2761,46.0166666666667,25,0,0,0,21|12.000|29.750|1|3.000
2762,46.0333333333333,25,0,0,0,21|12.000|29.500|1|3.000
2763,46.05,25,0,0,0,21|12.000|29.250|1|3.000
2764,46.0666666666667,25,0,0,0,21|11.000|29.000|1|3.000
2765,46.0833333333333,25,0,0,0,21|11.000|28.750|1|3.000
2766,46.1,25,0,0,0,21|11.000|28.500|1|3.000
2767,46.1166666666667,25,0,0,0,21|10.000|28.250|1|3.000
2768,46.1333333333333,25,0,0,0,21|10.000|28.000|1|3.000
2769,46.15,25,0,0,0,21|10.000|27.750|1|3.000
2770,46.1666666666667,25,0,0,0,21|10.000|27.500|1|3.000
2771,46.1833333333333,25,0,0,0,21|9.000|27.250|1|3.000
2772,46.2,25,0,0,0,21|9.000|27.000|1|3.000
2773,46.2166666666667,25,0,0,0,21|9.000|26.750|1|3.000
2774,46.2333333333333,25,0,0,0,21|8.000|26.500|1|3.000
2775,46.25,25,0,0,0,21|8.000|26.250|1|3.000
2776,46.2666666666667,25,0,0,0,21|8.000|26.000|1|3.000
2777,46.2833333333333,25,0,0,0,21|7.000|25.750|1|3.000
2778,46.3,25,0,0,0,21|7.000|25.500|1|3.000
2779,46.3166666666667,25,0,0,0,21|7.000|25.250|1|3.000
2780,46.3333333333333,25,0,0,0,21|7.000|25.000|1|3.000
2781,46.35,25,0,0,0,21|7.000|24.750|1|3.000
2782,46.3666666666667,25,0,0,0,21|7.000|24.500|1|3.000
2783,46.3833333333333,25,0,0,0,21|7.000|24.250|1|3.000
2784,46.4,25,0,0,0,21|7.000|24.000|1|3.000
2785,46.4166666666667,25,0,0,0,21|7.000|23.750|1|3.000
2786,46.4333333333333,25,0,0,0,21|6.000|23.500|1|3.000
2787,46.45,25,0,0,0,21|6.000|23.250|1|3.000
2788,46.4666666666667,25,0,0,0,21|6.000|23.000|1|3.000
2789,46.4833333333333,25,0,0,0,21|6.000|22.750|1|3.000
2790,46.5,25,0,0,0,21|6.000|22.500|1|3.000
2791,46.5166666666667,25,0,0,0,21|6.000|22.250|1|3.000
2792,46.5333333333333,25,0,0,0,21|6.000|22.000|1|3.000
2793,46.55,25,0,0,0,21|6.000|21.750|1|3.000
2794,46.5666666666667,25,0,0,0,21|6.000|21.500|1|3.000
2795,46.5833333333333,25,0,0,0,21|6.000|21.250|1|3.000
2796,46.6,25,0,0,0,21|6.000|21.000|1|3.000
2797,46.6166666666667,25,0,0,0,21|6.000|20.750|1|3.000
2798,46.6333333333333,25,0,0,0,21|6.000|20.500|1|3.000
2799,46.65,25,0,0,0,21|6.000|20.250|1|3.000
2800,46.6666666666667,25,0,0,0,21|6.000|20.000|1|3.000
2801,46.6833333333333,25,0,0,0,21|6.000|19.750|1|3.000
2802,46.7,25,0,0,0,21|6.000|19.500|1|3.000
2803,46.7166666666667,25,0,0,0,21|6.000|19.250|1|3.000
2804,46.7333333333333,25,0,0,0,21|6.000|19.000|1|3.000
2805,46.75,25,0,0,0,21|6.000|18.750|1|3.000
2806,46.7666666666667,25,0,0,0,21|6.000|18.500|1|3.000
2807,46.7833333333333,25,0,0,0,21|6.000|18.250|1|3.000
2808,46.8,25,0,0,0,21|6.000|18.000|1|3.000
2809,46.8166666666667,25,0,0,0,21|6.000|17.750|1|3.000
2810,46.8333333333333,25,0,0,0,21|6.000|17.500|1|3.000
2811,46.85,25,0,0,0,21|6.000|17.250|1|3.000
2812,46.8666666666667,25,0,0,0,21|6.000|17.000|1|3.000
2813,46.8833333333333,25,0,0,0,21|6.000|16.750|1|3.000
2814,46.9,25,0,0,0,21|6.000|16.500|1|3.000
2815,46.9166666666667,25,0,0,0,21|6.000|16.250|1|3.000
2816,46.9333333333333,25,0,0,0,21|6.000|16.000|1|3.000
2817,46.95,25,0,0,0,21|6.000|15.750|1|3.000
2818,46.9666666666667,25,0,0,0,21|6.000|15.500|1|3.000
2819,46.9833333333333,25,0,0,0,21|6.000|15.250|1|3.000
2820,47,25,0,0,0,21|6.000|15.000|1|3.000
2821,47.0166666666667,25,0,0,0,21|6.000|14.750|1|3.000
2822,47.0333333333333,25,0,0,0,21|6.000|14.500|1|3.000
2823,47.05,25,0,0,0,21|6.000|14.250|1|3.000
2824,47.0666666666667,25,0,0,0,21|6.000|14.000|1|3.000
2825,47.0833333333333,25,0,0,0,21|6.000|13.750|1|3.000
2826,47.1,25,0,0,0,21|6.000|13.500|1|3.000
2827,47.1166666666667,25,0,0,0,21|5.000|13.250|1|3.000
2828,47.1333333333333,25,0,0,0,21|5.000|13.000|1|3.000
2829,47.15,25,0,0,0,21|5.000|12.750|1|3.000
2830,47.1666666666667,25,0,0,0,21|5.000|12.500|1|3.000
2831,47.1833333333333,25,0,0,0,21|5.000|12.250|1|3.000
2832,47.2,25,0,0,0,21|5.000|12.000|1|3.000
2833,47.2166666666667,25,0,0,0,21|5.000|11.750|1|3.000
2834,47.2333333333333,25,0,0,0,21|5.000|11.500|1|3.000
2835,47.25,25,0,0,0,21|5.000|11.250|1|3.000
2836,47.2666666666667,25,0,0,0,21|5.000|11.000|1|3.000
2837,47.2833333333333,25,0,0,0,21|5.000|10.750|1|3.000
2838,47.3,25,0,0,0,21|5.000|10.500|1|3.000
2839,47.3166666666667,25,0,0,0,21|4.000|10.250|1|3.000
2840,47.3333333333333,25,0,0,0,21|4.000|10.000|1|3.000
2841,47.35,25,0,0,0,21|4.000|9.750|1|3.000
2842,47.3666666666667,25,0,0,0,21|4.000|9.500|1|3.000
2843,47.3833333333333,25,0,0,0,21|4.000|9.250|1|3.000
2844,47.4,25,0,0,0,21|4.000|9.000|1|3.000
2845,47.4166666666667,25,0,0,0,21|4.000|8.750|1|3.000
2846,47.4333333333333,25,0,0,0,21|4.000|8.500|1|3.000
2847,47.45,25,0,0,0,21|3.000|8.250|1|3.000
2848,47.4666666666667,25,0,0,0,21|3.000|8.000|1|3.000
2849,47.4833333333333,25,0,0,0,21|3.000|7.750|1|3.000
2850,47.5,25,0,0,0,21|3.000|7.500|1|3.000
2851,47.5166666666667,25,0,0,0,21|3.000|7.250|1|3.000
2852,47.5333333333333,25,0,0,0,21|3.000|7.000|1|3.000
2853,47.55,25,0,0,0,21|3.000|6.750|1|3.000
2854,47.5666666666667,25,0,0,0,21|3.000|6.500|1|3.000
2855,47.5833333333333,25,0,0,0,21|3.000|6.250|1|3.000
2856,47.6,25,0,0,0,21|2.000|6.000|1|3.000
2857,47.6166666666667,25,0,0,0,21|2.000|5.750|1|3.000
2858,47.6333333333333,25,0,0,0,21|1.000|5.500|1|3.000
2859,47.65,25,0,0,0,21|1.000|5.250|1|3.000
2860,47.6666666666667,25,0,0,0,21|1.000|5.000|1|3.000
2861,47.6833333333333,25,0,0,0,21|1.000|4.750|1|3.000
2862,47.7,25,0,0,0,21|1.000|4.500|1|3.000
2863,47.7166666666667,25,0,0,0,21|1.000|4.250|1|3.000
2864,47.7333333333333,25,0,0,0,21|1.000|4.000|1|3.000
2865,47.75,25,0,0,0,21|1.000|3.750|1|3.000
2866,47.7666666666667,25,0,0,0,21|0.000|3.500|1|3.000
2867,47.7833333333333,25,0,0,0,21|0.000|3.250|1|3.000
2868,47.8,25,0,0,0,21|0.000|3.000|1|3.000
2869,47.8166666666667,25,0,0,0,21|0.000|2.750|1|3.000
2870,47.8333333333333,25,0,0,0,21|0.000|2.500|1|3.000
2871,47.85,25,0,0,0,21|0.000|2.250|1|3.000
2872,47.8666666666667,25,0,0,0,21|0.000|2.000|1|3.000
2873,47.8833333333333,25,0,0,0,21|0.000|1.750|1|3.000
2874,47.9,25,0,0,0,21|0.000|1.500|1|3.000
2875,47.9166666666667,25,0,0,0,21|0.000|1.250|1|3.000
2876,47.9333333333333,25,0,0,0,21|0.000|1.000|1|3.000
2877,47.95,25,0,0,0,21|0.000|0.750|1|3.000
2878,47.9666666666667,25,0,0,0,21|0.000|0.500|1|3.000
2879,47.9833333333333,25,0,0,0,21|0.000|0.250|1|3.000
2880,48,25,1,1.5,3,21|0.000|0.000|1|3.000
2881,48.0166666666667,0,0,0,0,
2882,48.0333333333333,0,0,0,0,
2883,48.05,0,0,0,0,
2884,48.0666666666667,0,0,0,0,
2885,48.0833333333333,0,0,0,0,
2886,48.1,0,0,0,0,
2887,48.1166666666667,0,0,0,0,
2888,48.1333333333333,0,0,0,0,
2889,48.15,0,0,0,0,
2890,48.1666666666667,0,0,0,0,
2891,48.1833333333333,0,0,0,0,
2892,48.2,0,0,0,0,
2893,48.2166666666667,0,0,0,0,
2894,48.2333333333333,0,0,0,0,
2895,48.25,0,0,0,0,
2896,48.2666666666667,0,0,0,0,
2897,48.2833333333333,0,0,0,0,
2898,48.3,0,0,0,0,
2899,48.3166666666667,25,0,0,0,22|-12.000|29.750|1|1.500
2900,48.3333333333333,25,0,0,0,22|-12.000|29.500|1|1.500
2901,48.35,25,0,0,0,22|-12.000|29.250|1|1.500
2902,48.3666666666667,25,0,0,0,22|-12.000|29.000|1|1.500
2903,48.3833333333333,25,0,0,0,22|-12.000|28.750|1|1.500
2904,48.4,25,0,0,0,22|-12.000|28.500|1|1.500
2905,48.4166666666667,25,0,0,0,22|-12.000|28.250|1|1.500
2906,48.4333333333333,25,0,0,0,22|-12.000|28.000|1|1.500
2907,48.45,25,0,0,0,22|-12.000|27.750|1|1.500
2908,48.4666666666667,25,0,0,0,22|-12.000|27.500|1|1.500
2909,48.4833333333333,25,0,0,0,22|-12.000|27.250|1|1.500
2910,48.5,25,0,0,0,22|-12.000|27.000|1|1.500
2911,48.5166666666667,25,0,0,0,22|-12.000|26.750|1|1.500
2912,48.5333333333333,25,0,0,0,22|-12.000|26.500|1|1.500
2913,48.55,25,0,0,0,22|-12.000|26.250|1|1.500
2914,48.5666666666667,25,0,0,0,22|-12.000|26.000|1|1.500
2915,48.5833333333333,25,0,0,0,22|-12.000|25.750|1|1.500
2916,48.6,25,0,0,0,22|-12.000|25.500|1|1.500
2917,48.6166666666667,25,0,0,0,22|-12.000|25.250|1|1.500
2918,48.6333333333333,25,0,0,0,22|-12.000|25.000|1|1.500
2919,48.65,25,0,0,0,22|-12.000|24.750|1|1.500
2920,48.6666666666667,25,0,0,0,22|-12.000|24.500|1|1.500
2921,48.6833333333333,25,0,0,0,22|-12.000|24.250|1|1.500
2922,48.7,25,0,0,0,22|-12.000|24.000|1|1.500
2923,48.7166666666667,25,0,0,0,22|-12.000|23.750|1|1.500
2924,48.7333333333333,25,0,0,0,22|-12.000|23.500|1|1.500
2925,48.75,25,0,0,0,22|-12.000|23.250|1|1.500
2926,48.7666666666667,25,0,0,0,22|-12.000|23.000|1|1.500
2927,48.7833333333333,25,0,0,0,22|-12.000|22.750|1|1.500
2928,48.8,25,0,0,0,22|-12.000|22.500|1|1.500
2929,48.8166666666667,25,0,0,0,22|-12.000|22.250|1|1.500
2930,48.8333333333333,25,0,0,0,22|-12.000|22.000|1|1.500
2931,48.85,25,0,0,0,22|-12.000|21.750|1|1.500
2932,48.8666666666667,25,0,0,0,22|-12.000|21.500|1|1.500
2933,48.8833333333333,25,0,0,0,22|-12.000|21.250|1|1.500
2934,48.9,25,0,0,0,22|-12.000|21.000|1|1.500
2935,48.9166666666667,25,0,0,0,22|-12.000|20.750|1|1.500
2936,48.9333333333333,25,0,0,0,22|-12.000|20.500|1|1.500
2937,48.95,25,0,0,0,22|-12.000|20.250|1|1.500
2938,48.9666666666667,25,0,0,0,22|-12.000|20.000|1|1.500
2939,48.9833333333333,25,0,0,0,22|-12.000|19.750|1|1.500
2940,49,25,0,0,0,22|-12.000|19.500|1|1.500
2941,49.0166666666667,25,0,0,0,22|-12.000|19.250|1|1.500
2942,49.0333333333333,25,0,0,0,22|-12.000|19.000|1|1.500
2943,49.05,25,0,0,0,22|-12.000|18.750|1|1.500
2944,49.0666666666667,25,0,0,0,22|-12.000|18.500|1|1.500
2945,49.0833333333333,25,0,0,0,22|-12.000|18.250|1|1.500
2946,49.1,25,0,0,0,22|-12.000|18.000|1|1.500
2947,49.1166666666667,25,0,0,0,22|-12.000|17.750|1|1.500
2948,49.1333333333333,25,0,0,0,22|-12.000|17.500|1|1.500
2949,49.15,25,0,0,0,22|-12.000|17.250|1|1.500
2950,49.1666666666667,25,0,0,0,22|-12.000|17.000|1|1.500
2951,49.1833333333333,25,0,0,0,22|-12.000|16.750|1|1.500
2952,49.2,25,0,0,0,22|-12.000|16.500|1|1.500
2953,49.2166666666667,25,0,0,0,22|-12.000|16.250|1|1.500
2954,49.2333333333333,25,0,0,0,22|-12.000|16.000|1|1.500
2955,49.25,25,0,0,0,22|-12.000|15.750|1|1.500
2956,49.2666666666667,25,0,0,0,22|-12.000|15.500|1|1.500
2957,49.2833333333333,25,0,0,0,22|-12.000|15.250|1|1.500
2958,49.3,25,0,0,0,22|-12.000|15.000|1|1.500
2959,49.3166666666667,25,0,0,0,22|-12.000|14.750|1|1.500
2960,49.3333333333333,25,0,0,0,22|-12.000|14.500|1|1.500
2961,49.35,25,0,0,0,22|-12.000|14.250|1|1.500
2962,49.3666666666667,25,0,0,0,22|-12.000|14.000|1|1.500
2963,49.3833333333333,25,0,0,0,22|-12.000|13.750|1|1.500
2964,49.4,25,0,0,0,22|-12.000|13.500|1|1.500
2965,49.4166666666667,25,0,0,0,22|-12.000|13.250|1|1.500
2966,49.4333333333333,25,0,0,0,22|-12.000|13.000|1|1.500
2967,49.45,25,0,0,0,22|-12.000|12.750|1|1.500
2968,49.4666666666667,25,0,0,0,22|-12.000|12.500|1|1.500
2969,49.4833333333333,25,0,0,0,22|-12.000|12.250|1|1.500
2970,49.5,25,0,0,0,22|-12.000|12.000|1|1.500
2971,49.5166666666667,25,0,0,0,22|-12.000|11.750|1|1.500
2972,49.5333333333333,25,0,0,0,22|-12.000|11.500|1|1.500
2973,49.55,25,0,0,0,22|-12.000|11.250|1|1.500
2974,49.5666666666667,25,0,0,0,22|-12.000|11.000|1|1.500
2975,49.5833333333333,25,0,0,0,22|-12.000|10.750|1|1.500
2976,49.6,25,0,0,0,22|-12.000|10.500|1|1.500
2977,49.6166666666667,25,0,0,0,22|-12.000|10.250|1|1.500
2978,49.6333333333333,25,0,0,0,22|-12.000|10.000|1|1.500
2979,49.65,25,0,0,0,22|-12.000|9.750|1|1.500
2980,49.6666666666667,25,0,0,0,22|-12.000|9.500|1|1.500
2981,49.6833333333333,25,0,0,0,22|-12.000|9.250|1|1.500
2982,49.7,25,0,0,0,22|-12.000|9.000|1|1.500
2983,49.7166666666667,25,0,0,0,22|-12.000|8.750|1|1.500
2984,49.7333333333333,25,0,0,0,22|-12.000|8.500|1|1.500
2985,49.75,25,0,0,0,22|-12.000|8.250|1|1.500
2986,49.7666666666667,25,0,0,0,22|-12.000|8.000|1|1.500
2987,49.7833333333333,25,0,0,0,22|-12.000|7.750|1|1.500
2988,49.8,25,0,0,0,22|-12.000|7.500|1|1.500
2989,49.8166666666667,25,0,0,0,22|-12.000|7.250|1|1.500
2990,49.8333333333333,25,0,0,0,22|-12.000|7.000|1|1.500
2991,49.85,25,0,0,0,22|-12.000|6.750|1|1.500
2992,49.8666666666667,25,0,0,0,22|-12.000|6.500|1|1.500
2993,49.8833333333333,25,0,0,0,22|-12.000|6.250|1|1.500
2994,49.9,25,0,0,0,22|-12.000|6.000|1|1.500
2995,49.9166666666667,25,0,0,0,22|-12.000|5.750|1|1.500
2996,49.9333333333333,25,0,0,0,22|-12.000|5.500|1|1.500
2997,49.95,25,0,0,0,22|-12.000|5.250|1|1.500
2998,49.9666666666667,25,0,0,0,22|-12.000|5.000|1|1.500
2999,49.9833333333333,25,0,0,0,22|-12.000|4.750|1|1.500
3000,50,25,0,0,0,22|-12.000|4.500|1|1.500
3001,50.0166666666667,25,0,0,0,22|-12.000|4.250|1|1.500
3002,50.0333333333333,25,0,0,0,22|-12.000|4.000|1|1.500
3003,50.05,25,0,0,0,22|-12.000|3.750|1|1.500
3004,50.0666666666667,25,0,0,0,22|-12.000|3.500|1|1.500
3005,50.0833333333333,25,0,0,0,22|-12.000|3.250|1|1.500
3006,50.1,25,0,0,0,22|-12.000|3.000|1|1.500
3007,50.1166666666667,25,0,0,0,22|-12.000|2.750|1|1.500
3008,50.1333333333333,25,0,0,0,22|-12.000|2.500|1|1.500
3009,50.15,25,0,0,0,22|-12.000|2.250|1|1.500
3010,50.1666666666667,25,0,0,0,22|-12.000|2.000|1|1.500
3011,50.1833333333333,25,0,0,0,22|-12.000|1.750|1|1.500
3012,50.2,25,0,0,0,22|-12.000|1.500|1|1.500
3013,50.2166666666667,25,0,0,0,22|-12.000|1.250|1|1.500
3014,50.2333333333333,25,0,0,0,22|-12.000|1.000|1|1.500
3015,50.25,25,0,0,0,22|-12.000|0.750|1|1.500
3016,50.2666666666667,25,0,0,0,22|-12.000|0.500|1|1.500
3017,50.2833333333333,25,0,0,0,22|-12.000|0.250|1|1.500
3018,50.3,25,0,1.5,0,22|-12.000|0.000|1|1.500
3019,50.3166666666667,0,0,0,0,
3020,50.3333333333333,0,0,0,0,
3021,50.35,0,0,0,0,
3022,50.3666666666667,0,0,0,0,
3023,50.3833333333333,0,0,0,0,
3024,50.4,0,0,0,0,
3025,50.4166666666667,0,0,0,0,
3026,50.4333333333333,0,0,0,0,
3027,50.45,0,0,0,0,
3028,50.4666666666667,0,0,0,0,
3029,50.4833333333333,0,0,0,0,
3030,50.5,0,0,0,0,
3031,50.5166666666667,0,0,0,0,
3032,50.5333333333333,0,0,0,0,
3033,50.55,0,0,0,0,
3034,50.5666666666667,0,0,0,0,
3035,50.5833333333333,0,0,0,0,
3036,50.6,0,0,0,0,
3037,50.6166666666667,25,0,0,0,23|9.000|29.750|1|1.500
3038,50.6333333333333,25,0,0,0,23|9.000|29.500|1|1.500
3039,50.65,25,0,0,0,23|9.000|29.250|1|1.500
3040,50.6666666666667,25,0,0,0,23|9.000|29.000|1|1.500
3041,50.6833333333333,25,0,0,0,23|9.000|28.750|1|1.500
3042,50.7,25,0,0,0,23|9.000|28.500|1|1.500
3043,50.7166666666667,25,0,0,0,23|9.000|28.250|1|1.500
3044,50.7333333333333,25,0,0,0,23|9.000|28.000|1|1.500
3045,50.75,25,0,0,0,23|9.000|27.750|1|1.500
3046,50.7666666666667,25,0,0,0,23|9.000|27.500|1|1.500
3047,50.7833333333333,25,0,0,0,23|9.000|27.250|1|1.500
3048,50.8,25,0,0,0,23|9.000|27.000|1|1.500
3049,50.8166666666667,25,0,0,0,23|9.000|26.750|1|1.500
3050,50.8333333333333,25,0,0,0,23|9.000|26.500|1|1.500
3051,50.85,25,0,0,0,23|9.000|26.250|1|1.500
3052,50.8666666666667,25,0,0,0,23|9.000|26.000|1|1.500
3053,50.8833333333333,25,0,0,0,23|9.000|25.750|1|1.500
3054,50.9,25,0,0,0,23|9.000|25.500|1|1.500
3055,50.9166666666667,25,0,0,0,23|9.000|25.250|1|1.500
3056,50.9333333333333,25,0,0,0,23|9.000|25.000|1|1.500
3057,50.95,25,0,0,0,23|9.000|24.750|1|1.500
3058,50.9666666666667,25,0,0,0,23|9.000|24.500|1|1.500
3059,50.9833333333333,25,0,0,0,23|9.000|24.250|1|1.500
3060,51,25,0,0,0,23|9.000|24.000|1|1.500
3061,51.0166666666667,25,0,0,0,23|9.000|23.750|1|1.500
3062,51.0333333333333,25,0,0,0,23|9.000|23.500|1|1.500
3063,51.05,25,0,0,0,23|9.000|23.250|1|1.500
3064,51.0666666666667,25,0,0,0,23|9.000|23.000|1|1.500
3065,51.0833333333333,25,0,0,0,23|9.000|22.750|1|1.500
3066,51.1,25,0,0,0,23|9.000|22.500|1|1.500
3067,51.1166666666667,25,0,0,0,23|9.000|22.250|1|1.500
3068,51.1333333333333,25,0,0,0,23|9.000|22.000|1|1.500
3069,51.15,25,0,0,0,23|9.000|21.750|1|1.500
3070,51.1666666666667,25,0,0,0,23|9.000|21.500|1|1.500
3071,51.1833333333333,25,0,0,0,23|9.000|21.250|1|1.500
3072,51.2,25,0,0,0,23|9.000|21.000|1|1.500
3073,51.2166666666667,25,0,0,0,23|9.000|20.750|1|1.500
3074,51.2333333333333,25,0,0,0,23|9.000|20.500|1|1.500
3075,51.25,25,0,0,0,23|9.000|20.250|1|1.500
3076,51.2666666666667,25,0,0,0,23|9.000|20.000|1|1.500
3077,51.2833333333333,25,0,0,0,23|9.000|19.750|1|1.500
3078,51.3,25,0,0,0,23|9.000|19.500|1|1.500
3079,51.3166666666667,25,0,0,0,23|9.000|19.250|1|1.500
3080,51.3333333333333,25,0,0,0,23|9.000|19.000|1|1.500
3081,51.35,25,0,0,0,23|9.000|18.750|1|1.500
3082,51.3666666666667,25,0,0,0,23|9.000|18.500|1|1.500
3083,51.3833333333333,25,0,0,0,23|9.000|18.250|1|1.500
3084,51.4,25,0,0,0,23|9.000|18.000|1|1.500
3085,51.4166666666667,25,0,0,0,23|9.000|17.750|1|1.500
3086,51.4333333333333,25,0,0,0,23|9.000|17.500|1|1.500
3087,51.45,25,0,0,0,23|9.000|17.250|1|1.500
3088,51.4666666666667,25,0,0,0,23|9.000|17.000|1|1.500
3089,51.4833333333333,25,0,0,0,23|9.000|16.750|1|1.500
3090,51.5,25,0,0,0,23|9.000|16.500|1|1.500
3091,51.5166666666667,25,0,0,0,23|9.000|16.250|1|1.500
3092,51.5333333333333,25,0,0,0,23|9.000|16.000|1|1.500
3093,51.55,25,0,0,0,23|9.000|15.750|1|1.500
3094,51.5666666666667,25,0,0,0,23|9.000|15.500|1|1.500
3095,51.5833333333333,25,0,0,0,23|9.000|15.250|1|1.500
3096,51.6,25,0,0,0,23|9.000|15.000|1|1.500
3097,51.6166666666667,25,0,0,0,23|9.000|14.750|1|1.500
3098,51.6333333333333,25,0,0,0,23|9.000|14.500|1|1.500
3099,51.65,25,0,0,0,23|9.000|14.250|1|1.500
3100,51.6666666666667,25,0,0,0,23|9.000|14.000|1|1.500
3101,51.6833333333333,25,0,0,0,23|9.000|13.750|1|1.500
3102,51.7,25,0,0,0,23|9.000|13.500|1|1.500
3103,51.7166666666667,25,0,0,0,23|9.000|13.250|1|1.500
3104,51.7333333333333,25,0,0,0,23|9.000|13.000|1|1.500
3105,51.75,25,0,0,0,23|9.000|12.750|1|1.500
3106,51.7666666666667,25,0,0,0,23|9.000|12.500|1|1.500
3107,51.7833333333333,25,0,0,0,23|9.000|12.250|1|1.500
3108,51.8,25,0,0,0,23|9.000|12.000|1|1.500
3109,51.8166666666667,25,0,0,0,23|9.000|11.750|1|1.500
3110,51.8333333333333,25,0,0,0,23|9.000|11.500|1|1.500
3111,51.85,25,0,0,0,23|9.000|11.250|1|1.500
3112,51.8666666666667,25,0,0,0,23|9.000|11.000|1|1.500
3113,51.8833333333333,25,0,0,0,23|9.000|10.750|1|1.500
3114,51.9,25,0,0,0,23|9.000|10.500|1|1.500
3115,51.9166666666667,25,0,0,0,23|9.000|10.250|1|1.500
3116,51.9333333333333,25,0,0,0,23|9.000|10.000|1|1.500
3117,51.95,25,0,0,0,23|9.000|9.750|1|1.500
3118,51.9666666666667,25,0,0,0,23|9.000|9.500|1|1.500
3119,51.9833333333333,25,0,0,0,23|9.000|9.250|1|1.500
3120,52,25,0,0,0,23|9.000|9.000|1|1.500
3121,52.0166666666667,25,0,0,0,23|9.000|8.750|1|1.500
3122,52.0333333333333,25,0,0,0,23|9.000|8.500|1|1.500
3123,52.05,25,0,0,0,23|9.000|8.250|1|1.500
3124,52.0666666666667,25,0,0,0,23|9.000|8.000|1|1.500
3125,52.0833333333333,25,0,0,0,23|9.000|7.750|1|1.500
3126,52.1,25,0,0,0,23|9.000|7.500|1|1.500
3127,52.1166666666667,25,0,0,0,23|9.000|7.250|1|1.500
3128,52.1333333333333,25,0,0,0,23|9.000|7.000|1|1.500
3129,52.15,25,0,0,0,23|9.000|6.750|1|1.500
3130,52.1666666666667,25,0,0,0,23|9.000|6.500|1|1.500
3131,52.1833333333333,25,0,0,0,23|9.000|6.250|1|1.500
3132,52.2,25,0,0,0,23|9.000|6.000|1|1.500
3133,52.2166666666667,25,0,0,0,23|9.000|5.750|1|1.500
3134,52.2333333333333,25,0,0,0,23|9.000|5.500|1|1.500
3135,52.25,25,0,0,0,23|9.000|5.250|1|1.500
3136,52.2666666666667,25,0,0,0,23|9.000|5.000|1|1.500
3137,52.2833333333333,25,0,0,0,23|9.000|4.750|1|1.500
3138,52.3,25,0,0,0,23|9.000|4.500|1|1.500
3139,52.3166666666667,25,0,0,0,23|9.000|4.250|1|1.500
3140,52.3333333333333,25,0,0,0,23|9.000|4.000|1|1.500
3141,52.35,25,0,0,0,23|9.000|3.750|1|1.500
3142,52.3666666666667,25,0,0,0,23|9.000|3.500|1|1.500
3143,52.3833333333333,25,0,0,0,23|9.000|3.250|1|1.500
3144,52.4,25,0,0,0,23|9.000|3.000|1|1.500
3145,52.4166666666667,25,0,0,0,23|9.000|2.750|1|1.500
3146,52.4333333333333,25,0,0,0,23|9.000|2.500|1|1.500
3147,52.45,25,0,0,0,23|9.000|2.250|1|1.500
3148,52.4666666666667,25,0,0,0,23|9.000|2.000|1|1.500
3149,52.4833333333333,25,0,0,0,23|9.000|1.750|1|1.500
3150,52.5,25,0,0,0,23|9.000|1.500|1|1.500
3151,52.5166666666667,25,0,0,0,23|9.000|1.250|1|1.500
3152,52.5333333333333,25,0,0,0,23|9.000|1.000|1|1.500
3153,52.55,25,0,0,0,23|9.000|0.750|1|1.500
3154,52.5666666666667,25,0,0,0,23|9.000|0.500|1|1.500
3155,52.5833333333333,25,0,0,0,23|9.000|0.250|1|1.500
3156,52.6,25,0,1,0,23|9.000|0.000|1|1.500
3157,52.6166666666667,0,0,0,0,
3158,52.6333333333333,0,0,0,0,
3159,52.65,0,0,0,0,
3160,52.6666666666667,0,0,0,0,
3161,52.6833333333333,0,0,0,0,
3162,52.7,0,0,0,0,
3163,52.7166666666667,0,0,0,0,
3164,52.7333333333333,0,0,0,0,
3165,52.75,0,0,0,0,
3166,52.7666666666667,0,0,0,0,
3167,52.7833333333333,0,0,0,0,
3168,52.8,0,0,0,0,
3169,52.8166666666667,0,0,0,0,
3170,52.8333333333333,0,0,0,0,
3171,52.85,0,0,0,0,
3172,52.8666666666667,0,0,0,0,
3173,52.8833333333333,0,0,0,0,
3174,52.9,0,0,0,0,
3175,52.9166666666667,25,0,0,0,24|9.000|29.750|1|1.500
3176,52.9333333333333,25,0,0,0,24|9.000|29.500|1|1.500
3177,52.95,25,0,0,0,24|9.000|29.250|1|1.500
3178,52.9666666666667,25,0,0,0,24|9.000|29.000|1|1.500
3179,52.9833333333333,25,0,0,0,24|9.000|28.750|1|1.500
3180,53,25,0,0,0,24|9.000|28.500|1|1.500
3181,53.0166666666667,25,0,0,0,24|9.000|28.250|1|1.500
3182,53.0333333333333,25,0,0,0,24|9.000|28.000|1|1.500
3183,53.05,25,0,0,0,24|9.000|27.750|1|1.500
3184,53.0666666666667,25,0,0,0,24|9.000|27.500|1|1.500
3185,53.0833333333333,25,0,0,0,24|9.000|27.250|1|1.500
3186,53.1,25,0,0,0,24|9.000|27.000|1|1.500
3187,53.1166666666667,25,0,0,0,24|9.000|26.750|1|1.500
3188,53.1333333333333,25,0,0,0,24|9.000|26.500|1|1.500
3189,53.15,25,0,0,0,24|9.000|26.250|1|1.500
3190,53.1666666666667,25,0,0,0,24|9.000|26.000|1|1.500
3191,53.1833333333333,25,0,0,0,24|9.000|25.750|1|1.500
3192,53.2,25,0,0,0,24|9.000|25.500|1|1.500
3193,53.2166666666667,25,0,0,0,24|9.000|25.250|1|1.500
3194,53.2333333333333,25,0,0,0,24|9.000|25.000|1|1.500
3195,53.25,25,0,0,0,24|9.000|24.750|1|1.500
3196,53.2666666666667,25,0,0,0,24|9.000|24.500|1|1.500
3197,53.2833333333333,25,0,0,0,24|9.000|24.250|1|1.500
3198,53.3,25,0,0,0,24|9.000|24.000|1|1.500
3199,53.3166666666667,25,0,0,0,24|9.000|23.750|1|1.500
3200,53.3333333333333,25,0,0,0,24|9.000|23.500|1|1.500
3201,53.35,25,0,0,0,24|9.000|23.250|1|1.500
3202,53.3666666666667,25,0,0,0,24|9.000|23.000|1|1.500
3203,53.3833333333333,25,0,0,0,24|9.000|22.750|1|1.500
3204,53.4,25,0,0,0,24|9.000|22.500|1|1.500
3205,53.4166666666667,25,0,0,0,24|9.000|22.250|1|1.500
3206,53.4333333333333,25,0,0,0,24|9.000|22.000|1|1.500
3207,53.45,25,0,0,0,24|9.000|21.750|1|1.500
3208,53.4666666666667,25,0,0,0,24|9.000|21.500|1|1.500
3209,53.4833333333333,25,0,0,0,24|9.000|21.250|1|1.500
3210,53.5,25,0,0,0,24|9.000|21.000|1|1.500
3211,53.5166666666667,25,0,0,0,24|9.000|20.750|1|1.500
3212,53.5333333333333,25,0,0,0,24|9.000|20.500|1|1.500
3213,53.55,25,0,0,0,24|9.000|20.250|1|1.500
3214,53.5666666666667,25,0,0,0,24|9.000|20.000|1|1.500
3215,53.5833333333333,25,0,0,0,24|9.000|19.750|1|1.500
3216,53.6,25,0,0,0,24|9.000|19.500|1|1.500
3217,53.6166666666667,25,0,0,0,24|9.000|19.250|1|1.500
3218,53.6333333333333,25,0,0,0,24|9.000|19.000|1|1.500
3219,53.65,25,0,0,0,24|9.000|18.750|1|1.500
3220,53.6666666666667,25,0,0,0,24|9.000|18.500|1|1.500
3221,53.6833333333333,25,0,0,0,24|9.000|18.250|1|1.500
3222,53.7,25,0,0,0,24|9.000|18.000|1|1.500
3223,53.7166666666667,25,0,0,0,24|9.000|17.750|1|1.500
3224,53.7333333333333,25,0,0,0,24|9.000|17.500|1|1.500
3225,53.75,25,0,0,0,24|9.000|17.250|1|1.500
3226,53.7666666666667,25,0,0,0,24|9.000|17.000|1|1.500
3227,53.7833333333333,25,0,0,0,24|9.000|16.750|1|1.500
3228,53.8,25,0,0,0,24|9.000|16.500|1|1.500
3229,53.8166666666667,25,0,0,0,24|9.000|16.250|1|1.500
3230,53.8333333333333,25,0,0,0,24|9.000|16.000|1|1.500
3231,53.85,25,0,0,0,24|9.000|15.750|1|1.500
3232,53.8666666666667,25,0,0,0,24|9.000|15.500|1|1.500
3233,53.8833333333333,25,0,0,0,24|9.000|15.250|1|1.500
3234,53.9,25,0,0,0,24|9.000|15.000|1|1.500
3235,53.9166666666667,25,0,0,0,24|9.000|14.750|1|1.500
3236,53.9333333333333,25,0,0,0,24|9.000|14.500|1|1.500
3237,53.95,25,0,0,0,24|9.000|14.250|1|1.500
3238,53.9666666666667,25,0,0,0,24|9.000|14.000|1|1.500
3239,53.9833333333333,25,0,0,0,24|9.000|13.750|1|1.500
3240,54,25,0,0,0,24|9.000|13.500|1|1.500
3241,54.0166666666667,25,0,0,0,24|9.000|13.250|1|1.500
3242,54.0333333333333,25,0,0,0,24|9.000|13.000|1|1.500
3243,54.05,25,0,0,0,24|9.000|12.750|1|1.500
3244,54.0666666666667,25,0,0,0,24|9.000|12.500|1|1.500
3245,54.0833333333333,25,0,0,0,24|9.000|12.250|1|1.500
3246,54.1,25,0,0,0,24|9.000|12.000|1|1.500
3247,54.1166666666667,25,0,0,0,24|9.000|11.750|1|1.500
3248,54.1333333333333,25,0,0,0,24|9.000|11.500|1|1.500
3249,54.15,25,0,0,0,24|9.000|11.250|1|1.500
3250,54.1666666666667,25,0,0,0,24|9.000|11.000|1|1.500
3251,54.1833333333333,25,0,0,0,24|9.000|10.750|1|1.500
3252,54.2,25,0,0,0,24|9.000|10.500|1|1.500
3253,54.2166666666667,25,0,0,0,24|9.000|10.250|1|1.500
3254,54.2333333333333,25,0,0,0,24|9.000|10.000|1|1.500
3255,54.25,25,0,0,0,24|9.000|9.750|1|1.500
3256,54.2666666666667,25,0,0,0,24|9.000|9.500|1|1.500
3257,54.2833333333333,25,0,0,0,24|9.000|9.250|1|1.500
3258,54.3,25,0,0,0,24|9.000|9.000|1|1.500
3259,54.3166666666667,25,0,0,0,24|9.000|8.750|1|1.500
3260,54.3333333333333,25,0,0,0,24|9.000|8.500|1|1.500
3261,54.35,25,0,0,0,24|9.000|8.250|1|1.500
3262,54.3666666666667,25,0,0,0,24|9.000|8.000|1|1.500
3263,54.3833333333333,25,0,0,0,24|9.000|7.750|1|1.500
3264,54.4,25,0,0,0,24|9.000|7.500|1|1.500
3265,54.4166666666667,25,0,0,0,24|9.000|7.250|1|1.500
3266,54.4333333333333,25,0,0,0,24|9.000|7.000|1|1.500
3267,54.45,25,0,0,0,24|9.000|6.750|1|1.500
3268,54.4666666666667,25,0,0,0,24|9.000|6.500|1|1.500
3269,54.4833333333333,25,0,0,0,24|9.000|6.250|1|1.500
3270,54.5,25,0,0,0,24|9.000|6.000|1|1.500
3271,54.5166666666667,25,0,0,0,24|9.000|5.750|1|1.500
3272,54.5333333333333,25,0,0,0,24|9.000|5.500|1|1.500
3273,54.55,25,0,0,0,24|9.000|5.250|1|1.500
3274,54.5666666666667,25,0,0,0,24|9.000|5.000|1|1.500
3275,54.5833333333333,25,0,0,0,24|9.000|4.750|1|1.500
3276,54.6,25,0,0,0,24|9.000|4.500|1|1.500
3277,54.6166666666667,25,0,0,0,24|9.000|4.250|1|1.500
3278,54.6333333333333,25,0,0,0,24|9.000|4.000|1|1.500
3279,54.65,25,0,0,0,24|9.000|3.750|1|1.500
3280,54.6666666666667,25,0,0,0,24|9.000|3.500|1|1.500
3281,54.6833333333333,25,0,0,0,24|9.000|3.250|1|1.500
3282,54.7,25,0,0,0,24|9.000|3.000|1|1.500
3283,54.7166666666667,25,0,0,0,24|9.000|2.750|1|1.500
3284,54.7333333333333,25,0,0,0,24|9.000|2.500|1|1.500
3285,54.75,25,0,0,0,24|9.000|2.250|1|1.500
3286,54.7666666666667,25,0,0,0,24|9.000|2.000|1|1.500
3287,54.7833333333333,25,0,0,0,24|9.000|1.750|1|1.500
3288,54.8,25,0,0,0,24|9.000|1.500|1|1.500
3289,54.8166666666667,25,0,0,0,24|9.000|1.250|1|1.500
3290,54.8333333333333,25,0,0,0,24|9.000|1.000|1|1.500
3291,54.85,25,0,0,0,24|9.000|0.750|1|1.500
3292,54.8666666666667,25,0,0,0,24|9.000|0.500|1|1.500
3293,54.8833333333333,25,0,0,0,24|9.000|0.250|1|1.500
3294,54.9,25,0,1,0,24|9.000|0.000|1|1.500
3295,54.9166666666667,0,0,0,0,
3296,54.9333333333333,0,0,0,0,
3297,54.95,0,0,0,0,
3298,54.9666666666667,0,0,0,0,
3299,54.9833333333333,0,0,0,0,
3300,55,0,0,0,0,
3301,55.0166666666667,0,0,0,0,
3302,55.0333333333333,0,0,0,0,
3303,55.05,0,0,0,0,
3304,55.0666666666667,0,0,0,0,
3305,55.0833333333333,0,0,0,0,
3306,55.1,0,0,0,0,
3307,55.1166666666667,0,0,0,0,
3308,55.1333333333333,0,0,0,0,
3309,55.15,0,0,0,0,
3310,55.1666666666667,0,0,0,0,
3311,55.1833333333333,0,0,0,0,
3312,55.2,0,0,0,0,
3313,55.2166666666667,25,0,0,0,25|-9.000|29.750|1|3.000
3314,55.2333333333333,25,0,0,0,25|-9.000|29.500|1|3.000
3315,55.25,25,0,0,0,25|-9.000|29.250|1|3.000
3316,55.2666666666667,25,0,0,0,25|-9.000|29.000|1|3.000
3317,55.2833333333333,25,0,0,0,25|-9.000|28.750|1|3.000
3318,55.3,25,0,0,0,25|-9.000|28.500|1|3.000
3319,55.3166666666667,25,0,0,0,25|-9.000|28.250|1|3.000
3320,55.3333333333333,25,0,0,0,25|-9.000|28.000|1|3.000
3321,55.35,25,0,0,0,25|-9.000|27.750|1|3.000
3322,55.3666666666667,25,0,0,0,25|-9.000|27.500|1|3.000
3323,55.3833333333333,25,0,0,0,25|-9.000|27.250|1|3.000
3324,55.4,25,0,0,0,25|-9.000|27.000|1|3.000
3325,55.4166666666667,25,0,0,0,25|-9.000|26.750|1|3.000
3326,55.4333333333333,25,0,0,0,25|-9.000|26.500|1|3.000
3327,55.45,25,0,0,0,25|-9.000|26.250|1|3.000
3328,55.4666666666667,25,0,0,0,25|-9.000|26.000|1|3.000
3329,55.4833333333333,25,0,0,0,25|-9.000|25.750|1|3.000
3330,55.5,25,0,0,0,25|-9.000|25.500|1|3.000
3331,55.5166666666667,25,0,0,0,25|-9.000|25.250|1|3.000
3332,55.5333333333333,25,0,0,0,25|-9.000|25.000|1|3.000
3333,55.55,25,0,0,0,25|-9.000|24.750|1|3.000
3334,55.5666666666667,25,0,0,0,25|-9.000|24.500|1|3.000
3335,55.5833333333333,25,0,0,0,25|-9.000|24.250|1|3.000
3336,55.6,25,0,0,0,25|-9.000|24.000|1|3.000
3337,55.6166666666667,25,0,0,0,25|-9.000|23.750|1|3.000
3338,55.6333333333333,25,0,0,0,25|-9.000|23.500|1|3.000
3339,55.65,25,0,0,0,25|-9.000|23.250|1|3.000
3340,55.6666666666667,25,0,0,0,25|-9.000|23.000|1|3.000
3341,55.6833333333333,25,0,0,0,25|-9.000|22.750|1|3.000
3342,55.7,25,0,0,0,25|-9.000|22.500|1|3.000
3343,55.7166666666667,25,0,0,0,25|-9.000|22.250|1|3.000
3344,55.7333333333333,25,0,0,0,25|-9.000|22.000|1|3.000
3345,55.75,25,0,0,0,25|-9.000|21.750|1|3.000
3346,55.7666666666667,25,0,0,0,25|-9.000|21.500|1|3.000
3347,55.7833333333333,25,0,0,0,25|-9.000|21.250|1|3.000
3348,55.8,25,0,0,0,25|-9.000|21.000|1|3.000
3349,55.8166666666667,25,0,0,0,25|-9.000|20.750|1|3.000
3350,55.8333333333333,25,0,0,0,25|-9.000|20.500|1|3.000
3351,55.85,25,0,0,0,25|-9.000|20.250|1|3.000
3352,55.8666666666667,25,0,0,0,25|-9.000|20.000|1|3.000
3353,55.8833333333333,25,0,0,0,25|-9.000|19.750|1|3.000
3354,55.9,25,0,0,0,25|-9.000|19.500|1|3.000
3355,55.9166666666667,25,0,0,0,25|-9.000|19.250|1|3.000
3356,55.9333333333333,25,0,0,0,25|-9.000|19.000|1|3.000
3357,55.95,25,0,0,0,25|-9.000|18.750|1|3.000
3358,55.9666666666667,25,0,0,0,25|-9.000|18.500|1|3.000
3359,55.9833333333333,25,0,0,0,25|-9.000|18.250|1|3.000
3360,56,25,0,0,0,25|-9.000|18.000|1|3.000
3361,56.0166666666667,25,0,0,0,25|-9.000|17.750|1|3.000
3362,56.0333333333333,25,0,0,0,25|-9.000|17.500|1|3.000
3363,56.05,25,0,0,0,25|-9.000|17.250|1|3.000
3364,56.0666666666667,25,0,0,0,25|-9.000|17.000|1|3.000
3365,56.0833333333333,25,0,0,0,25|-9.000|16.750|1|3.000
3366,56.1,25,0,0,0,25|-9.000|16.500|1|3.000
3367,56.1166666666667,25,0,0,0,25|-9.000|16.250|1|3.000
3368,56.1333333333333,25,0,0,0,25|-9.000|16.000|1|3.000
3369,56.15,25,0,0,0,25|-9.000|15.750|1|3.000
3370,56.1666666666667,25,0,0,0,25|-9.000|15.500|1|3.000
3371,56.1833333333333,25,0,0,0,25|-9.000|15.250|1|3.000
3372,56.2,25,0,0,0,25|-9.000|15.000|1|3.000
3373,56.2166666666667,25,0,0,0,25|-9.000|14.750|1|3.000
3374,56.2333333333333,25,0,0,0,25|-9.000|14.500|1|3.000
3375,56.25,25,0,0,0,25|-9.000|14.250|1|3.000
3376,56.2666666666667,25,0,0,0,25|-9.000|14.000|1|3.000
3377,56.2833333333333,25,0,0,0,25|-9.000|13.750|1|3.000
3378,56.3,25,0,0,0,25|-9.000|13.500|1|3.000
3379,56.3166666666667,25,0,0,0,25|-9.000|13.250|1|3.000
3380,56.3333333333333,25,0,0,0,25|-9.000|13.000|1|3.000
3381,56.35,25,0,0,0,25|-9.000|12.750|1|3.000
3382,56.3666666666667,25,0,0,0,25|-9.000|12.500|1|3.000
3383,56.3833333333333,25,0,0,0,25|-9.000|12.250|1|3.000
3384,56.4,25,0,0,0,25|-9.000|12.000|1|3.000
3385,56.4166666666667,25,0,0,0,25|-9.000|11.750|1|3.000
3386,56.4333333333333,25,0,0,0,25|-9.000|11.500|1|3.000
3387,56.45,25,0,0,0,25|-9.000|11.250|1|3.000
3388,56.4666666666667,25,0,0,0,25|-9.000|11.000|1|3.000
3389,56.4833333333333,25,0,0,0,25|-9.000|10.750|1|3.000
3390,56.5,25,0,0,0,25|-9.000|10.500|1|3.000
3391,56.5166666666667,25,0,0,0,25|-9.000|10.250|1|3.000
3392,56.5333333333333,25,0,0,0,25|-9.000|10.000|1|3.000
3393,56.55,25,0,0,0,25|-9.000|9.750|1|3.000
3394,56.5666666666667,25,0,0,0,25|-9.000|9.500|1|3.000
3395,56.5833333333333,25,0,0,0,25|-9.000|9.250|1|3.000
3396,56.6,25,0,0,0,25|-9.000|9.000|1|3.000
3397,56.6166666666667,25,0,0,0,25|-9.000|8.750|1|3.000
3398,56.6333333333333,25,0,0,0,25|-9.000|8.500|1|3.000
3399,56.65,25,0,0,0,25|-9.000|8.250|1|3.000
3400,56.6666666666667,25,0,0,0,25|-9.000|8.000|1|3.000
3401,56.6833333333333,25,0,0,0,25|-9.000|7.750|1|3.000
3402,56.7,25,0,0,0,25|-9.000|7.500|1|3.000
3403,56.7166666666667,25,0,0,0,25|-9.000|7.250|1|3.000
3404,56.7333333333333,25,0,0,0,25|-9.000|7.000|1|3.000
3405,56.75,25,0,0,0,25|-9.000|6.750|1|3.000
3406,56.7666666666667,25,0,0,0,25|-9.000|6.500|1|3.000
3407,56.7833333333333,25,0,0,0,25|-9.000|6.250|1|3.000
3408,56.8,25,0,0,0,25|-9.000|6.000|1|3.000
3409,56.8166666666667,25,0,0,0,25|-9.000|5.750|1|3.000
3410,56.8333333333333,25,0,0,0,25|-9.000|5.500|1|3.000
3411,56.85,25,0,0,0,25|-9.000|5.250|1|3.000
3412,56.8666666666667,25,0,0,0,25|-9.000|5.000|1|3.000
3413,56.8833333333333,25,0,0,0,25|-9.000|4.750|1|3.000
3414,56.9,25,0,0,0,25|-9.000|4.500|1|3.000
3415,56.9166666666667,25,0,0,0,25|-9.000|4.250|1|3.000
3416,56.9333333333333,25,0,0,0,25|-9.000|4.000|1|3.000
3417,56.95,25,0,0,0,25|-9.000|3.750|1|3.000
3418,56.9666666666667,25,0,0,0,25|-9.000|3.500|1|3.000
3419,56.9833333333333,25,0,0,0,25|-9.000|3.250|1|3.000
3420,57,25,0,0,0,25|-9.000|3.000|1|3.000
3421,57.0166666666667,25,0,0,0,25|-9.000|2.750|1|3.000
3422,57.0333333333333,25,0,0,0,25|-9.000|2.500|1|3.000
3423,57.05,25,0,0,0,25|-9.000|2.250|1|3.000
3424,57.0666666666667,25,0,0,0,25|-9.000|2.000|1|3.000
3425,57.0833333333333,25,0,0,0,25|-9.000|1.750|1|3.000
3426,57.1,25,0,0,0,25|-9.000|1.500|1|3.000
3427,57.1166666666667,25,0,0,0,25|-9.000|1.250|1|3.000
3428,57.1333333333333,25,0,0,0,25|-9.000|1.000|1|3.000
3429,57.15,25,0,0,0,25|-9.000|0.750|1|3.000
3430,57.1666666666667,25,0,0,0,25|-9.000|0.500|1|3.000
3431,57.1833333333333,25,0,0,0,25|-9.000|0.250|1|3.000
3432,57.2,25,0,1,0,25|-9.000|0.000|1|3.000
3433,57.2166666666667,0,0,0,0,
3434,57.2333333333333,0,0,0,0,
3435,57.25,0,0,0,0,
3436,57.2666666666667,0,0,0,0,
3437,57.2833333333333,0,0,0,0,
3438,57.3,0,0,0,0,
3439,57.3166666666667,0,0,0,0,
3440,57.3333333333333,0,0,0,0,
3441,57.35,0,0,0,0,
3442,57.3666666666667,0,0,0,0,
3443,57.3833333333333,0,0,0,0,
3444,57.4,0,0,0,0,
3445,57.4166666666667,0,0,0,0,
3446,57.4333333333333,0,0,0,0,
3447,57.45,0,0,0,0,
3448,57.4666666666667,0,0,0,0,
3449,57.4833333333333,0,0,0,0,
3450,57.5,0,0,0,0,
3451,57.5166666666667,25,0,0,0,26|15.000|29.750|1|1.500
3452,57.5333333333333,25,0,0,0,26|15.000|29.500|1|1.500
3453,57.55,25,0,0,0,26|15.000|29.250|1|1.500
3454,57.5666666666667,25,0,0,0,26|15.000|29.000|1|1.500
3455,57.5833333333333,25,0,0,0,26|15.000|28.750|1|1.500
3456,57.6,25,0,0,0,26|15.000|28.500|1|1.500
3457,57.6166666666667,25,0,0,0,26|15.000|28.250|1|1.500
3458,57.6333333333333,25,0,0,0,26|15.000|28.000|1|1.500
3459,57.65,25,0,0,0,26|15.000|27.750|1|1.500
3460,57.6666666666667,25,0,0,0,26|15.000|27.500|1|1.500
3461,57.6833333333333,25,0,0,0,26|15.000|27.250|1|1.500
3462,57.7,25,0,0,0,26|15.000|27.000|1|1.500
3463,57.7166666666667,25,0,0,0,26|15.000|26.750|1|1.500
3464,57.7333333333333,25,0,0,0,26|15.000|26.500|1|1.500
3465,57.75,25,0,0,0,26|15.000|26.250|1|1.500
3466,57.7666666666667,25,0,0,0,26|15.000|26.000|1|1.500
3467,57.7833333333333,25,0,0,0,26|15.000|25.750|1|1.500
3468,57.8,25,0,0,0,26|15.000|25.500|1|1.500
3469,57.8166666666667,25,0,0,0,26|15.000|25.250|1|1.500
3470,57.8333333333333,25,0,0,0,26|15.000|25.000|1|1.500
3471,57.85,25,0,0,0,26|15.000|24.750|1|1.500
3472,57.8666666666667,25,0,0,0,26|15.000|24.500|1|1.500
3473,57.8833333333333,25,0,0,0,26|15.000|24.250|1|1.500
3474,57.9,25,0,0,0,26|15.000|24.000|1|1.500
3475,57.9166666666667,25,0,0,0,26|15.000|23.750|1|1.500
3476,57.9333333333333,25,0,0,0,26|15.000|23.500|1|1.500
3477,57.95,25,0,0,0,26|15.000|23.250|1|1.500
3478,57.9666666666667,25,0,0,0,26|15.000|23.000|1|1.500
3479,57.9833333333333,25,0,0,0,26|15.000|22.750|1|1.500
3480,58,25,0,0,0,26|15.000|22.500|1|1.500
3481,58.0166666666667,25,0,0,0,26|15.000|22.250|1|1.500
3482,58.0333333333333,25,0,0,0,26|15.000|22.000|1|1.500
3483,58.05,25,0,0,0,26|15.000|21.750|1|1.500
3484,58.0666666666667,25,0,0,0,26|15.000|21.500|1|1.500
3485,58.0833333333333,25,0,0,0,26|15.000|21.250|1|1.500
3486,58.1,25,0,0,0,26|15.000|21.000|1|1.500
3487,58.1166666666667,25,0,0,0,26|15.000|20.750|1|1.500
3488,58.1333333333333,25,0,0,0,26|15.000|20.500|1|1.500
3489,58.15,25,0,0,0,26|15.000|20.250|1|1.500
3490,58.1666666666667,25,0,0,0,26|15.000|20.000|1|1.500
3491,58.1833333333333,25,0,0,0,26|15.000|19.750|1|1.500
3492,58.2,25,0,0,0,26|15.000|19.500|1|1.500
3493,58.2166666666667,25,0,0,0,26|15.000|19.250|1|1.500
3494,58.2333333333333,25,0,0,0,26|15.000|19.000|1|1.500
3495,58.25,25,0,0,0,26|15.000|18.750|1|1.500
3496,58.2666666666667,25,0,0,0,26|15.000|18.500|1|1.500
3497,58.2833333333333,25,0,0,0,26|15.000|18.250|1|1.500
3498,58.3,25,0,0,0,26|15.000|18.000|1|1.500
3499,58.3166666666667,25,0,0,0,26|15.000|17.750|1|1.500
3500,58.3333333333333,25,0,0,0,26|15.000|17.500|1|1.500
3501,58.35,25,0,0,0,26|15.000|17.250|1|1.500
3502,58.3666666666667,25,0,0,0,26|15.000|17.000|1|1.500
3503,58.3833333333333,25,0,0,0,26|15.000|16.750|1|1.500
3504,58.4,25,0,0,0,26|15.000|16.500|1|1.500
3505,58.4166666666667,25,0,0,0,26|15.000|16.250|1|1.500
3506,58.4333333333333,25,0,0,0,26|15.000|16.000|1|1.500
3507,58.45,25,0,0,0,26|15.000|15.750|1|1.500
3508,58.4666666666667,25,0,0,0,26|15.000|15.500|1|1.500
3509,58.4833333333333,25,0,0,0,26|15.000|15.250|1|1.500
3510,58.5,25,0,0,0,26|15.000|15.000|1|1.500
3511,58.5166666666667,25,0,0,0,26|15.000|14.750|1|1.500
3512,58.5333333333333,25,0,0,0,26|15.000|14.500|1|1.500
3513,58.55,25,0,0,0,26|15.000|14.250|1|1.500
3514,58.5666666666667,25,0,0,0,26|15.000|14.000|1|1.500
3515,58.5833333333333,25,0,0,0,26|15.000|13.750|1|1.500
3516,58.6,25,0,0,0,26|15.000|13.500|1|1.500
3517,58.6166666666667,25,0,0,0,26|15.000|13.250|1|1.500
3518,58.6333333333333,25,0,0,0,26|15.000|13.000|1|1.500
3519,58.65,25,0,0,0,26|15.000|12.750|1|1.500
3520,58.6666666666667,25,0,0,0,26|15.000|12.500|1|1.500
3521,58.6833333333333,25,0,0,0,26|15.000|12.250|1|1.500
3522,58.7,25,0,0,0,26|15.000|12.000|1|1.500
3523,58.7166666666667,25,0,0,0,26|15.000|11.750|1|1.500
3524,58.7333333333333,25,0,0,0,26|15.000|11.500|1|1.500
3525,58.75,25,0,0,0,26|15.000|11.250|1|1.500
3526,58.7666666666667,25,0,0,0,26|15.000|11.000|1|1.500
3527,58.7833333333333,25,0,0,0,26|15.000|10.750|1|1.500
3528,58.8,25,0,0,0,26|15.000|10.500|1|1.500
3529,58.8166666666667,25,0,0,0,26|15.000|10.250|1|1.500
3530,58.8333333333333,25,0,0,0,26|15.000|10.000|1|1.500
3531,58.85,25,0,0,0,26|15.000|9.750|1|1.500
3532,58.8666666666667,25,0,0,0,26|15.000|9.500|1|1.500
3533,58.8833333333333,25,0,0,0,26|15.000|9.250|1|1.500
3534,58.9,25,0,0,0,26|15.000|9.000|1|1.500
3535,58.9166666666667,25,0,0,0,26|15.000|8.750|1|1.500
3536,58.9333333333333,25,0,0,0,26|15.000|8.500|1|1.500
3537,58.95,25,0,0,0,26|15.000|8.250|1|1.500
3538,58.9666666666667,25,0,0,0,26|15.000|8.000|1|1.500
3539,58.9833333333333,25,0,0,0,26|15.000|7.750|1|1.500
3540,59,25,0,0,0,26|15.000|7.500|1|1.500
3541,59.0166666666667,25,0,0,0,26|15.000|7.250|1|1.500
3542,59.0333333333333,25,0,0,0,26|15.000|7.000|1|1.500
3543,59.05,25,0,0,0,26|15.000|6.750|1|1.500
3544,59.0666666666667,25,0,0,0,26|15.000|6.500|1|1.500
3545,59.0833333333333,25,0,0,0,26|15.000|6.250|1|1.500
3546,59.1,25,0,0,0,26|15.000|6.000|1|1.500
3547,59.1166666666667,25,0,0,0,26|15.000|5.750|1|1.500
3548,59.1333333333333,25,0,0,0,26|15.000|5.500|1|1.500
3549,59.15,25,0,0,0,26|15.000|5.250|1|1.500
3550,59.1666666666667,25,0,0,0,26|15.000|5.000|1|1.500
3551,59.1833333333333,25,0,0,0,26|15.000|4.750|1|1.500
3552,59.2,25,0,0,0,26|15.000|4.500|1|1.500
3553,59.2166666666667,25,0,0,0,26|15.000|4.250|1|1.500
3554,59.2333333333333,25,0,0,0,26|15.000|4.000|1|1.500
3555,59.25,25,0,0,0,26|15.000|3.750|1|1.500
3556,59.2666666666667,25,0,0,0,26|15.000|3.500|1|1.500
3557,59.2833333333333,25,0,0,0,26|15.000|3.250|1|1.500
3558,59.3,25,0,0,0,26|15.000|3.000|1|1.500
3559,59.3166666666667,25,0,0,0,26|15.000|2.750|1|1.500
3560,59.3333333333333,25,0,0,0,26|15.000|2.500|1|1.500
3561,59.35,25,0,0,0,26|15.000|2.250|1|1.500
3562,59.3666666666667,25,0,0,0,26|15.000|2.000|1|1.500
3563,59.3833333333333,25,0,0,0,26|15.000|1.750|1|1.500
3564,59.4,25,0,0,0,26|15.000|1.500|1|1.500
3565,59.4166666666667,25,0,0,0,26|15.000|1.250|1|1.500
3566,59.4333333333333,25,0,0,0,26|15.000|1.000|1|1.500
3567,59.45,25,0,0,0,26|15.000|0.750|1|1.500
3568,59.4666666666667,25,0,0,0,26|15.000|0.500|1|1.500
3569,59.4833333333333,25,0,0,0,26|15.000|0.250|1|1.500
3570,59.5,25,0,1.5,0,26|15.000|0.000|1|1.500
3571,59.5166666666667,0,0,0,0,
3572,59.5333333333333,0,0,0,0,
3573,59.55,0,0,0,0,
3574,59.5666666666667,0,0,0,0,
3575,59.5833333333333,0,0,0,0,
3576,59.6,0,0,0,0,
3577,59.6166666666667,0,0,0,0,
3578,59.6333333333333,0,0,0,0,
3579,59.65,0,0,0,0,
3580,59.6666666666667,0,0,0,0,
3581,59.6833333333333,0,0,0,0,
3582,59.7,0,0,0,0,
3583,59.7166666666667,0,0,0,0,
3584,59.7333333333333,0,0,0,0,
3585,59.75,0,0,0,0,
3586,59.7666666666667,0,0,0,0,
3587,59.7833333333333,0,0,0,0,
3588,59.8,0,0,0,0,
3589,59.8166666666667,25,0,0,0,27|15.000|29.750|1|1.500
3590,59.8333333333333,25,0,0,0,27|15.000|29.500|1|1.500
3591,59.85,25,0,0,0,27|15.000|29.250|1|1.500
3592,59.8666666666667,25,0,0,0,27|15.000|29.000|1|1.500
3593,59.8833333333333,25,0,0,0,27|15.000|28.750|1|1.500
3594,59.9,25,0,0,0,27|15.000|28.500|1|1.500
3595,59.9166666666667,25,0,0,0,27|15.000|28.250|1|1.500
3596,59.9333333333333,25,0,0,0,27|15.000|28.000|1|1.500
3597,59.95,25,0,0,0,27|15.000|27.750|1|1.500
3598,59.9666666666667,25,0,0,0,27|15.000|27.500|1|1.500
3599,59.9833333333333,25,0,0,0,27|15.000|27.250|1|1.500
3600,60,25,0,0,0,27|15.000|27.000|1|1.500
3601,60.0166666666667,25,0,0,0,27|15.000|26.750|1|1.500
3602,60.0333333333333,25,0,0,0,27|15.000|26.500|1|1.500
3603,60.05,25,0,0,0,27|15.000|26.250|1|1.500
3604,60.0666666666667,25,0,0,0,27|15.000|26.000|1|1.500
3605,60.0833333333333,25,0,0,0,27|15.000|25.750|1|1.500
3606,60.1,25,0,0,0,27|15.000|25.500|1|1.500
3607,60.1166666666667,25,0,0,0,27|15.000|25.250|1|1.500
3608,60.1333333333333,25,0,0,0,27|15.000|25.000|1|1.500
3609,60.15,25,0,0,0,27|15.000|24.750|1|1.500
3610,60.1666666666667,25,0,0,0,27|15.000|24.500|1|1.500
3611,60.1833333333333,25,0,0,0,27|15.000|24.250|1|1.500
3612,60.2,25,0,0,0,27|15.000|24.000|1|1.500
3613,60.2166666666667,25,0,0,0,27|15.000|23.750|1|1.500
3614,60.2333333333333,25,0,0,0,27|15.000|23.500|1|1.500
3615,60.25,25,0,0,0,27|15.000|23.250|1|1.500
3616,60.2666666666667,25,0,0,0,27|15.000|23.000|1|1.500
3617,60.2833333333333,25,0,0,0,27|15.000|22.750|1|1.500
3618,60.3,25,0,0,0,27|15.000|22.500|1|1.500
3619,60.3166666666667,25,0,0,0,27|15.000|22.250|1|1.500
3620,60.3333333333333,25,0,0,0,27|15.000|22.000|1|1.500
3621,60.35,25,0,0,0,27|15.000|21.750|1|1.500
3622,60.3666666666667,25,0,0,0,27|15.000|21.500|1|1.500
3623,60.3833333333333,25,0,0,0,27|15.000|21.250|1|1.500
3624,60.4,25,0,0,0,27|15.000|21.000|1|1.500
3625,60.4166666666667,25,0,0,0,27|15.000|20.750|1|1.500
3626,60.4333333333333,25,0,0,0,27|15.000|20.500|1|1.500
3627,60.45,25,0,0,0,27|15.000|20.250|1|1.500
3628,60.4666666666667,25,0,0,0,27|15.000|20.000|1|1.500
3629,60.4833333333333,25,0,0,0,27|15.000|19.750|1|1.500
3630,60.5,25,0,0,0,27|15.000|19.500|1|1.500
3631,60.5166666666667,25,0,0,0,27|15.000|19.250|1|1.500
3632,60.5333333333333,25,0,0,0,27|15.000|19.000|1|1.500
3633,60.55,25,0,0,0,27|15.000|18.750|1|1.500
3634,60.5666666666667,25,0,0,0,27|15.000|18.500|1|1.500
3635,60.5833333333333,25,0,0,0,27|15.000|18.250|1|1.500
3636,60.6,25,0,0,0,27|15.000|18.000|1|1.500
3637,60.6166666666667,25,0,0,0,27|15.000|17.750|1|1.500
3638,60.6333333333333,25,0,0,0,27|15.000|17.500|1|1.500
3639,60.65,25,0,0,0,27|15.000|17.250|1|1.500
3640,60.6666666666667,25,0,0,0,27|15.000|17.000|1|1.500
3641,60.6833333333333,25,0,0,0,27|15.000|16.750|1|1.500
3642,60.7,25,0,0,0,27|15.000|16.500|1|1.500
3643,60.7166666666667,25,0,0,0,27|15.000|16.250|1|1.500
3644,60.7333333333333,25,0,0,0,27|15.000|16.000|1|1.500
3645,60.75,25,0,0,0,27|15.000|15.750|1|1.500
3646,60.7666666666667,25,0,0,0,27|15.000|15.500|1|1.500
3647,60.7833333333333,25,0,0,0,27|15.000|15.250|1|1.500
3648,60.8,25,0,0,0,27|15.000|15.000|1|1.500
3649,60.8166666666667,25,0,0,0,27|15.000|14.750|1|1.500
3650,60.8333333333333,25,0,0,0,27|15.000|14.500|1|1.500
3651,60.85,25,0,0,0,27|15.000|14.250|1|1.500
3652,60.8666666666667,25,0,0,0,27|15.000|14.000|1|1.500
3653,60.8833333333333,25,0,0,0,27|15.000|13.750|1|1.500
3654,60.9,25,0,0,0,27|15.000|13.500|1|1.500
3655,60.9166666666667,25,0,0,0,27|15.000|13.250|1|1.500
3656,60.9333333333333,25,0,0,0,27|15.000|13.000|1|1.500
3657,60.95,25,0,0,0,27|15.000|12.750|1|1.500
3658,60.9666666666667,25,0,0,0,27|15.000|12.500|1|1.500
3659,60.9833333333333,25,0,0,0,27|15.000|12.250|1|1.500
3660,61,25,0,0,0,27|15.000|12.000|1|1.500
3661,61.0166666666667,25,0,0,0,27|15.000|11.750|1|1.500
3662,61.0333333333333,25,0,0,0,27|15.000|11.500|1|1.500
3663,61.05,25,0,0,0,27|15.000|11.250|1|1.500
3664,61.0666666666667,25,0,0,0,27|15.000|11.000|1|1.500
3665,61.0833333333333,25,0,0,0,27|15.000|10.750|1|1.500
3666,61.1,25,0,0,0,27|15.000|10.500|1|1.500
3667,61.1166666666667,25,0,0,0,27|15.000|10.250|1|1.500
3668,61.1333333333333,25,0,0,0,27|15.000|10.000|1|1.500
3669,61.15,25,0,0,0,27|15.000|9.750|1|1.500
3670,61.1666666666667,25,0,0,0,27|15.000|9.500|1|1.500
3671,61.1833333333333,25,0,0,0,27|15.000|9.250|1|1.500
3672,61.2,25,0,0,0,27|15.000|9.000|1|1.500
3673,61.2166666666667,25,0,0,0,27|15.000|8.750|1|1.500
3674,61.2333333333333,25,0,0,0,27|15.000|8.500|1|1.500
3675,61.25,25,0,0,0,27|15.000|8.250|1|1.500
3676,61.2666666666667,25,0,0,0,27|15.000|8.000|1|1.500
3677,61.2833333333333,25,0,0,0,27|15.000|7.750|1|1.500
3678,61.3,25,0,0,0,27|15.000|7.500|1|1.500
3679,61.3166666666667,25,0,0,0,27|15.000|7.250|1|1.500
3680,61.3333333333333,25,0,0,0,27|15.000|7.000|1|1.500
3681,61.35,25,0,0,0,27|15.000|6.750|1|1.500
3682,61.3666666666667,25,0,0,0,27|15.000|6.500|1|1.500
3683,61.3833333333333,25,0,0,0,27|15.000|6.250|1|1.500
3684,61.4,25,0,0,0,27|15.000|6.000|1|1.500
3685,61.4166666666667,25,0,0,0,27|15.000|5.750|1|1.500
3686,61.4333333333333,25,0,0,0,27|15.000|5.500|1|1.500
3687,61.45,25,0,0,0,27|15.000|5.250|1|1.500
3688,61.4666666666667,25,0,0,0,27|15.000|5.000|1|1.500
3689,61.4833333333333,25,0,0,0,27|15.000|4.750|1|1.500
3690,61.5,25,0,0,0,27|15.000|4.500|1|1.500
3691,61.5166666666667,25,0,0,0,27|15.000|4.250|1|1.500
3692,61.5333333333333,25,0,0,0,27|15.000|4.000|1|1.500
3693,61.55,25,0,0,0,27|15.000|3.750|1|1.500
3694,61.5666666666667,25,0,0,0,27|15.000|3.500|1|1.500
3695,61.5833333333333,25,0,0,0,27|15.000|3.250|1|1.500
3696,61.6,25,0,0,0,27|15.000|3.000|1|1.500
3697,61.6166666666667,25,0,0,0,27|15.000|2.750|1|1.500
3698,61.6333333333333,25,0,0,0,27|15.000|2.500|1|1.500
3699,61.65,25,0,0,0,27|15.000|2.250|1|1.500
3700,61.6666666666667,25,0,0,0,27|15.000|2.000|1|1.500
3701,61.6833333333333,25,0,0,0,27|15.000|1.750|1|1.500
3702,61.7,25,0,0,0,27|15.000|1.500|1|1.500
3703,61.7166666666667,25,0,0,0,27|15.000|1.250|1|1.500
3704,61.7333333333333,25,0,0,0,27|15.000|1.000|1|1.500
3705,61.75,25,0,0,0,27|15.000|0.750|1|1.500
3706,61.7666666666667,25,0,0,0,27|15.000|0.500|1|1.500
3707,61.7833333333333,25,0,0,0,27|15.000|0.250|1|1.500
3708,61.8,25,0,1.5,0,27|15.000|0.000|1|1.500
3709,61.8166666666667,0,0,0,0,
3710,61.8333333333333,0,0,0,0,
3711,61.85,0,0,0,0,
3712,61.8666666666667,0,0,0,0,
3713,61.8833333333333,0,0,0,0,
3714,61.9,0,0,0,0,
3715,61.9166666666667,0,0,0,0,
3716,61.9333333333333,0,0,0,0,
3717,61.95,0,0,0,0,
3718,61.9666666666667,0,0,0,0,
3719,61.9833333333333,0,0,0,0,
3720,62,0,0,0,0,
3721,62.0166666666667,0,0,0,0,
3722,62.0333333333333,0,0,0,0,
3723,62.05,0,0,0,0,
3724,62.0666666666667,0,0,0,0,
3725,62.0833333333333,0,0,0,0,
3726,62.1,0,0,0,0,
3727,62.1166666666667,25,0,0,0,28|14.875|29.750|1|1.500
3728,62.1333333333333,25,0,0,0,28|14.750|29.500|1|1.500
3729,62.15,25,0,0,0,28|14.625|29.250|1|1.500
3730,62.1666666666667,25,0,0,0,28|14.500|29.000|1|1.500
3731,62.1833333333333,25,0,0,0,28|14.375|28.750|1|1.500
3732,62.2,25,0,0,0,28|14.250|28.500|1|1.500
3733,62.2166666666667,25,0,0,0,28|14.125|28.250|1|1.500
3734,62.2333333333333,25,0,0,0,28|14.000|28.000|1|1.500
3735,62.25,25,0,0,0,28|13.875|27.750|1|1.500
3736,62.2666666666667,25,0,0,0,28|13.750|27.500|1|1.500
3737,62.2833333333333,25,0,0,0,28|13.625|27.250|1|1.500
3738,62.3,25,0,0,0,28|13.500|27.000|1|1.500
3739,62.3166666666667,25,0,0,0,28|13.375|26.750|1|1.500
3740,62.3333333333333,25,0,0,0,28|13.250|26.500|1|1.500
3741,62.35,25,0,0,0,28|13.125|26.250|1|1.500
3742,62.3666666666667,25,0,0,0,28|13.000|26.000|1|1.500
3743,62.3833333333333,25,0,0,0,28|12.875|25.750|1|1.500
3744,62.4,25,0,0,0,28|12.750|25.500|1|1.500
3745,62.4166666666667,25,0,0,0,28|12.625|25.250|1|1.500
3746,62.4333333333333,25,0,0,0,28|12.500|25.000|1|1.500
3747,62.45,25,0,0,0,28|12.375|24.750|1|1.500
3748,62.4666666666667,25,0,0,0,28|12.250|24.500|1|1.500
3749,62.4833333333333,25,0,0,0,28|12.125|24.250|1|1.500
3750,62.5,25,0,0,0,28|12.000|24.000|1|1.500
3751,62.5166666666667,25,0,0,0,28|11.875|23.750|1|1.500
3752,62.5333333333333,25,0,0,0,28|11.750|23.500|1|1.500
3753,62.55,25,0,0,0,28|11.625|23.250|1|1.500
3754,62.5666666666667,25,0,0,0,28|11.500|23.000|1|1.500
3755,62.5833333333333,25,0,0,0,28|11.375|22.750|1|1.500
3756,62.6,25,0,0,0,28|11.250|22.500|1|1.500
3757,62.6166666666667,25,0,0,0,28|11.125|22.250|1|1.500
3758,62.6333333333333,25,0,0,0,28|11.000|22.000|1|1.500
3759,62.65,25,0,0,0,28|10.875|21.750|1|1.500
3760,62.6666666666667,25,0,0,0,28|10.750|21.500|1|1.500
3761,62.6833333333333,25,0,0,0,28|10.625|21.250|1|1.500
3762,62.7,25,0,0,0,28|10.500|21.000|1|1.500
3763,62.7166666666667,25,0,0,0,28|10.375|20.750|1|1.500
3764,62.7333333333333,25,0,0,0,28|10.250|20.500|1|1.500
3765,62.75,25,0,0,0,28|10.125|20.250|1|1.500
3766,62.7666666666667,25,0,0,0,28|10.000|20.000|1|1.500
3767,62.7833333333333,25,0,0,0,28|9.875|19.750|1|1.500
3768,62.8,25,0,0,0,28|9.750|19.500|1|1.500
3769,62.8166666666667,25,0,0,0,28|9.625|19.250|1|1.500
3770,62.8333333333333,25,0,0,0,28|9.500|19.000|1|1.500
3771,62.85,25,0,0,0,28|9.375|18.750|1|1.500
3772,62.8666666666667,25,0,0,0,28|9.250|18.500|1|1.500
3773,62.8833333333333,25,0,0,0,28|9.125|18.250|1|1.500
3774,62.9,25,0,0,0,28|9.000|18.000|1|1.500
3775,62.9166666666667,25,0,0,0,28|8.875|17.750|1|1.500
3776,62.9333333333333,25,0,0,0,28|8.750|17.500|1|1.500
3777,62.95,25,0,0,0,28|8.625|17.250|1|1.500
3778,62.9666666666667,25,0,0,0,28|8.500|17.000|1|1.500
3779,62.9833333333333,25,0,0,0,28|8.375|16.750|1|1.500
3780,63,25,0,0,0,28|8.250|16.500|1|1.500
3781,63.0166666666667,25,0,0,0,28|8.125|16.250|1|1.500
3782,63.0333333333333,25,0,0,0,28|8.000|16.000|1|1.500
3783,63.05,25,0,0,0,28|7.875|15.750|1|1.500
3784,63.0666666666667,25,0,0,0,28|7.750|15.500|1|1.500
3785,63.0833333333333,25,0,0,0,28|7.625|15.250|1|1.500
3786,63.1,25,0,0,0,28|7.500|15.000|1|1.500
3787,63.1166666666667,25,0,0,0,28|7.375|14.750|1|1.500
3788,63.1333333333333,25,0,0,0,28|7.250|14.500|1|1.500
3789,63.15,25,0,0,0,28|7.125|14.250|1|1.500
3790,63.1666666666667,25,0,0,0,28|7.000|14.000|1|1.500
3791,63.1833333333333,25,0,0,0,28|6.875|13.750|1|1.500
3792,63.2,25,0,0,0,28|6.750|13.500|1|1.500
3793,63.2166666666667,25,0,0,0,28|6.625|13.250|1|1.500
3794,63.2333333333333,25,0,0,0,28|6.500|13.000|1|1.500
3795,63.25,25,0,0,0,28|6.375|12.750|1|1.500
3796,63.2666666666667,25,0,0,0,28|6.250|12.500|1|1.500
3797,63.2833333333333,25,0,0,0,28|6.125|12.250|1|1.500
3798,63.3,25,0,0,0,28|6.000|12.000|1|1.500
3799,63.3166666666667,25,0,0,0,28|5.875|11.750|1|1.500
3800,63.3333333333333,25,0,0,0,28|5.750|11.500|1|1.500
3801,63.35,25,0,0,0,28|5.625|11.250|1|1.500
3802,63.3666666666667,25,0,0,0,28|5.500|11.000|1|1.500
3803,63.3833333333333,25,0,0,0,28|5.375|10.750|1|1.500
3804,63.4,25,0,0,0,28|5.250|10.500|1|1.500
3805,63.4166666666667,25,0,0,0,28|5.125|10.250|1|1.500
3806,63.4333333333333,25,0,0,0,28|5.000|10.000|1|1.500
3807,63.45,25,0,0,0,28|4.875|9.750|1|1.500
3808,63.4666666666667,25,0,0,0,28|4.750|9.500|1|1.500
3809,63.4833333333333,25,0,0,0,28|4.625|9.250|1|1.500
3810,63.5,25,0,0,0,28|4.500|9.000|1|1.500
3811,63.5166666666667,25,0,0,0,28|4.375|8.750|1|1.500
3812,63.5333333333333,25,0,0,0,28|4.250|8.500|1|1.500
3813,63.55,25,0,0,0,28|4.125|8.250|1|1.500
3814,63.5666666666667,25,0,0,0,28|4.000|8.000|1|1.500
3815,63.5833333333333,25,0,0,0,28|3.875|7.750|1|1.500
3816,63.6,25,0,0,0,28|3.750|7.500|1|1.500
3817,63.6166666666667,25,0,0,0,28|3.625|7.250|1|1.500
3818,63.6333333333333,25,0,0,0,28|3.500|7.000|1|1.500
3819,63.65,25,0,0,0,28|3.375|6.750|1|1.500
3820,63.6666666666667,25,0,0,0,28|3.250|6.500|1|1.500
3821,63.6833333333333,25,0,0,0,28|3.125|6.250|1|1.500
3822,63.7,25,0,0,0,28|3.000|6.000|1|1.500
3823,63.7166666666667,25,0,0,0,28|2.875|5.750|1|1.500
3824,63.7333333333333,25,0,0,0,28|2.750|5.500|1|1.500
3825,63.75,25,0,0,0,28|2.625|5.250|1|1.500
3826,63.7666666666667,25,0,0,0,28|2.500|5.000|1|1.500
3827,63.7833333333333,25,0,0,0,28|2.375|4.750|1|1.500
3828,63.8,25,0,0,0,28|2.250|4.500|1|1.500
3829,63.8166666666667,25,0,0,0,28|2.125|4.250|1|1.500
3830,63.8333333333333,25,0,0,0,28|2.000|4.000|1|1.500
3831,63.85,25,0,0,0,28|1.875|3.750|1|1.500
3832,63.8666666666667,25,0,0,0,28|1.750|3.500|1|1.500
3833,63.8833333333333,25,0,0,0,28|1.625|3.250|1|1.500
3834,63.9,25,0,0,0,28|1.500|3.000|1|1.500
3835,63.9166666666667,25,0,0,0,28|1.375|2.750|1|1.500
3836,63.9333333333333,25,0,0,0,28|1.250|2.500|1|1.500
3837,63.95,25,0,0,0,28|1.125|2.250|1|1.500
3838,63.9666666666667,25,0,0,0,28|1.000|2.000|1|1.500
3839,63.9833333333333,25,0,0,0,28|0.875|1.750|1|1.500
3840,64,25,0,0,0,28|0.750|1.500|1|1.500
3841,64.0166666666667,25,0,0,0,28|0.625|1.250|1|1.500
3842,64.0333333333333,25,0,0,0,28|0.500|1.000|1|1.500
3843,64.05,25,0,0,0,28|0.375|0.750|1|1.500
3844,64.0666666666667,25,0,0,0,28|0.250|0.500|1|1.500
3845,64.0833333333333,25,0,0,0,28|0.125|0.250|1|1.500
3846,64.1,25,1,1.5,4,28|0.000|0.000|1|1.500
3847,64.1166666666667,0,0,0,0,
3848,64.1333333333333,0,0,0,0,
3849,64.15,0,0,0,0,
3850,64.1666666666667,0,0,0,0,
3851,64.1833333333333,0,0,0,0,
3852,64.2,0,0,0,0,
3853,64.2166666666667,0,0,0,0,
3854,64.2333333333333,0,0,0,0,
3855,64.25,0,0,0,0,
3856,64.2666666666667,0,0,0,0,
3857,64.2833333333333,0,0,0,0,
3858,64.3,0,0,0,0,
3859,64.3166666666667,0,0,0,0,
3860,64.3333333333333,0,0,0,0,
3861,64.35,0,0,0,0,
3862,64.3666666666667,0,0,0,0,
3863,64.3833333333333,0,0,0,0,
3864,64.4,0,0,0,0,
3865,64.4166666666667,25,0,0,0,29|9.000|29.750|1|1.500
3866,64.4333333333333,25,0,0,0,29|9.000|29.500|1|1.500
3867,64.45,25,0,0,0,29|9.000|29.250|1|1.500
3868,64.4666666666667,25,0,0,0,29|9.000|29.000|1|1.500
3869,64.4833333333333,25,0,0,0,29|8.850|28.750|1|1.500
3870,64.5,25,0,0,0,29|8.700|28.500|1|1.500
3871,64.5166666666667,25,0,0,0,29|8.550|28.250|1|1.500
3872,64.5333333333333,25,0,0,0,29|8.550|28.000|1|1.500
3873,64.55,25,0,0,0,29|8.400|27.750|1|1.500
3874,64.5666666666667,25,0,0,0,29|8.400|27.500|1|1.500
3875,64.5833333333333,25,0,0,0,29|8.250|27.250|1|1.500
3876,64.6,25,0,0,0,29|8.250|27.000|1|1.500
3877,64.6166666666667,25,0,0,0,29|8.250|26.750|1|1.500
3878,64.6333333333333,25,0,0,0,29|8.100|26.500|1|1.500
3879,64.65,25,0,0,0,29|8.100|26.250|1|1.500
3880,64.6666666666667,25,0,0,0,29|7.950|26.000|1|1.500
3881,64.6833333333333,25,0,0,0,29|7.950|25.750|1|1.500
3882,64.7,25,0,0,0,29|7.800|25.500|1|1.500
3883,64.7166666666667,25,0,0,0,29|7.650|25.250|1|1.500
3884,64.7333333333333,25,0,0,0,29|7.500|25.000|1|1.500
3885,64.75,25,0,0,0,29|7.350|24.750|1|1.500
3886,64.7666666666667,25,0,0,0,29|7.200|24.500|1|1.500
3887,64.7833333333333,25,0,0,0,29|7.200|24.250|1|1.500
3888,64.8,25,0,0,0,29|7.200|24.000|1|1.500
3889,64.8166666666667,25,0,0,0,29|7.050|23.750|1|1.500
3890,64.8333333333333,25,0,0,0,29|6.900|23.500|1|1.500
3891,64.85,25,0,0,0,29|6.900|23.250|1|1.500
3892,64.8666666666667,25,0,0,0,29|6.900|23.000|1|1.500
3893,64.8833333333333,25,0,0,0,29|6.750|22.750|1|1.500
3894,64.9,25,0,0,0,29|6.750|22.500|1|1.500
3895,64.9166666666667,25,0,0,0,29|6.750|22.250|1|1.500
3896,64.9333333333333,25,0,0,0,29|6.750|22.000|1|1.500
3897,64.95,25,0,0,0,29|6.750|21.750|1|1.500
3898,64.9666666666667,25,0,0,0,29|6.600|21.500|1|1.500
3899,64.9833333333333,25,0,0,0,29|6.450|21.250|1|1.500
3900,65,25,0,0,0,29|6.450|21.000|1|1.500
3901,65.0166666666667,25,0,0,0,29|6.300|20.750|1|1.500
3902,65.0333333333333,25,0,0,0,29|6.150|20.500|1|1.500
3903,65.05,25,0,0,0,29|6.000|20.250|1|1.500
3904,65.0666666666667,25,0,0,0,29|6.000|20.000|1|1.500
3905,65.0833333333333,25,0,0,0,29|6.000|19.750|1|1.500
3906,65.1,25,0,0,0,29|6.000|19.500|1|1.500
3907,65.1166666666667,25,0,0,0,29|6.000|19.250|1|1.500
3908,65.1333333333333,25,0,0,0,29|6.000|19.000|1|1.500
3909,65.15,25,0,0,0,29|5.850|18.750|1|1.500
3910,65.1666666666667,25,0,0,0,29|5.850|18.500|1|1.500
3911,65.1833333333333,25,0,0,0,29|5.850|18.250|1|1.500
3912,65.2,25,0,0,0,29|5.700|18.000|1|1.500
3913,65.2166666666667,25,0,0,0,29|5.550|17.750|1|1.500
3914,65.2333333333333,25,0,0,0,29|5.400|17.500|1|1.500
3915,65.25,25,0,0,0,29|5.250|17.250|1|1.500
3916,65.2666666666667,25,0,0,0,29|5.100|17.000|1|1.500
3917,65.2833333333333,25,0,0,0,29|4.950|16.750|1|1.500
3918,65.3,25,0,0,0,29|4.800|16.500|1|1.500
3919,65.3166666666667,25,0,0,0,29|4.650|16.250|1|1.500
3920,65.3333333333333,25,0,0,0,29|4.500|16.000|1|1.500
3921,65.35,25,0,0,0,29|4.500|15.750|1|1.500
3922,65.3666666666667,25,0,0,0,29|4.500|15.500|1|1.500
3923,65.3833333333333,25,0,0,0,29|4.500|15.250|1|1.500
3924,65.4,25,0,0,0,29|4.500|15.000|1|1.500
3925,65.4166666666667,25,0,0,0,29|4.500|14.750|1|1.500
3926,65.4333333333333,25,0,0,0,29|4.500|14.500|1|1.500
3927,65.45,25,0,0,0,29|4.500|14.250|1|1.500
3928,65.4666666666667,25,0,0,0,29|4.350|14.000|1|1.500
3929,65.4833333333333,25,0,0,0,29|4.350|13.750|1|1.500
3930,65.5,25,0,0,0,29|4.200|13.500|1|1.500
3931,65.5166666666667,25,0,0,0,29|4.200|13.250|1|1.500
3932,65.5333333333333,25,0,0,0,29|4.050|13.000|1|1.500
3933,65.55,25,0,0,0,29|3.900|12.750|1|1.500
3934,65.5666666666667,25,0,0,0,29|3.750|12.500|1|1.500
3935,65.5833333333333,25,0,0,0,29|3.600|12.250|1|1.500
3936,65.6,25,0,0,0,29|3.450|12.000|1|1.500
3937,65.6166666666667,25,0,0,0,29|3.450|11.750|1|1.500
3938,65.6333333333333,25,0,0,0,29|3.300|11.500|1|1.500
3939,65.65,25,0,0,0,29|3.300|11.250|1|1.500
3940,65.6666666666667,25,0,0,0,29|3.300|11.000|1|1.500
3941,65.6833333333333,25,0,0,0,29|3.300|10.750|1|1.500
3942,65.7,25,0,0,0,29|3.150|10.500|1|1.500
3943,65.7166666666667,25,0,0,0,29|3.150|10.250|1|1.500
3944,65.7333333333333,25,0,0,0,29|3.150|10.000|1|1.500
3945,65.75,25,0,0,0,29|3.150|9.750|1|1.500
3946,65.7666666666667,25,0,0,0,29|3.000|9.500|1|1.500
3947,65.7833333333333,25,0,0,0,29|3.000|9.250|1|1.500
3948,65.8,25,0,0,0,29|2.850|9.000|1|1.500
3949,65.8166666666667,25,0,0,0,29|2.700|8.750|1|1.500
3950,65.8333333333333,25,0,0,0,29|2.700|8.500|1|1.500
3951,65.85,25,0,0,0,29|2.700|8.250|1|1.500
3952,65.8666666666667,25,0,0,0,29|2.550|8.000|1|1.500
3953,65.8833333333333,25,0,0,0,29|2.550|7.750|1|1.500
3954,65.9,25,0,0,0,29|2.550|7.500|1|1.500
3955,65.9166666666667,25,0,0,0,29|2.400|7.250|1|1.500
3956,65.9333333333333,25,0,0,0,29|2.250|7.000|1|1.500
3957,65.95,25,0,0,0,29|2.250|6.750|1|1.500
3958,65.9666666666667,25,0,0,0,29|2.100|6.500|1|1.500
3959,65.9833333333333,25,0,0,0,29|1.950|6.250|1|1.500
3960,66,25,0,0,0,29|1.950|6.000|1|1.500
3961,66.0166666666667,25,0,0,0,29|1.950|5.750|1|1.500
3962,66.0333333333333,25,0,0,0,29|1.950|5.500|1|1.500
3963,66.05,25,0,0,0,29|1.800|5.250|1|1.500
3964,66.0666666666667,25,0,0,0,29|1.650|5.000|1|1.500
3965,66.0833333333333,25,0,0,0,29|1.500|4.750|1|1.500
3966,66.1,25,0,0,0,29|1.350|4.500|1|1.500
3967,66.1166666666667,25,0,0,0,29|1.350|4.250|1|1.500
3968,66.1333333333333,25,0,0,0,29|1.350|4.000|1|1.500
3969,66.15,25,0,0,0,29|1.200|3.750|1|1.500
3970,66.1666666666667,25,0,0,0,29|1.050|3.500|1|1.500
3971,66.1833333333333,25,0,0,0,29|1.050|3.250|1|1.500
3972,66.2,25,0,0,0,29|0.900|3.000|1|1.500
3973,66.2166666666667,25,0,0,0,29|0.900|2.750|1|1.500
3974,66.2333333333333,25,0,0,0,29|0.900|2.500|1|1.500
3975,66.25,25,0,0,0,29|0.900|2.250|1|1.500
3976,66.2666666666667,25,0,0,0,29|0.750|2.000|1|1.500
3977,66.2833333333333,25,0,0,0,29|0.750|1.750|1|1.500
3978,66.3,25,0,0,0,29|0.600|1.500|1|1.500
3979,66.3166666666667,25,0,0,0,29|0.600|1.250|1|1.500
3980,66.3333333333333,25,0,0,0,29|0.450|1.000|1|1.500
3981,66.35,25,0,0,0,29|0.300|0.750|1|1.500
3982,66.3666666666667,25,0,0,0,29|0.300|0.500|1|1.500
3983,66.3833333333333,25,0,0,0,29|0.150|0.250|1|1.500
3984,66.4,25,1,1,2,29|-0.000|0.000|1|1.500
3985,66.4166666666667,0,0,0,0,
3986,66.4333333333333,0,0,0,0,
3987,66.45,0,0,0,0,
3988,66.4666666666667,0,0,0,0,
3989,66.4833333333333,0,0,0,0,
3990,66.5,0,0,0,0,
3991,66.5166666666667,0,0,0,0,
3992,66.5333333333333,0,0,0,0,
3993,66.55,0,0,0,0,
3994,66.5666666666667,0,0,0,0,
3995,66.5833333333333,0,0,0,0,
3996,66.6,0,0,0,0,
3997,66.6166666666667,0,0,0,0,
3998,66.6333333333333,0,0,0,0,
3999,66.65,0,0,0,0,
4000,66.6666666666667,0,0,0,0,
4001,66.6833333333333,0,0,0,0,
4002,66.7,0,0,0,0,
4003,66.7166666666667,25,0,0,0,30|-12.000|29.750|1|3.000
4004,66.7333333333333,25,0,0,0,30|-12.000|29.500|1|3.000
4005,66.75,25,0,0,0,30|-12.000|29.250|1|3.000
4006,66.7666666666667,25,0,0,0,30|-11.000|29.000|1|3.000
4007,66.7833333333333,25,0,0,0,30|-11.000|28.750|1|3.000
4008,66.8,25,0,0,0,30|-11.000|28.500|1|3.000
4009,66.8166666666667,25,0,0,0,30|-11.000|28.250|1|3.000
4010,66.8333333333333,25,0,0,0,30|-11.000|28.000|1|3.000
4011,66.85,25,0,0,0,30|-11.000|27.750|1|3.000
4012,66.8666666666667,25,0,0,0,30|-11.000|27.500|1|3.000
4013,66.8833333333333,25,0,0,0,30|-11.000|27.250|1|3.000
4014,66.9,25,0,0,0,30|-11.000|27.000|1|3.000
4015,66.9166666666667,25,0,0,0,30|-11.000|26.750|1|3.000
4016,66.9333333333333,25,0,0,0,30|-11.000|26.500|1|3.000
4017,66.95,25,0,0,0,30|-11.000|26.250|1|3.000
4018,66.9666666666667,25,0,0,0,30|-11.000|26.000|1|3.000
4019,66.9833333333333,25,0,0,0,30|-10.000|25.750|1|3.000
4020,67,25,0,0,0,30|-10.000|25.500|1|3.000
4021,67.0166666666667,25,0,0,0,30|-10.000|25.250|1|3.000
4022,67.0333333333333,25,0,0,0,30|-10.000|25.000|1|3.000
4023,67.05,25,0,0,0,30|-10.000|24.750|1|3.000
4024,67.0666666666667,25,0,0,0,30|-9.000|24.500|1|3.000
4025,67.0833333333333,25,0,0,0,30|-9.000|24.250|1|3.000
4026,67.1,25,0,0,0,30|-9.000|24.000|1|3.000
4027,67.1166666666667,25,0,0,0,30|-9.000|23.750|1|3.000
4028,67.1333333333333,25,0,0,0,30|-9.000|23.500|1|3.000
4029,67.15,25,0,0,0,30|-9.000|23.250|1|3.000
4030,67.1666666666667,25,0,0,0,30|-9.000|23.000|1|3.000
4031,67.1833333333333,25,0,0,0,30|-9.000|22.750|1|3.000
4032,67.2,25,0,0,0,30|-9.000|22.500|1|3.000
4033,67.2166666666667,25,0,0,0,30|-9.000|22.250|1|3.000
4034,67.2333333333333,25,0,0,0,30|-9.000|22.000|1|3.000
4035,67.25,25,0,0,0,30|-9.000|21.750|1|3.000
4036,67.2666666666667,25,0,0,0,30|-9.000|21.500|1|3.000
4037,67.2833333333333,25,0,0,0,30|-9.000|21.250|1|3.000
4038,67.3,25,0,0,0,30|-8.000|21.000|1|3.000
4039,67.3166666666667,25,0,0,0,30|-7.000|20.750|1|3.000
4040,67.3333333333333,25,0,0,0,30|-7.000|20.500|1|3.000
4041,67.35,25,0,0,0,30|-7.000|20.250|1|3.000
4042,67.3666666666667,25,0,0,0,30|-6.000|20.000|1|3.000
4043,67.3833333333333,25,0,0,0,30|-6.000|19.750|1|3.000
4044,67.4,25,0,0,0,30|-6.000|19.500|1|3.000
4045,67.4166666666667,25,0,0,0,30|-6.000|19.250|1|3.000
4046,67.4333333333333,25,0,0,0,30|-6.000|19.000|1|3.000
4047,67.45,25,0,0,0,30|-6.000|18.750|1|3.000
4048,67.4666666666667,25,0,0,0,30|-6.000|18.500|1|3.000
4049,67.4833333333333,25,0,0,0,30|-6.000|18.250|1|3.000
4050,67.5,25,0,0,0,30|-5.000|18.000|1|3.000
4051,67.5166666666667,25,0,0,0,30|-5.000|17.750|1|3.000
4052,67.5333333333333,25,0,0,0,30|-5.000|17.500|1|3.000
4053,67.55,25,0,0,0,30|-5.000|17.250|1|3.000
4054,67.5666666666667,25,0,0,0,30|-5.000|17.000|1|3.000
4055,67.5833333333333,25,0,0,0,30|-5.000|16.750|1|3.000
4056,67.6,25,0,0,0,30|-5.000|16.500|1|3.000
4057,67.6166666666667,25,0,0,0,30|-5.000|16.250|1|3.000
4058,67.6333333333333,25,0,0,0,30|-5.000|16.000|1|3.000
4059,67.65,25,0,0,0,30|-5.000|15.750|1|3.000
4060,67.6666666666667,25,0,0,0,30|-5.000|15.500|1|3.000
4061,67.6833333333333,25,0,0,0,30|-5.000|15.250|1|3.000
4062,67.7,25,0,0,0,30|-5.000|15.000|1|3.000
4063,67.7166666666667,25,0,0,0,30|-5.000|14.750|1|3.000
4064,67.7333333333333,25,0,0,0,30|-4.000|14.500|1|3.000
4065,67.75,25,0,0,0,30|-4.000|14.250|1|3.000
4066,67.7666666666667,25,0,0,0,30|-4.000|14.000|1|3.000
4067,67.7833333333333,25,0,0,0,30|-4.000|13.750|1|3.000
4068,67.8,25,0,0,0,30|-4.000|13.500|1|3.000
4069,67.8166666666667,25,0,0,0,30|-4.000|13.250|1|3.000
4070,67.8333333333333,25,0,0,0,30|-4.000|13.000|1|3.000
4071,67.85,25,0,0,0,30|-4.000|12.750|1|3.000
4072,67.8666666666667,25,0,0,0,30|-4.000|12.500|1|3.000
4073,67.8833333333333,25,0,0,0,30|-4.000|12.250|1|3.000
4074,67.9,25,0,0,0,30|-4.000|12.000|1|3.000
4075,67.9166666666667,25,0,0,0,30|-4.000|11.750|1|3.000
4076,67.9333333333333,25,0,0,0,30|-4.000|11.500|1|3.000
4077,67.95,25,0,0,0,30|-4.000|11.250|1|3.000
4078,67.9666666666667,25,0,0,0,30|-4.000|11.000|1|3.000
4079,67.9833333333333,25,0,0,0,30|-4.000|10.750|1|3.000
4080,68,25,0,0,0,30|-4.000|10.500|1|3.000
4081,68.0166666666667,25,0,0,0,30|-4.000|10.250|1|3.000
4082,68.0333333333333,25,0,0,0,30|-4.000|10.000|1|3.000
4083,68.05,25,0,0,0,30|-4.000|9.750|1|3.000
4084,68.0666666666667,25,0,0,0,30|-4.000|9.500|1|3.000
4085,68.0833333333333,25,0,0,0,30|-4.000|9.250|1|3.000
4086,68.1,25,0,0,0,30|-4.000|9.000|1|3.000
4087,68.1166666666667,25,0,0,0,30|-4.000|8.750|1|3.000
4088,68.1333333333333,25,0,0,0,30|-4.000|8.500|1|3.000
4089,68.15,25,0,0,0,30|-4.000|8.250|1|3.000
4090,68.1666666666667,25,0,0,0,30|-4.000|8.000|1|3.000
4091,68.1833333333333,25,0,0,0,30|-4.000|7.750|1|3.000
4092,68.2,25,0,0,0,30|-4.000|7.500|1|3.000
4093,68.2166666666667,25,0,0,0,30|-4.000|7.250|1|3.000
4094,68.2333333333333,25,0,0,0,30|-4.000|7.000|1|3.000
4095,68.25,25,0,0,0,30|-4.000|6.750|1|3.000
4096,68.2666666666667,25,0,0,0,30|-4.000|6.500|1|3.000
4097,68.2833333333333,25,0,0,0,30|-3.000|6.250|1|3.000
4098,68.3,25,0,0,0,30|-3.000|6.000|1|3.000
4099,68.3166666666667,25,0,0,0,30|-3.000|5.750|1|3.000
4100,68.3333333333333,25,0,0,0,30|-3.000|5.500|1|3.000
4101,68.35,25,0,0,0,30|-3.000|5.250|1|3.000
4102,68.3666666666667,25,0,0,0,30|-3.000|5.000|1|3.000
4103,68.3833333333333,25,0,0,0,30|-3.000|4.750|1|3.000
4104,68.4,25,0,0,0,30|-3.000|4.500|1|3.000
4105,68.4166666666667,25,0,0,0,30|-3.000|4.250|1|3.000
4106,68.4333333333333,25,0,0,0,30|-2.000|4.000|1|3.000
4107,68.45,25,0,0,0,30|-2.000|3.750|1|3.000
4108,68.4666666666667,25,0,0,0,30|-2.000|3.500|1|3.000
4109,68.4833333333333,25,0,0,0,30|-2.000|3.250|1|3.000
4110,68.5,25,0,0,0,30|-2.000|3.000|1|3.000
4111,68.5166666666667,25,0,0,0,30|-2.000|2.750|1|3.000
4112,68.5333333333333,25,0,0,0,30|-2.000|2.500|1|3.000
4113,68.55,25,0,0,0,30|-2.000|2.250|1|3.000
4114,68.5666666666667,25,0,0,0,30|-2.000|2.000|1|3.000
4115,68.5833333333333,25,0,0,0,30|-1.000|1.750|1|3.000
4116,68.6,25,0,0,0,30|-1.000|1.500|1|3.000
4117,68.6166666666667,25,0,0,0,30|-1.000|1.250|1|3.000
4118,68.6333333333333,25,0,0,0,30|-1.000|1.000|1|3.000
4119,68.65,25,0,0,0,30|-1.000|0.750|1|3.000
4120,68.6666666666667,25,0,0,0,30|-1.000|0.500|1|3.000
4121,68.6833333333333,25,0,0,0,30|0.000|0.250|1|3.000
4122,68.7,25,1,1.5,3,30|0.000|0.000|1|3.000
4123,68.7166666666667,0,0,0,0,
4124,68.7333333333333,0,0,0,0,
4125,68.75,0,0,0,0,
4126,68.7666666666667,0,0,0,0,
4127,68.7833333333333,0,0,0,0,
4128,68.8,0,0,0,0,
4129,68.8166666666667,0,0,0,0,
4130,68.8333333333333,0,0,0,0,
4131,68.85,0,0,0,0,
4132,68.8666666666667,0,0,0,0,
4133,68.8833333333333,0,0,0,0,
4134,68.9,0,0,0,0,
4135,68.9166666666667,0,0,0,0,
4136,68.9333333333333,0,0,0,0,
4137,68.95,0,0,0,0,
4138,68.9666666666667,0,0,0,0,
4139,68.9833333333333,0,0,0,0,
4140,69,0,0,0,0,
4141,69.0166666666667,25,0,0,0,31|6.000|29.750|1|3.000
4142,69.0333333333333,25,0,0,0,31|6.000|29.500|1|3.000
4143,69.05,25,0,0,0,31|6.000|29.250|1|3.000
4144,69.0666666666667,25,0,0,0,31|5.900|29.000|1|3.000
4145,69.0833333333333,25,0,0,0,31|5.900|28.750|1|3.000
4146,69.1,25,0,0,0,31|5.900|28.500|1|3.000
4147,69.1166666666667,25,0,0,0,31|5.900|28.250|1|3.000
4148,69.1333333333333,25,0,0,0,31|5.900|28.000|1|3.000
4149,69.15,25,0,0,0,31|5.800|27.750|1|3.000
4150,69.1666666666667,25,0,0,0,31|5.800|27.500|1|3.000
4151,69.1833333333333,25,0,0,0,31|5.800|27.250|1|3.000
4152,69.2,25,0,0,0,31|5.800|27.000|1|3.000
4153,69.2166666666667,25,0,0,0,31|5.700|26.750|1|3.000
4154,69.2333333333333,25,0,0,0,31|5.700|26.500|1|3.000
4155,69.25,25,0,0,0,31|5.600|26.250|1|3.000
4156,69.2666666666667,25,0,0,0,31|5.600|26.000|1|3.000
4157,69.2833333333333,25,0,0,0,31|5.500|25.750|1|3.000
4158,69.3,25,0,0,0,31|5.400|25.500|1|3.000
4159,69.3166666666667,25,0,0,0,31|5.400|25.250|1|3.000
4160,69.3333333333333,25,0,0,0,31|5.300|25.000|1|3.000
4161,69.35,25,0,0,0,31|5.300|24.750|1|3.000
4162,69.3666666666667,25,0,0,0,31|5.300|24.500|1|3.000
4163,69.3833333333333,25,0,0,0,31|5.200|24.250|1|3.000
4164,69.4,25,0,0,0,31|5.100|24.000|1|3.000
4165,69.4166666666667,25,0,0,0,31|5.000|23.750|1|3.000
4166,69.4333333333333,25,0,0,0,31|5.000|23.500|1|3.000
4167,69.45,25,0,0,0,31|4.900|23.250|1|3.000
4168,69.4666666666667,25,0,0,0,31|4.900|23.000|1|3.000
4169,69.4833333333333,25,0,0,0,31|4.900|22.750|1|3.000
4170,69.5,25,0,0,0,31|4.900|22.500|1|3.000
4171,69.5166666666667,25,0,0,0,31|4.900|22.250|1|3.000
4172,69.5333333333333,25,0,0,0,31|4.800|22.000|1|3.000
4173,69.55,25,0,0,0,31|4.700|21.750|1|3.000
4174,69.5666666666667,25,0,0,0,31|4.700|21.500|1|3.000
4175,69.5833333333333,25,0,0,0,31|4.700|21.250|1|3.000
4176,69.6,25,0,0,0,31|4.600|21.000|1|3.000
4177,69.6166666666667,25,0,0,0,31|4.500|20.750|1|3.000
4178,69.6333333333333,25,0,0,0,31|4.500|20.500|1|3.000
4179,69.65,25,0,0,0,31|4.400|20.250|1|3.000
4180,69.6666666666667,25,0,0,0,31|4.400|20.000|1|3.000
4181,69.6833333333333,25,0,0,0,31|4.300|19.750|1|3.000
4182,69.7,25,0,0,0,31|4.200|19.500|1|3.000
4183,69.7166666666667,25,0,0,0,31|4.200|19.250|1|3.000
4184,69.7333333333333,25,0,0,0,31|4.100|19.000|1|3.000
4185,69.75,25,0,0,0,31|4.100|18.750|1|3.000
4186,69.7666666666667,25,0,0,0,31|4.000|18.500|1|3.000
4187,69.7833333333333,25,0,0,0,31|4.000|18.250|1|3.000
4188,69.8,25,0,0,0,31|3.900|18.000|1|3.000
4189,69.8166666666667,25,0,0,0,31|3.900|17.750|1|3.000
4190,69.8333333333333,25,0,0,0,31|3.900|17.500|1|3.000
4191,69.85,25,0,0,0,31|3.900|17.250|1|3.000
4192,69.8666666666667,25,0,0,0,31|3.800|17.000|1|3.000
4193,69.8833333333333,25,0,0,0,31|3.800|16.750|1|3.000
4194,69.9,25,0,0,0,31|3.700|16.500|1|3.000
4195,69.9166666666667,25,0,0,0,31|3.700|16.250|1|3.000
4196,69.9333333333333,25,0,0,0,31|3.600|16.000|1|3.000
4197,69.95,25,0,0,0,31|3.500|15.750|1|3.000
4198,69.9666666666667,25,0,0,0,31|3.500|15.500|1|3.000
4199,69.9833333333333,25,0,0,0,31|3.400|15.250|1|3.000
4200,70,25,0,0,0,31|3.300|15.000|1|3.000
4201,70.0166666666667,25,0,0,0,31|3.300|14.750|1|3.000
4202,70.0333333333333,25,0,0,0,31|3.300|14.500|1|3.000
4203,70.05,25,0,0,0,31|3.300|14.250|1|3.000
4204,70.0666666666667,25,0,0,0,31|3.300|14.000|1|3.000
4205,70.0833333333333,25,0,0,0,31|3.200|13.750|1|3.000
4206,70.1,25,0,0,0,31|3.100|13.500|1|3.000
4207,70.1166666666667,25,0,0,0,31|3.100|13.250|1|3.000
4208,70.1333333333333,25,0,0,0,31|3.000|13.000|1|3.000
4209,70.15,25,0,0,0,31|3.000|12.750|1|3.000
4210,70.1666666666667,25,0,0,0,31|2.900|12.500|1|3.000
4211,70.1833333333333,25,0,0,0,31|2.900|12.250|1|3.000
4212,70.2,25,0,0,0,31|2.800|12.000|1|3.000
4213,70.2166666666667,25,0,0,0,31|2.700|11.750|1|3.000
4214,70.2333333333333,25,0,0,0,31|2.700|11.500|1|3.000
4215,70.25,25,0,0,0,31|2.700|11.250|1|3.000
4216,70.2666666666667,25,0,0,0,31|2.600|11.000|1|3.000
4217,70.2833333333333,25,0,0,0,31|2.500|10.750|1|3.000
4218,70.3,25,0,0,0,31|2.500|10.500|1|3.000
4219,70.3166666666667,25,0,0,0,31|2.500|10.250|1|3.000
4220,70.3333333333333,25,0,0,0,31|2.400|10.000|1|3.000
4221,70.35,25,0,0,0,31|2.300|9.750|1|3.000
4222,70.3666666666667,25,0,0,0,31|2.300|9.500|1|3.000
4223,70.3833333333333,25,0,0,0,31|2.200|9.250|1|3.000
4224,70.4,25,0,0,0,31|2.100|9.000|1|3.000
4225,70.4166666666667,25,0,0,0,31|2.000|8.750|1|3.000
4226,70.4333333333333,25,0,0,0,31|1.900|8.500|1|3.000
4227,70.45,25,0,0,0,31|1.900|8.250|1|3.000
4228,70.4666666666667,25,0,0,0,31|1.800|8.000|1|3.000
4229,70.4833333333333,25,0,0,0,31|1.800|7.750|1|3.000
4230,70.5,25,0,0,0,31|1.700|7.500|1|3.000
4231,70.5166666666667,25,0,0,0,31|1.600|7.250|1|3.000
4232,70.5333333333333,25,0,0,0,31|1.600|7.000|1|3.000
4233,70.55,25,0,0,0,31|1.500|6.750|1|3.000
4234,70.5666666666667,25,0,0,0,31|1.400|6.500|1|3.000
4235,70.5833333333333,25,0,0,0,31|1.400|6.250|1|3.000
4236,70.6,25,0,0,0,31|1.300|6.000|1|3.000
4237,70.6166666666667,25,0,0,0,31|1.200|5.750|1|3.000
4238,70.6333333333333,25,0,0,0,31|1.200|5.500|1|3.000
4239,70.65,25,0,0,0,31|1.200|5.250|1|3.000
4240,70.6666666666667,25,0,0,0,31|1.200|5.000|1|3.000
4241,70.6833333333333,25,0,0,0,31|1.100|4.750|1|3.000
4242,70.7,25,0,0,0,31|1.000|4.500|1|3.000
4243,70.7166666666667,25,0,0,0,31|0.900|4.250|1|3.000
4244,70.7333333333333,25,0,0,0,31|0.800|4.000|1|3.000
4245,70.75,25,0,0,0,31|0.800|3.750|1|3.000
4246,70.7666666666667,25,0,0,0,31|0.800|3.500|1|3.000
4247,70.7833333333333,25,0,0,0,31|0.700|3.250|1|3.000
4248,70.8,25,0,0,0,31|0.700|3.000|1|3.000
4249,70.8166666666667,25,0,0,0,31|0.600|2.750|1|3.000
4250,70.8333333333333,25,0,0,0,31|0.600|2.500|1|3.000
4251,70.85,25,0,0,0,31|0.500|2.250|1|3.000
4252,70.8666666666667,25,0,0,0,31|0.500|2.000|1|3.000
4253,70.8833333333333,25,0,0,0,31|0.500|1.750|1|3.000
4254,70.9,25,0,0,0,31|0.500|1.500|1|3.000
4255,70.9166666666667,25,0,0,0,31|0.400|1.250|1|3.000
4256,70.9333333333333,25,0,0,0,31|0.300|1.000|1|3.000
4257,70.95,25,0,0,0,31|0.200|0.750|1|3.000
4258,70.9666666666667,25,0,0,0,31|0.100|0.500|1|3.000
4259,70.9833333333333,25,0,0,0,31|0.100|0.250|1|3.000
4260,71,25,1,1,1,31|0.000|0.000|1|3.000
4261,71.0166666666667,0,0,0,0,
4262,71.0333333333333,0,0,0,0,
4263,71.05,0,0,0,0,
4264,71.0666666666667,0,0,0,0,
4265,71.0833333333333,0,0,0,0,
4266,71.1,0,0,0,0,
4267,71.1166666666667,0,0,0,0,
4268,71.1333333333333,0,0,0,0,
4269,71.15,0,0,0,0,
4270,71.1666666666667,0,0,0,0,
4271,71.1833333333333,0,0,0,0,
4272,71.2,0,0,0,0,
4273,71.2166666666667,0,0,0,0,
4274,71.2333333333333,0,0,0,0,
4275,71.25,0,0,0,0,
4276,71.2666666666667,0,0,0,0,
4277,71.2833333333333,0,0,0,0,
4278,71.3,0,0,0,0,
4279,71.3166666666667,25,0,0,0,32|-15.000|29.750|1|3.000
4280,71.3333333333333,25,0,0,0,32|-14.750|29.500|1|3.000
4281,71.35,25,0,0,0,32|-14.750|29.250|1|3.000
4282,71.3666666666667,25,0,0,0,32|-14.500|29.000|1|3.000
4283,71.3833333333333,25,0,0,0,32|-14.250|28.750|1|3.000
4284,71.4,25,0,0,0,32|-14.250|28.500|1|3.000
4285,71.4166666666667,25,0,0,0,32|-14.000|28.250|1|3.000
4286,71.4333333333333,25,0,0,0,32|-14.000|28.000|1|3.000
4287,71.45,25,0,0,0,32|-14.000|27.750|1|3.000
4288,71.4666666666667,25,0,0,0,32|-14.000|27.500|1|3.000
4289,71.4833333333333,25,0,0,0,32|-13.750|27.250|1|3.000
4290,71.5,25,0,0,0,32|-13.750|27.000|1|3.000
4291,71.5166666666667,25,0,0,0,32|-13.750|26.750|1|3.000
4292,71.5333333333333,25,0,0,0,32|-13.750|26.500|1|3.000
4293,71.55,25,0,0,0,32|-13.750|26.250|1|3.000
4294,71.5666666666667,25,0,0,0,32|-13.750|26.000|1|3.000
4295,71.5833333333333,25,0,0,0,32|-13.500|25.750|1|3.000
4296,71.6,25,0,0,0,32|-13.250|25.500|1|3.000
4297,71.6166666666667,25,0,0,0,32|-13.250|25.250|1|3.000
4298,71.6333333333333,25,0,0,0,32|-13.000|25.000|1|3.000
4299,71.65,25,0,0,0,32|-12.750|24.750|1|3.000
4300,71.6666666666667,25,0,0,0,32|-12.500|24.500|1|3.000
4301,71.6833333333333,25,0,0,0,32|-12.250|24.250|1|3.000
4302,71.7,25,0,0,0,32|-12.250|24.000|1|3.000
4303,71.7166666666667,25,0,0,0,32|-12.250|23.750|1|3.000
4304,71.7333333333333,25,0,0,0,32|-12.000|23.500|1|3.000
4305,71.75,25,0,0,0,32|-11.750|23.250|1|3.000
4306,71.7666666666667,25,0,0,0,32|-11.750|23.000|1|3.000
4307,71.7833333333333,25,0,0,0,32|-11.500|22.750|1|3.000
4308,71.8,25,0,0,0,32|-11.500|22.500|1|3.000
4309,71.8166666666667,25,0,0,0,32|-11.500|22.250|1|3.000
4310,71.8333333333333,25,0,0,0,32|-11.250|22.000|1|3.000
4311,71.85,25,0,0,0,32|-11.000|21.750|1|3.000
4312,71.8666666666667,25,0,0,0,32|-10.750|21.500|1|3.000
4313,71.8833333333333,25,0,0,0,32|-10.750|21.250|1|3.000
4314,71.9,25,0,0,0,32|-10.500|21.000|1|3.000
4315,71.9166666666667,25,0,0,0,32|-10.250|20.750|1|3.000
4316,71.9333333333333,25,0,0,0,32|-10.000|20.500|1|3.000
4317,71.95,25,0,0,0,32|-9.750|20.250|1|3.000
4318,71.9666666666667,25,0,0,0,32|-9.750|20.000|1|3.000
4319,71.9833333333333,25,0,0,0,32|-9.500|19.750|1|3.000
4320,72,25,0,0,0,32|-9.500|19.500|1|3.000
4321,72.0166666666667,25,0,0,0,32|-9.500|19.250|1|3.000
4322,72.0333333333333,25,0,0,0,32|-9.250|19.000|1|3.000
4323,72.05,25,0,0,0,32|-9.250|18.750|1|3.000
4324,72.0666666666667,25,0,0,0,32|-9.000|18.500|1|3.000
4325,72.0833333333333,25,0,0,0,32|-8.750|18.250|1|3.000
4326,72.1,25,0,0,0,32|-8.750|18.000|1|3.000
4327,72.1166666666667,25,0,0,0,32|-8.750|17.750|1|3.000
4328,72.1333333333333,25,0,0,0,32|-8.500|17.500|1|3.000
4329,72.15,25,0,0,0,32|-8.500|17.250|1|3.000
4330,72.1666666666667,25,0,0,0,32|-8.250|17.000|1|3.000
4331,72.1833333333333,25,0,0,0,32|-8.250|16.750|1|3.000
4332,72.2,25,0,0,0,32|-8.250|16.500|1|3.000
4333,72.2166666666667,25,0,0,0,32|-8.250|16.250|1|3.000
4334,72.2333333333333,25,0,0,0,32|-8.250|16.000|1|3.000
4335,72.25,25,0,0,0,32|-8.250|15.750|1|3.000
4336,72.2666666666667,25,0,0,0,32|-8.000|15.500|1|3.000
4337,72.2833333333333,25,0,0,0,32|-7.750|15.250|1|3.000
4338,72.3,25,0,0,0,32|-7.750|15.000|1|3.000
4339,72.3166666666667,25,0,0,0,32|-7.500|14.750|1|3.000
4340,72.3333333333333,25,0,0,0,32|-7.250|14.500|1|3.000
4341,72.35,25,0,0,0,32|-7.250|14.250|1|3.000
4342,72.3666666666667,25,0,0,0,32|-7.250|14.000|1|3.000
4343,72.3833333333333,25,0,0,0,32|-7.250|13.750|1|3.000
4344,72.4,25,0,0,0,32|-7.000|13.500|1|3.000
4345,72.4166666666667,25,0,0,0,32|-6.750|13.250|1|3.000
4346,72.4333333333333,25,0,0,0,32|-6.500|13.000|1|3.000
4347,72.45,25,0,0,0,32|-6.500|12.750|1|3.000
4348,72.4666666666667,25,0,0,0,32|-6.250|12.500|1|3.000
4349,72.4833333333333,25,0,0,0,32|-6.250|12.250|1|3.000
4350,72.5,25,0,0,0,32|-6.250|12.000|1|3.000
4351,72.5166666666667,25,0,0,0,32|-6.000|11.750|1|3.000
4352,72.5333333333333,25,0,0,0,32|-5.750|11.500|1|3.000
4353,72.55,25,0,0,0,32|-5.500|11.250|1|3.000
4354,72.5666666666667,25,0,0,0,32|-5.500|11.000|1|3.000
4355,72.5833333333333,25,0,0,0,32|-5.250|10.750|1|3.000
4356,72.6,25,0,0,0,32|-5.250|10.500|1|3.000
4357,72.6166666666667,25,0,0,0,32|-5.000|10.250|1|3.000
4358,72.6333333333333,25,0,0,0,32|-4.750|10.000|1|3.000
4359,72.65,25,0,0,0,32|-4.750|9.750|1|3.000
4360,72.6666666666667,25,0,0,0,32|-4.500|9.500|1|3.000
4361,72.6833333333333,25,0,0,0,32|-4.250|9.250|1|3.000
4362,72.7,25,0,0,0,32|-4.250|9.000|1|3.000
4363,72.7166666666667,25,0,0,0,32|-4.000|8.750|1|3.000
4364,72.7333333333333,25,0,0,0,32|-4.000|8.500|1|3.000
4365,72.75,25,0,0,0,32|-4.000|8.250|1|3.000
4366,72.7666666666667,25,0,0,0,32|-4.000|8.000|1|3.000
4367,72.7833333333333,25,0,0,0,32|-3.750|7.750|1|3.000
4368,72.8,25,0,0,0,32|-3.750|7.500|1|3.000
4369,72.8166666666667,25,0,0,0,32|-3.500|7.250|1|3.000
4370,72.8333333333333,25,0,0,0,32|-3.500|7.000|1|3.000
4371,72.85,25,0,0,0,32|-3.500|6.750|1|3.000
4372,72.8666666666667,25,0,0,0,32|-3.500|6.500|1|3.000
4373,72.8833333333333,25,0,0,0,32|-3.250|6.250|1|3.000
4374,72.9,25,0,0,0,32|-3.250|6.000|1|3.000
4375,72.9166666666667,25,0,0,0,32|-3.000|5.750|1|3.000
4376,72.9333333333333,25,0,0,0,32|-2.750|5.500|1|3.000
4377,72.95,25,0,0,0,32|-2.500|5.250|1|3.000
4378,72.9666666666667,25,0,0,0,32|-2.250|5.000|1|3.000
4379,72.9833333333333,25,0,0,0,32|-2.000|4.750|1|3.000
4380,73,25,0,0,0,32|-1.750|4.500|1|3.000
4381,73.0166666666667,25,0,0,0,32|-1.500|4.250|1|3.000
4382,73.0333333333333,25,0,0,0,32|-1.500|4.000|1|3.000
4383,73.05,25,0,0,0,32|-1.500|3.750|1|3.000
4384,73.0666666666667,25,0,0,0,32|-1.500|3.500|1|3.000
4385,73.0833333333333,25,0,0,0,32|-1.500|3.250|1|3.000
4386,73.1,25,0,0,0,32|-1.500|3.000|1|3.000
4387,73.1166666666667,25,0,0,0,32|-1.250|2.750|1|3.000
4388,73.1333333333333,25,0,0,0,32|-1.000|2.500|1|3.000
4389,73.15,25,0,0,0,32|-0.750|2.250|1|3.000
4390,73.1666666666667,25,0,0,0,32|-0.750|2.000|1|3.000
4391,73.1833333333333,25,0,0,0,32|-0.750|1.750|1|3.000
4392,73.2,25,0,0,0,32|-0.500|1.500|1|3.000
4393,73.2166666666667,25,0,0,0,32|-0.500|1.250|1|3.000
4394,73.2333333333333,25,0,0,0,32|-0.500|1.000|1|3.000
4395,73.25,25,0,0,0,32|-0.500|0.750|1|3.000
4396,73.2666666666667,25,0,0,0,32|-0.500|0.500|1|3.000
4397,73.2833333333333,25,0,0,0,32|-0.250|0.250|1|3.000
4398,73.3,25,1,1.5,4,32|0.000|0.000|1|3.000
4399,73.3166666666667,0,0,0,0,
4400,73.3333333333333,0,0,0,0,
4401,73.35,0,0,0,0,
4402,73.3666666666667,0,0,0,0,
4403,73.3833333333333,0,0,0,0,
4404,73.4,0,0,0,0,
4405,73.4166666666667,0,0,0,0,
4406,73.4333333333333,0,0,0,0,
4407,73.45,0,0,0,0,
4408,73.4666666666667,0,0,0,0,
4409,73.4833333333333,0,0,0,0,
4410,73.5,0,0,0,0,
4411,73.5166666666667,0,0,0,0,
4412,73.5333333333333,0,0,0,0,
4413,73.55,0,0,0,0,
4414,73.5666666666667,0,0,0,0,
4415,73.5833333333333,0,0,0,0,
4416,73.6,0,0,0,0,
4417,73.6166666666667,25,0,0,0,33|-15.000|29.750|1|1.500
4418,73.6333333333333,25,0,0,0,33|-15.000|29.500|1|1.500
4419,73.65,25,0,0,0,33|-15.000|29.250|1|1.500
4420,73.6666666666667,25,0,0,0,33|-15.000|29.000|1|1.500
4421,73.6833333333333,25,0,0,0,33|-15.000|28.750|1|1.500
4422,73.7,25,0,0,0,33|-15.000|28.500|1|1.500
4423,73.7166666666667,25,0,0,0,33|-15.000|28.250|1|1.500
4424,73.7333333333333,25,0,0,0,33|-15.000|28.000|1|1.500
4425,73.75,25,0,0,0,33|-15.000|27.750|1|1.500
4426,73.7666666666667,25,0,0,0,33|-15.000|27.500|1|1.500
4427,73.7833333333333,25,0,0,0,33|-15.000|27.250|1|1.500
4428,73.8,25,0,0,0,33|-13.750|27.000|1|1.500
4429,73.8166666666667,25,0,0,0,33|-13.750|26.750|1|1.500
4430,73.8333333333333,25,0,0,0,33|-13.750|26.500|1|1.500
4431,73.85,25,0,0,0,33|-13.750|26.250|1|1.500
4432,73.8666666666667,25,0,0,0,33|-12.500|26.000|1|1.500
4433,73.8833333333333,25,0,0,0,33|-12.500|25.750|1|1.500
4434,73.9,25,0,0,0,33|-12.500|25.500|1|1.500
4435,73.9166666666667,25,0,0,0,33|-11.250|25.250|1|1.500
4436,73.9333333333333,25,0,0,0,33|-11.250|25.000|1|1.500
4437,73.95,25,0,0,0,33|-11.250|24.750|1|1.500
4438,73.9666666666667,25,0,0,0,33|-11.250|24.500|1|1.500
4439,73.9833333333333,25,0,0,0,33|-11.250|24.250|1|1.500
4440,74,25,0,0,0,33|-11.250|24.000|1|1.500
4441,74.0166666666667,25,0,0,0,33|-11.250|23.750|1|1.500
4442,74.0333333333333,25,0,0,0,33|-11.250|23.500|1|1.500
4443,74.05,25,0,0,0,33|-11.250|23.250|1|1.500
4444,74.0666666666667,25,0,0,0,33|-11.250|23.000|1|1.500
4445,74.0833333333333,25,0,0,0,33|-11.250|22.750|1|1.500
4446,74.1,25,0,0,0,33|-11.250|22.500|1|1.500
4447,74.1166666666667,25,0,0,0,33|-11.250|22.250|1|1.500
4448,74.1333333333333,25,0,0,0,33|-11.250|22.000|1|1.500
4449,74.15,25,0,0,0,33|-11.250|21.750|1|1.500
4450,74.1666666666667,25,0,0,0,33|-10.000|21.500|1|1.500
4451,74.1833333333333,25,0,0,0,33|-10.000|21.250|1|1.500
4452,74.2,25,0,0,0,33|-10.000|21.000|1|1.500
4453,74.2166666666667,25,0,0,0,33|-10.000|20.750|1|1.500
4454,74.2333333333333,25,0,0,0,33|-10.000|20.500|1|1.500
4455,74.25,25,0,0,0,33|-10.000|20.250|1|1.500
4456,74.2666666666667,25,0,0,0,33|-10.000|20.000|1|1.500
4457,74.2833333333333,25,0,0,0,33|-10.000|19.750|1|1.500
4458,74.3,25,0,0,0,33|-10.000|19.500|1|1.500
4459,74.3166666666667,25,0,0,0,33|-10.000|19.250|1|1.500
4460,74.3333333333333,25,0,0,0,33|-10.000|19.000|1|1.500
4461,74.35,25,0,0,0,33|-10.000|18.750|1|1.500
4462,74.3666666666667,25,0,0,0,33|-10.000|18.500|1|1.500
4463,74.3833333333333,25,0,0,0,33|-10.000|18.250|1|1.500
4464,74.4,25,0,0,0,33|-10.000|18.000|1|1.500
4465,74.4166666666667,25,0,0,0,33|-10.000|17.750|1|1.500
4466,74.4333333333333,25,0,0,0,33|-10.000|17.500|1|1.500
4467,74.45,25,0,0,0,33|-10.000|17.250|1|1.500
4468,74.4666666666667,25,0,0,0,33|-10.000|17.000|1|1.500
4469,74.4833333333333,25,0,0,0,33|-10.000|16.750|1|1.500
4470,74.5,25,0,0,0,33|-10.000|16.500|1|1.500
4471,74.5166666666667,25,0,0,0,33|-10.000|16.250|1|1.500
4472,74.5333333333333,25,0,0,0,33|-10.000|16.000|1|1.500
4473,74.55,25,0,0,0,33|-10.000|15.750|1|1.500
4474,74.5666666666667,25,0,0,0,33|-10.000|15.500|1|1.500
4475,74.5833333333333,25,0,0,0,33|-10.000|15.250|1|1.500
4476,74.6,25,0,0,0,33|-10.000|15.000|1|1.500
4477,74.6166666666667,25,0,0,0,33|-10.000|14.750|1|1.500
4478,74.6333333333333,25,0,0,0,33|-10.000|14.500|1|1.500
4479,74.65,25,0,0,0,33|-10.000|14.250|1|1.500
4480,74.6666666666667,25,0,0,0,33|-10.000|14.000|1|1.500
4481,74.6833333333333,25,0,0,0,33|-10.000|13.750|1|1.500
4482,74.7,25,0,0,0,33|-8.750|13.500|1|1.500
4483,74.7166666666667,25,0,0,0,33|-8.750|13.250|1|1.500
4484,74.7333333333333,25,0,0,0,33|-8.750|13.000|1|1.500
4485,74.75,25,0,0,0,33|-8.750|12.750|1|1.500
4486,74.7666666666667,25,0,0,0,33|-8.750|12.500|1|1.500
4487,74.7833333333333,25,0,0,0,33|-8.750|12.250|1|1.500
4488,74.8,25,0,0,0,33|-8.750|12.000|1|1.500
4489,74.8166666666667,25,0,0,0,33|-8.750|11.750|1|1.500
4490,74.8333333333333,25,0,0,0,33|-8.750|11.500|1|1.500
4491,74.85,25,0,0,0,33|-8.750|11.250|1|1.500
4492,74.8666666666667,25,0,0,0,33|-7.500|11.000|1|1.500
4493,74.8833333333333,25,0,0,0,33|-7.500|10.750|1|1.500
4494,74.9,25,0,0,0,33|-7.500|10.500|1|1.500
4495,74.9166666666667,25,0,0,0,33|-7.500|10.250|1|1.500
4496,74.9333333333333,25,0,0,0,33|-7.500|10.000|1|1.500
4497,74.95,25,0,0,0,33|-7.500|9.750|1|1.500
4498,74.9666666666667,25,0,0,0,33|-7.500|9.500|1|1.500
4499,74.9833333333333,25,0,0,0,33|-7.500|9.250|1|1.500
4500,75,25,0,0,0,33|-7.500|9.000|1|1.500
4501,75.0166666666667,25,0,0,0,33|-7.500|8.750|1|1.500
4502,75.0333333333333,25,0,0,0,33|-7.500|8.500|1|1.500
4503,75.05,25,0,0,0,33|-7.500|8.250|1|1.500
4504,75.0666666666667,25,0,0,0,33|-7.500|8.000|1|1.500
4505,75.0833333333333,25,0,0,0,33|-7.500|7.750|1|1.500
4506,75.1,25,0,0,0,33|-7.500|7.500|1|1.500
4507,75.1166666666667,25,0,0,0,33|-7.500|7.250|1|1.500
4508,75.1333333333333,25,0,0,0,33|-7.500|7.000|1|1.500
4509,75.15,25,0,0,0,33|-7.500|6.750|1|1.500
4510,75.1666666666667,25,0,0,0,33|-7.500|6.500|1|1.500
4511,75.1833333333333,25,0,0,0,33|-7.500|6.250|1|1.500
4512,75.2,25,0,0,0,33|-7.500|6.000|1|1.500
4513,75.2166666666667,25,0,0,0,33|-7.500|5.750|1|1.500
4514,75.2333333333333,25,0,0,0,33|-6.250|5.500|1|1.500
4515,75.25,25,0,0,0,33|-6.250|5.250|1|1.500
4516,75.2666666666667,25,0,0,0,33|-6.250|5.000|1|1.500
4517,75.2833333333333,25,0,0,0,33|-6.250|4.750|1|1.500
4518,75.3,25,0,0,0,33|-6.250|4.500|1|1.500
4519,75.3166666666667,25,0,0,0,33|-6.250|4.250|1|1.500
4520,75.3333333333333,25,0,0,0,33|-6.250|4.000|1|1.500
4521,75.35,25,0,0,0,33|-6.250|3.750|1|1.500
4522,75.3666666666667,25,0,0,0,33|-6.250|3.500|1|1.500
4523,75.3833333333333,25,0,0,0,33|-6.250|3.250|1|1.500
4524,75.4,25,0,0,0,33|-6.250|3.000|1|1.500
4525,75.4166666666667,25,0,0,0,33|-5.000|2.750|1|1.500
4526,75.4333333333333,25,0,0,0,33|-3.750|2.500|1|1.500
4527,75.45,25,0,0,0,33|-3.750|2.250|1|1.500
4528,75.4666666666667,25,0,0,0,33|-3.750|2.000|1|1.500
4529,75.4833333333333,25,0,0,0,33|-3.750|1.750|1|1.500
4530,75.5,25,0,0,0,33|-3.750|1.500|1|1.500
4531,75.5166666666667,25,0,0,0,33|-2.500|1.250|1|1.500
4532,75.5333333333333,25,0,0,0,33|-1.250|1.000|1|1.500
4533,75.55,25,0,0,0,33|0.000|0.750|1|1.500
4534,75.5666666666667,25,0,0,0,33|0.000|0.500|1|1.500
4535,75.5833333333333,25,0,0,0,33|0.000|0.250|1|1.500
4536,75.6,25,1,1.5,4,33|0.000|0.000|1|1.500
4537,75.6166666666667,0,0,0,0,
4538,75.6333333333333,0,0,0,0,
4539,75.65,0,0,0,0,
4540,75.6666666666667,0,0,0,0,
4541,75.6833333333333,0,0,0,0,
4542,75.7,0,0,0,0,
4543,75.7166666666667,0,0,0,0,
4544,75.7333333333333,0,0,0,0,
4545,75.75,0,0,0,0,
4546,75.7666666666667,0,0,0,0,
4547,75.7833333333333,0,0,0,0,
4548,75.8,0,0,0,0,
4549,75.8166666666667,0,0,0,0,
4550,75.8333333333333,0,0,0,0,
4551,75.85,0,0,0,0,
4552,75.8666666666667,0,0,0,0,
4553,75.8833333333333,0,0,0,0,
4554,75.9,0,0,0,0,
4555,75.9166666666667,25,0,0,0,34|-14.750|29.750|1|1.500
4556,75.9333333333333,25,0,0,0,34|-14.750|29.500|1|1.500
4557,75.95,25,0,0,0,34|-14.500|29.250|1|1.500
4558,75.9666666666667,25,0,0,0,34|-14.500|29.000|1|1.500
4559,75.9833333333333,25,0,0,0,34|-14.250|28.750|1|1.500
4560,76,25,0,0,0,34|-14.250|28.500|1|1.500
4561,76.0166666666667,25,0,0,0,34|-14.000|28.250|1|1.500
4562,76.0333333333333,25,0,0,0,34|-13.750|28.000|1|1.500
4563,76.05,25,0,0,0,34|-13.750|27.750|1|1.500
4564,76.0666666666667,25,0,0,0,34|-13.750|27.500|1|1.500
4565,76.0833333333333,25,0,0,0,34|-13.500|27.250|1|1.500
4566,76.1,25,0,0,0,34|-13.500|27.000|1|1.500
4567,76.1166666666667,25,0,0,0,34|-13.500|26.750|1|1.500
4568,76.1333333333333,25,0,0,0,34|-13.250|26.500|1|1.500
4569,76.15,25,0,0,0,34|-13.000|26.250|1|1.500
4570,76.1666666666667,25,0,0,0,34|-12.750|26.000|1|1.500
4571,76.1833333333333,25,0,0,0,34|-12.500|25.750|1|1.500
4572,76.2,25,0,0,0,34|-12.500|25.500|1|1.500
4573,76.2166666666667,25,0,0,0,34|-12.500|25.250|1|1.500
4574,76.2333333333333,25,0,0,0,34|-12.500|25.000|1|1.500
4575,76.25,25,0,0,0,34|-12.500|24.750|1|1.500
4576,76.2666666666667,25,0,0,0,34|-12.500|24.500|1|1.500
4577,76.2833333333333,25,0,0,0,34|-12.250|24.250|1|1.500
4578,76.3,25,0,0,0,34|-12.250|24.000|1|1.500
4579,76.3166666666667,25,0,0,0,34|-12.250|23.750|1|1.500
4580,76.3333333333333,25,0,0,0,34|-12.000|23.500|1|1.500
4581,76.35,25,0,0,0,34|-12.000|23.250|1|1.500
4582,76.3666666666667,25,0,0,0,34|-12.000|23.000|1|1.500
4583,76.3833333333333,25,0,0,0,34|-12.000|22.750|1|1.500
4584,76.4,25,0,0,0,34|-12.000|22.500|1|1.500
4585,76.4166666666667,25,0,0,0,34|-12.000|22.250|1|1.500
4586,76.4333333333333,25,0,0,0,34|-11.750|22.000|1|1.500
4587,76.45,25,0,0,0,34|-11.500|21.750|1|1.500
4588,76.4666666666667,25,0,0,0,34|-11.250|21.500|1|1.500
4589,76.4833333333333,25,0,0,0,34|-11.000|21.250|1|1.500
4590,76.5,25,0,0,0,34|-11.000|21.000|1|1.500
4591,76.5166666666667,25,0,0,0,34|-10.750|20.750|1|1.500
4592,76.5333333333333,25,0,0,0,34|-10.500|20.500|1|1.500
4593,76.55,25,0,0,0,34|-10.250|20.250|1|1.500
4594,76.5666666666667,25,0,0,0,34|-10.000|20.000|1|1.500
4595,76.5833333333333,25,0,0,0,34|-9.750|19.750|1|1.500
4596,76.6,25,0,0,0,34|-9.500|19.500|1|1.500
4597,76.6166666666667,25,0,0,0,34|-9.500|19.250|1|1.500
4598,76.6333333333333,25,0,0,0,34|-9.250|19.000|1|1.500
4599,76.65,25,0,0,0,34|-9.000|18.750|1|1.500
4600,76.6666666666667,25,0,0,0,34|-9.000|18.500|1|1.500
4601,76.6833333333333,25,0,0,0,34|-9.000|18.250|1|1.500
4602,76.7,25,0,0,0,34|-8.750|18.000|1|1.500
4603,76.7166666666667,25,0,0,0,34|-8.500|17.750|1|1.500
4604,76.7333333333333,25,0,0,0,34|-8.250|17.500|1|1.500
4605,76.75,25,0,0,0,34|-8.000|17.250|1|1.500
4606,76.7666666666667,25,0,0,0,34|-8.000|17.000|1|1.500
4607,76.7833333333333,25,0,0,0,34|-7.750|16.750|1|1.500
4608,76.8,25,0,0,0,34|-7.750|16.500|1|1.500
4609,76.8166666666667,25,0,0,0,34|-7.750|16.250|1|1.500
4610,76.8333333333333,25,0,0,0,34|-7.500|16.000|1|1.500
4611,76.85,25,0,0,0,34|-7.250|15.750|1|1.500
4612,76.8666666666667,25,0,0,0,34|-7.000|15.500|1|1.500
4613,76.8833333333333,25,0,0,0,34|-6.750|15.250|1|1.500
4614,76.9,25,0,0,0,34|-6.500|15.000|1|1.500
4615,76.9166666666667,25,0,0,0,34|-6.500|14.750|1|1.500
4616,76.9333333333333,25,0,0,0,34|-6.250|14.500|1|1.500
4617,76.95,25,0,0,0,34|-6.000|14.250|1|1.500
4618,76.9666666666667,25,0,0,0,34|-6.000|14.000|1|1.500
4619,76.9833333333333,25,0,0,0,34|-5.750|13.750|1|1.500
4620,77,25,0,0,0,34|-5.750|13.500|1|1.500
4621,77.0166666666667,25,0,0,0,34|-5.750|13.250|1|1.500
4622,77.0333333333333,25,0,0,0,34|-5.500|13.000|1|1.500
4623,77.05,25,0,0,0,34|-5.500|12.750|1|1.500
4624,77.0666666666667,25,0,0,0,34|-5.250|12.500|1|1.500
4625,77.0833333333333,25,0,0,0,34|-5.000|12.250|1|1.500
4626,77.1,25,0,0,0,34|-5.000|12.000|1|1.500
4627,77.1166666666667,25,0,0,0,34|-5.000|11.750|1|1.500
4628,77.1333333333333,25,0,0,0,34|-5.000|11.500|1|1.500
4629,77.15,25,0,0,0,34|-4.750|11.250|1|1.500
4630,77.1666666666667,25,0,0,0,34|-4.500|11.000|1|1.500
4631,77.1833333333333,25,0,0,0,34|-4.500|10.750|1|1.500
4632,77.2,25,0,0,0,34|-4.500|10.500|1|1.500
4633,77.2166666666667,25,0,0,0,34|-4.250|10.250|1|1.500
4634,77.2333333333333,25,0,0,0,34|-4.000|10.000|1|1.500
4635,77.25,25,0,0,0,34|-4.000|9.750|1|1.500
4636,77.2666666666667,25,0,0,0,34|-3.750|9.500|1|1.500
4637,77.2833333333333,25,0,0,0,34|-3.750|9.250|1|1.500
4638,77.3,25,0,0,0,34|-3.750|9.000|1|1.500
4639,77.3166666666667,25,0,0,0,34|-3.750|8.750|1|1.500
4640,77.3333333333333,25,0,0,0,34|-3.500|8.500|1|1.500
4641,77.35,25,0,0,0,34|-3.250|8.250|1|1.500
4642,77.3666666666667,25,0,0,0,34|-3.000|8.000|1|1.500
4643,77.3833333333333,25,0,0,0,34|-3.000|7.750|1|1.500
4644,77.4,25,0,0,0,34|-2.750|7.500|1|1.500
4645,77.4166666666667,25,0,0,0,34|-2.750|7.250|1|1.500
4646,77.4333333333333,25,0,0,0,34|-2.500|7.000|1|1.500
4647,77.45,25,0,0,0,34|-2.500|6.750|1|1.500
4648,77.4666666666667,25,0,0,0,34|-2.250|6.500|1|1.500
4649,77.4833333333333,25,0,0,0,34|-2.250|6.250|1|1.500
4650,77.5,25,0,0,0,34|-2.250|6.000|1|1.500
4651,77.5166666666667,25,0,0,0,34|-2.250|5.750|1|1.500
4652,77.5333333333333,25,0,0,0,34|-2.250|5.500|1|1.500
4653,77.55,25,0,0,0,34|-2.000|5.250|1|1.500
4654,77.5666666666667,25,0,0,0,34|-2.000|5.000|1|1.500
4655,77.5833333333333,25,0,0,0,34|-1.750|4.750|1|1.500
4656,77.6,25,0,0,0,34|-1.500|4.500|1|1.500
4657,77.6166666666667,25,0,0,0,34|-1.500|4.250|1|1.500
4658,77.6333333333333,25,0,0,0,34|-1.500|4.000|1|1.500
4659,77.65,25,0,0,0,34|-1.250|3.750|1|1.500
4660,77.6666666666667,25,0,0,0,34|-1.250|3.500|1|1.500
4661,77.6833333333333,25,0,0,0,34|-1.250|3.250|1|1.500
4662,77.7,25,0,0,0,34|-1.250|3.000|1|1.500
4663,77.7166666666667,25,0,0,0,34|-1.250|2.750|1|1.500
4664,77.7333333333333,25,0,0,0,34|-1.250|2.500|1|1.500
4665,77.75,25,0,0,0,34|-1.250|2.250|1|1.500
4666,77.7666666666667,25,0,0,0,34|-1.000|2.000|1|1.500
4667,77.7833333333333,25,0,0,0,34|-0.750|1.750|1|1.500
4668,77.8,25,0,0,0,34|-0.750|1.500|1|1.500
4669,77.8166666666667,25,0,0,0,34|-0.500|1.250|1|1.500
4670,77.8333333333333,25,0,0,0,34|-0.250|1.000|1|1.500
4671,77.85,25,0,0,0,34|0.000|0.750|1|1.500
4672,77.8666666666667,25,0,0,0,34|0.000|0.500|1|1.500
4673,77.8833333333333,25,0,0,0,34|0.000|0.250|1|1.500
4674,77.9,25,1,1.5,4,34|0.000|0.000|1|1.500
4675,77.9166666666667,0,0,0,0,
4676,77.9333333333333,0,0,0,0,
4677,77.95,0,0,0,0,
4678,77.9666666666667,0,0,0,0,
4679,77.9833333333333,0,0,0,0,
4680,78,0,0,0,0,
4681,78.0166666666667,0,0,0,0,
4682,78.0333333333333,0,0,0,0,
4683,78.05,0,0,0,0,
4684,78.0666666666667,0,0,0,0,
4685,78.0833333333333,0,0,0,0,
4686,78.1,0,0,0,0,
4687,78.1166666666667,0,0,0,0,
4688,78.1333333333333,0,0,0,0,
4689,78.15,0,0,0,0,
4690,78.1666666666667,0,0,0,0,
4691,78.1833333333333,0,0,0,0,
4692,78.2,0,0,0,0,
4693,78.2166666666667,25,0,0,0,35|-5.950|29.750|1|3.000
4694,78.2333333333333,25,0,0,0,35|-5.900|29.500|1|3.000
4695,78.25,25,0,0,0,35|-5.850|29.250|1|3.000
4696,78.2666666666667,25,0,0,0,35|-5.800|29.000|1|3.000
4697,78.2833333333333,25,0,0,0,35|-5.750|28.750|1|3.000
4698,78.3,25,0,0,0,35|-5.700|28.500|1|3.000
4699,78.3166666666667,25,0,0,0,35|-5.650|28.250|1|3.000
4700,78.3333333333333,25,0,0,0,35|-5.600|28.000|1|3.000
4701,78.35,25,0,0,0,35|-5.550|27.750|1|3.000
4702,78.3666666666667,25,0,0,0,35|-5.500|27.500|1|3.000
4703,78.3833333333333,25,0,0,0,35|-5.450|27.250|1|3.000
4704,78.4,25,0,0,0,35|-5.400|27.000|1|3.000
4705,78.4166666666667,25,0,0,0,35|-5.350|26.750|1|3.000
4706,78.4333333333333,25,0,0,0,35|-5.300|26.500|1|3.000
4707,78.45,25,0,0,0,35|-5.250|26.250|1|3.000
4708,78.4666666666667,25,0,0,0,35|-5.200|26.000|1|3.000
4709,78.4833333333333,25,0,0,0,35|-5.150|25.750|1|3.000
4710,78.5,25,0,0,0,35|-5.100|25.500|1|3.000
4711,78.5166666666667,25,0,0,0,35|-5.050|25.250|1|3.000
4712,78.5333333333333,25,0,0,0,35|-5.000|25.000|1|3.000
4713,78.55,25,0,0,0,35|-4.950|24.750|1|3.000
4714,78.5666666666667,25,0,0,0,35|-4.900|24.500|1|3.000
4715,78.5833333333333,25,0,0,0,35|-4.850|24.250|1|3.000
4716,78.6,25,0,0,0,35|-4.800|24.000|1|3.000
4717,78.6166666666667,25,0,0,0,35|-4.750|23.750|1|3.000
4718,78.6333333333333,25,0,0,0,35|-4.700|23.500|1|3.000
4719,78.65,25,0,0,0,35|-4.650|23.250|1|3.000
4720,78.6666666666667,25,0,0,0,35|-4.600|23.000|1|3.000
4721,78.6833333333333,25,0,0,0,35|-4.550|22.750|1|3.000
4722,78.7,25,0,0,0,35|-4.500|22.500|1|3.000
4723,78.7166666666667,25,0,0,0,35|-4.450|22.250|1|3.000
4724,78.7333333333333,25,0,0,0,35|-4.400|22.000|1|3.000
4725,78.75,25,0,0,0,35|-4.350|21.750|1|3.000
4726,78.7666666666667,25,0,0,0,35|-4.300|21.500|1|3.000
4727,78.7833333333333,25,0,0,0,35|-4.250|21.250|1|3.000
4728,78.8,25,0,0,0,35|-4.200|21.000|1|3.000
4729,78.8166666666667,25,0,0,0,35|-4.150|20.750|1|3.000
4730,78.8333333333333,25,0,0,0,35|-4.100|20.500|1|3.000
4731,78.85,25,0,0,0,35|-4.050|20.250|1|3.000
4732,78.8666666666667,25,0,0,0,35|-4.000|20.000|1|3.000
4733,78.8833333333333,25,0,0,0,35|-3.950|19.750|1|3.000
4734,78.9,25,0,0,0,35|-3.900|19.500|1|3.000
4735,78.9166666666667,25,0,0,0,35|-3.850|19.250|1|3.000
4736,78.9333333333333,25,0,0,0,35|-3.800|19.000|1|3.000
4737,78.95,25,0,0,0,35|-3.750|18.750|1|3.000
4738,78.9666666666667,25,0,0,0,35|-3.700|18.500|1|3.000
4739,78.9833333333333,25,0,0,0,35|-3.650|18.250|1|3.000
4740,79,25,0,0,0,35|-3.600|18.000|1|3.000
4741,79.0166666666667,25,0,0,0,35|-3.550|17.750|1|3.000
4742,79.0333333333333,25,0,0,0,35|-3.500|17.500|1|3.000
4743,79.05,25,0,0,0,35|-3.450|17.250|1|3.000
4744,79.0666666666667,25,0,0,0,35|-3.400|17.000|1|3.000
4745,79.0833333333333,25,0,0,0,35|-3.350|16.750|1|3.000
4746,79.1,25,0,0,0,35|-3.300|16.500|1|3.000
4747,79.1166666666667,25,0,0,0,35|-3.250|16.250|1|3.000
4748,79.1333333333333,25,0,0,0,35|-3.200|16.000|1|3.000
4749,79.15,25,0,0,0,35|-3.150|15.750|1|3.000
4750,79.1666666666667,25,0,0,0,35|-3.100|15.500|1|3.000
4751,79.1833333333333,25,0,0,0,35|-3.050|15.250|1|3.000
4752,79.2,25,0,0,0,35|-3.000|15.000|1|3.000
4753,79.2166666666667,25,0,0,0,35|-2.950|14.750|1|3.000
4754,79.2333333333333,25,0,0,0,35|-2.900|14.500|1|3.000
4755,79.25,25,0,0,0,35|-2.850|14.250|1|3.000
4756,79.2666666666667,25,0,0,0,35|-2.800|14.000|1|3.000
4757,79.2833333333333,25,0,0,0,35|-2.750|13.750|1|3.000
4758,79.3,25,0,0,0,35|-2.700|13.500|1|3.000
4759,79.3166666666667,25,0,0,0,35|-2.650|13.250|1|3.000
4760,79.3333333333333,25,0,0,0,35|-2.600|13.000|1|3.000
4761,79.35,25,0,0,0,35|-2.550|12.750|1|3.000
4762,79.3666666666667,25,0,0,0,35|-2.500|12.500|1|3.000
4763,79.3833333333333,25,0,0,0,35|-2.450|12.250|1|3.000
4764,79.4,25,0,0,0,35|-2.400|12.000|1|3.000
4765,79.4166666666667,25,0,0,0,35|-2.350|11.750|1|3.000
4766,79.4333333333333,25,0,0,0,35|-2.300|11.500|1|3.000
4767,79.45,25,0,0,0,35|-2.250|11.250|1|3.000
4768,79.4666666666667,25,0,0,0,35|-2.200|11.000|1|3.000
4769,79.4833333333333,25,0,0,0,35|-2.150|10.750|1|3.000
4770,79.5,25,0,0,0,35|-2.100|10.500|1|3.000
4771,79.5166666666667,25,0,0,0,35|-2.050|10.250|1|3.000
4772,79.5333333333333,25,0,0,0,35|-2.000|10.000|1|3.000
4773,79.55,25,0,0,0,35|-1.950|9.750|1|3.000
4774,79.5666666666667,25,0,0,0,35|-1.900|9.500|1|3.000
4775,79.5833333333333,25,0,0,0,35|-1.850|9.250|1|3.000
4776,79.6,25,0,0,0,35|-1.800|9.000|1|3.000
4777,79.6166666666667,25,0,0,0,35|-1.750|8.750|1|3.000
4778,79.6333333333333,25,0,0,0,35|-1.700|8.500|1|3.000
4779,79.65,25,0,0,0,35|-1.650|8.250|1|3.000
4780,79.6666666666667,25,0,0,0,35|-1.600|8.000|1|3.000
4781,79.6833333333333,25,0,0,0,35|-1.550|7.750|1|3.000
4782,79.7,25,0,0,0,35|-1.500|7.500|1|3.000
4783,79.7166666666667,25,0,0,0,35|-1.450|7.250|1|3.000
4784,79.7333333333333,25,0,0,0,35|-1.400|7.000|1|3.000
4785,79.75,25,0,0,0,35|-1.350|6.750|1|3.000
4786,79.7666666666667,25,0,0,0,35|-1.300|6.500|1|3.000
4787,79.7833333333333,25,0,0,0,35|-1.250|6.250|1|3.000
4788,79.8,25,0,0,0,35|-1.200|6.000|1|3.000
4789,79.8166666666667,25,0,0,0,35|-1.150|5.750|1|3.000
4790,79.8333333333333,25,0,0,0,35|-1.100|5.500|1|3.000
4791,79.85,25,0,0,0,35|-1.050|5.250|1|3.000
4792,79.8666666666667,25,0,0,0,35|-1.000|5.000|1|3.000
4793,79.8833333333333,25,0,0,0,35|-0.950|4.750|1|3.000
4794,79.9,25,0,0,0,35|-0.900|4.500|1|3.000
4795,79.9166666666667,25,0,0,0,35|-0.850|4.250|1|3.000
4796,79.9333333333333,25,0,0,0,35|-0.800|4.000|1|3.000
4797,79.95,25,0,0,0,35|-0.750|3.750|1|3.000
4798,79.9666666666667,25,0,0,0,35|-0.700|3.500|1|3.000
4799,79.9833333333333,25,0,0,0,35|-0.650|3.250|1|3.000
4800,80,25,0,0,0,35|-0.600|3.000|1|3.000
4801,80.0166666666667,25,0,0,0,35|-0.550|2.750|1|3.000
4802,80.0333333333333,25,0,0,0,35|-0.500|2.500|1|3.000
4803,80.05,25,0,0,0,35|-0.450|2.250|1|3.000
4804,80.0666666666667,25,0,0,0,35|-0.400|2.000|1|3.000
4805,80.0833333333333,25,0,0,0,35|-0.350|1.750|1|3.000
4806,80.1,25,0,0,0,35|-0.300|1.500|1|3.000
4807,80.1166666666667,25,0,0,0,35|-0.250|1.250|1|3.000
4808,80.1333333333333,25,0,0,0,35|-0.200|1.000|1|3.000
4809,80.15,25,0,0,0,35|-0.150|0.750|1|3.000
4810,80.1666666666667,25,0,0,0,35|-0.100|0.500|1|3.000
4811,80.1833333333333,25,0,0,0,35|-0.050|0.250|1|3.000
4812,80.2,25,1,1,1,35|-0.000|0.000|1|3.000
4813,80.2166666666667,0,0,0,0,
4814,80.2333333333333,0,0,0,0,
4815,80.25,0,0,0,0,
4816,80.2666666666667,0,0,0,0,
4817,80.2833333333333,0,0,0,0,
4818,80.3,0,0,0,0,
4819,80.3166666666667,0,0,0,0,
4820,80.3333333333333,0,0,0,0,
4821,80.35,0,0,0,0,
4822,80.3666666666667,0,0,0,0,
4823,80.3833333333333,0,0,0,0,
4824,80.4,0,0,0,0,
4825,80.4166666666667,0,0,0,0,
4826,80.4333333333333,0,0,0,0,
4827,80.45,0,0,0,0,
4828,80.4666666666667,0,0,0,0,
4829,80.4833333333333,0,0,0,0,
4830,80.5,0,0,0,0,
4831,80.5166666666667,25,0,0,0,36|-5.800|29.750|1|1.500
4832,80.5333333333333,25,0,0,0,36|-5.800|29.500|1|1.500
4833,80.55,25,0,0,0,36|-5.800|29.250|1|1.500
4834,80.5666666666667,25,0,0,0,36|-5.800|29.000|1|1.500
4835,80.5833333333333,25,0,0,0,36|-5.800|28.750|1|1.500
4836,80.6,25,0,0,0,36|-5.800|28.500|1|1.500
4837,80.6166666666667,25,0,0,0,36|-5.800|28.250|1|1.500
4838,80.6333333333333,25,0,0,0,36|-5.800|28.000|1|1.500
4839,80.65,25,0,0,0,36|-5.800|27.750|1|1.500
4840,80.6666666666667,25,0,0,0,36|-5.800|27.500|1|1.500
4841,80.6833333333333,25,0,0,0,36|-5.800|27.250|1|1.500
4842,80.7,25,0,0,0,36|-5.800|27.000|1|1.500
4843,80.7166666666667,25,0,0,0,36|-5.600|26.750|1|1.500
4844,80.7333333333333,25,0,0,0,36|-5.600|26.500|1|1.500
4845,80.75,25,0,0,0,36|-5.600|26.250|1|1.500
4846,80.7666666666667,25,0,0,0,36|-5.600|26.000|1|1.500
4847,80.7833333333333,25,0,0,0,36|-5.600|25.750|1|1.500
4848,80.8,25,0,0,0,36|-5.600|25.500|1|1.500
4849,80.8166666666667,25,0,0,0,36|-5.600|25.250|1|1.500
4850,80.8333333333333,25,0,0,0,36|-5.600|25.000|1|1.500
4851,80.85,25,0,0,0,36|-5.600|24.750|1|1.500
4852,80.8666666666667,25,0,0,0,36|-5.600|24.500|1|1.500
4853,80.8833333333333,25,0,0,0,36|-5.600|24.250|1|1.500
4854,80.9,25,0,0,0,36|-5.600|24.000|1|1.500
4855,80.9166666666667,25,0,0,0,36|-5.400|23.750|1|1.500
4856,80.9333333333333,25,0,0,0,36|-5.400|23.500|1|1.500
4857,80.95,25,0,0,0,36|-5.200|23.250|1|1.500
4858,80.9666666666667,25,0,0,0,36|-5.000|23.000|1|1.500
4859,80.9833333333333,25,0,0,0,36|-5.000|22.750|1|1.500
4860,81,25,0,0,0,36|-4.800|22.500|1|1.500
4861,81.0166666666667,25,0,0,0,36|-4.800|22.250|1|1.500
4862,81.0333333333333,25,0,0,0,36|-4.800|22.000|1|1.500
4863,81.05,25,0,0,0,36|-4.800|21.750|1|1.500
4864,81.0666666666667,25,0,0,0,36|-4.800|21.500|1|1.500
4865,81.0833333333333,25,0,0,0,36|-4.600|21.250|1|1.500
4866,81.1,25,0,0,0,36|-4.600|21.000|1|1.500
4867,81.1166666666667,25,0,0,0,36|-4.600|20.750|1|1.500
4868,81.1333333333333,25,0,0,0,36|-4.400|20.500|1|1.500
4869,81.15,25,0,0,0,36|-4.400|20.250|1|1.500
4870,81.1666666666667,25,0,0,0,36|-4.200|20.000|1|1.500
4871,81.1833333333333,25,0,0,0,36|-4.200|19.750|1|1.500
4872,81.2,25,0,0,0,36|-4.200|19.500|1|1.500
4873,81.2166666666667,25,0,0,0,36|-4.000|19.250|1|1.500
4874,81.2333333333333,25,0,0,0,36|-4.000|19.000|1|1.500
4875,81.25,25,0,0,0,36|-4.000|18.750|1|1.500
4876,81.2666666666667,25,0,0,0,36|-4.000|18.500|1|1.500
4877,81.2833333333333,25,0,0,0,36|-4.000|18.250|1|1.500
4878,81.3,25,0,0,0,36|-3.800|18.000|1|1.500
4879,81.3166666666667,25,0,0,0,36|-3.600|17.750|1|1.500
4880,81.3333333333333,25,0,0,0,36|-3.600|17.500|1|1.500
4881,81.35,25,0,0,0,36|-3.600|17.250|1|1.500
4882,81.3666666666667,25,0,0,0,36|-3.600|17.000|1|1.500
4883,81.3833333333333,25,0,0,0,36|-3.400|16.750|1|1.500
4884,81.4,25,0,0,0,36|-3.400|16.500|1|1.500
4885,81.4166666666667,25,0,0,0,36|-3.400|16.250|1|1.500
4886,81.4333333333333,25,0,0,0,36|-3.400|16.000|1|1.500
4887,81.45,25,0,0,0,36|-3.400|15.750|1|1.500
4888,81.4666666666667,25,0,0,0,36|-3.200|15.500|1|1.500
4889,81.4833333333333,25,0,0,0,36|-3.200|15.250|1|1.500
4890,81.5,25,0,0,0,36|-3.200|15.000|1|1.500
4891,81.5166666666667,25,0,0,0,36|-3.200|14.750|1|1.500
4892,81.5333333333333,25,0,0,0,36|-3.200|14.500|1|1.500
4893,81.55,25,0,0,0,36|-3.200|14.250|1|1.500
4894,81.5666666666667,25,0,0,0,36|-3.200|14.000|1|1.500
4895,81.5833333333333,25,0,0,0,36|-3.200|13.750|1|1.500
4896,81.6,25,0,0,0,36|-3.200|13.500|1|1.500
4897,81.6166666666667,25,0,0,0,36|-3.200|13.250|1|1.500
4898,81.6333333333333,25,0,0,0,36|-3.200|13.000|1|1.500
4899,81.65,25,0,0,0,36|-3.000|12.750|1|1.500
4900,81.6666666666667,25,0,0,0,36|-3.000|12.500|1|1.500
4901,81.6833333333333,25,0,0,0,36|-2.800|12.250|1|1.500
4902,81.7,25,0,0,0,36|-2.600|12.000|1|1.500
4903,81.7166666666667,25,0,0,0,36|-2.600|11.750|1|1.500
4904,81.7333333333333,25,0,0,0,36|-2.400|11.500|1|1.500
4905,81.75,25,0,0,0,36|-2.400|11.250|1|1.500
4906,81.7666666666667,25,0,0,0,36|-2.400|11.000|1|1.500
4907,81.7833333333333,25,0,0,0,36|-2.400|10.750|1|1.500
4908,81.8,25,0,0,0,36|-2.400|10.500|1|1.500
4909,81.8166666666667,25,0,0,0,36|-2.400|10.250|1|1.500
4910,81.8333333333333,25,0,0,0,36|-2.400|10.000|1|1.500
4911,81.85,25,0,0,0,36|-2.400|9.750|1|1.500
4912,81.8666666666667,25,0,0,0,36|-2.200|9.500|1|1.500
4913,81.8833333333333,25,0,0,0,36|-2.200|9.250|1|1.500
4914,81.9,25,0,0,0,36|-2.200|9.000|1|1.500
4915,81.9166666666667,25,0,0,0,36|-2.200|8.750|1|1.500
4916,81.9333333333333,25,0,0,0,36|-2.200|8.500|1|1.500
4917,81.95,25,0,0,0,36|-2.200|8.250|1|1.500
4918,81.9666666666667,25,0,0,0,36|-2.200|8.000|1|1.500
4919,81.9833333333333,25,0,0,0,36|-2.200|7.750|1|1.500
4920,82,25,0,0,0,36|-2.200|7.500|1|1.500
4921,82.0166666666667,25,0,0,0,36|-2.200|7.250|1|1.500
4922,82.0333333333333,25,0,0,0,36|-2.000|7.000|1|1.500
4923,82.05,25,0,0,0,36|-2.000|6.750|1|1.500
4924,82.0666666666667,25,0,0,0,36|-2.000|6.500|1|1.500
4925,82.0833333333333,25,0,0,0,36|-2.000|6.250|1|1.500
4926,82.1,25,0,0,0,36|-1.800|6.000|1|1.500
4927,82.1166666666667,25,0,0,0,36|-1.600|5.750|1|1.500
4928,82.1333333333333,25,0,0,0,36|-1.600|5.500|1|1.500
4929,82.15,25,0,0,0,36|-1.400|5.250|1|1.500
4930,82.1666666666667,25,0,0,0,36|-1.200|5.000|1|1.500
4931,82.1833333333333,25,0,0,0,36|-1.000|4.750|1|1.500
4932,82.2,25,0,0,0,36|-1.000|4.500|1|1.500
4933,82.2166666666667,25,0,0,0,36|-1.000|4.250|1|1.500
4934,82.2333333333333,25,0,0,0,36|-0.800|4.000|1|1.500
4935,82.25,25,0,0,0,36|-0.800|3.750|1|1.500
4936,82.2666666666667,25,0,0,0,36|-0.800|3.500|1|1.500
4937,82.2833333333333,25,0,0,0,36|-0.800|3.250|1|1.500
4938,82.3,25,0,0,0,36|-0.800|3.000|1|1.500
4939,82.3166666666667,25,0,0,0,36|-0.800|2.750|1|1.500
4940,82.3333333333333,25,0,0,0,36|-0.800|2.500|1|1.500
4941,82.35,25,0,0,0,36|-0.800|2.250|1|1.500
4942,82.3666666666667,25,0,0,0,36|-0.600|2.000|1|1.500
4943,82.3833333333333,25,0,0,0,36|-0.400|1.750|1|1.500
4944,82.4,25,0,0,0,36|-0.400|1.500|1|1.500
4945,82.4166666666667,25,0,0,0,36|-0.400|1.250|1|1.500
4946,82.4333333333333,25,0,0,0,36|-0.200|1.000|1|1.500
4947,82.45,25,0,0,0,36|-0.200|0.750|1|1.500
4948,82.4666666666667,25,0,0,0,36|-0.200|0.500|1|1.500
4949,82.4833333333333,25,0,0,0,36|0.000|0.250|1|1.500
4950,82.5,25,1,1,1,36|0.000|0.000|1|1.500
4951,82.5166666666667,0,0,0,0,
4952,82.5333333333333,0,0,0,0,
4953,82.55,0,0,0,0,
4954,82.5666666666667,0,0,0,0,
4955,82.5833333333333,0,0,0,0,
4956,82.6,0,0,0,0,
4957,82.6166666666667,0,0,0,0,
4958,82.6333333333333,0,0,0,0,
4959,82.65,0,0,0,0,
4960,82.6666666666667,0,0,0,0,
4961,82.6833333333333,0,0,0,0,
4962,82.7,0,0,0,0,
4963,82.7166666666667,0,0,0,0,
4964,82.7333333333333,0,0,0,0,
4965,82.75,0,0,0,0,
4966,82.7666666666667,0,0,0,0,
4967,82.7833333333333,0,0,0,0,
4968,82.8,0,0,0,0,
4969,82.8166666666667,25,0,0,0,37|9.000|29.750|1|3.000
4970,82.8333333333333,25,0,0,0,37|9.000|29.500|1|3.000
4971,82.85,25,0,0,0,37|9.000|29.250|1|3.000
4972,82.8666666666667,25,0,0,0,37|9.000|29.000|1|3.000
4973,82.8833333333333,25,0,0,0,37|9.000|28.750|1|3.000
4974,82.9,25,0,0,0,37|9.000|28.500|1|3.000
4975,82.9166666666667,25,0,0,0,37|9.000|28.250|1|3.000
4976,82.9333333333333,25,0,0,0,37|9.000|28.000|1|3.000
4977,82.95,25,0,0,0,37|9.000|27.750|1|3.000
4978,82.9666666666667,25,0,0,0,37|9.000|27.500|1|3.000
4979,82.9833333333333,25,0,0,0,37|9.000|27.250|1|3.000
4980,83,25,0,0,0,37|9.000|27.000|1|3.000
4981,83.0166666666667,25,0,0,0,37|9.000|26.750|1|3.000
4982,83.0333333333333,25,0,0,0,37|9.000|26.500|1|3.000
4983,83.05,25,0,0,0,37|9.000|26.250|1|3.000
4984,83.0666666666667,25,0,0,0,37|9.000|26.000|1|3.000
4985,83.0833333333333,25,0,0,0,37|9.000|25.750|1|3.000
4986,83.1,25,0,0,0,37|9.000|25.500|1|3.000
4987,83.1166666666667,25,0,0,0,37|9.000|25.250|1|3.000
4988,83.1333333333333,25,0,0,0,37|9.000|25.000|1|3.000
4989,83.15,25,0,0,0,37|9.000|24.750|1|3.000
4990,83.1666666666667,25,0,0,0,37|9.000|24.500|1|3.000
4991,83.1833333333333,25,0,0,0,37|9.000|24.250|1|3.000
4992,83.2,25,0,0,0,37|9.000|24.000|1|3.000
4993,83.2166666666667,25,0,0,0,37|9.000|23.750|1|3.000
4994,83.2333333333333,25,0,0,0,37|9.000|23.500|1|3.000
4995,83.25,25,0,0,0,37|9.000|23.250|1|3.000
4996,83.2666666666667,25,0,0,0,37|9.000|23.000|1|3.000
4997,83.2833333333333,25,0,0,0,37|9.000|22.750|1|3.000
4998,83.3,25,0,0,0,37|9.000|22.500|1|3.000
4999,83.3166666666667,25,0,0,0,37|9.000|22.250|1|3.000
5000,83.3333333333333,25,0,0,0,37|9.000|22.000|1|3.000
5001,83.35,25,0,0,0,37|9.000|21.750|1|3.000
5002,83.3666666666667,25,0,0,0,37|9.000|21.500|1|3.000
5003,83.3833333333333,25,0,0,0,37|9.000|21.250|1|3.000
5004,83.4,25,0,0,0,37|9.000|21.000|1|3.000
5005,83.4166666666667,25,0,0,0,37|9.000|20.750|1|3.000
5006,83.4333333333333,25,0,0,0,37|9.000|20.500|1|3.000
5007,83.45,25,0,0,0,37|9.000|20.250|1|3.000
5008,83.4666666666667,25,0,0,0,37|9.000|20.000|1|3.000
5009,83.4833333333333,25,0,0,0,37|9.000|19.750|1|3.000
5010,83.5,25,0,0,0,37|9.000|19.500|1|3.000
5011,83.5166666666667,25,0,0,0,37|9.000|19.250|1|3.000
5012,83.5333333333333,25,0,0,0,37|9.000|19.000|1|3.000
5013,83.55,25,0,0,0,37|9.000|18.750|1|3.000
5014,83.5666666666667,25,0,0,0,37|9.000|18.500|1|3.000
5015,83.5833333333333,25,0,0,0,37|9.000|18.250|1|3.000
5016,83.6,25,0,0,0,37|9.000|18.000|1|3.000
5017,83.6166666666667,25,0,0,0,37|9.000|17.750|1|3.000
5018,83.6333333333333,25,0,0,0,37|9.000|17.500|1|3.000
5019,83.65,25,0,0,0,37|9.000|17.250|1|3.000
5020,83.6666666666667,25,0,0,0,37|9.000|17.000|1|3.000
5021,83.6833333333333,25,0,0,0,37|9.000|16.750|1|3.000
5022,83.7,25,0,0,0,37|9.000|16.500|1|3.000
5023,83.7166666666667,25,0,0,0,37|9.000|16.250|1|3.000
5024,83.7333333333333,25,0,0,0,37|9.000|16.000|1|3.000
5025,83.75,25,0,0,0,37|9.000|15.750|1|3.000
5026,83.7666666666667,25,0,0,0,37|9.000|15.500|1|3.000
5027,83.7833333333333,25,0,0,0,37|9.000|15.250|1|3.000
5028,83.8,25,0,0,0,37|9.000|15.000|1|3.000
5029,83.8166666666667,25,0,0,0,37|9.000|14.750|1|3.000
5030,83.8333333333333,25,0,0,0,37|9.000|14.500|1|3.000
5031,83.85,25,0,0,0,37|9.000|14.250|1|3.000
5032,83.8666666666667,25,0,0,0,37|9.000|14.000|1|3.000
5033,83.8833333333333,25,0,0,0,37|9.000|13.750|1|3.000
5034,83.9,25,0,0,0,37|9.000|13.500|1|3.000
5035,83.9166666666667,25,0,0,0,37|9.000|13.250|1|3.000
5036,83.9333333333333,25,0,0,0,37|9.000|13.000|1|3.000
5037,83.95,25,0,0,0,37|9.000|12.750|1|3.000
5038,83.9666666666667,25,0,0,0,37|9.000|12.500|1|3.000
5039,83.9833333333333,25,0,0,0,37|9.000|12.250|1|3.000
5040,84,25,0,0,0,37|9.000|12.000|1|3.000
5041,84.0166666666667,25,0,0,0,37|9.000|11.750|1|3.000
5042,84.0333333333333,25,0,0,0,37|9.000|11.500|1|3.000
5043,84.05,25,0,0,0,37|9.000|11.250|1|3.000
5044,84.0666666666667,25,0,0,0,37|9.000|11.000|1|3.000
5045,84.0833333333333,25,0,0,0,37|9.000|10.750|1|3.000
5046,84.1,25,0,0,0,37|9.000|10.500|1|3.000
5047,84.1166666666667,25,0,0,0,37|9.000|10.250|1|3.000
5048,84.1333333333333,25,0,0,0,37|9.000|10.000|1|3.000
5049,84.15,25,0,0,0,37|9.000|9.750|1|3.000
5050,84.1666666666667,25,0,0,0,37|9.000|9.500|1|3.000
5051,84.1833333333333,25,0,0,0,37|9.000|9.250|1|3.000
5052,84.2,25,0,0,0,37|9.000|9.000|1|3.000
5053,84.2166666666667,25,0,0,0,37|9.000|8.750|1|3.000
5054,84.2333333333333,25,0,0,0,37|9.000|8.500|1|3.000
5055,84.25,25,0,0,0,37|9.000|8.250|1|3.000
5056,84.2666666666667,25,0,0,0,37|9.000|8.000|1|3.000
5057,84.2833333333333,25,0,0,0,37|9.000|7.750|1|3.000
5058,84.3,25,0,0,0,37|9.000|7.500|1|3.000
5059,84.3166666666667,25,0,0,0,37|9.000|7.250|1|3.000
5060,84.3333333333333,25,0,0,0,37|9.000|7.000|1|3.000
5061,84.35,25,0,0,0,37|9.000|6.750|1|3.000
5062,84.3666666666667,25,0,0,0,37|9.000|6.500|1|3.000
5063,84.3833333333333,25,0,0,0,37|9.000|6.250|1|3.000
5064,84.4,25,0,0,0,37|9.000|6.000|1|3.000
5065,84.4166666666667,25,0,0,0,37|9.000|5.750|1|3.000
5066,84.4333333333333,25,0,0,0,37|9.000|5.500|1|3.000
5067,84.45,25,0,0,0,37|9.000|5.250|1|3.000
5068,84.4666666666667,25,0,0,0,37|9.000|5.000|1|3.000
5069,84.4833333333333,25,0,0,0,37|9.000|4.750|1|3.000
5070,84.5,25,0,0,0,37|9.000|4.500|1|3.000
5071,84.5166666666667,25,0,0,0,37|9.000|4.250|1|3.000
5072,84.5333333333333,25,0,0,0,37|9.000|4.000|1|3.000
5073,84.55,25,0,0,0,37|9.000|3.750|1|3.000
5074,84.5666666666667,25,0,0,0,37|9.000|3.500|1|3.000
5075,84.5833333333333,25,0,0,0,37|9.000|3.250|1|3.000
5076,84.6,25,0,0,0,37|9.000|3.000|1|3.000
5077,84.6166666666667,25,0,0,0,37|9.000|2.750|1|3.000
5078,84.6333333333333,25,0,0,0,37|9.000|2.500|1|3.000
5079,84.65,25,0,0,0,37|9.000|2.250|1|3.000
5080,84.6666666666667,25,0,0,0,37|9.000|2.000|1|3.000
5081,84.6833333333333,25,0,0,0,37|9.000|1.750|1|3.000
5082,84.7,25,0,0,0,37|9.000|1.500|1|3.000
5083,84.7166666666667,25,0,0,0,37|9.000|1.250|1|3.000
5084,84.7333333333333,25,0,0,0,37|9.000|1.000|1|3.000
5085,84.75,25,0,0,0,37|9.000|0.750|1|3.000
5086,84.7666666666667,25,0,0,0,37|9.000|0.500|1|3.000
5087,84.7833333333333,25,0,0,0,37|9.000|0.250|1|3.000
5088,84.8,25,0,1,0,37|9.000|0.000|1|3.000
5089,84.8166666666667,0,0,0,0,
5090,84.8333333333333,0,0,0,0,
5091,84.85,0,0,0,0,
5092,84.8666666666667,0,0,0,0,
5093,84.8833333333333,0,0,0,0,
5094,84.9,0,0,0,0,
5095,84.9166666666667,0,0,0,0,
5096,84.9333333333333,0,0,0,0,
5097,84.95,0,0,0,0,
5098,84.9666666666667,0,0,0,0,
5099,84.9833333333333,0,0,0,0,
5100,85,0,0,0,0,
5101,85.0166666666667,0,0,0,0,
5102,85.0333333333333,0,0,0,0,
5103,85.05,0,0,0,0,
5104,85.0666666666667,0,0,0,0,
5105,85.0833333333333,0,0,0,0,
5106,85.1,0,0,0,0,
5107,85.1166666666667,25,0,0,0,38|-6.000|29.750|1|3.000
5108,85.1333333333333,25,0,0,0,38|-6.000|29.500|1|3.000
5109,85.15,25,0,0,0,38|-6.000|29.250|1|3.000
5110,85.1666666666667,25,0,0,0,38|-6.000|29.000|1|3.000
5111,85.1833333333333,25,0,0,0,38|-6.000|28.750|1|3.000
5112,85.2,25,0,0,0,38|-6.000|28.500|1|3.000
5113,85.2166666666667,25,0,0,0,38|-6.000|28.250|1|3.000
5114,85.2333333333333,25,0,0,0,38|-6.000|28.000|1|3.000
5115,85.25,25,0,0,0,38|-6.000|27.750|1|3.000
5116,85.2666666666667,25,0,0,0,38|-6.000|27.500|1|3.000
5117,85.2833333333333,25,0,0,0,38|-6.000|27.250|1|3.000
5118,85.3,25,0,0,0,38|-6.000|27.000|1|3.000
5119,85.3166666666667,25,0,0,0,38|-6.000|26.750|1|3.000
5120,85.3333333333333,25,0,0,0,38|-6.000|26.500|1|3.000
5121,85.35,25,0,0,0,38|-6.000|26.250|1|3.000
5122,85.3666666666667,25,0,0,0,38|-6.000|26.000|1|3.000
5123,85.3833333333333,25,0,0,0,38|-6.000|25.750|1|3.000
5124,85.4,25,0,0,0,38|-6.000|25.500|1|3.000
5125,85.4166666666667,25,0,0,0,38|-6.000|25.250|1|3.000
5126,85.4333333333333,25,0,0,0,38|-6.000|25.000|1|3.000
5127,85.45,25,0,0,0,38|-6.000|24.750|1|3.000
5128,85.4666666666667,25,0,0,0,38|-6.000|24.500|1|3.000
5129,85.4833333333333,25,0,0,0,38|-6.000|24.250|1|3.000
5130,85.5,25,0,0,0,38|-6.000|24.000|1|3.000
5131,85.5166666666667,25,0,0,0,38|-6.000|23.750|1|3.000
5132,85.5333333333333,25,0,0,0,38|-6.000|23.500|1|3.000
5133,85.55,25,0,0,0,38|-6.000|23.250|1|3.000
5134,85.5666666666667,25,0,0,0,38|-6.000|23.000|1|3.000
5135,85.5833333333333,25,0,0,0,38|-6.000|22.750|1|3.000
5136,85.6,25,0,0,0,38|-6.000|22.500|1|3.000
5137,85.6166666666667,25,0,0,0,38|-6.000|22.250|1|3.000
5138,85.6333333333333,25,0,0,0,38|-6.000|22.000|1|3.000
5139,85.65,25,0,0,0,38|-6.000|21.750|1|3.000
5140,85.6666666666667,25,0,0,0,38|-6.000|21.500|1|3.000
5141,85.6833333333333,25,0,0,0,38|-6.000|21.250|1|3.000
5142,85.7,25,0,0,0,38|-6.000|21.000|1|3.000
5143,85.7166666666667,25,0,0,0,38|-6.000|20.750|1|3.000
5144,85.7333333333333,25,0,0,0,38|-6.000|20.500|1|3.000
5145,85.75,25,0,0,0,38|-6.000|20.250|1|3.000
5146,85.7666666666667,25,0,0,0,38|-6.000|20.000|1|3.000
5147,85.7833333333333,25,0,0,0,38|-6.000|19.750|1|3.000
5148,85.8,25,0,0,0,38|-6.000|19.500|1|3.000
5149,85.8166666666667,25,0,0,0,38|-6.000|19.250|1|3.000
5150,85.8333333333333,25,0,0,0,38|-6.000|19.000|1|3.000
5151,85.85,25,0,0,0,38|-6.000|18.750|1|3.000
5152,85.8666666666667,25,0,0,0,38|-6.000|18.500|1|3.000
5153,85.8833333333333,25,0,0,0,38|-6.000|18.250|1|3.000
5154,85.9,25,0,0,0,38|-6.000|18.000|1|3.000
5155,85.9166666666667,25,0,0,0,38|-6.000|17.750|1|3.000
5156,85.9333333333333,25,0,0,0,38|-6.000|17.500|1|3.000
5157,85.95,25,0,0,0,38|-6.000|17.250|1|3.000
5158,85.9666666666667,25,0,0,0,38|-6.000|17.000|1|3.000
5159,85.9833333333333,25,0,0,0,38|-6.000|16.750|1|3.000
5160,86,25,0,0,0,38|-6.000|16.500|1|3.000
5161,86.0166666666667,25,0,0,0,38|-6.000|16.250|1|3.000
5162,86.0333333333333,25,0,0,0,38|-6.000|16.000|1|3.000
5163,86.05,25,0,0,0,38|-6.000|15.750|1|3.000
5164,86.0666666666667,25,0,0,0,38|-6.000|15.500|1|3.000
5165,86.0833333333333,25,0,0,0,38|-6.000|15.250|1|3.000
5166,86.1,25,0,0,0,38|-6.000|15.000|1|3.000
5167,86.1166666666667,25,0,0,0,38|-6.000|14.750|1|3.000
5168,86.1333333333333,25,0,0,0,38|-6.000|14.500|1|3.000
5169,86.15,25,0,0,0,38|-6.000|14.250|1|3.000
5170,86.1666666666667,25,0,0,0,38|-6.000|14.000|1|3.000
5171,86.1833333333333,25,0,0,0,38|-6.000|13.750|1|3.000
5172,86.2,25,0,0,0,38|-6.000|13.500|1|3.000
5173,86.2166666666667,25,0,0,0,38|-6.000|13.250|1|3.000
5174,86.2333333333333,25,0,0,0,38|-6.000|13.000|1|3.000
5175,86.25,25,0,0,0,38|-6.000|12.750|1|3.000
5176,86.2666666666667,25,0,0,0,38|-6.000|12.500|1|3.000
5177,86.2833333333333,25,0,0,0,38|-6.000|12.250|1|3.000
5178,86.3,25,0,0,0,38|-6.000|12.000|1|3.000
5179,86.3166666666667,25,0,0,0,38|-6.000|11.750|1|3.000
5180,86.3333333333333,25,0,0,0,38|-6.000|11.500|1|3.000
5181,86.35,25,0,0,0,38|-6.000|11.250|1|3.000
5182,86.3666666666667,25,0,0,0,38|-6.000|11.000|1|3.000
5183,86.3833333333333,25,0,0,0,38|-6.000|10.750|1|3.000
5184,86.4,25,0,0,0,38|-6.000|10.500|1|3.000
5185,86.4166666666667,25,0,0,0,38|-6.000|10.250|1|3.000
5186,86.4333333333333,25,0,0,0,38|-6.000|10.000|1|3.000
5187,86.45,25,0,0,0,38|-6.000|9.750|1|3.000
5188,86.4666666666667,25,0,0,0,38|-6.000|9.500|1|3.000
5189,86.4833333333333,25,0,0,0,38|-6.000|9.250|1|3.000
5190,86.5,25,0,0,0,38|-6.000|9.000|1|3.000
5191,86.5166666666667,25,0,0,0,38|-6.000|8.750|1|3.000
5192,86.5333333333333,25,0,0,0,38|-6.000|8.500|1|3.000
5193,86.55,25,0,0,0,38|-6.000|8.250|1|3.000
5194,86.5666666666667,25,0,0,0,38|-6.000|8.000|1|3.000
5195,86.5833333333333,25,0,0,0,38|-6.000|7.750|1|3.000
5196,86.6,25,0,0,0,38|-6.000|7.500|1|3.000
5197,86.6166666666667,25,0,0,0,38|-6.000|7.250|1|3.000
5198,86.6333333333333,25,0,0,0,38|-6.000|7.000|1|3.000
5199,86.65,25,0,0,0,38|-6.000|6.750|1|3.000
5200,86.6666666666667,25,0,0,0,38|-6.000|6.500|1|3.000
5201,86.6833333333333,25,0,0,0,38|-6.000|6.250|1|3.000
5202,86.7,25,0,0,0,38|-6.000|6.000|1|3.000
5203,86.7166666666667,25,0,0,0,38|-6.000|5.750|1|3.000
5204,86.7333333333333,25,0,0,0,38|-6.000|5.500|1|3.000
5205,86.75,25,0,0,0,38|-6.000|5.250|1|3.000
5206,86.7666666666667,25,0,0,0,38|-6.000|5.000|1|3.000
5207,86.7833333333333,25,0,0,0,38|-6.000|4.750|1|3.000
5208,86.8,25,0,0,0,38|-6.000|4.500|1|3.000
5209,86.8166666666667,25,0,0,0,38|-6.000|4.250|1|3.000
5210,86.8333333333333,25,0,0,0,38|-6.000|4.000|1|3.000
5211,86.85,25,0,0,0,38|-6.000|3.750|1|3.000
5212,86.8666666666667,25,0,0,0,38|-6.000|3.500|1|3.000
5213,86.8833333333333,25,0,0,0,38|-6.000|3.250|1|3.000
5214,86.9,25,0,0,0,38|-6.000|3.000|1|3.000
5215,86.9166666666667,25,0,0,0,38|-6.000|2.750|1|3.000
5216,86.9333333333333,25,0,0,0,38|-6.000|2.500|1|3.000
5217,86.95,25,0,0,0,38|-6.000|2.250|1|3.000
5218,86.9666666666667,25,0,0,0,38|-6.000|2.000|1|3.000
5219,86.9833333333333,25,0,0,0,38|-6.000|1.750|1|3.000
5220,87,25,0,0,0,38|-6.000|1.500|1|3.000
5221,87.0166666666667,25,0,0,0,38|-6.000|1.250|1|3.000
5222,87.0333333333333,25,0,0,0,38|-6.000|1.000|1|3.000
5223,87.05,25,0,0,0,38|-6.000|0.750|1|3.000
5224,87.0666666666667,25,0,0,0,38|-6.000|0.500|1|3.000
5225,87.0833333333333,25,0,0,0,38|-6.000|0.250|1|3.000
5226,87.1,25,0,1,0,38|-6.000|0.000|1|3.000
5227,87.1166666666667,0,0,0,0,
5228,87.1333333333333,0,0,0,0,
5229,87.15,0,0,0,0,
5230,87.1666666666667,0,0,0,0,
5231,87.1833333333333,0,0,0,0,
5232,87.2,0,0,0,0,
5233,87.2166666666667,0,0,0,0,
5234,87.2333333333333,0,0,0,0,
5235,87.25,0,0,0,0,
5236,87.2666666666667,0,0,0,0,
5237,87.2833333333333,0,0,0,0,
5238,87.3,0,0,0,0,
5239,87.3166666666667,0,0,0,0,
5240,87.3333333333333,0,0,0,0,
5241,87.35,0,0,0,0,
5242,87.3666666666667,0,0,0,0,
5243,87.3833333333333,0,0,0,0,
5244,87.4,0,0,0,0,
5245,87.4166666666667,25,0,0,0,39|9.000|29.750|1|1.500
5246,87.4333333333333,25,0,0,0,39|9.000|29.500|1|1.500
5247,87.45,25,0,0,0,39|9.000|29.250|1|1.500
5248,87.4666666666667,25,0,0,0,39|9.000|29.000|1|1.500
5249,87.4833333333333,25,0,0,0,39|9.000|28.750|1|1.500
5250,87.5,25,0,0,0,39|9.000|28.500|1|1.500
5251,87.5166666666667,25,0,0,0,39|9.000|28.250|1|1.500
5252,87.5333333333333,25,0,0,0,39|8.700|28.000|1|1.500
5253,87.55,25,0,0,0,39|8.700|27.750|1|1.500
5254,87.5666666666667,25,0,0,0,39|8.700|27.500|1|1.500
5255,87.5833333333333,25,0,0,0,39|8.400|27.250|1|1.500
5256,87.6,25,0,0,0,39|8.400|27.000|1|1.500
5257,87.6166666666667,25,0,0,0,39|8.400|26.750|1|1.500
5258,87.6333333333333,25,0,0,0,39|8.400|26.500|1|1.500
5259,87.65,25,0,0,0,39|8.400|26.250|1|1.500
5260,87.6666666666667,25,0,0,0,39|8.400|26.000|1|1.500
5261,87.6833333333333,25,0,0,0,39|8.400|25.750|1|1.500
5262,87.7,25,0,0,0,39|8.400|25.500|1|1.500
5263,87.7166666666667,25,0,0,0,39|8.400|25.250|1|1.500
5264,87.7333333333333,25,0,0,0,39|8.400|25.000|1|1.500
5265,87.75,25,0,0,0,39|8.400|24.750|1|1.500
5266,87.7666666666667,25,0,0,0,39|8.400|24.500|1|1.500
5267,87.7833333333333,25,0,0,0,39|8.400|24.250|1|1.500
5268,87.8,25,0,0,0,39|8.400|24.000|1|1.500
5269,87.8166666666667,25,0,0,0,39|8.100|23.750|1|1.500
5270,87.8333333333333,25,0,0,0,39|8.100|23.500|1|1.500
5271,87.85,25,0,0,0,39|8.100|23.250|1|1.500
5272,87.8666666666667,25,0,0,0,39|7.800|23.000|1|1.500
5273,87.8833333333333,25,0,0,0,39|7.800|22.750|1|1.500
5274,87.9,25,0,0,0,39|7.800|22.500|1|1.500
5275,87.9166666666667,25,0,0,0,39|7.500|22.250|1|1.500
5276,87.9333333333333,25,0,0,0,39|7.200|22.000|1|1.500
5277,87.95,25,0,0,0,39|7.200|21.750|1|1.500
5278,87.9666666666667,25,0,0,0,39|7.200|21.500|1|1.500
5279,87.9833333333333,25,0,0,0,39|7.200|21.250|1|1.500
5280,88,25,0,0,0,39|7.200|21.000|1|1.500
5281,88.0166666666667,25,0,0,0,39|7.200|20.750|1|1.500
5282,88.0333333333333,25,0,0,0,39|7.200|20.500|1|1.500
5283,88.05,25,0,0,0,39|7.200|20.250|1|1.500
5284,88.0666666666667,25,0,0,0,39|7.200|20.000|1|1.500
5285,88.0833333333333,25,0,0,0,39|6.900|19.750|1|1.500
5286,88.1,25,0,0,0,39|6.600|19.500|1|1.500
5287,88.1166666666667,25,0,0,0,39|6.300|19.250|1|1.500
5288,88.1333333333333,25,0,0,0,39|6.000|19.000|1|1.500
5289,88.15,25,0,0,0,39|5.700|18.750|1|1.500
5290,88.1666666666667,25,0,0,0,39|5.400|18.500|1|1.500
5291,88.1833333333333,25,0,0,0,39|5.400|18.250|1|1.500
5292,88.2,25,0,0,0,39|5.400|18.000|1|1.500
5293,88.2166666666667,25,0,0,0,39|5.100|17.750|1|1.500
5294,88.2333333333333,25,0,0,0,39|5.100|17.500|1|1.500
5295,88.25,25,0,0,0,39|5.100|17.250|1|1.500
5296,88.2666666666667,25,0,0,0,39|5.100|17.000|1|1.500
5297,88.2833333333333,25,0,0,0,39|4.800|16.750|1|1.500
5298,88.3,25,0,0,0,39|4.800|16.500|1|1.500
5299,88.3166666666667,25,0,0,0,39|4.800|16.250|1|1.500
5300,88.3333333333333,25,0,0,0,39|4.500|16.000|1|1.500
5301,88.35,25,0,0,0,39|4.200|15.750|1|1.500
5302,88.3666666666667,25,0,0,0,39|4.200|15.500|1|1.500
5303,88.3833333333333,25,0,0,0,39|3.900|15.250|1|1.500
5304,88.4,25,0,0,0,39|3.900|15.000|1|1.500
5305,88.4166666666667,25,0,0,0,39|3.600|14.750|1|1.500
5306,88.4333333333333,25,0,0,0,39|3.600|14.500|1|1.500
5307,88.45,25,0,0,0,39|3.600|14.250|1|1.500
5308,88.4666666666667,25,0,0,0,39|3.600|14.000|1|1.500
5309,88.4833333333333,25,0,0,0,39|3.300|13.750|1|1.500
5310,88.5,25,0,0,0,39|3.300|13.500|1|1.500
5311,88.5166666666667,25,0,0,0,39|3.300|13.250|1|1.500
5312,88.5333333333333,25,0,0,0,39|3.000|13.000|1|1.500
5313,88.55,25,0,0,0,39|2.700|12.750|1|1.500
5314,88.5666666666667,25,0,0,0,39|2.400|12.500|1|1.500
5315,88.5833333333333,25,0,0,0,39|2.100|12.250|1|1.500
5316,88.6,25,0,0,0,39|2.100|12.000|1|1.500
5317,88.6166666666667,25,0,0,0,39|2.100|11.750|1|1.500
5318,88.6333333333333,25,0,0,0,39|2.100|11.500|1|1.500
5319,88.65,25,0,0,0,39|2.100|11.250|1|1.500
5320,88.6666666666667,25,0,0,0,39|2.100|11.000|1|1.500
5321,88.6833333333333,25,0,0,0,39|1.800|10.750|1|1.500
5322,88.7,25,0,0,0,39|1.800|10.500|1|1.500
5323,88.7166666666667,25,0,0,0,39|1.800|10.250|1|1.500
5324,88.7333333333333,25,0,0,0,39|1.500|10.000|1|1.500
5325,88.75,25,0,0,0,39|1.500|9.750|1|1.500
5326,88.7666666666667,25,0,0,0,39|1.500|9.500|1|1.500
5327,88.7833333333333,25,0,0,0,39|1.200|9.250|1|1.500
5328,88.8,25,0,0,0,39|1.200|9.000|1|1.500
5329,88.8166666666667,25,0,0,0,39|1.200|8.750|1|1.500
5330,88.8333333333333,25,0,0,0,39|1.200|8.500|1|1.500
5331,88.85,25,0,0,0,39|1.200|8.250|1|1.500
5332,88.8666666666667,25,0,0,0,39|1.200|8.000|1|1.500
5333,88.8833333333333,25,0,0,0,39|1.200|7.750|1|1.500
5334,88.9,25,0,0,0,39|1.200|7.500|1|1.500
5335,88.9166666666667,25,0,0,0,39|1.200|7.250|1|1.500
5336,88.9333333333333,25,0,0,0,39|1.200|7.000|1|1.500
5337,88.95,25,0,0,0,39|0.900|6.750|1|1.500
5338,88.9666666666667,25,0,0,0,39|0.900|6.500|1|1.500
5339,88.9833333333333,25,0,0,0,39|0.900|6.250|1|1.500
5340,89,25,0,0,0,39|0.900|6.000|1|1.500
5341,89.0166666666667,25,0,0,0,39|0.900|5.750|1|1.500
5342,89.0333333333333,25,0,0,0,39|0.900|5.500|1|1.500
5343,89.05,25,0,0,0,39|0.900|5.250|1|1.500
5344,89.0666666666667,25,0,0,0,39|0.900|5.000|1|1.500
5345,89.0833333333333,25,0,0,0,39|0.900|4.750|1|1.500
5346,89.1,25,0,0,0,39|0.900|4.500|1|1.500
5347,89.1166666666667,25,0,0,0,39|0.900|4.250|1|1.500
5348,89.1333333333333,25,0,0,0,39|0.600|4.000|1|1.500
5349,89.15,25,0,0,0,39|0.600|3.750|1|1.500
5350,89.1666666666667,25,0,0,0,39|0.300|3.500|1|1.500
5351,89.1833333333333,25,0,0,0,39|0.300|3.250|1|1.500
5352,89.2,25,0,0,0,39|0.300|3.000|1|1.500
5353,89.2166666666667,25,0,0,0,39|0.300|2.750|1|1.500
5354,89.2333333333333,25,0,0,0,39|0.000|2.500|1|1.500
5355,89.25,25,0,0,0,39|0.000|2.250|1|1.500
5356,89.2666666666667,25,0,0,0,39|0.000|2.000|1|1.500
5357,89.2833333333333,25,0,0,0,39|0.000|1.750|1|1.500
5358,89.3,25,0,0,0,39|0.000|1.500|1|1.500
5359,89.3166666666667,25,0,0,0,39|0.000|1.250|1|1.500
5360,89.3333333333333,25,0,0,0,39|0.000|1.000|1|1.500
5361,89.35,25,0,0,0,39|0.000|0.750|1|1.500
5362,89.3666666666667,25,0,0,0,39|0.000|0.500|1|1.500
5363,89.3833333333333,25,0,0,0,39|0.000|0.250|1|1.500
5364,89.4,25,1,1,2,39|0.000|0.000|1|1.500
5365,89.4166666666667,0,0,0,0,
5366,89.4333333333333,0,0,0,0,
5367,89.45,0,0,0,0,
5368,89.4666666666667,0,0,0,0,
5369,89.4833333333333,0,0,0,0,
5370,89.5,0,0,0,0,
5371,89.5166666666667,0,0,0,0,
5372,89.5333333333333,0,0,0,0,
5373,89.55,0,0,0,0,
5374,89.5666666666667,0,0,0,0,
5375,89.5833333333333,0,0,0,0,
5376,89.6,0,0,0,0,
5377,89.6166666666667,0,0,0,0,
5378,89.6333333333333,0,0,0,0,
5379,89.65,0,0,0,0,
5380,89.6666666666667,0,0,0,0,
5381,89.6833333333333,0,0,0,0,
5382,89.7,0,0,0,0,
5383,89.7166666666667,25,0,0,0,40|-9.000|29.750|1|1.500
5384,89.7333333333333,25,0,0,0,40|-9.000|29.500|1|1.500
5385,89.75,25,0,0,0,40|-9.000|29.250|1|1.500
5386,89.7666666666667,25,0,0,0,40|-9.000|29.000|1|1.500
5387,89.7833333333333,25,0,0,0,40|-9.000|28.750|1|1.500
5388,89.8,25,0,0,0,40|-9.000|28.500|1|1.500
5389,89.8166666666667,25,0,0,0,40|-9.000|28.250|1|1.500
5390,89.8333333333333,25,0,0,0,40|-9.000|28.000|1|1.500
5391,89.85,25,0,0,0,40|-9.000|27.750|1|1.500
5392,89.8666666666667,25,0,0,0,40|-9.000|27.500|1|1.500
5393,89.8833333333333,25,0,0,0,40|-9.000|27.250|1|1.500
5394,89.9,25,0,0,0,40|-9.000|27.000|1|1.500
5395,89.9166666666667,25,0,0,0,40|-9.000|26.750|1|1.500
5396,89.9333333333333,25,0,0,0,40|-9.000|26.500|1|1.500
5397,89.95,25,0,0,0,40|-9.000|26.250|1|1.500
5398,89.9666666666667,25,0,0,0,40|-9.000|26.000|1|1.500
5399,89.9833333333333,25,0,0,0,40|-9.000|25.750|1|1.500
5400,90,25,0,0,0,40|-9.000|25.500|1|1.500
5401,90.0166666666667,25,0,0,0,40|-9.000|25.250|1|1.500
5402,90.0333333333333,25,0,0,0,40|-9.000|25.000|1|1.500
5403,90.05,25,0,0,0,40|-9.000|24.750|1|1.500
5404,90.0666666666667,25,0,0,0,40|-9.000|24.500|1|1.500
5405,90.0833333333333,25,0,0,0,40|-9.000|24.250|1|1.500
5406,90.1,25,0,0,0,40|-9.000|24.000|1|1.500
5407,90.1166666666667,25,0,0,0,40|-9.000|23.750|1|1.500
5408,90.1333333333333,25,0,0,0,40|-9.000|23.500|1|1.500
5409,90.15,25,0,0,0,40|-9.000|23.250|1|1.500
5410,90.1666666666667,25,0,0,0,40|-9.000|23.000|1|1.500
5411,90.1833333333333,25,0,0,0,40|-9.000|22.750|1|1.500
5412,90.2,25,0,0,0,40|-9.000|22.500|1|1.500
5413,90.2166666666667,25,0,0,0,40|-9.000|22.250|1|1.500
5414,90.2333333333333,25,0,0,0,40|-9.000|22.000|1|1.500
5415,90.25,25,0,0,0,40|-9.000|21.750|1|1.500
5416,90.2666666666667,25,0,0,0,40|-9.000|21.500|1|1.500
5417,90.2833333333333,25,0,0,0,40|-9.000|21.250|1|1.500
5418,90.3,25,0,0,0,40|-9.000|21.000|1|1.500
5419,90.3166666666667,25,0,0,0,40|-9.000|20.750|1|1.500
5420,90.3333333333333,25,0,0,0,40|-9.000|20.500|1|1.500
5421,90.35,25,0,0,0,40|-9.000|20.250|1|1.500
5422,90.3666666666667,25,0,0,0,40|-9.000|20.000|1|1.500
5423,90.3833333333333,25,0,0,0,40|-9.000|19.750|1|1.500
5424,90.4,25,0,0,0,40|-9.000|19.500|1|1.500
5425,90.4166666666667,25,0,0,0,40|-9.000|19.250|1|1.500
5426,90.4333333333333,25,0,0,0,40|-9.000|19.000|1|1.500
5427,90.45,25,0,0,0,40|-9.000|18.750|1|1.500
5428,90.4666666666667,25,0,0,0,40|-9.000|18.500|1|1.500
5429,90.4833333333333,25,0,0,0,40|-9.000|18.250|1|1.500
5430,90.5,25,0,0,0,40|-9.000|18.000|1|1.500
5431,90.5166666666667,25,0,0,0,40|-9.000|17.750|1|1.500
5432,90.5333333333333,25,0,0,0,40|-9.000|17.500|1|1.500
5433,90.55,25,0,0,0,40|-9.000|17.250|1|1.500
5434,90.5666666666667,25,0,0,0,40|-9.000|17.000|1|1.500
5435,90.5833333333333,25,0,0,0,40|-9.000|16.750|1|1.500
5436,90.6,25,0,0,0,40|-9.000|16.500|1|1.500
5437,90.6166666666667,25,0,0,0,40|-9.000|16.250|1|1.500
5438,90.6333333333333,25,0,0,0,40|-9.000|16.000|1|1.500
5439,90.65,25,0,0,0,40|-9.000|15.750|1|1.500
5440,90.6666666666667,25,0,0,0,40|-9.000|15.500|1|1.500
5441,90.6833333333333,25,0,0,0,40|-9.000|15.250|1|1.500
5442,90.7,25,0,0,0,40|-9.000|15.000|1|1.500
5443,90.7166666666667,25,0,0,0,40|-9.000|14.750|1|1.500
5444,90.7333333333333,25,0,0,0,40|-9.000|14.500|1|1.500
5445,90.75,25,0,0,0,40|-9.000|14.250|1|1.500
5446,90.7666666666667,25,0,0,0,40|-9.000|14.000|1|1.500
5447,90.7833333333333,25,0,0,0,40|-9.000|13.750|1|1.500
5448,90.8,25,0,0,0,40|-9.000|13.500|1|1.500
5449,90.8166666666667,25,0,0,0,40|-9.000|13.250|1|1.500
5450,90.8333333333333,25,0,0,0,40|-9.000|13.000|1|1.500
5451,90.85,25,0,0,0,40|-9.000|12.750|1|1.500
5452,90.8666666666667,25,0,0,0,40|-9.000|12.500|1|1.500
5453,90.8833333333333,25,0,0,0,40|-9.000|12.250|1|1.500
5454,90.9,25,0,0,0,40|-9.000|12.000|1|1.500
5455,90.9166666666667,25,0,0,0,40|-9.000|11.750|1|1.500
5456,90.9333333333333,25,0,0,0,40|-9.000|11.500|1|1.500
5457,90.95,25,0,0,0,40|-9.000|11.250|1|1.500
5458,90.9666666666667,25,0,0,0,40|-9.000|11.000|1|1.500
5459,90.9833333333333,25,0,0,0,40|-9.000|10.750|1|1.500
5460,91,25,0,0,0,40|-9.000|10.500|1|1.500
5461,91.0166666666667,25,0,0,0,40|-9.000|10.250|1|1.500
5462,91.0333333333333,25,0,0,0,40|-9.000|10.000|1|1.500
5463,91.05,25,0,0,0,40|-9.000|9.750|1|1.500
5464,91.0666666666667,25,0,0,0,40|-9.000|9.500|1|1.500
5465,91.0833333333333,25,0,0,0,40|-9.000|9.250|1|1.500
5466,91.1,25,0,0,0,40|-9.000|9.000|1|1.500
5467,91.1166666666667,25,0,0,0,40|-9.000|8.750|1|1.500
5468,91.1333333333333,25,0,0,0,40|-9.000|8.500|1|1.500
5469,91.15,25,0,0,0,40|-9.000|8.250|1|1.500
5470,91.1666666666667,25,0,0,0,40|-9.000|8.000|1|1.500
5471,91.1833333333333,25,0,0,0,40|-9.000|7.750|1|1.500
5472,91.2,25,0,0,0,40|-9.000|7.500|1|1.500
5473,91.2166666666667,25,0,0,0,40|-9.000|7.250|1|1.500
5474,91.2333333333333,25,0,0,0,40|-9.000|7.000|1|1.500
5475,91.25,25,0,0,0,40|-9.000|6.750|1|1.500
5476,91.2666666666667,25,0,0,0,40|-9.000|6.500|1|1.500
5477,91.2833333333333,25,0,0,0,40|-9.000|6.250|1|1.500
5478,91.3,25,0,0,0,40|-9.000|6.000|1|1.500
5479,91.3166666666667,25,0,0,0,40|-9.000|5.750|1|1.500
5480,91.3333333333333,25,0,0,0,40|-9.000|5.500|1|1.500
5481,91.35,25,0,0,0,40|-9.000|5.250|1|1.500
5482,91.3666666666667,25,0,0,0,40|-9.000|5.000|1|1.500
5483,91.3833333333333,25,0,0,0,40|-9.000|4.750|1|1.500
5484,91.4,25,0,0,0,40|-9.000|4.500|1|1.500
5485,91.4166666666667,25,0,0,0,40|-9.000|4.250|1|1.500
5486,91.4333333333333,25,0,0,0,40|-9.000|4.000|1|1.500
5487,91.45,25,0,0,0,40|-9.000|3.750|1|1.500
5488,91.4666666666667,25,0,0,0,40|-9.000|3.500|1|1.500
5489,91.4833333333333,25,0,0,0,40|-9.000|3.250|1|1.500
5490,91.5,25,0,0,0,40|-9.000|3.000|1|1.500
5491,91.5166666666667,25,0,0,0,40|-9.000|2.750|1|1.500
5492,91.5333333333333,25,0,0,0,40|-9.000|2.500|1|1.500
5493,91.55,25,0,0,0,40|-9.000|2.250|1|1.500
5494,91.5666666666667,25,0,0,0,40|-9.000|2.000|1|1.500
5495,91.5833333333333,25,0,0,0,40|-9.000|1.750|1|1.500
5496,91.6,25,0,0,0,40|-9.000|1.500|1|1.500
5497,91.6166666666667,25,0,0,0,40|-9.000|1.250|1|1.500
5498,91.6333333333333,25,0,0,0,40|-9.000|1.000|1|1.500
5499,91.65,25,0,0,0,40|-9.000|0.750|1|1.500
5500,91.6666666666667,25,0,0,0,40|-9.000|0.500|1|1.500
5501,91.6833333333333,25,0,0,0,40|-9.000|0.250|1|1.500
5502,91.7,25,0,1,0,40|-9.000|0.000|1|1.500
5503,91.7166666666667,0,0,0,0,
5504,91.7333333333333,0,0,0,0,
5505,91.75,0,0,0,0,
5506,91.7666666666667,0,0,0,0,
5507,91.7833333333333,0,0,0,0,
5508,91.8,0,0,0,0,
5509,91.8166666666667,0,0,0,0,
5510,91.8333333333333,0,0,0,0,
5511,91.85,0,0,0,0,
5512,91.8666666666667,0,0,0,0,
5513,91.8833333333333,0,0,0,0,
5514,91.9,0,0,0,0,
5515,91.9166666666667,0,0,0,0,
5516,91.9333333333333,0,0,0,0,
5517,91.95,0,0,0,0,
5518,91.9666666666667,0,0,0,0,
5519,91.9833333333333,0,0,0,0,
5520,92,0,0,0,0,
5521,92.0166666666667,25,0,0,0,41|12.000|29.750|1|1.500
5522,92.0333333333333,25,0,0,0,41|12.000|29.500|1|1.500
5523,92.05,25,0,0,0,41|12.000|29.250|1|1.500
5524,92.0666666666667,25,0,0,0,41|12.000|29.000|1|1.500
5525,92.0833333333333,25,0,0,0,41|12.000|28.750|1|1.500
5526,92.1,25,0,0,0,41|12.000|28.500|1|1.500
5527,92.1166666666667,25,0,0,0,41|12.000|28.250|1|1.500
5528,92.1333333333333,25,0,0,0,41|12.000|28.000|1|1.500
5529,92.15,25,0,0,0,41|12.000|27.750|1|1.500
5530,92.1666666666667,25,0,0,0,41|12.000|27.500|1|1.500
5531,92.1833333333333,25,0,0,0,41|12.000|27.250|1|1.500
5532,92.2,25,0,0,0,41|12.000|27.000|1|1.500
5533,92.2166666666667,25,0,0,0,41|12.000|26.750|1|1.500
5534,92.2333333333333,25,0,0,0,41|12.000|26.500|1|1.500
5535,92.25,25,0,0,0,41|12.000|26.250|1|1.500
5536,92.2666666666667,25,0,0,0,41|12.000|26.000|1|1.500
5537,92.2833333333333,25,0,0,0,41|12.000|25.750|1|1.500
5538,92.3,25,0,0,0,41|12.000|25.500|1|1.500
5539,92.3166666666667,25,0,0,0,41|12.000|25.250|1|1.500
5540,92.3333333333333,25,0,0,0,41|12.000|25.000|1|1.500
5541,92.35,25,0,0,0,41|12.000|24.750|1|1.500
5542,92.3666666666667,25,0,0,0,41|12.000|24.500|1|1.500
5543,92.3833333333333,25,0,0,0,41|12.000|24.250|1|1.500
5544,92.4,25,0,0,0,41|12.000|24.000|1|1.500
5545,92.4166666666667,25,0,0,0,41|12.000|23.750|1|1.500
5546,92.4333333333333,25,0,0,0,41|12.000|23.500|1|1.500
5547,92.45,25,0,0,0,41|12.000|23.250|1|1.500
5548,92.4666666666667,25,0,0,0,41|12.000|23.000|1|1.500
5549,92.4833333333333,25,0,0,0,41|12.000|22.750|1|1.500
5550,92.5,25,0,0,0,41|12.000|22.500|1|1.500
5551,92.5166666666667,25,0,0,0,41|12.000|22.250|1|1.500
5552,92.5333333333333,25,0,0,0,41|12.000|22.000|1|1.500
5553,92.55,25,0,0,0,41|12.000|21.750|1|1.500
5554,92.5666666666667,25,0,0,0,41|12.000|21.500|1|1.500
5555,92.5833333333333,25,0,0,0,41|12.000|21.250|1|1.500
5556,92.6,25,0,0,0,41|12.000|21.000|1|1.500
5557,92.6166666666667,25,0,0,0,41|12.000|20.750|1|1.500
5558,92.6333333333333,25,0,0,0,41|12.000|20.500|1|1.500
5559,92.65,25,0,0,0,41|12.000|20.250|1|1.500
5560,92.6666666666667,25,0,0,0,41|12.000|20.000|1|1.500
5561,92.6833333333333,25,0,0,0,41|12.000|19.750|1|1.500
5562,92.7,25,0,0,0,41|12.000|19.500|1|1.500
5563,92.7166666666667,25,0,0,0,41|12.000|19.250|1|1.500
5564,92.7333333333333,25,0,0,0,41|12.000|19.000|1|1.500
5565,92.75,25,0,0,0,41|12.000|18.750|1|1.500
5566,92.7666666666667,25,0,0,0,41|12.000|18.500|1|1.500
5567,92.7833333333333,25,0,0,0,41|12.000|18.250|1|1.500
5568,92.8,25,0,0,0,41|12.000|18.000|1|1.500
5569,92.8166666666667,25,0,0,0,41|12.000|17.750|1|1.500
5570,92.8333333333333,25,0,0,0,41|12.000|17.500|1|1.500
5571,92.85,25,0,0,0,41|12.000|17.250|1|1.500
5572,92.8666666666667,25,0,0,0,41|12.000|17.000|1|1.500
5573,92.8833333333333,25,0,0,0,41|12.000|16.750|1|1.500
5574,92.9,25,0,0,0,41|12.000|16.500|1|1.500
5575,92.9166666666667,25,0,0,0,41|12.000|16.250|1|1.500
5576,92.9333333333333,25,0,0,0,41|12.000|16.000|1|1.500
5577,92.95,25,0,0,0,41|12.000|15.750|1|1.500
5578,92.9666666666667,25,0,0,0,41|12.000|15.500|1|1.500
5579,92.9833333333333,25,0,0,0,41|12.000|15.250|1|1.500
5580,93,25,0,0,0,41|12.000|15.000|1|1.500
5581,93.0166666666667,25,0,0,0,41|12.000|14.750|1|1.500
5582,93.0333333333333,25,0,0,0,41|12.000|14.500|1|1.500
5583,93.05,25,0,0,0,41|12.000|14.250|1|1.500
5584,93.0666666666667,25,0,0,0,41|12.000|14.000|1|1.500
5585,93.0833333333333,25,0,0,0,41|12.000|13.750|1|1.500
5586,93.1,25,0,0,0,41|12.000|13.500|1|1.500
5587,93.1166666666667,25,0,0,0,41|12.000|13.250|1|1.500
5588,93.1333333333333,25,0,0,0,41|12.000|13.000|1|1.500
5589,93.15,25,0,0,0,41|12.000|12.750|1|1.500
5590,93.1666666666667,25,0,0,0,41|12.000|12.500|1|1.500
5591,93.1833333333333,25,0,0,0,41|12.000|12.250|1|1.500
5592,93.2,25,0,0,0,41|12.000|12.000|1|1.500
5593,93.2166666666667,25,0,0,0,41|12.000|11.750|1|1.500
5594,93.2333333333333,25,0,0,0,41|12.000|11.500|1|1.500
5595,93.25,25,0,0,0,41|12.000|11.250|1|1.500
5596,93.2666666666667,25,0,0,0,41|12.000|11.000|1|1.500
5597,93.2833333333333,25,0,0,0,41|12.000|10.750|1|1.500
5598,93.3,25,0,0,0,41|12.000|10.500|1|1.500
5599,93.3166666666667,25,0,0,0,41|12.000|10.250|1|1.500
5600,93.3333333333333,25,0,0,0,41|12.000|10.000|1|1.500
5601,93.35,25,0,0,0,41|12.000|9.750|1|1.500
5602,93.3666666666667,25,0,0,0,41|12.000|9.500|1|1.500
5603,93.3833333333333,25,0,0,0,41|12.000|9.250|1|1.500
5604,93.4,25,0,0,0,41|12.000|9.000|1|1.500
5605,93.4166666666667,25,0,0,0,41|12.000|8.750|1|1.500
5606,93.4333333333333,25,0,0,0,41|12.000|8.500|1|1.500
5607,93.45,25,0,0,0,41|12.000|8.250|1|1.500
5608,93.4666666666667,25,0,0,0,41|12.000|8.000|1|1.500
5609,93.4833333333333,25,0,0,0,41|12.000|7.750|1|1.500
5610,93.5,25,0,0,0,41|12.000|7.500|1|1.500
5611,93.5166666666667,25,0,0,0,41|12.000|7.250|1|1.500
5612,93.5333333333333,25,0,0,0,41|12.000|7.000|1|1.500
5613,93.55,25,0,0,0,41|12.000|6.750|1|1.500
5614,93.5666666666667,25,0,0,0,41|12.000|6.500|1|1.500
5615,93.5833333333333,25,0,0,0,41|12.000|6.250|1|1.500
5616,93.6,25,0,0,0,41|12.000|6.000|1|1.500
5617,93.6166666666667,25,0,0,0,41|12.000|5.750|1|1.500
5618,93.6333333333333,25,0,0,0,41|12.000|5.500|1|1.500
5619,93.65,25,0,0,0,41|12.000|5.250|1|1.500
5620,93.6666666666667,25,0,0,0,41|12.000|5.000|1|1.500
5621,93.6833333333333,25,0,0,0,41|12.000|4.750|1|1.500
5622,93.7,25,0,0,0,41|12.000|4.500|1|1.500
5623,93.7166666666667,25,0,0,0,41|12.000|4.250|1|1.500
5624,93.7333333333333,25,0,0,0,41|12.000|4.000|1|1.500
5625,93.75,25,0,0,0,41|12.000|3.750|1|1.500
5626,93.7666666666667,25,0,0,0,41|12.000|3.500|1|1.500
5627,93.7833333333333,25,0,0,0,41|12.000|3.250|1|1.500
5628,93.8,25,0,0,0,41|12.000|3.000|1|1.500
5629,93.8166666666667,25,0,0,0,41|12.000|2.750|1|1.500
5630,93.8333333333333,25,0,0,0,41|12.000|2.500|1|1.500
5631,93.85,25,0,0,0,41|12.000|2.250|1|1.500
5632,93.8666666666667,25,0,0,0,41|12.000|2.000|1|1.500
5633,93.8833333333333,25,0,0,0,41|12.000|1.750|1|1.500
5634,93.9,25,0,0,0,41|12.000|1.500|1|1.500
5635,93.9166666666667,25,0,0,0,41|12.000|1.250|1|1.500
5636,93.9333333333333,25,0,0,0,41|12.000|1.000|1|1.500
5637,93.95,25,0,0,0,41|12.000|0.750|1|1.500
5638,93.9666666666667,25,0,0,0,41|12.000|0.500|1|1.500
5639,93.9833333333333,25,0,0,0,41|12.000|0.250|1|1.500
5640,94,25,0,1.5,0,41|12.000|0.000|1|1.500
5641,94.0166666666667,0,0,0,0,
5642,94.0333333333333,0,0,0,0,
5643,94.05,0,0,0,0,
5644,94.0666666666667,0,0,0,0,
5645,94.0833333333333,0,0,0,0,
5646,94.1,0,0,0,0,
5647,94.1166666666667,0,0,0,0,
5648,94.1333333333333,0,0,0,0,
5649,94.15,0,0,0,0,
5650,94.1666666666667,0,0,0,0,
5651,94.1833333333333,0,0,0,0,
5652,94.2,0,0,0,0,
5653,94.2166666666667,0,0,0,0,
5654,94.2333333333333,0,0,0,0,
5655,94.25,0,0,0,0,
5656,94.2666666666667,0,0,0,0,
5657,94.2833333333333,0,0,0,0,
5658,94.3,0,0,0,0,
5659,94.3166666666667,25,0,0,0,42|9.000|29.750|1|3.000
5660,94.3333333333333,25,0,0,0,42|9.000|29.500|1|3.000
5661,94.35,25,0,0,0,42|9.000|29.250|1|3.000
5662,94.3666666666667,25,0,0,0,42|9.000|29.000|1|3.000
5663,94.3833333333333,25,0,0,0,42|9.000|28.750|1|3.000
5664,94.4,25,0,0,0,42|9.000|28.500|1|3.000
5665,94.4166666666667,25,0,0,0,42|9.000|28.250|1|3.000
5666,94.4333333333333,25,0,0,0,42|9.000|28.000|1|3.000
5667,94.45,25,0,0,0,42|8.250|27.750|1|3.000
5668,94.4666666666667,25,0,0,0,42|8.250|27.500|1|3.000
5669,94.4833333333333,25,0,0,0,42|8.250|27.250|1|3.000
5670,94.5,25,0,0,0,42|8.250|27.000|1|3.000
5671,94.5166666666667,25,0,0,0,42|8.250|26.750|1|3.000
5672,94.5333333333333,25,0,0,0,42|8.250|26.500|1|3.000
5673,94.55,25,0,0,0,42|8.250|26.250|1|3.000
5674,94.5666666666667,25,0,0,0,42|8.250|26.000|1|3.000
5675,94.5833333333333,25,0,0,0,42|8.250|25.750|1|3.000
5676,94.6,25,0,0,0,42|8.250|25.500|1|3.000
5677,94.6166666666667,25,0,0,0,42|8.250|25.250|1|3.000
5678,94.6333333333333,25,0,0,0,42|8.250|25.000|1|3.000
5679,94.65,25,0,0,0,42|8.250|24.750|1|3.000
5680,94.6666666666667,25,0,0,0,42|8.250|24.500|1|3.000
5681,94.6833333333333,25,0,0,0,42|8.250|24.250|1|3.000
5682,94.7,25,0,0,0,42|8.250|24.000|1|3.000
5683,94.7166666666667,25,0,0,0,42|8.250|23.750|1|3.000
5684,94.7333333333333,25,0,0,0,42|8.250|23.500|1|3.000
5685,94.75,25,0,0,0,42|8.250|23.250|1|3.000
5686,94.7666666666667,25,0,0,0,42|8.250|23.000|1|3.000
5687,94.7833333333333,25,0,0,0,42|8.250|22.750|1|3.000
5688,94.8,25,0,0,0,42|8.250|22.500|1|3.000
5689,94.8166666666667,25,0,0,0,42|8.250|22.250|1|3.000
5690,94.8333333333333,25,0,0,0,42|8.250|22.000|1|3.000
5691,94.85,25,0,0,0,42|8.250|21.750|1|3.000
5692,94.8666666666667,25,0,0,0,42|7.500|21.500|1|3.000
5693,94.8833333333333,25,0,0,0,42|7.500|21.250|1|3.000
5694,94.9,25,0,0,0,42|7.500|21.000|1|3.000
5695,94.9166666666667,25,0,0,0,42|7.500|20.750|1|3.000
5696,94.9333333333333,25,0,0,0,42|7.500|20.500|1|3.000
5697,94.95,25,0,0,0,42|6.750|20.250|1|3.000
5698,94.9666666666667,25,0,0,0,42|6.000|20.000|1|3.000
5699,94.9833333333333,25,0,0,0,42|6.000|19.750|1|3.000
5700,95,25,0,0,0,42|6.000|19.500|1|3.000
5701,95.0166666666667,25,0,0,0,42|6.000|19.250|1|3.000
5702,95.0333333333333,25,0,0,0,42|6.000|19.000|1|3.000
5703,95.05,25,0,0,0,42|6.000|18.750|1|3.000
5704,95.0666666666667,25,0,0,0,42|6.000|18.500|1|3.000
5705,95.0833333333333,25,0,0,0,42|6.000|18.250|1|3.000
5706,95.1,25,0,0,0,42|6.000|18.000|1|3.000
5707,95.1166666666667,25,0,0,0,42|6.000|17.750|1|3.000
5708,95.1333333333333,25,0,0,0,42|6.000|17.500|1|3.000
5709,95.15,25,0,0,0,42|6.000|17.250|1|3.000
5710,95.1666666666667,25,0,0,0,42|6.000|17.000|1|3.000
5711,95.1833333333333,25,0,0,0,42|6.000|16.750|1|3.000
5712,95.2,25,0,0,0,42|6.000|16.500|1|3.000
5713,95.2166666666667,25,0,0,0,42|6.000|16.250|1|3.000
5714,95.2333333333333,25,0,0,0,42|5.250|16.000|1|3.000
5715,95.25,25,0,0,0,42|4.500|15.750|1|3.000
5716,95.2666666666667,25,0,0,0,42|4.500|15.500|1|3.000
5717,95.2833333333333,25,0,0,0,42|4.500|15.250|1|3.000
5718,95.3,25,0,0,0,42|4.500|15.000|1|3.000
5719,95.3166666666667,25,0,0,0,42|4.500|14.750|1|3.000
5720,95.3333333333333,25,0,0,0,42|4.500|14.500|1|3.000
5721,95.35,25,0,0,0,42|4.500|14.250|1|3.000
5722,95.3666666666667,25,0,0,0,42|4.500|14.000|1|3.000
5723,95.3833333333333,25,0,0,0,42|3.750|13.750|1|3.000
5724,95.4,25,0,0,0,42|3.750|13.500|1|3.000
5725,95.4166666666667,25,0,0,0,42|3.750|13.250|1|3.000
5726,95.4333333333333,25,0,0,0,42|3.750|13.000|1|3.000
5727,95.45,25,0,0,0,42|3.750|12.750|1|3.000
5728,95.4666666666667,25,0,0,0,42|3.750|12.500|1|3.000
5729,95.4833333333333,25,0,0,0,42|3.750|12.250|1|3.000
5730,95.5,25,0,0,0,42|3.750|12.000|1|3.000
5731,95.5166666666667,25,0,0,0,42|3.750|11.750|1|3.000
5732,95.5333333333333,25,0,0,0,42|3.750|11.500|1|3.000
5733,95.55,25,0,0,0,42|3.750|11.250|1|3.000
5734,95.5666666666667,25,0,0,0,42|3.750|11.000|1|3.000
5735,95.5833333333333,25,0,0,0,42|3.750|10.750|1|3.000
5736,95.6,25,0,0,0,42|3.750|10.500|1|3.000
5737,95.6166666666667,25,0,0,0,42|3.750|10.250|1|3.000
5738,95.6333333333333,25,0,0,0,42|3.750|10.000|1|3.000
5739,95.65,25,0,0,0,42|3.750|9.750|1|3.000
5740,95.6666666666667,25,0,0,0,42|3.750|9.500|1|3.000
5741,95.6833333333333,25,0,0,0,42|3.750|9.250|1|3.000
5742,95.7,25,0,0,0,42|3.750|9.000|1|3.000
5743,95.7166666666667,25,0,0,0,42|3.750|8.750|1|3.000
5744,95.7333333333333,25,0,0,0,42|3.750|8.500|1|3.000
5745,95.75,25,0,0,0,42|3.750|8.250|1|3.000
5746,95.7666666666667,25,0,0,0,42|3.750|8.000|1|3.000
5747,95.7833333333333,25,0,0,0,42|3.750|7.750|1|3.000
5748,95.8,25,0,0,0,42|3.750|7.500|1|3.000
5749,95.8166666666667,25,0,0,0,42|3.000|7.250|1|3.000
5750,95.8333333333333,25,0,0,0,42|3.000|7.000|1|3.000
5751,95.85,25,0,0,0,42|3.000|6.750|1|3.000
5752,95.8666666666667,25,0,0,0,42|3.000|6.500|1|3.000
5753,95.8833333333333,25,0,0,0,42|3.000|6.250|1|3.000
5754,95.9,25,0,0,0,42|3.000|6.000|1|3.000
5755,95.9166666666667,25,0,0,0,42|2.250|5.750|1|3.000
5756,95.9333333333333,25,0,0,0,42|2.250|5.500|1|3.000
5757,95.95,25,0,0,0,42|2.250|5.250|1|3.000
5758,95.9666666666667,25,0,0,0,42|1.500|5.000|1|3.000
5759,95.9833333333333,25,0,0,0,42|1.500|4.750|1|3.000
5760,96,25,0,0,0,42|1.500|4.500|1|3.000
5761,96.0166666666667,25,0,0,0,42|1.500|4.250|1|3.000
5762,96.0333333333333,25,0,0,0,42|1.500|4.000|1|3.000
5763,96.05,25,0,0,0,42|1.500|3.750|1|3.000
5764,96.0666666666667,25,0,0,0,42|1.500|3.500|1|3.000
5765,96.0833333333333,25,0,0,0,42|1.500|3.250|1|3.000
5766,96.1,25,0,0,0,42|1.500|3.000|1|3.000
5767,96.1166666666667,25,0,0,0,42|1.500|2.750|1|3.000
5768,96.1333333333333,25,0,0,0,42|1.500|2.500|1|3.000
5769,96.15,25,0,0,0,42|0.750|2.250|1|3.000
5770,96.1666666666667,25,0,0,0,42|0.750|2.000|1|3.000
5771,96.1833333333333,25,0,0,0,42|0.750|1.750|1|3.000
5772,96.2,25,0,0,0,42|0.750|1.500|1|3.000
5773,96.2166666666667,25,0,0,0,42|0.750|1.250|1|3.000
5774,96.2333333333333,25,0,0,0,42|0.750|1.000|1|3.000
5775,96.25,25,0,0,0,42|0.750|0.750|1|3.000
5776,96.2666666666667,25,0,0,0,42|0.000|0.500|1|3.000
5777,96.2833333333333,25,0,0,0,42|0.000|0.250|1|3.000
5778,96.3,25,1,1,2,42|0.000|0.000|1|3.000
5779,96.3166666666667,0,0,0,0,
5780,96.3333333333333,0,0,0,0,
5781,96.35,0,0,0,0,
5782,96.3666666666667,0,0,0,0,
5783,96.3833333333333,0,0,0,0,
5784,96.4,0,0,0,0,
5785,96.4166666666667,0,0,0,0,
5786,96.4333333333333,0,0,0,0,
5787,96.45,0,0,0,0,
5788,96.4666666666667,0,0,0,0,
5789,96.4833333333333,0,0,0,0,
5790,96.5,0,0,0,0,
5791,96.5166666666667,0,0,0,0,
5792,96.5333333333333,0,0,0,0,
5793,96.55,0,0,0,0,
5794,96.5666666666667,0,0,0,0,
5795,96.5833333333333,0,0,0,0,
5796,96.6,0,0,0,0,
5797,96.6166666666667,25,0,0,0,43|-6.000|29.750|1|3.000
5798,96.6333333333333,25,0,0,0,43|-6.000|29.500|1|3.000
5799,96.65,25,0,0,0,43|-6.000|29.250|1|3.000
5800,96.6666666666667,25,0,0,0,43|-6.000|29.000|1|3.000
5801,96.6833333333333,25,0,0,0,43|-6.000|28.750|1|3.000
5802,96.7,25,0,0,0,43|-6.000|28.500|1|3.000
5803,96.7166666666667,25,0,0,0,43|-5.500|28.250|1|3.000
5804,96.7333333333333,25,0,0,0,43|-5.500|28.000|1|3.000
5805,96.75,25,0,0,0,43|-5.500|27.750|1|3.000
5806,96.7666666666667,25,0,0,0,43|-5.500|27.500|1|3.000
5807,96.7833333333333,25,0,0,0,43|-5.500|27.250|1|3.000
5808,96.8,25,0,0,0,43|-5.500|27.000|1|3.000
5809,96.8166666666667,25,0,0,0,43|-5.500|26.750|1|3.000
5810,96.8333333333333,25,0,0,0,43|-5.500|26.500|1|3.000
5811,96.85,25,0,0,0,43|-5.500|26.250|1|3.000
5812,96.8666666666667,25,0,0,0,43|-5.000|26.000|1|3.000
5813,96.8833333333333,25,0,0,0,43|-5.000|25.750|1|3.000
5814,96.9,25,0,0,0,43|-5.000|25.500|1|3.000
5815,96.9166666666667,25,0,0,0,43|-5.000|25.250|1|3.000
5816,96.9333333333333,25,0,0,0,43|-4.500|25.000|1|3.000
5817,96.95,25,0,0,0,43|-4.500|24.750|1|3.000
5818,96.9666666666667,25,0,0,0,43|-4.500|24.500|1|3.000
5819,96.9833333333333,25,0,0,0,43|-4.500|24.250|1|3.000
5820,97,25,0,0,0,43|-4.500|24.000|1|3.000
5821,97.0166666666667,25,0,0,0,43|-4.500|23.750|1|3.000
5822,97.0333333333333,25,0,0,0,43|-4.500|23.500|1|3.000
5823,97.05,25,0,0,0,43|-4.500|23.250|1|3.000
5824,97.0666666666667,25,0,0,0,43|-4.000|23.000|1|3.000
5825,97.0833333333333,25,0,0,0,43|-4.000|22.750|1|3.000
5826,97.1,25,0,0,0,43|-3.500|22.500|1|3.000
5827,97.1166666666667,25,0,0,0,43|-3.500|22.250|1|3.000
5828,97.1333333333333,25,0,0,0,43|-3.500|22.000|1|3.000
5829,97.15,25,0,0,0,43|-3.500|21.750|1|3.000
5830,97.1666666666667,25,0,0,0,43|-3.500|21.500|1|3.000
5831,97.1833333333333,25,0,0,0,43|-3.000|21.250|1|3.000
5832,97.2,25,0,0,0,43|-3.000|21.000|1|3.000
5833,97.2166666666667,25,0,0,0,43|-3.000|20.750|1|3.000
5834,97.2333333333333,25,0,0,0,43|-3.000|20.500|1|3.000
5835,97.25,25,0,0,0,43|-3.000|20.250|1|3.000
5836,97.2666666666667,25,0,0,0,43|-3.000|20.000|1|3.000
5837,97.2833333333333,25,0,0,0,43|-3.000|19.750|1|3.000
5838,97.3,25,0,0,0,43|-3.000|19.500|1|3.000
5839,97.3166666666667,25,0,0,0,43|-2.500|19.250|1|3.000
5840,97.3333333333333,25,0,0,0,43|-2.500|19.000|1|3.000
5841,97.35,25,0,0,0,43|-2.000|18.750|1|3.000
5842,97.3666666666667,25,0,0,0,43|-2.000|18.500|1|3.000
5843,97.3833333333333,25,0,0,0,43|-2.000|18.250|1|3.000
5844,97.4,25,0,0,0,43|-2.000|18.000|1|3.000
5845,97.4166666666667,25,0,0,0,43|-2.000|17.750|1|3.000
5846,97.4333333333333,25,0,0,0,43|-2.000|17.500|1|3.000
5847,97.45,25,0,0,0,43|-2.000|17.250|1|3.000
5848,97.4666666666667,25,0,0,0,43|-2.000|17.000|1|3.000
5849,97.4833333333333,25,0,0,0,43|-2.000|16.750|1|3.000
5850,97.5,25,0,0,0,43|-2.000|16.500|1|3.000
5851,97.5166666666667,25,0,0,0,43|-2.000|16.250|1|3.000
5852,97.5333333333333,25,0,0,0,43|-2.000|16.000|1|3.000
5853,97.55,25,0,0,0,43|-2.000|15.750|1|3.000
5854,97.5666666666667,25,0,0,0,43|-2.000|15.500|1|3.000
5855,97.5833333333333,25,0,0,0,43|-2.000|15.250|1|3.000
5856,97.6,25,0,0,0,43|-2.000|15.000|1|3.000
5857,97.6166666666667,25,0,0,0,43|-2.000|14.750|1|3.000
5858,97.6333333333333,25,0,0,0,43|-2.000|14.500|1|3.000
5859,97.65,25,0,0,0,43|-2.000|14.250|1|3.000
5860,97.6666666666667,25,0,0,0,43|-2.000|14.000|1|3.000
5861,97.6833333333333,25,0,0,0,43|-2.000|13.750|1|3.000
5862,97.7,25,0,0,0,43|-2.000|13.500|1|3.000
5863,97.7166666666667,25,0,0,0,43|-2.000|13.250|1|3.000
5864,97.7333333333333,25,0,0,0,43|-2.000|13.000|1|3.000
5865,97.75,25,0,0,0,43|-2.000|12.750|1|3.000
5866,97.7666666666667,25,0,0,0,43|-2.000|12.500|1|3.000
5867,97.7833333333333,25,0,0,0,43|-2.000|12.250|1|3.000
5868,97.8,25,0,0,0,43|-1.500|12.000|1|3.000
5869,97.8166666666667,25,0,0,0,43|-1.500|11.750|1|3.000
5870,97.8333333333333,25,0,0,0,43|-1.500|11.500|1|3.000
5871,97.85,25,0,0,0,43|-1.500|11.250|1|3.000
5872,97.8666666666667,25,0,0,0,43|-1.500|11.000|1|3.000
5873,97.8833333333333,25,0,0,0,43|-1.500|10.750|1|3.000
5874,97.9,25,0,0,0,43|-1.500|10.500|1|3.000
5875,97.9166666666667,25,0,0,0,43|-1.500|10.250|1|3.000
5876,97.9333333333333,25,0,0,0,43|-1.500|10.000|1|3.000
5877,97.95,25,0,0,0,43|-1.500|9.750|1|3.000
5878,97.9666666666667,25,0,0,0,43|-1.500|9.500|1|3.000
5879,97.9833333333333,25,0,0,0,43|-1.500|9.250|1|3.000
5880,98,25,0,0,0,43|-1.500|9.000|1|3.000
5881,98.0166666666667,25,0,0,0,43|-1.500|8.750|1|3.000
5882,98.0333333333333,25,0,0,0,43|-1.500|8.500|1|3.000
5883,98.05,25,0,0,0,43|-1.500|8.250|1|3.000
5884,98.0666666666667,25,0,0,0,43|-1.500|8.000|1|3.000
5885,98.0833333333333,25,0,0,0,43|-1.500|7.750|1|3.000
5886,98.1,25,0,0,0,43|-1.000|7.500|1|3.000
5887,98.1166666666667,25,0,0,0,43|-1.000|7.250|1|3.000
5888,98.1333333333333,25,0,0,0,43|-1.000|7.000|1|3.000
5889,98.15,25,0,0,0,43|-1.000|6.750|1|3.000
5890,98.1666666666667,25,0,0,0,43|-1.000|6.500|1|3.000
5891,98.1833333333333,25,0,0,0,43|-1.000|6.250|1|3.000
5892,98.2,25,0,0,0,43|-1.000|6.000|1|3.000
5893,98.2166666666667,25,0,0,0,43|-1.000|5.750|1|3.000
5894,98.2333333333333,25,0,0,0,43|-1.000|5.500|1|3.000
5895,98.25,25,0,0,0,43|-1.000|5.250|1|3.000
5896,98.2666666666667,25,0,0,0,43|-1.000|5.000|1|3.000
5897,98.2833333333333,25,0,0,0,43|-1.000|4.750|1|3.000
5898,98.3,25,0,0,0,43|-1.000|4.500|1|3.000
5899,98.3166666666667,25,0,0,0,43|-1.000|4.250|1|3.000
5900,98.3333333333333,25,0,0,0,43|-1.000|4.000|1|3.000
5901,98.35,25,0,0,0,43|-1.000|3.750|1|3.000
5902,98.3666666666667,25,0,0,0,43|-1.000|3.500|1|3.000
5903,98.3833333333333,25,0,0,0,43|-1.000|3.250|1|3.000
5904,98.4,25,0,0,0,43|-0.500|3.000|1|3.000
5905,98.4166666666667,25,0,0,0,43|-0.500|2.750|1|3.000
5906,98.4333333333333,25,0,0,0,43|-0.500|2.500|1|3.000
5907,98.45,25,0,0,0,43|-0.500|2.250|1|3.000
5908,98.4666666666667,25,0,0,0,43|0.000|2.000|1|3.000
5909,98.4833333333333,25,0,0,0,43|0.000|1.750|1|3.000
5910,98.5,25,0,0,0,43|0.000|1.500|1|3.000
5911,98.5166666666667,25,0,0,0,43|0.000|1.250|1|3.000
5912,98.5333333333333,25,0,0,0,43|0.000|1.000|1|3.000
5913,98.55,25,0,0,0,43|0.000|0.750|1|3.000
5914,98.5666666666667,25,0,0,0,43|0.000|0.500|1|3.000
5915,98.5833333333333,25,0,0,0,43|0.000|0.250|1|3.000
5916,98.6,25,1,1,1,43|0.000|0.000|1|3.000
5917,98.6166666666667,0,0,0,0,
5918,98.6333333333333,0,0,0,0,
5919,98.65,0,0,0,0,
5920,98.6666666666667,0,0,0,0,
5921,98.6833333333333,0,0,0,0,
5922,98.7,0,0,0,0,
5923,98.7166666666667,0,0,0,0,
5924,98.7333333333333,0,0,0,0,
5925,98.75,0,0,0,0,
5926,98.7666666666667,0,0,0,0,
5927,98.7833333333333,0,0,0,0,
5928,98.8,0,0,0,0,
5929,98.8166666666667,0,0,0,0,
5930,98.8333333333333,0,0,0,0,
5931,98.85,0,0,0,0,
5932,98.8666666666667,0,0,0,0,
5933,98.8833333333333,0,0,0,0,
5934,98.9,0,0,0,0,
5935,98.9166666666667,25,0,0,0,44|9.000|29.750|1|1.500
5936,98.9333333333333,25,0,0,0,44|9.000|29.500|1|1.500
5937,98.95,25,0,0,0,44|9.000|29.250|1|1.500
5938,98.9666666666667,25,0,0,0,44|9.000|29.000|1|1.500
5939,98.9833333333333,25,0,0,0,44|9.000|28.750|1|1.500
5940,99,25,0,0,0,44|9.000|28.500|1|1.500
5941,99.0166666666667,25,0,0,0,44|9.000|28.250|1|1.500
5942,99.0333333333333,25,0,0,0,44|9.000|28.000|1|1.500
5943,99.05,25,0,0,0,44|9.000|27.750|1|1.500
5944,99.0666666666667,25,0,0,0,44|9.000|27.500|1|1.500
5945,99.0833333333333,25,0,0,0,44|9.000|27.250|1|1.500
5946,99.1,25,0,0,0,44|9.000|27.000|1|1.500
5947,99.1166666666667,25,0,0,0,44|9.000|26.750|1|1.500
5948,99.1333333333333,25,0,0,0,44|9.000|26.500|1|1.500
5949,99.15,25,0,0,0,44|9.000|26.250|1|1.500
5950,99.1666666666667,25,0,0,0,44|9.000|26.000|1|1.500
5951,99.1833333333333,25,0,0,0,44|9.000|25.750|1|1.500
5952,99.2,25,0,0,0,44|9.000|25.500|1|1.500
5953,99.2166666666667,25,0,0,0,44|9.000|25.250|1|1.500
5954,99.2333333333333,25,0,0,0,44|9.000|25.000|1|1.500
5955,99.25,25,0,0,0,44|9.000|24.750|1|1.500
5956,99.2666666666667,25,0,0,0,44|9.000|24.500|1|1.500
5957,99.2833333333333,25,0,0,0,44|9.000|24.250|1|1.500
5958,99.3,25,0,0,0,44|9.000|24.000|1|1.500
5959,99.3166666666667,25,0,0,0,44|9.000|23.750|1|1.500
5960,99.3333333333333,25,0,0,0,44|9.000|23.500|1|1.500
5961,99.35,25,0,0,0,44|9.000|23.250|1|1.500
5962,99.3666666666667,25,0,0,0,44|9.000|23.000|1|1.500
5963,99.3833333333333,25,0,0,0,44|9.000|22.750|1|1.500
5964,99.4,25,0,0,0,44|9.000|22.500|1|1.500
5965,99.4166666666667,25,0,0,0,44|9.000|22.250|1|1.500
5966,99.4333333333333,25,0,0,0,44|9.000|22.000|1|1.500
5967,99.45,25,0,0,0,44|9.000|21.750|1|1.500
5968,99.4666666666667,25,0,0,0,44|9.000|21.500|1|1.500
5969,99.4833333333333,25,0,0,0,44|9.000|21.250|1|1.500
5970,99.5,25,0,0,0,44|9.000|21.000|1|1.500
5971,99.5166666666667,25,0,0,0,44|9.000|20.750|1|1.500
5972,99.5333333333333,25,0,0,0,44|9.000|20.500|1|1.500
5973,99.55,25,0,0,0,44|9.000|20.250|1|1.500
5974,99.5666666666667,25,0,0,0,44|9.000|20.000|1|1.500
5975,99.5833333333333,25,0,0,0,44|9.000|19.750|1|1.500
5976,99.6,25,0,0,0,44|9.000|19.500|1|1.500
5977,99.6166666666667,25,0,0,0,44|9.000|19.250|1|1.500
5978,99.6333333333333,25,0,0,0,44|9.000|19.000|1|1.500
5979,99.65,25,0,0,0,44|9.000|18.750|1|1.500
5980,99.6666666666667,25,0,0,0,44|9.000|18.500|1|1.500
5981,99.6833333333333,25,0,0,0,44|9.000|18.250|1|1.500
5982,99.7,25,0,0,0,44|9.000|18.000|1|1.500
5983,99.7166666666667,25,0,0,0,44|9.000|17.750|1|1.500
5984,99.7333333333333,25,0,0,0,44|9.000|17.500|1|1.500
5985,99.75,25,0,0,0,44|9.000|17.250|1|1.500
5986,99.7666666666667,25,0,0,0,44|9.000|17.000|1|1.500
5987,99.7833333333333,25,0,0,0,44|9.000|16.750|1|1.500
5988,99.8,25,0,0,0,44|9.000|16.500|1|1.500
5989,99.8166666666667,25,0,0,0,44|9.000|16.250|1|1.500
5990,99.8333333333333,25,0,0,0,44|9.000|16.000|1|1.500
5991,99.85,25,0,0,0,44|9.000|15.750|1|1.500
5992,99.8666666666667,25,0,0,0,44|9.000|15.500|1|1.500
5993,99.8833333333333,25,0,0,0,44|9.000|15.250|1|1.500
5994,99.9,25,0,0,0,44|9.000|15.000|1|1.500
5995,99.9166666666667,25,0,0,0,44|9.000|14.750|1|1.500
5996,99.9333333333333,25,0,0,0,44|9.000|14.500|1|1.500
5997,99.95,25,0,0,0,44|9.000|14.250|1|1.500
5998,99.9666666666667,25,0,0,0,44|9.000|14.000|1|1.500
5999,99.9833333333333,25,0,0,0,44|9.000|13.750|1|1.500
6000,100,25,0,0,0,44|9.000|13.500|1|1.500
6001,100.016666666667,25,0,0,0,44|9.000|13.250|1|1.500
6002,100.033333333333,25,0,0,0,44|9.000|13.000|1|1.500
6003,100.05,25,0,0,0,44|9.000|12.750|1|1.500
6004,100.066666666667,25,0,0,0,44|9.000|12.500|1|1.500
6005,100.083333333333,25,0,0,0,44|9.000|12.250|1|1.500
6006,100.1,25,0,0,0,44|9.000|12.000|1|1.500
6007,100.116666666667,25,0,0,0,44|9.000|11.750|1|1.500
6008,100.133333333333,25,0,0,0,44|9.000|11.500|1|1.500
6009,100.15,25,0,0,0,44|9.000|11.250|1|1.500
6010,100.166666666667,25,0,0,0,44|9.000|11.000|1|1.500
6011,100.183333333333,25,0,0,0,44|9.000|10.750|1|1.500
6012,100.2,25,0,0,0,44|9.000|10.500|1|1.500
6013,100.216666666667,25,0,0,0,44|9.000|10.250|1|1.500
6014,100.233333333333,25,0,0,0,44|9.000|10.000|1|1.500
6015,100.25,25,0,0,0,44|9.000|9.750|1|1.500
6016,100.266666666667,25,0,0,0,44|9.000|9.500|1|1.500
6017,100.283333333333,25,0,0,0,44|9.000|9.250|1|1.500
6018,100.3,25,0,0,0,44|9.000|9.000|1|1.500
6019,100.316666666667,25,0,0,0,44|9.000|8.750|1|1.500
6020,100.333333333333,25,0,0,0,44|9.000|8.500|1|1.500
6021,100.35,25,0,0,0,44|9.000|8.250|1|1.500
6022,100.366666666667,25,0,0,0,44|9.000|8.000|1|1.500
6023,100.383333333333,25,0,0,0,44|9.000|7.750|1|1.500
6024,100.4,25,0,0,0,44|9.000|7.500|1|1.500
6025,100.416666666667,25,0,0,0,44|9.000|7.250|1|1.500
6026,100.433333333333,25,0,0,0,44|9.000|7.000|1|1.500
6027,100.45,25,0,0,0,44|9.000|6.750|1|1.500
6028,100.466666666667,25,0,0,0,44|9.000|6.500|1|1.500
6029,100.483333333333,25,0,0,0,44|9.000|6.250|1|1.500
6030,100.5,25,0,0,0,44|9.000|6.000|1|1.500
6031,100.516666666667,25,0,0,0,44|9.000|5.750|1|1.500
6032,100.533333333333,25,0,0,0,44|9.000|5.500|1|1.500
6033,100.55,25,0,0,0,44|9.000|5.250|1|1.500
6034,100.566666666667,25,0,0,0,44|9.000|5.000|1|1.500
6035,100.583333333333,25,0,0,0,44|9.000|4.750|1|1.500
6036,100.6,25,0,0,0,44|9.000|4.500|1|1.500
6037,100.616666666667,25,0,0,0,44|9.000|4.250|1|1.500
6038,100.633333333333,25,0,0,0,44|9.000|4.000|1|1.500
6039,100.65,25,0,0,0,44|9.000|3.750|1|1.500
6040,100.666666666667,25,0,0,0,44|9.000|3.500|1|1.500
6041,100.683333333333,25,0,0,0,44|9.000|3.250|1|1.500
6042,100.7,25,0,0,0,44|9.000|3.000|1|1.500
6043,100.716666666667,25,0,0,0,44|9.000|2.750|1|1.500
6044,100.733333333333,25,0,0,0,44|9.000|2.500|1|1.500
6045,100.75,25,0,0,0,44|9.000|2.250|1|1.500
6046,100.766666666667,25,0,0,0,44|9.000|2.000|1|1.500
6047,100.783333333333,25,0,0,0,44|9.000|1.750|1|1.500
6048,100.8,25,0,0,0,44|9.000|1.500|1|1.500
6049,100.816666666667,25,0,0,0,44|9.000|1.250|1|1.500
6050,100.833333333333,25,0,0,0,44|9.000|1.000|1|1.500
6051,100.85,25,0,0,0,44|9.000|0.750|1|1.500
6052,100.866666666667,25,0,0,0,44|9.000|0.500|1|1.500
6053,100.883333333333,25,0,0,0,44|9.000|0.250|1|1.500
6054,100.9,25,0,1,0,44|9.000|0.000|1|1.500
6055,100.916666666667,0,0,0,0,
6056,100.933333333333,0,0,0,0,
6057,100.95,0,0,0,0,
6058,100.966666666667,0,0,0,0,
6059,100.983333333333,0,0,0,0,
6060,101,0,0,0,0,
6061,101.016666666667,0,0,0,0,
6062,101.033333333333,0,0,0,0,
6063,101.05,0,0,0,0,
6064,101.066666666667,0,0,0,0,
6065,101.083333333333,0,0,0,0,
6066,101.1,0,0,0,0,
6067,101.116666666667,0,0,0,0,
6068,101.133333333333,0,0,0,0,
6069,101.15,0,0,0,0,
6070,101.166666666667,0,0,0,0,
6071,101.183333333333,0,0,0,0,
6072,101.2,0,0,0,0,
6073,101.216666666667,25,0,0,0,45|-9.000|29.750|1|1.500
6074,101.233333333333,25,0,0,0,45|-9.000|29.500|1|1.500
6075,101.25,25,0,0,0,45|-9.000|29.250|1|1.500
6076,101.266666666667,25,0,0,0,45|-9.000|29.000|1|1.500
6077,101.283333333333,25,0,0,0,45|-9.000|28.750|1|1.500
6078,101.3,25,0,0,0,45|-9.000|28.500|1|1.500
6079,101.316666666667,25,0,0,0,45|-9.000|28.250|1|1.500
6080,101.333333333333,25,0,0,0,45|-9.000|28.000|1|1.500
6081,101.35,25,0,0,0,45|-9.000|27.750|1|1.500
6082,101.366666666667,25,0,0,0,45|-9.000|27.500|1|1.500
6083,101.383333333333,25,0,0,0,45|-9.000|27.250|1|1.500
6084,101.4,25,0,0,0,45|-9.000|27.000|1|1.500
6085,101.416666666667,25,0,0,0,45|-9.000|26.750|1|1.500
6086,101.433333333333,25,0,0,0,45|-9.000|26.500|1|1.500
6087,101.45,25,0,0,0,45|-8.250|26.250|1|1.500
6088,101.466666666667,25,0,0,0,45|-8.250|26.000|1|1.500
6089,101.483333333333,25,0,0,0,45|-8.250|25.750|1|1.500
6090,101.5,25,0,0,0,45|-7.500|25.500|1|1.500
6091,101.516666666667,25,0,0,0,45|-7.500|25.250|1|1.500
6092,101.533333333333,25,0,0,0,45|-7.500|25.000|1|1.500
6093,101.55,25,0,0,0,45|-7.500|24.750|1|1.500
6094,101.566666666667,25,0,0,0,45|-7.500|24.500|1|1.500
6095,101.583333333333,25,0,0,0,45|-7.500|24.250|1|1.500
6096,101.6,25,0,0,0,45|-7.500|24.000|1|1.500
6097,101.616666666667,25,0,0,0,45|-6.750|23.750|1|1.500
6098,101.633333333333,25,0,0,0,45|-6.750|23.500|1|1.500
6099,101.65,25,0,0,0,45|-6.750|23.250|1|1.500
6100,101.666666666667,25,0,0,0,45|-6.750|23.000|1|1.500
6101,101.683333333333,25,0,0,0,45|-6.750|22.750|1|1.500
6102,101.7,25,0,0,0,45|-6.750|22.500|1|1.500
6103,101.716666666667,25,0,0,0,45|-6.750|22.250|1|1.500
6104,101.733333333333,25,0,0,0,45|-6.750|22.000|1|1.500
6105,101.75,25,0,0,0,45|-6.750|21.750|1|1.500
6106,101.766666666667,25,0,0,0,45|-6.750|21.500|1|1.500
6107,101.783333333333,25,0,0,0,45|-6.000|21.250|1|1.500
6108,101.8,25,0,0,0,45|-6.000|21.000|1|1.500
6109,101.816666666667,25,0,0,0,45|-6.000|20.750|1|1.500
6110,101.833333333333,25,0,0,0,45|-6.000|20.500|1|1.500
6111,101.85,25,0,0,0,45|-6.000|20.250|1|1.500
6112,101.866666666667,25,0,0,0,45|-6.000|20.000|1|1.500
6113,101.883333333333,25,0,0,0,45|-6.000|19.750|1|1.500
6114,101.9,25,0,0,0,45|-6.000|19.500|1|1.500
6115,101.916666666667,25,0,0,0,45|-6.000|19.250|1|1.500
6116,101.933333333333,25,0,0,0,45|-6.000|19.000|1|1.500
6117,101.95,25,0,0,0,45|-6.000|18.750|1|1.500
6118,101.966666666667,25,0,0,0,45|-6.000|18.500|1|1.500
6119,101.983333333333,25,0,0,0,45|-6.000|18.250|1|1.500
6120,102,25,0,0,0,45|-6.000|18.000|1|1.500
6121,102.016666666667,25,0,0,0,45|-5.250|17.750|1|1.500
6122,102.033333333333,25,0,0,0,45|-5.250|17.500|1|1.500
6123,102.05,25,0,0,0,45|-5.250|17.250|1|1.500
6124,102.066666666667,25,0,0,0,45|-5.250|17.000|1|1.500
6125,102.083333333333,25,0,0,0,45|-5.250|16.750|1|1.500
6126,102.1,25,0,0,0,45|-5.250|16.500|1|1.500
6127,102.116666666667,25,0,0,0,45|-4.500|16.250|1|1.500
6128,102.133333333333,25,0,0,0,45|-4.500|16.000|1|1.500
6129,102.15,25,0,0,0,45|-4.500|15.750|1|1.500
6130,102.166666666667,25,0,0,0,45|-4.500|15.500|1|1.500
6131,102.183333333333,25,0,0,0,45|-4.500|15.250|1|1.500
6132,102.2,25,0,0,0,45|-4.500|15.000|1|1.500
6133,102.216666666667,25,0,0,0,45|-4.500|14.750|1|1.500
6134,102.233333333333,25,0,0,0,45|-4.500|14.500|1|1.500
6135,102.25,25,0,0,0,45|-4.500|14.250|1|1.500
6136,102.266666666667,25,0,0,0,45|-4.500|14.000|1|1.500
6137,102.283333333333,25,0,0,0,45|-4.500|13.750|1|1.500
6138,102.3,25,0,0,0,45|-4.500|13.500|1|1.500
6139,102.316666666667,25,0,0,0,45|-4.500|13.250|1|1.500
6140,102.333333333333,25,0,0,0,45|-4.500|13.000|1|1.500
6141,102.35,25,0,0,0,45|-4.500|12.750|1|1.500
6142,102.366666666667,25,0,0,0,45|-4.500|12.500|1|1.500
6143,102.383333333333,25,0,0,0,45|-4.500|12.250|1|1.500
6144,102.4,25,0,0,0,45|-3.750|12.000|1|1.500
6145,102.416666666667,25,0,0,0,45|-3.750|11.750|1|1.500
6146,102.433333333333,25,0,0,0,45|-3.750|11.500|1|1.500
6147,102.45,25,0,0,0,45|-3.750|11.250|1|1.500
6148,102.466666666667,25,0,0,0,45|-3.750|11.000|1|1.500
6149,102.483333333333,25,0,0,0,45|-3.750|10.750|1|1.500
6150,102.5,25,0,0,0,45|-3.750|10.500|1|1.500
6151,102.516666666667,25,0,0,0,45|-3.750|10.250|1|1.500
6152,102.533333333333,25,0,0,0,45|-3.000|10.000|1|1.500
6153,102.55,25,0,0,0,45|-2.250|9.750|1|1.500
6154,102.566666666667,25,0,0,0,45|-2.250|9.500|1|1.500
6155,102.583333333333,25,0,0,0,45|-2.250|9.250|1|1.500
6156,102.6,25,0,0,0,45|-2.250|9.000|1|1.500
6157,102.616666666667,25,0,0,0,45|-2.250|8.750|1|1.500
6158,102.633333333333,25,0,0,0,45|-2.250|8.500|1|1.500
6159,102.65,25,0,0,0,45|-2.250|8.250|1|1.500
6160,102.666666666667,25,0,0,0,45|-2.250|8.000|1|1.500
6161,102.683333333333,25,0,0,0,45|-2.250|7.750|1|1.500
6162,102.7,25,0,0,0,45|-2.250|7.500|1|1.500
6163,102.716666666667,25,0,0,0,45|-2.250|7.250|1|1.500
6164,102.733333333333,25,0,0,0,45|-1.500|7.000|1|1.500
6165,102.75,25,0,0,0,45|-1.500|6.750|1|1.500
6166,102.766666666667,25,0,0,0,45|-1.500|6.500|1|1.500
6167,102.783333333333,25,0,0,0,45|-1.500|6.250|1|1.500
6168,102.8,25,0,0,0,45|-1.500|6.000|1|1.500
6169,102.816666666667,25,0,0,0,45|-1.500|5.750|1|1.500
6170,102.833333333333,25,0,0,0,45|-1.500|5.500|1|1.500
6171,102.85,25,0,0,0,45|-1.500|5.250|1|1.500
6172,102.866666666667,25,0,0,0,45|-1.500|5.000|1|1.500
6173,102.883333333333,25,0,0,0,45|-1.500|4.750|1|1.500
6174,102.9,25,0,0,0,45|-1.500|4.500|1|1.500
6175,102.916666666667,25,0,0,0,45|-1.500|4.250|1|1.500
6176,102.933333333333,25,0,0,0,45|-1.500|4.000|1|1.500
6177,102.95,25,0,0,0,45|-1.500|3.750|1|1.500
6178,102.966666666667,25,0,0,0,45|-0.750|3.500|1|1.500
6179,102.983333333333,25,0,0,0,45|-0.750|3.250|1|1.500
6180,103,25,0,0,0,45|0.000|3.000|1|1.500
6181,103.016666666667,25,0,0,0,45|0.000|2.750|1|1.500
6182,103.033333333333,25,0,0,0,45|0.000|2.500|1|1.500
6183,103.05,25,0,0,0,45|0.000|2.250|1|1.500
6184,103.066666666667,25,0,0,0,45|0.000|2.000|1|1.500
6185,103.083333333333,25,0,0,0,45|0.000|1.750|1|1.500
6186,103.1,25,0,0,0,45|0.000|1.500|1|1.500
6187,103.116666666667,25,0,0,0,45|0.000|1.250|1|1.500
6188,103.133333333333,25,0,0,0,45|0.000|1.000|1|1.500
6189,103.15,25,0,0,0,45|0.000|0.750|1|1.500
6190,103.166666666667,25,0,0,0,45|0.000|0.500|1|1.500
6191,103.183333333333,25,0,0,0,45|0.000|0.250|1|1.500
6192,103.2,25,1,1,2,45|0.000|0.000|1|1.500
6193,103.216666666667,0,0,0,0,
6194,103.233333333333,0,0,0,0,
6195,103.25,0,0,0,0,
6196,103.266666666667,0,0,0,0,
6197,103.283333333333,0,0,0,0,
6198,103.3,0,0,0,0,
6199,103.316666666667,0,0,0,0,
6200,103.333333333333,0,0,0,0,
6201,103.35,0,0,0,0,
6202,103.366666666667,0,0,0,0,
6203,103.383333333333,0,0,0,0,
6204,103.4,0,0,0,0,
6205,103.416666666667,0,0,0,0,
6206,103.433333333333,0,0,0,0,
6207,103.45,0,0,0,0,
6208,103.466666666667,0,0,0,0,
6209,103.483333333333,0,0,0,0,
6210,103.5,0,0,0,0,
6211,103.516666666667,25,0,0,0,46|-6.000|29.750|1|1.500
6212,103.533333333333,25,0,0,0,46|-6.000|29.500|1|1.500
6213,103.55,25,0,0,0,46|-6.000|29.250|1|1.500
6214,103.566666666667,25,0,0,0,46|-6.000|29.000|1|1.500
6215,103.583333333333,25,0,0,0,46|-6.000|28.750|1|1.500
6216,103.6,25,0,0,0,46|-6.000|28.500|1|1.500
6217,103.616666666667,25,0,0,0,46|-6.000|28.250|1|1.500
6218,103.633333333333,25,0,0,0,46|-6.000|28.000|1|1.500
6219,103.65,25,0,0,0,46|-6.000|27.750|1|1.500
6220,103.666666666667,25,0,0,0,46|-6.000|27.500|1|1.500
6221,103.683333333333,25,0,0,0,46|-6.000|27.250|1|1.500
6222,103.7,25,0,0,0,46|-5.500|27.000|1|1.500
6223,103.716666666667,25,0,0,0,46|-5.500|26.750|1|1.500
6224,103.733333333333,25,0,0,0,46|-5.500|26.500|1|1.500
6225,103.75,25,0,0,0,46|-5.500|26.250|1|1.500
6226,103.766666666667,25,0,0,0,46|-5.500|26.000|1|1.500
6227,103.783333333333,25,0,0,0,46|-5.500|25.750|1|1.500
6228,103.8,25,0,0,0,46|-5.500|25.500|1|1.500
6229,103.816666666667,25,0,0,0,46|-5.500|25.250|1|1.500
6230,103.833333333333,25,0,0,0,46|-5.500|25.000|1|1.500
6231,103.85,25,0,0,0,46|-5.500|24.750|1|1.500
6232,103.866666666667,25,0,0,0,46|-5.500|24.500|1|1.500
6233,103.883333333333,25,0,0,0,46|-5.500|24.250|1|1.500
6234,103.9,25,0,0,0,46|-5.500|24.000|1|1.500
6235,103.916666666667,25,0,0,0,46|-5.000|23.750|1|1.500
6236,103.933333333333,25,0,0,0,46|-5.000|23.500|1|1.500
6237,103.95,25,0,0,0,46|-4.500|23.250|1|1.500
6238,103.966666666667,25,0,0,0,46|-4.500|23.000|1|1.500
6239,103.983333333333,25,0,0,0,46|-4.500|22.750|1|1.500
6240,104,25,0,0,0,46|-4.500|22.500|1|1.500
6241,104.016666666667,25,0,0,0,46|-4.500|22.250|1|1.500
6242,104.033333333333,25,0,0,0,46|-4.500|22.000|1|1.500
6243,104.05,25,0,0,0,46|-4.500|21.750|1|1.500
6244,104.066666666667,25,0,0,0,46|-4.500|21.500|1|1.500
6245,104.083333333333,25,0,0,0,46|-4.500|21.250|1|1.500
6246,104.1,25,0,0,0,46|-4.500|21.000|1|1.500
6247,104.116666666667,25,0,0,0,46|-4.500|20.750|1|1.500
6248,104.133333333333,25,0,0,0,46|-4.500|20.500|1|1.500
6249,104.15,25,0,0,0,46|-4.500|20.250|1|1.500
6250,104.166666666667,25,0,0,0,46|-4.000|20.000|1|1.500
6251,104.183333333333,25,0,0,0,46|-3.500|19.750|1|1.500
6252,104.2,25,0,0,0,46|-3.500|19.500|1|1.500
6253,104.216666666667,25,0,0,0,46|-3.500|19.250|1|1.500
6254,104.233333333333,25,0,0,0,46|-3.500|19.000|1|1.500
6255,104.25,25,0,0,0,46|-3.500|18.750|1|1.500
6256,104.266666666667,25,0,0,0,46|-3.500|18.500|1|1.500
6257,104.283333333333,25,0,0,0,46|-3.500|18.250|1|1.500
6258,104.3,25,0,0,0,46|-3.500|18.000|1|1.500
6259,104.316666666667,25,0,0,0,46|-3.500|17.750|1|1.500
6260,104.333333333333,25,0,0,0,46|-3.500|17.500|1|1.500
6261,104.35,25,0,0,0,46|-3.500|17.250|1|1.500
6262,104.366666666667,25,0,0,0,46|-3.500|17.000|1|1.500
6263,104.383333333333,25,0,0,0,46|-3.500|16.750|1|1.500
6264,104.4,25,0,0,0,46|-3.500|16.500|1|1.500
6265,104.416666666667,25,0,0,0,46|-3.500|16.250|1|1.500
6266,104.433333333333,25,0,0,0,46|-3.500|16.000|1|1.500
6267,104.45,25,0,0,0,46|-3.500|15.750|1|1.500
6268,104.466666666667,25,0,0,0,46|-3.500|15.500|1|1.500
6269,104.483333333333,25,0,0,0,46|-3.500|15.250|1|1.500
6270,104.5,25,0,0,0,46|-3.500|15.000|1|1.500
6271,104.516666666667,25,0,0,0,46|-3.500|14.750|1|1.500
6272,104.533333333333,25,0,0,0,46|-3.500|14.500|1|1.500
6273,104.55,25,0,0,0,46|-3.500|14.250|1|1.500
6274,104.566666666667,25,0,0,0,46|-3.500|14.000|1|1.500
6275,104.583333333333,25,0,0,0,46|-3.000|13.750|1|1.500
6276,104.6,25,0,0,0,46|-2.500|13.500|1|1.500
6277,104.616666666667,25,0,0,0,46|-2.000|13.250|1|1.500
6278,104.633333333333,25,0,0,0,46|-2.000|13.000|1|1.500
6279,104.65,25,0,0,0,46|-2.000|12.750|1|1.500
6280,104.666666666667,25,0,0,0,46|-2.000|12.500|1|1.500
6281,104.683333333333,25,0,0,0,46|-2.000|12.250|1|1.500
6282,104.7,25,0,0,0,46|-2.000|12.000|1|1.500
6283,104.716666666667,25,0,0,0,46|-2.000|11.750|1|1.500
6284,104.733333333333,25,0,0,0,46|-2.000|11.500|1|1.500
6285,104.75,25,0,0,0,46|-2.000|11.250|1|1.500
6286,104.766666666667,25,0,0,0,46|-2.000|11.000|1|1.500
6287,104.783333333333,25,0,0,0,46|-2.000|10.750|1|1.500
6288,104.8,25,0,0,0,46|-2.000|10.500|1|1.500
6289,104.816666666667,25,0,0,0,46|-2.000|10.250|1|1.500
6290,104.833333333333,25,0,0,0,46|-2.000|10.000|1|1.500
6291,104.85,25,0,0,0,46|-2.000|9.750|1|1.500
6292,104.866666666667,25,0,0,0,46|-2.000|9.500|1|1.500
6293,104.883333333333,25,0,0,0,46|-2.000|9.250|1|1.500
6294,104.9,25,0,0,0,46|-2.000|9.000|1|1.500
6295,104.916666666667,25,0,0,0,46|-2.000|8.750|1|1.500
6296,104.933333333333,25,0,0,0,46|-2.000|8.500|1|1.500
6297,104.95,25,0,0,0,46|-2.000|8.250|1|1.500
6298,104.966666666667,25,0,0,0,46|-2.000|8.000|1|1.500
6299,104.983333333333,25,0,0,0,46|-2.000|7.750|1|1.500
6300,105,25,0,0,0,46|-1.500|7.500|1|1.500
6301,105.016666666667,25,0,0,0,46|-1.500|7.250|1|1.500
6302,105.033333333333,25,0,0,0,46|-1.500|7.000|1|1.500
6303,105.05,25,0,0,0,46|-1.500|6.750|1|1.500
6304,105.066666666667,25,0,0,0,46|-1.500|6.500|1|1.500
6305,105.083333333333,25,0,0,0,46|-1.500|6.250|1|1.500
6306,105.1,25,0,0,0,46|-1.500|6.000|1|1.500
6307,105.116666666667,25,0,0,0,46|-1.500|5.750|1|1.500
6308,105.133333333333,25,0,0,0,46|-1.500|5.500|1|1.500
6309,105.15,25,0,0,0,46|-1.500|5.250|1|1.500
6310,105.166666666667,25,0,0,0,46|-1.000|5.000|1|1.500
6311,105.183333333333,25,0,0,0,46|-1.000|4.750|1|1.500
6312,105.2,25,0,0,0,46|-1.000|4.500|1|1.500
6313,105.216666666667,25,0,0,0,46|-1.000|4.250|1|1.500
6314,105.233333333333,25,0,0,0,46|-1.000|4.000|1|1.500
6315,105.25,25,0,0,0,46|-1.000|3.750|1|1.500
6316,105.266666666667,25,0,0,0,46|-1.000|3.500|1|1.500
6317,105.283333333333,25,0,0,0,46|-1.000|3.250|1|1.500
6318,105.3,25,0,0,0,46|-0.500|3.000|1|1.500
6319,105.316666666667,25,0,0,0,46|-0.500|2.750|1|1.500
6320,105.333333333333,25,0,0,0,46|-0.500|2.500|1|1.500
6321,105.35,25,0,0,0,46|-0.500|2.250|1|1.500
6322,105.366666666667,25,0,0,0,46|-0.500|2.000|1|1.500
6323,105.383333333333,25,0,0,0,46|-0.500|1.750|1|1.500
6324,105.4,25,0,0,0,46|-0.500|1.500|1|1.500
6325,105.416666666667,25,0,0,0,46|0.000|1.250|1|1.500
6326,105.433333333333,25,0,0,0,46|0.000|1.000|1|1.500
6327,105.45,25,0,0,0,46|0.000|0.750|1|1.500
6328,105.466666666667,25,0,0,0,46|0.000|0.500|1|1.500
6329,105.483333333333,25,0,0,0,46|0.000|0.250|1|1.500
6330,105.5,25,1,1,1,46|0.000|0.000|1|1.500
6331,105.516666666667,0,0,0,0,
6332,105.533333333333,0,0,0,0,
6333,105.55,0,0,0,0,
6334,105.566666666667,0,0,0,0,
6335,105.583333333333,0,0,0,0,
6336,105.6,0,0,0,0,
6337,105.616666666667,0,0,0,0,
6338,105.633333333333,0,0,0,0,
6339,105.65,0,0,0,0,
6340,105.666666666667,0,0,0,0,
6341,105.683333333333,0,0,0,0,
6342,105.7,0,0,0,0,
6343,105.716666666667,0,0,0,0,
6344,105.733333333333,0,0,0,0,
6345,105.75,0,0,0,0,
6346,105.766666666667,0,0,0,0,
6347,105.783333333333,0,0,0,0,
6348,105.8,0,0,0,0,
6349,105.816666666667,25,0,0,0,47|5.900|29.750|1|1.500
6350,105.833333333333,25,0,0,0,47|5.900|29.500|1|1.500
6351,105.85,25,0,0,0,47|5.900|29.250|1|1.500
6352,105.866666666667,25,0,0,0,47|5.800|29.000|1|1.500
6353,105.883333333333,25,0,0,0,47|5.700|28.750|1|1.500
6354,105.9,25,0,0,0,47|5.600|28.500|1|1.500
6355,105.916666666667,25,0,0,0,47|5.600|28.250|1|1.500
6356,105.933333333333,25,0,0,0,47|5.600|28.000|1|1.500
6357,105.95,25,0,0,0,47|5.500|27.750|1|1.500
6358,105.966666666667,25,0,0,0,47|5.400|27.500|1|1.500
6359,105.983333333333,25,0,0,0,47|5.400|27.250|1|1.500
6360,106,25,0,0,0,47|5.300|27.000|1|1.500
6361,106.016666666667,25,0,0,0,47|5.300|26.750|1|1.500
6362,106.033333333333,25,0,0,0,47|5.200|26.500|1|1.500
6363,106.05,25,0,0,0,47|5.100|26.250|1|1.500
6364,106.066666666667,25,0,0,0,47|5.100|26.000|1|1.500
6365,106.083333333333,25,0,0,0,47|5.100|25.750|1|1.500
6366,106.1,25,0,0,0,47|5.100|25.500|1|1.500
6367,106.116666666667,25,0,0,0,47|5.100|25.250|1|1.500
6368,106.133333333333,25,0,0,0,47|5.000|25.000|1|1.500
6369,106.15,25,0,0,0,47|5.000|24.750|1|1.500
6370,106.166666666667,25,0,0,0,47|5.000|24.500|1|1.500
6371,106.183333333333,25,0,0,0,47|4.900|24.250|1|1.500
6372,106.2,25,0,0,0,47|4.900|24.000|1|1.500
6373,106.216666666667,25,0,0,0,47|4.800|23.750|1|1.500
6374,106.233333333333,25,0,0,0,47|4.800|23.500|1|1.500
6375,106.25,25,0,0,0,47|4.800|23.250|1|1.500
6376,106.266666666667,25,0,0,0,47|4.800|23.000|1|1.500
6377,106.283333333333,25,0,0,0,47|4.700|22.750|1|1.500
6378,106.3,25,0,0,0,47|4.600|22.500|1|1.500
6379,106.316666666667,25,0,0,0,47|4.600|22.250|1|1.500
6380,106.333333333333,25,0,0,0,47|4.500|22.000|1|1.500
6381,106.35,25,0,0,0,47|4.400|21.750|1|1.500
6382,106.366666666667,25,0,0,0,47|4.400|21.500|1|1.500
6383,106.383333333333,25,0,0,0,47|4.400|21.250|1|1.500
6384,106.4,25,0,0,0,47|4.300|21.000|1|1.500
6385,106.416666666667,25,0,0,0,47|4.200|20.750|1|1.500
6386,106.433333333333,25,0,0,0,47|4.100|20.500|1|1.500
6387,106.45,25,0,0,0,47|4.100|20.250|1|1.500
6388,106.466666666667,25,0,0,0,47|4.100|20.000|1|1.500
6389,106.483333333333,25,0,0,0,47|4.000|19.750|1|1.500
6390,106.5,25,0,0,0,47|4.000|19.500|1|1.500
6391,106.516666666667,25,0,0,0,47|3.900|19.250|1|1.500
6392,106.533333333333,25,0,0,0,47|3.800|19.000|1|1.500
6393,106.55,25,0,0,0,47|3.700|18.750|1|1.500
6394,106.566666666667,25,0,0,0,47|3.600|18.500|1|1.500
6395,106.583333333333,25,0,0,0,47|3.600|18.250|1|1.500
6396,106.6,25,0,0,0,47|3.600|18.000|1|1.500
6397,106.616666666667,25,0,0,0,47|3.600|17.750|1|1.500
6398,106.633333333333,25,0,0,0,47|3.600|17.500|1|1.500
6399,106.65,25,0,0,0,47|3.500|17.250|1|1.500
6400,106.666666666667,25,0,0,0,47|3.500|17.000|1|1.500
6401,106.683333333333,25,0,0,0,47|3.400|16.750|1|1.500
6402,106.7,25,0,0,0,47|3.400|16.500|1|1.500
6403,106.716666666667,25,0,0,0,47|3.300|16.250|1|1.500
6404,106.733333333333,25,0,0,0,47|3.200|16.000|1|1.500
6405,106.75,25,0,0,0,47|3.200|15.750|1|1.500
6406,106.766666666667,25,0,0,0,47|3.200|15.500|1|1.500
6407,106.783333333333,25,0,0,0,47|3.100|15.250|1|1.500
6408,106.8,25,0,0,0,47|3.000|15.000|1|1.500
6409,106.816666666667,25,0,0,0,47|3.000|14.750|1|1.500
6410,106.833333333333,25,0,0,0,47|3.000|14.500|1|1.500
6411,106.85,25,0,0,0,47|2.900|14.250|1|1.500
6412,106.866666666667,25,0,0,0,47|2.800|14.000|1|1.500
6413,106.883333333333,25,0,0,0,47|2.700|13.750|1|1.500
6414,106.9,25,0,0,0,47|2.600|13.500|1|1.500
6415,106.916666666667,25,0,0,0,47|2.500|13.250|1|1.500
6416,106.933333333333,25,0,0,0,47|2.400|13.000|1|1.500
6417,106.95,25,0,0,0,47|2.400|12.750|1|1.500
6418,106.966666666667,25,0,0,0,47|2.300|12.500|1|1.500
6419,106.983333333333,25,0,0,0,47|2.200|12.250|1|1.500
6420,107,25,0,0,0,47|2.200|12.000|1|1.500
6421,107.016666666667,25,0,0,0,47|2.200|11.750|1|1.500
6422,107.033333333333,25,0,0,0,47|2.100|11.500|1|1.500
6423,107.05,25,0,0,0,47|2.000|11.250|1|1.500
6424,107.066666666667,25,0,0,0,47|2.000|11.000|1|1.500
6425,107.083333333333,25,0,0,0,47|1.900|10.750|1|1.500
6426,107.1,25,0,0,0,47|1.900|10.500|1|1.500
6427,107.116666666667,25,0,0,0,47|1.900|10.250|1|1.500
6428,107.133333333333,25,0,0,0,47|1.900|10.000|1|1.500
6429,107.15,25,0,0,0,47|1.800|9.750|1|1.500
6430,107.166666666667,25,0,0,0,47|1.700|9.500|1|1.500
6431,107.183333333333,25,0,0,0,47|1.700|9.250|1|1.500
6432,107.2,25,0,0,0,47|1.700|9.000|1|1.500
6433,107.216666666667,25,0,0,0,47|1.600|8.750|1|1.500
6434,107.233333333333,25,0,0,0,47|1.600|8.500|1|1.500
6435,107.25,25,0,0,0,47|1.500|8.250|1|1.500
6436,107.266666666667,25,0,0,0,47|1.500|8.000|1|1.500
6437,107.283333333333,25,0,0,0,47|1.500|7.750|1|1.500
6438,107.3,25,0,0,0,47|1.500|7.500|1|1.500
6439,107.316666666667,25,0,0,0,47|1.400|7.250|1|1.500
6440,107.333333333333,25,0,0,0,47|1.400|7.000|1|1.500
6441,107.35,25,0,0,0,47|1.300|6.750|1|1.500
6442,107.366666666667,25,0,0,0,47|1.300|6.500|1|1.500
6443,107.383333333333,25,0,0,0,47|1.200|6.250|1|1.500
6444,107.4,25,0,0,0,47|1.100|6.000|1|1.500
6445,107.416666666667,25,0,0,0,47|1.100|5.750|1|1.500
6446,107.433333333333,25,0,0,0,47|1.000|5.500|1|1.500
6447,107.45,25,0,0,0,47|1.000|5.250|1|1.500
6448,107.466666666667,25,0,0,0,47|1.000|5.000|1|1.500
6449,107.483333333333,25,0,0,0,47|1.000|4.750|1|1.500
6450,107.5,25,0,0,0,47|0.900|4.500|1|1.500
6451,107.516666666667,25,0,0,0,47|0.800|4.250|1|1.500
6452,107.533333333333,25,0,0,0,47|0.700|4.000|1|1.500
6453,107.55,25,0,0,0,47|0.600|3.750|1|1.500
6454,107.566666666667,25,0,0,0,47|0.600|3.500|1|1.500
6455,107.583333333333,25,0,0,0,47|0.500|3.250|1|1.500
6456,107.6,25,0,0,0,47|0.500|3.000|1|1.500
6457,107.616666666667,25,0,0,0,47|0.500|2.750|1|1.500
6458,107.633333333333,25,0,0,0,47|0.400|2.500|1|1.500
6459,107.65,25,0,0,0,47|0.400|2.250|1|1.500
6460,107.666666666667,25,0,0,0,47|0.400|2.000|1|1.500
6461,107.683333333333,25,0,0,0,47|0.400|1.750|1|1.500
6462,107.7,25,0,0,0,47|0.400|1.500|1|1.500
6463,107.716666666667,25,0,0,0,47|0.300|1.250|1|1.500
6464,107.733333333333,25,0,0,0,47|0.200|1.000|1|1.500
6465,107.75,25,0,0,0,47|0.200|0.750|1|1.500
6466,107.766666666667,25,0,0,0,47|0.100|0.500|1|1.500
6467,107.783333333333,25,0,0,0,47|0.000|0.250|1|1.500
6468,107.8,25,1,1,1,47|0.000|0.000|1|1.500
6469,107.816666666667,0,0,0,0,
6470,107.833333333333,0,0,0,0,
6471,107.85,0,0,0,0,
6472,107.866666666667,0,0,0,0,
6473,107.883333333333,0,0,0,0,
6474,107.9,0,0,0,0,
6475,107.916666666667,0,0,0,0,
6476,107.933333333333,0,0,0,0,
6477,107.95,0,0,0,0,
6478,107.966666666667,0,0,0,0,
6479,107.983333333333,0,0,0,0,
6480,108,0,0,0,0,
6481,108.016666666667,0,0,0,0,
6482,108.033333333333,0,0,0,0,
6483,108.05,0,0,0,0,
6484,108.066666666667,0,0,0,0,
6485,108.083333333333,0,0,0,0,
6486,108.1,0,0,0,0,
6487,108.116666666667,25,0,0,0,48|-9.000|29.750|1|3.000
6488,108.133333333333,25,0,0,0,48|-9.000|29.500|1|3.000
6489,108.15,25,0,0,0,48|-8.250|29.250|1|3.000
6490,108.166666666667,25,0,0,0,48|-8.250|29.000|1|3.000
6491,108.183333333333,25,0,0,0,48|-8.250|28.750|1|3.000
6492,108.2,25,0,0,0,48|-8.250|28.500|1|3.000
6493,108.216666666667,25,0,0,0,48|-8.250|28.250|1|3.000
6494,108.233333333333,25,0,0,0,48|-8.250|28.000|1|3.000
6495,108.25,25,0,0,0,48|-8.250|27.750|1|3.000
6496,108.266666666667,25,0,0,0,48|-8.250|27.500|1|3.000
6497,108.283333333333,25,0,0,0,48|-8.250|27.250|1|3.000
6498,108.3,25,0,0,0,48|-8.250|27.000|1|3.000
6499,108.316666666667,25,0,0,0,48|-8.250|26.750|1|3.000
6500,108.333333333333,25,0,0,0,48|-8.250|26.500|1|3.000
6501,108.35,25,0,0,0,48|-7.500|26.250|1|3.000
6502,108.366666666667,25,0,0,0,48|-7.500|26.000|1|3.000
6503,108.383333333333,25,0,0,0,48|-7.500|25.750|1|3.000
6504,108.4,25,0,0,0,48|-7.500|25.500|1|3.000
6505,108.416666666667,25,0,0,0,48|-7.500|25.250|1|3.000
6506,108.433333333333,25,0,0,0,48|-7.500|25.000|1|3.000
6507,108.45,25,0,0,0,48|-7.500|24.750|1|3.000
6508,108.466666666667,25,0,0,0,48|-7.500|24.500|1|3.000
6509,108.483333333333,25,0,0,0,48|-7.500|24.250|1|3.000
6510,108.5,25,0,0,0,48|-7.500|24.000|1|3.000
6511,108.516666666667,25,0,0,0,48|-7.500|23.750|1|3.000
6512,108.533333333333,25,0,0,0,48|-7.500|23.500|1|3.000
6513,108.55,25,0,0,0,48|-7.500|23.250|1|3.000
6514,108.566666666667,25,0,0,0,48|-7.500|23.000|1|3.000
6515,108.583333333333,25,0,0,0,48|-7.500|22.750|1|3.000
6516,108.6,25,0,0,0,48|-6.750|22.500|1|3.000
6517,108.616666666667,25,0,0,0,48|-6.750|22.250|1|3.000
6518,108.633333333333,25,0,0,0,48|-6.750|22.000|1|3.000
6519,108.65,25,0,0,0,48|-6.750|21.750|1|3.000
6520,108.666666666667,25,0,0,0,48|-6.750|21.500|1|3.000
6521,108.683333333333,25,0,0,0,48|-6.750|21.250|1|3.000
6522,108.7,25,0,0,0,48|-6.750|21.000|1|3.000
6523,108.716666666667,25,0,0,0,48|-6.750|20.750|1|3.000
6524,108.733333333333,25,0,0,0,48|-6.750|20.500|1|3.000
6525,108.75,25,0,0,0,48|-6.000|20.250|1|3.000
6526,108.766666666667,25,0,0,0,48|-6.000|20.000|1|3.000
6527,108.783333333333,25,0,0,0,48|-6.000|19.750|1|3.000
6528,108.8,25,0,0,0,48|-5.250|19.500|1|3.000
6529,108.816666666667,25,0,0,0,48|-5.250|19.250|1|3.000
6530,108.833333333333,25,0,0,0,48|-5.250|19.000|1|3.000
6531,108.85,25,0,0,0,48|-5.250|18.750|1|3.000
6532,108.866666666667,25,0,0,0,48|-5.250|18.500|1|3.000
6533,108.883333333333,25,0,0,0,48|-5.250|18.250|1|3.000
6534,108.9,25,0,0,0,48|-5.250|18.000|1|3.000
6535,108.916666666667,25,0,0,0,48|-5.250|17.750|1|3.000
6536,108.933333333333,25,0,0,0,48|-5.250|17.500|1|3.000
6537,108.95,25,0,0,0,48|-5.250|17.250|1|3.000
6538,108.966666666667,25,0,0,0,48|-5.250|17.000|1|3.000
6539,108.983333333333,25,0,0,0,48|-4.500|16.750|1|3.000
6540,109,25,0,0,0,48|-4.500|16.500|1|3.000
6541,109.016666666667,25,0,0,0,48|-3.750|16.250|1|3.000
6542,109.033333333333,25,0,0,0,48|-3.750|16.000|1|3.000
6543,109.05,25,0,0,0,48|-3.750|15.750|1|3.000
6544,109.066666666667,25,0,0,0,48|-3.750|15.500|1|3.000
6545,109.083333333333,25,0,0,0,48|-3.750|15.250|1|3.000
6546,109.1,25,0,0,0,48|-3.750|15.000|1|3.000
6547,109.116666666667,25,0,0,0,48|-3.750|14.750|1|3.000
6548,109.133333333333,25,0,0,0,48|-3.750|14.500|1|3.000
6549,109.15,25,0,0,0,48|-3.750|14.250|1|3.000
6550,109.166666666667,25,0,0,0,48|-3.750|14.000|1|3.000
6551,109.183333333333,25,0,0,0,48|-3.750|13.750|1|3.000
6552,109.2,25,0,0,0,48|-3.750|13.500|1|3.000
6553,109.216666666667,25,0,0,0,48|-3.750|13.250|1|3.000
6554,109.233333333333,25,0,0,0,48|-3.750|13.000|1|3.000
6555,109.25,25,0,0,0,48|-3.750|12.750|1|3.000
6556,109.266666666667,25,0,0,0,48|-3.750|12.500|1|3.000
6557,109.283333333333,25,0,0,0,48|-3.750|12.250|1|3.000
6558,109.3,25,0,0,0,48|-3.750|12.000|1|3.000
6559,109.316666666667,25,0,0,0,48|-3.750|11.750|1|3.000
6560,109.333333333333,25,0,0,0,48|-3.750|11.500|1|3.000
6561,109.35,25,0,0,0,48|-3.750|11.250|1|3.000
6562,109.366666666667,25,0,0,0,48|-3.750|11.000|1|3.000
6563,109.383333333333,25,0,0,0,48|-3.750|10.750|1|3.000
6564,109.4,25,0,0,0,48|-3.750|10.500|1|3.000
6565,109.416666666667,25,0,0,0,48|-3.750|10.250|1|3.000
6566,109.433333333333,25,0,0,0,48|-3.750|10.000|1|3.000
6567,109.45,25,0,0,0,48|-3.000|9.750|1|3.000
6568,109.466666666667,25,0,0,0,48|-3.000|9.500|1|3.000
6569,109.483333333333,25,0,0,0,48|-3.000|9.250|1|3.000
6570,109.5,25,0,0,0,48|-3.000|9.000|1|3.000
6571,109.516666666667,25,0,0,0,48|-3.000|8.750|1|3.000
6572,109.533333333333,25,0,0,0,48|-2.250|8.500|1|3.000
6573,109.55,25,0,0,0,48|-1.500|8.250|1|3.000
6574,109.566666666667,25,0,0,0,48|-1.500|8.000|1|3.000
6575,109.583333333333,25,0,0,0,48|-1.500|7.750|1|3.000
6576,109.6,25,0,0,0,48|-1.500|7.500|1|3.000
6577,109.616666666667,25,0,0,0,48|-1.500|7.250|1|3.000
6578,109.633333333333,25,0,0,0,48|-1.500|7.000|1|3.000
6579,109.65,25,0,0,0,48|-1.500|6.750|1|3.000
6580,109.666666666667,25,0,0,0,48|-1.500|6.500|1|3.000
6581,109.683333333333,25,0,0,0,48|-1.500|6.250|1|3.000
6582,109.7,25,0,0,0,48|-1.500|6.000|1|3.000
6583,109.716666666667,25,0,0,0,48|-1.500|5.750|1|3.000
6584,109.733333333333,25,0,0,0,48|-0.750|5.500|1|3.000
6585,109.75,25,0,0,0,48|-0.750|5.250|1|3.000
6586,109.766666666667,25,0,0,0,48|-0.750|5.000|1|3.000
6587,109.783333333333,25,0,0,0,48|-0.750|4.750|1|3.000
6588,109.8,25,0,0,0,48|-0.750|4.500|1|3.000
6589,109.816666666667,25,0,0,0,48|-0.750|4.250|1|3.000
6590,109.833333333333,25,0,0,0,48|-0.750|4.000|1|3.000
6591,109.85,25,0,0,0,48|-0.750|3.750|1|3.000
6592,109.866666666667,25,0,0,0,48|-0.750|3.500|1|3.000
6593,109.883333333333,25,0,0,0,48|0.000|3.250|1|3.000
6594,109.9,25,0,0,0,48|0.000|3.000|1|3.000
6595,109.916666666667,25,0,0,0,48|0.000|2.750|1|3.000
6596,109.933333333333,25,0,0,0,48|0.000|2.500|1|3.000
6597,109.95,25,0,0,0,48|0.000|2.250|1|3.000
6598,109.966666666667,25,0,0,0,48|0.000|2.000|1|3.000
6599,109.983333333333,25,0,0,0,48|0.000|1.750|1|3.000
6600,110,25,0,0,0,48|0.000|1.500|1|3.000
6601,110.016666666667,25,0,0,0,48|0.000|1.250|1|3.000
6602,110.033333333333,25,0,0,0,48|0.000|1.000|1|3.000
6603,110.05,25,0,0,0,48|0.000|0.750|1|3.000
6604,110.066666666667,25,0,0,0,48|0.000|0.500|1|3.000
6605,110.083333333333,25,0,0,0,48|0.000|0.250|1|3.000
6606,110.1,25,1,1,2,48|0.000|0.000|1|3.000
6607,110.116666666667,0,0,0,0,
6608,110.133333333333,0,0,0,0,
6609,110.15,0,0,0,0,
6610,110.166666666667,0,0,0,0,
6611,110.183333333333,0,0,0,0,
6612,110.2,0,0,0,0,
6613,110.216666666667,0,0,0,0,
6614,110.233333333333,0,0,0,0,
6615,110.25,0,0,0,0,
6616,110.266666666667,0,0,0,0,
6617,110.283333333333,0,0,0,0,
6618,110.3,0,0,0,0,
6619,110.316666666667,0,0,0,0,
6620,110.333333333333,0,0,0,0,
6621,110.35,0,0,0,0,
6622,110.366666666667,0,0,0,0,
6623,110.383333333333,0,0,0,0,
6624,110.4,0,0,0,0,
6625,110.416666666667,25,0,0,0,49|12.000|29.750|1|3.000
6626,110.433333333333,25,0,0,0,49|12.000|29.500|1|3.000
6627,110.45,25,0,0,0,49|12.000|29.250|1|3.000
6628,110.466666666667,25,0,0,0,49|12.000|29.000|1|3.000
6629,110.483333333333,25,0,0,0,49|12.000|28.750|1|3.000
6630,110.5,25,0,0,0,49|12.000|28.500|1|3.000
6631,110.516666666667,25,0,0,0,49|12.000|28.250|1|3.000
6632,110.533333333333,25,0,0,0,49|12.000|28.000|1|3.000
6633,110.55,25,0,0,0,49|12.000|27.750|1|3.000
6634,110.566666666667,25,0,0,0,49|12.000|27.500|1|3.000
6635,110.583333333333,25,0,0,0,49|12.000|27.250|1|3.000
6636,110.6,25,0,0,0,49|12.000|27.000|1|3.000
6637,110.616666666667,25,0,0,0,49|12.000|26.750|1|3.000
6638,110.633333333333,25,0,0,0,49|12.000|26.500|1|3.000
6639,110.65,25,0,0,0,49|12.000|26.250|1|3.000
6640,110.666666666667,25,0,0,0,49|12.000|26.000|1|3.000
6641,110.683333333333,25,0,0,0,49|12.000|25.750|1|3.000
6642,110.7,25,0,0,0,49|12.000|25.500|1|3.000
6643,110.716666666667,25,0,0,0,49|12.000|25.250|1|3.000
6644,110.733333333333,25,0,0,0,49|12.000|25.000|1|3.000
6645,110.75,25,0,0,0,49|12.000|24.750|1|3.000
6646,110.766666666667,25,0,0,0,49|12.000|24.500|1|3.000
6647,110.783333333333,25,0,0,0,49|12.000|24.250|1|3.000
6648,110.8,25,0,0,0,49|12.000|24.000|1|3.000
6649,110.816666666667,25,0,0,0,49|12.000|23.750|1|3.000
6650,110.833333333333,25,0,0,0,49|12.000|23.500|1|3.000
6651,110.85,25,0,0,0,49|12.000|23.250|1|3.000
6652,110.866666666667,25,0,0,0,49|12.000|23.000|1|3.000
6653,110.883333333333,25,0,0,0,49|12.000|22.750|1|3.000
6654,110.9,25,0,0,0,49|12.000|22.500|1|3.000
6655,110.916666666667,25,0,0,0,49|12.000|22.250|1|3.000
6656,110.933333333333,25,0,0,0,49|12.000|22.000|1|3.000
6657,110.95,25,0,0,0,49|12.000|21.750|1|3.000
6658,110.966666666667,25,0,0,0,49|12.000|21.500|1|3.000
6659,110.983333333333,25,0,0,0,49|12.000|21.250|1|3.000
6660,111,25,0,0,0,49|12.000|21.000|1|3.000
6661,111.016666666667,25,0,0,0,49|12.000|20.750|1|3.000
6662,111.033333333333,25,0,0,0,49|12.000|20.500|1|3.000
6663,111.05,25,0,0,0,49|12.000|20.250|1|3.000
6664,111.066666666667,25,0,0,0,49|12.000|20.000|1|3.000
6665,111.083333333333,25,0,0,0,49|12.000|19.750|1|3.000
6666,111.1,25,0,0,0,49|12.000|19.500|1|3.000
6667,111.116666666667,25,0,0,0,49|12.000|19.250|1|3.000
6668,111.133333333333,25,0,0,0,49|12.000|19.000|1|3.000
6669,111.15,25,0,0,0,49|12.000|18.750|1|3.000
6670,111.166666666667,25,0,0,0,49|12.000|18.500|1|3.000
6671,111.183333333333,25,0,0,0,49|12.000|18.250|1|3.000
6672,111.2,25,0,0,0,49|12.000|18.000|1|3.000
6673,111.216666666667,25,0,0,0,49|12.000|17.750|1|3.000
6674,111.233333333333,25,0,0,0,49|12.000|17.500|1|3.000
6675,111.25,25,0,0,0,49|12.000|17.250|1|3.000
6676,111.266666666667,25,0,0,0,49|12.000|17.000|1|3.000
6677,111.283333333333,25,0,0,0,49|12.000|16.750|1|3.000
6678,111.3,25,0,0,0,49|12.000|16.500|1|3.000
6679,111.316666666667,25,0,0,0,49|12.000|16.250|1|3.000
6680,111.333333333333,25,0,0,0,49|12.000|16.000|1|3.000
6681,111.35,25,0,0,0,49|12.000|15.750|1|3.000
6682,111.366666666667,25,0,0,0,49|12.000|15.500|1|3.000
6683,111.383333333333,25,0,0,0,49|12.000|15.250|1|3.000
6684,111.4,25,0,0,0,49|12.000|15.000|1|3.000
6685,111.416666666667,25,0,0,0,49|12.000|14.750|1|3.000
6686,111.433333333333,25,0,0,0,49|12.000|14.500|1|3.000
6687,111.45,25,0,0,0,49|12.000|14.250|1|3.000
6688,111.466666666667,25,0,0,0,49|12.000|14.000|1|3.000
6689,111.483333333333,25,0,0,0,49|12.000|13.750|1|3.000
6690,111.5,25,0,0,0,49|12.000|13.500|1|3.000
6691,111.516666666667,25,0,0,0,49|12.000|13.250|1|3.000
6692,111.533333333333,25,0,0,0,49|12.000|13.000|1|3.000
6693,111.55,25,0,0,0,49|12.000|12.750|1|3.000
6694,111.566666666667,25,0,0,0,49|12.000|12.500|1|3.000
6695,111.583333333333,25,0,0,0,49|12.000|12.250|1|3.000
6696,111.6,25,0,0,0,49|12.000|12.000|1|3.000
6697,111.616666666667,25,0,0,0,49|12.000|11.750|1|3.000
6698,111.633333333333,25,0,0,0,49|12.000|11.500|1|3.000
6699,111.65,25,0,0,0,49|12.000|11.250|1|3.000
6700,111.666666666667,25,0,0,0,49|12.000|11.000|1|3.000
6701,111.683333333333,25,0,0,0,49|12.000|10.750|1|3.000
6702,111.7,25,0,0,0,49|12.000|10.500|1|3.000
6703,111.716666666667,25,0,0,0,49|12.000|10.250|1|3.000
6704,111.733333333333,25,0,0,0,49|12.000|10.000|1|3.000
6705,111.75,25,0,0,0,49|12.000|9.750|1|3.000
6706,111.766666666667,25,0,0,0,49|12.000|9.500|1|3.000
6707,111.783333333333,25,0,0,0,49|12.000|9.250|1|3.000
6708,111.8,25,0,0,0,49|12.000|9.000|1|3.000
6709,111.816666666667,25,0,0,0,49|12.000|8.750|1|3.000
6710,111.833333333333,25,0,0,0,49|12.000|8.500|1|3.000
6711,111.85,25,0,0,0,49|12.000|8.250|1|3.000
6712,111.866666666667,25,0,0,0,49|12.000|8.000|1|3.000
6713,111.883333333333,25,0,0,0,49|12.000|7.750|1|3.000
6714,111.9,25,0,0,0,49|12.000|7.500|1|3.000
6715,111.916666666667,25,0,0,0,49|12.000|7.250|1|3.000
6716,111.933333333333,25,0,0,0,49|12.000|7.000|1|3.000
6717,111.95,25,0,0,0,49|12.000|6.750|1|3.000
6718,111.966666666667,25,0,0,0,49|12.000|6.500|1|3.000
6719,111.983333333333,25,0,0,0,49|12.000|6.250|1|3.000
6720,112,25,0,0,0,49|12.000|6.000|1|3.000
6721,112.016666666667,25,0,0,0,49|12.000|5.750|1|3.000
6722,112.033333333333,25,0,0,0,49|12.000|5.500|1|3.000
6723,112.05,25,0,0,0,49|12.000|5.250|1|3.000
6724,112.066666666667,25,0,0,0,49|12.000|5.000|1|3.000
6725,112.083333333333,25,0,0,0,49|12.000|4.750|1|3.000
6726,112.1,25,0,0,0,49|12.000|4.500|1|3.000
6727,112.116666666667,25,0,0,0,49|12.000|4.250|1|3.000
6728,112.133333333333,25,0,0,0,49|12.000|4.000|1|3.000
6729,112.15,25,0,0,0,49|12.000|3.750|1|3.000
6730,112.166666666667,25,0,0,0,49|12.000|3.500|1|3.000
6731,112.183333333333,25,0,0,0,49|12.000|3.250|1|3.000
6732,112.2,25,0,0,0,49|12.000|3.000|1|3.000
6733,112.216666666667,25,0,0,0,49|12.000|2.750|1|3.000
6734,112.233333333333,25,0,0,0,49|12.000|2.500|1|3.000
6735,112.25,25,0,0,0,49|12.000|2.250|1|3.000
6736,112.266666666667,25,0,0,0,49|12.000|2.000|1|3.000
6737,112.283333333333,25,0,0,0,49|12.000|1.750|1|3.000
6738,112.3,25,0,0,0,49|12.000|1.500|1|3.000
6739,112.316666666667,25,0,0,0,49|12.000|1.250|1|3.000
6740,112.333333333333,25,0,0,0,49|12.000|1.000|1|3.000
6741,112.35,25,0,0,0,49|12.000|0.750|1|3.000
6742,112.366666666667,25,0,0,0,49|12.000|0.500|1|3.000
6743,112.383333333333,25,0,0,0,49|12.000|0.250|1|3.000
6744,112.4,25,0,1.5,0,49|12.000|0.000|1|3.000
6745,112.416666666667,0,0,0,0,
6746,112.433333333333,0,0,0,0,
6747,112.45,0,0,0,0,
6748,112.466666666667,0,0,0,0,
6749,112.483333333333,0,0,0,0,
6750,112.5,0,0,0,0,
6751,112.516666666667,0,0,0,0,
6752,112.533333333333,0,0,0,0,
6753,112.55,0,0,0,0,
6754,112.566666666667,0,0,0,0,
6755,112.583333333333,0,0,0,0,
6756,112.6,0,0,0,0,
6757,112.616666666667,0,0,0,0,
6758,112.633333333333,0,0,0,0,
6759,112.65,0,0,0,0,
6760,112.666666666667,0,0,0,0,
6761,112.683333333333,0,0,0,0,
6762,112.7,0,0,0,0,
6763,112.716666666667,25,0,0,0,50|6.000|29.750|1|3.000
6764,112.733333333333,25,0,0,0,50|6.000|29.500|1|3.000
6765,112.75,25,0,0,0,50|6.000|29.250|1|3.000
6766,112.766666666667,25,0,0,0,50|6.000|29.000|1|3.000
6767,112.783333333333,25,0,0,0,50|6.000|28.750|1|3.000
6768,112.8,25,0,0,0,50|6.000|28.500|1|3.000
6769,112.816666666667,25,0,0,0,50|6.000|28.250|1|3.000
6770,112.833333333333,25,0,0,0,50|6.000|28.000|1|3.000
6771,112.85,25,0,0,0,50|6.000|27.750|1|3.000
6772,112.866666666667,25,0,0,0,50|6.000|27.500|1|3.000
6773,112.883333333333,25,0,0,0,50|6.000|27.250|1|3.000
6774,112.9,25,0,0,0,50|6.000|27.000|1|3.000
6775,112.916666666667,25,0,0,0,50|6.000|26.750|1|3.000
6776,112.933333333333,25,0,0,0,50|6.000|26.500|1|3.000
6777,112.95,25,0,0,0,50|6.000|26.250|1|3.000
6778,112.966666666667,25,0,0,0,50|6.000|26.000|1|3.000
6779,112.983333333333,25,0,0,0,50|6.000|25.750|1|3.000
6780,113,25,0,0,0,50|6.000|25.500|1|3.000
6781,113.016666666667,25,0,0,0,50|6.000|25.250|1|3.000
6782,113.033333333333,25,0,0,0,50|6.000|25.000|1|3.000
6783,113.05,25,0,0,0,50|6.000|24.750|1|3.000
6784,113.066666666667,25,0,0,0,50|6.000|24.500|1|3.000
6785,113.083333333333,25,0,0,0,50|6.000|24.250|1|3.000
6786,113.1,25,0,0,0,50|6.000|24.000|1|3.000
6787,113.116666666667,25,0,0,0,50|6.000|23.750|1|3.000
6788,113.133333333333,25,0,0,0,50|6.000|23.500|1|3.000
6789,113.15,25,0,0,0,50|6.000|23.250|1|3.000
6790,113.166666666667,25,0,0,0,50|6.000|23.000|1|3.000
6791,113.183333333333,25,0,0,0,50|6.000|22.750|1|3.000
6792,113.2,25,0,0,0,50|6.000|22.500|1|3.000
6793,113.216666666667,25,0,0,0,50|6.000|22.250|1|3.000
6794,113.233333333333,25,0,0,0,50|6.000|22.000|1|3.000
6795,113.25,25,0,0,0,50|6.000|21.750|1|3.000
6796,113.266666666667,25,0,0,0,50|6.000|21.500|1|3.000
6797,113.283333333333,25,0,0,0,50|6.000|21.250|1|3.000
6798,113.3,25,0,0,0,50|6.000|21.000|1|3.000
6799,113.316666666667,25,0,0,0,50|6.000|20.750|1|3.000
6800,113.333333333333,25,0,0,0,50|6.000|20.500|1|3.000
6801,113.35,25,0,0,0,50|6.000|20.250|1|3.000
6802,113.366666666667,25,0,0,0,50|6.000|20.000|1|3.000
6803,113.383333333333,25,0,0,0,50|6.000|19.750|1|3.000
6804,113.4,25,0,0,0,50|6.000|19.500|1|3.000
6805,113.416666666667,25,0,0,0,50|6.000|19.250|1|3.000
6806,113.433333333333,25,0,0,0,50|6.000|19.000|1|3.000
6807,113.45,25,0,0,0,50|6.000|18.750|1|3.000
6808,113.466666666667,25,0,0,0,50|6.000|18.500|1|3.000
6809,113.483333333333,25,0,0,0,50|6.000|18.250|1|3.000
6810,113.5,25,0,0,0,50|6.000|18.000|1|3.000
6811,113.516666666667,25,0,0,0,50|6.000|17.750|1|3.000
6812,113.533333333333,25,0,0,0,50|6.000|17.500|1|3.000
6813,113.55,25,0,0,0,50|6.000|17.250|1|3.000
6814,113.566666666667,25,0,0,0,50|6.000|17.000|1|3.000
6815,113.583333333333,25,0,0,0,50|6.000|16.750|1|3.000
6816,113.6,25,0,0,0,50|6.000|16.500|1|3.000
6817,113.616666666667,25,0,0,0,50|6.000|16.250|1|3.000
6818,113.633333333333,25,0,0,0,50|6.000|16.000|1|3.000
6819,113.65,25,0,0,0,50|6.000|15.750|1|3.000
6820,113.666666666667,25,0,0,0,50|6.000|15.500|1|3.000
6821,113.683333333333,25,0,0,0,50|6.000|15.250|1|3.000
6822,113.7,25,0,0,0,50|6.000|15.000|1|3.000
6823,113.716666666667,25,0,0,0,50|6.000|14.750|1|3.000
6824,113.733333333333,25,0,0,0,50|6.000|14.500|1|3.000
6825,113.75,25,0,0,0,50|6.000|14.250|1|3.000
6826,113.766666666667,25,0,0,0,50|6.000|14.000|1|3.000
6827,113.783333333333,25,0,0,0,50|6.000|13.750|1|3.000
6828,113.8,25,0,0,0,50|6.000|13.500|1|3.000
6829,113.816666666667,25,0,0,0,50|6.000|13.250|1|3.000
6830,113.833333333333,25,0,0,0,50|6.000|13.000|1|3.000
6831,113.85,25,0,0,0,50|6.000|12.750|1|3.000
6832,113.866666666667,25,0,0,0,50|6.000|12.500|1|3.000
6833,113.883333333333,25,0,0,0,50|6.000|12.250|1|3.000
6834,113.9,25,0,0,0,50|6.000|12.000|1|3.000
6835,113.916666666667,25,0,0,0,50|6.000|11.750|1|3.000
6836,113.933333333333,25,0,0,0,50|6.000|11.500|1|3.000
6837,113.95,25,0,0,0,50|6.000|11.250|1|3.000
6838,113.966666666667,25,0,0,0,50|6.000|11.000|1|3.000
6839,113.983333333333,25,0,0,0,50|6.000|10.750|1|3.000
6840,114,25,0,0,0,50|6.000|10.500|1|3.000
6841,114.016666666667,25,0,0,0,50|6.000|10.250|1|3.000
6842,114.033333333333,25,0,0,0,50|6.000|10.000|1|3.000
6843,114.05,25,0,0,0,50|6.000|9.750|1|3.000
6844,114.066666666667,25,0,0,0,50|6.000|9.500|1|3.000
6845,114.083333333333,25,0,0,0,50|6.000|9.250|1|3.000
6846,114.1,25,0,0,0,50|6.000|9.000|1|3.000
6847,114.116666666667,25,0,0,0,50|6.000|8.750|1|3.000
6848,114.133333333333,25,0,0,0,50|6.000|8.500|1|3.000
6849,114.15,25,0,0,0,50|6.000|8.250|1|3.000
6850,114.166666666667,25,0,0,0,50|6.000|8.000|1|3.000
6851,114.183333333333,25,0,0,0,50|6.000|7.750|1|3.000
6852,114.2,25,0,0,0,50|6.000|7.500|1|3.000
6853,114.216666666667,25,0,0,0,50|6.000|7.250|1|3.000
6854,114.233333333333,25,0,0,0,50|6.000|7.000|1|3.000
6855,114.25,25,0,0,0,50|6.000|6.750|1|3.000
6856,114.266666666667,25,0,0,0,50|6.000|6.500|1|3.000
6857,114.283333333333,25,0,0,0,50|6.000|6.250|1|3.000
6858,114.3,25,0,0,0,50|6.000|6.000|1|3.000
6859,114.316666666667,25,0,0,0,50|6.000|5.750|1|3.000
6860,114.333333333333,25,0,0,0,50|6.000|5.500|1|3.000
6861,114.35,25,0,0,0,50|6.000|5.250|1|3.000
6862,114.366666666667,25,0,0,0,50|6.000|5.000|1|3.000
6863,114.383333333333,25,0,0,0,50|6.000|4.750|1|3.000
6864,114.4,25,0,0,0,50|6.000|4.500|1|3.000
6865,114.416666666667,25,0,0,0,50|6.000|4.250|1|3.000
6866,114.433333333333,25,0,0,0,50|6.000|4.000|1|3.000
6867,114.45,25,0,0,0,50|6.000|3.750|1|3.000
6868,114.466666666667,25,0,0,0,50|6.000|3.500|1|3.000
6869,114.483333333333,25,0,0,0,50|6.000|3.250|1|3.000
6870,114.5,25,0,0,0,50|6.000|3.000|1|3.000
6871,114.516666666667,25,0,0,0,50|6.000|2.750|1|3.000
6872,114.533333333333,25,0,0,0,50|6.000|2.500|1|3.000
6873,114.55,25,0,0,0,50|6.000|2.250|1|3.000
6874,114.566666666667,25,0,0,0,50|6.000|2.000|1|3.000
6875,114.583333333333,25,0,0,0,50|6.000|1.750|1|3.000
6876,114.6,25,0,0,0,50|6.000|1.500|1|3.000
6877,114.616666666667,25,0,0,0,50|6.000|1.250|1|3.000
6878,114.633333333333,25,0,0,0,50|6.000|1.000|1|3.000
6879,114.65,25,0,0,0,50|6.000|0.750|1|3.000
6880,114.666666666667,25,0,0,0,50|6.000|0.500|1|3.000
6881,114.683333333333,25,0,0,0,50|6.000|0.250|1|3.000
6882,114.7,25,0,1,0,50|6.000|0.000|1|3.000
6883,114.716666666667,0,0,0,0,
6884,114.733333333333,0,0,0,0,
6885,114.75,0,0,0,0,
6886,114.766666666667,0,0,0,0,
6887,114.783333333333,0,0,0,0,
6888,114.8,0,0,0,0,
6889,114.816666666667,0,0,0,0,
6890,114.833333333333,0,0,0,0,
6891,114.85,0,0,0,0,
6892,114.866666666667,0,0,0,0,
6893,114.883333333333,0,0,0,0,
6894,114.9,0,0,0,0,
6895,114.916666666667,0,0,0,0,
6896,114.933333333333,0,0,0,0,
6897,114.95,0,0,0,0,
6898,114.966666666667,0,0,0,0,
6899,114.983333333333,0,0,0,0,
6900,115,0,0,0,0,
6901,115.016666666667,25,0,0,0,51|6.000|29.750|1|3.000
6902,115.033333333333,25,0,0,0,51|6.000|29.500|1|3.000
6903,115.05,25,0,0,0,51|6.000|29.250|1|3.000
6904,115.066666666667,25,0,0,0,51|6.000|29.000|1|3.000
6905,115.083333333333,25,0,0,0,51|6.000|28.750|1|3.000
6906,115.1,25,0,0,0,51|6.000|28.500|1|3.000
6907,115.116666666667,25,0,0,0,51|6.000|28.250|1|3.000
6908,115.133333333333,25,0,0,0,51|6.000|28.000|1|3.000
6909,115.15,25,0,0,0,51|6.000|27.750|1|3.000
6910,115.166666666667,25,0,0,0,51|6.000|27.500|1|3.000
6911,115.183333333333,25,0,0,0,51|6.000|27.250|1|3.000
6912,115.2,25,0,0,0,51|6.000|27.000|1|3.000
6913,115.216666666667,25,0,0,0,51|6.000|26.750|1|3.000
6914,115.233333333333,25,0,0,0,51|6.000|26.500|1|3.000
6915,115.25,25,0,0,0,51|6.000|26.250|1|3.000
6916,115.266666666667,25,0,0,0,51|6.000|26.000|1|3.000
6917,115.283333333333,25,0,0,0,51|6.000|25.750|1|3.000
6918,115.3,25,0,0,0,51|6.000|25.500|1|3.000
6919,115.316666666667,25,0,0,0,51|6.000|25.250|1|3.000
6920,115.333333333333,25,0,0,0,51|6.000|25.000|1|3.000
6921,115.35,25,0,0,0,51|6.000|24.750|1|3.000
6922,115.366666666667,25,0,0,0,51|6.000|24.500|1|3.000
6923,115.383333333333,25,0,0,0,51|6.000|24.250|1|3.000
6924,115.4,25,0,0,0,51|6.000|24.000|1|3.000
6925,115.416666666667,25,0,0,0,51|6.000|23.750|1|3.000
6926,115.433333333333,25,0,0,0,51|6.000|23.500|1|3.000
6927,115.45,25,0,0,0,51|6.000|23.250|1|3.000
6928,115.466666666667,25,0,0,0,51|6.000|23.000|1|3.000
6929,115.483333333333,25,0,0,0,51|6.000|22.750|1|3.000
6930,115.5,25,0,0,0,51|6.000|22.500|1|3.000
6931,115.516666666667,25,0,0,0,51|6.000|22.250|1|3.000
6932,115.533333333333,25,0,0,0,51|6.000|22.000|1|3.000
6933,115.55,25,0,0,0,51|6.000|21.750|1|3.000
6934,115.566666666667,25,0,0,0,51|6.000|21.500|1|3.000
6935,115.583333333333,25,0,0,0,51|6.000|21.250|1|3.000
6936,115.6,25,0,0,0,51|6.000|21.000|1|3.000
6937,115.616666666667,25,0,0,0,51|6.000|20.750|1|3.000
6938,115.633333333333,25,0,0,0,51|6.000|20.500|1|3.000
6939,115.65,25,0,0,0,51|6.000|20.250|1|3.000
6940,115.666666666667,25,0,0,0,51|6.000|20.000|1|3.000
6941,115.683333333333,25,0,0,0,51|6.000|19.750|1|3.000
6942,115.7,25,0,0,0,51|6.000|19.500|1|3.000
6943,115.716666666667,25,0,0,0,51|6.000|19.250|1|3.000
6944,115.733333333333,25,0,0,0,51|6.000|19.000|1|3.000
6945,115.75,25,0,0,0,51|6.000|18.750|1|3.000
6946,115.766666666667,25,0,0,0,51|6.000|18.500|1|3.000
6947,115.783333333333,25,0,0,0,51|6.000|18.250|1|3.000
6948,115.8,25,0,0,0,51|6.000|18.000|1|3.000
6949,115.816666666667,25,0,0,0,51|6.000|17.750|1|3.000
6950,115.833333333333,25,0,0,0,51|6.000|17.500|1|3.000
6951,115.85,25,0,0,0,51|6.000|17.250|1|3.000
6952,115.866666666667,25,0,0,0,51|6.000|17.000|1|3.000
6953,115.883333333333,25,0,0,0,51|6.000|16.750|1|3.000
6954,115.9,25,0,0,0,51|6.000|16.500|1|3.000
6955,115.916666666667,25,0,0,0,51|6.000|16.250|1|3.000
6956,115.933333333333,25,0,0,0,51|6.000|16.000|1|3.000
6957,115.95,25,0,0,0,51|6.000|15.750|1|3.000
6958,115.966666666667,25,0,0,0,51|6.000|15.500|1|3.000
6959,115.983333333333,25,0,0,0,51|6.000|15.250|1|3.000
6960,116,25,0,0,0,51|6.000|15.000|1|3.000
6961,116.016666666667,25,0,0,0,51|6.000|14.750|1|3.000
6962,116.033333333333,25,0,0,0,51|6.000|14.500|1|3.000
6963,116.05,25,0,0,0,51|6.000|14.250|1|3.000
6964,116.066666666667,25,0,0,0,51|6.000|14.000|1|3.000
6965,116.083333333333,25,0,0,0,51|6.000|13.750|1|3.000
6966,116.1,25,0,0,0,51|6.000|13.500|1|3.000
6967,116.116666666667,25,0,0,0,51|6.000|13.250|1|3.000
6968,116.133333333333,25,0,0,0,51|6.000|13.000|1|3.000
6969,116.15,25,0,0,0,51|6.000|12.750|1|3.000
6970,116.166666666667,25,0,0,0,51|6.000|12.500|1|3.000
6971,116.183333333333,25,0,0,0,51|6.000|12.250|1|3.000
6972,116.2,25,0,0,0,51|6.000|12.000|1|3.000
6973,116.216666666667,25,0,0,0,51|6.000|11.750|1|3.000
6974,116.233333333333,25,0,0,0,51|6.000|11.500|1|3.000
6975,116.25,25,0,0,0,51|6.000|11.250|1|3.000
6976,116.266666666667,25,0,0,0,51|6.000|11.000|1|3.000
6977,116.283333333333,25,0,0,0,51|6.000|10.750|1|3.000
6978,116.3,25,0,0,0,51|6.000|10.500|1|3.000
6979,116.316666666667,25,0,0,0,51|6.000|10.250|1|3.000
6980,116.333333333333,25,0,0,0,51|6.000|10.000|1|3.000
6981,116.35,25,0,0,0,51|6.000|9.750|1|3.000
6982,116.366666666667,25,0,0,0,51|6.000|9.500|1|3.000
6983,116.383333333333,25,0,0,0,51|6.000|9.250|1|3.000
6984,116.4,25,0,0,0,51|6.000|9.000|1|3.000
6985,116.416666666667,25,0,0,0,51|6.000|8.750|1|3.000
6986,116.433333333333,25,0,0,0,51|6.000|8.500|1|3.000
6987,116.45,25,0,0,0,51|6.000|8.250|1|3.000
6988,116.466666666667,25,0,0,0,51|6.000|8.000|1|3.000
6989,116.483333333333,25,0,0,0,51|6.000|7.750|1|3.000
6990,116.5,25,0,0,0,51|6.000|7.500|1|3.000
6991,116.516666666667,25,0,0,0,51|6.000|7.250|1|3.000
6992,116.533333333333,25,0,0,0,51|6.000|7.000|1|3.000
6993,116.55,25,0,0,0,51|6.000|6.750|1|3.000
6994,116.566666666667,25,0,0,0,51|6.000|6.500|1|3.000
6995,116.583333333333,25,0,0,0,51|6.000|6.250|1|3.000
6996,116.6,25,0,0,0,51|6.000|6.000|1|3.000
6997,116.616666666667,25,0,0,0,51|6.000|5.750|1|3.000
6998,116.633333333333,25,0,0,0,51|6.000|5.500|1|3.000
6999,116.65,25,0,0,0,51|6.000|5.250|1|3.000
7000,116.666666666667,25,0,0,0,51|6.000|5.000|1|3.000
7001,116.683333333333,25,0,0,0,51|6.000|4.750|1|3.000
7002,116.7,25,0,0,0,51|6.000|4.500|1|3.000
7003,116.716666666667,25,0,0,0,51|6.000|4.250|1|3.000
7004,116.733333333333,25,0,0,0,51|6.000|4.000|1|3.000
7005,116.75,25,0,0,0,51|6.000|3.750|1|3.000
7006,116.766666666667,25,0,0,0,51|6.000|3.500|1|3.000
7007,116.783333333333,25,0,0,0,51|6.000|3.250|1|3.000
7008,116.8,25,0,0,0,51|6.000|3.000|1|3.000
7009,116.816666666667,25,0,0,0,51|6.000|2.750|1|3.000
7010,116.833333333333,25,0,0,0,51|6.000|2.500|1|3.000
7011,116.85,25,0,0,0,51|6.000|2.250|1|3.000
7012,116.866666666667,25,0,0,0,51|6.000|2.000|1|3.000
7013,116.883333333333,25,0,0,0,51|6.000|1.750|1|3.000
7014,116.9,25,0,0,0,51|6.000|1.500|1|3.000
7015,116.916666666667,25,0,0,0,51|6.000|1.250|1|3.000
7016,116.933333333333,25,0,0,0,51|6.000|1.000|1|3.000
7017,116.95,25,0,0,0,51|6.000|0.750|1|3.000
7018,116.966666666667,25,0,0,0,51|6.000|0.500|1|3.000
7019,116.983333333333,25,0,0,0,51|6.000|0.250|1|3.000
7020,117,25,0,1,0,51|6.000|0.000|1|3.000
7021,117.016666666667,0,0,0,0,
7022,117.033333333333,0,0,0,0,
7023,117.05,0,0,0,0,
7024,117.066666666667,0,0,0,0,
7025,117.083333333333,0,0,0,0,
7026,117.1,0,0,0,0,
7027,117.116666666667,0,0,0,0,
7028,117.133333333333,0,0,0,0,
7029,117.15,0,0,0,0,
7030,117.166666666667,0,0,0,0,
7031,117.183333333333,0,0,0,0,
7032,117.2,0,0,0,0,
7033,117.216666666667,0,0,0,0,
7034,117.233333333333,0,0,0,0,
7035,117.25,0,0,0,0,
7036,117.266666666667,0,0,0,0,
7037,117.283333333333,0,0,0,0,
7038,117.3,0,0,0,0,
7039,117.316666666667,25,0,0,0,52|-6.000|29.750|1|1.500
7040,117.333333333333,25,0,0,0,52|-5.900|29.500|1|1.500
7041,117.35,25,0,0,0,52|-5.900|29.250|1|1.500
7042,117.366666666667,25,0,0,0,52|-5.900|29.000|1|1.500
7043,117.383333333333,25,0,0,0,52|-5.900|28.750|1|1.500
7044,117.4,25,0,0,0,52|-5.800|28.500|1|1.500
7045,117.416666666667,25,0,0,0,52|-5.700|28.250|1|1.500
7046,117.433333333333,25,0,0,0,52|-5.600|28.000|1|1.500
7047,117.45,25,0,0,0,52|-5.500|27.750|1|1.500
7048,117.466666666667,25,0,0,0,52|-5.400|27.500|1|1.500
7049,117.483333333333,25,0,0,0,52|-5.300|27.250|1|1.500
7050,117.5,25,0,0,0,52|-5.200|27.000|1|1.500
7051,117.516666666667,25,0,0,0,52|-5.200|26.750|1|1.500
7052,117.533333333333,25,0,0,0,52|-5.200|26.500|1|1.500
7053,117.55,25,0,0,0,52|-5.200|26.250|1|1.500
7054,117.566666666667,25,0,0,0,52|-5.200|26.000|1|1.500
7055,117.583333333333,25,0,0,0,52|-5.100|25.750|1|1.500
7056,117.6,25,0,0,0,52|-5.000|25.500|1|1.500
7057,117.616666666667,25,0,0,0,52|-4.900|25.250|1|1.500
7058,117.633333333333,25,0,0,0,52|-4.900|25.000|1|1.500
7059,117.65,25,0,0,0,52|-4.900|24.750|1|1.500
7060,117.666666666667,25,0,0,0,52|-4.800|24.500|1|1.500
7061,117.683333333333,25,0,0,0,52|-4.700|24.250|1|1.500
7062,117.7,25,0,0,0,52|-4.600|24.000|1|1.500
7063,117.716666666667,25,0,0,0,52|-4.600|23.750|1|1.500
7064,117.733333333333,25,0,0,0,52|-4.500|23.500|1|1.500
7065,117.75,25,0,0,0,52|-4.400|23.250|1|1.500
7066,117.766666666667,25,0,0,0,52|-4.300|23.000|1|1.500
7067,117.783333333333,25,0,0,0,52|-4.200|22.750|1|1.500
7068,117.8,25,0,0,0,52|-4.200|22.500|1|1.500
7069,117.816666666667,25,0,0,0,52|-4.100|22.250|1|1.500
7070,117.833333333333,25,0,0,0,52|-4.100|22.000|1|1.500
7071,117.85,25,0,0,0,52|-4.000|21.750|1|1.500
7072,117.866666666667,25,0,0,0,52|-4.000|21.500|1|1.500
7073,117.883333333333,25,0,0,0,52|-4.000|21.250|1|1.500
7074,117.9,25,0,0,0,52|-4.000|21.000|1|1.500
7075,117.916666666667,25,0,0,0,52|-4.000|20.750|1|1.500
7076,117.933333333333,25,0,0,0,52|-4.000|20.500|1|1.500
7077,117.95,25,0,0,0,52|-3.900|20.250|1|1.500
7078,117.966666666667,25,0,0,0,52|-3.900|20.000|1|1.500
7079,117.983333333333,25,0,0,0,52|-3.800|19.750|1|1.500
7080,118,25,0,0,0,52|-3.700|19.500|1|1.500
7081,118.016666666667,25,0,0,0,52|-3.600|19.250|1|1.500
7082,118.033333333333,25,0,0,0,52|-3.600|19.000|1|1.500
7083,118.05,25,0,0,0,52|-3.500|18.750|1|1.500
7084,118.066666666667,25,0,0,0,52|-3.500|18.500|1|1.500
7085,118.083333333333,25,0,0,0,52|-3.500|18.250|1|1.500
7086,118.1,25,0,0,0,52|-3.500|18.000|1|1.500
7087,118.116666666667,25,0,0,0,52|-3.500|17.750|1|1.500
7088,118.133333333333,25,0,0,0,52|-3.400|17.500|1|1.500
7089,118.15,25,0,0,0,52|-3.400|17.250|1|1.500
7090,118.166666666667,25,0,0,0,52|-3.300|17.000|1|1.500
7091,118.183333333333,25,0,0,0,52|-3.300|16.750|1|1.500
7092,118.2,25,0,0,0,52|-3.200|16.500|1|1.500
7093,118.216666666667,25,0,0,0,52|-3.200|16.250|1|1.500
7094,118.233333333333,25,0,0,0,52|-3.200|16.000|1|1.500
7095,118.25,25,0,0,0,52|-3.200|15.750|1|1.500
7096,118.266666666667,25,0,0,0,52|-3.100|15.500|1|1.500
7097,118.283333333333,25,0,0,0,52|-3.000|15.250|1|1.500
7098,118.3,25,0,0,0,52|-2.900|15.000|1|1.500
7099,118.316666666667,25,0,0,0,52|-2.900|14.750|1|1.500
7100,118.333333333333,25,0,0,0,52|-2.900|14.500|1|1.500
7101,118.35,25,0,0,0,52|-2.900|14.250|1|1.500
7102,118.366666666667,25,0,0,0,52|-2.800|14.000|1|1.500
7103,118.383333333333,25,0,0,0,52|-2.800|13.750|1|1.500
7104,118.4,25,0,0,0,52|-2.700|13.500|1|1.500
7105,118.416666666667,25,0,0,0,52|-2.700|13.250|1|1.500
7106,118.433333333333,25,0,0,0,52|-2.600|13.000|1|1.500
7107,118.45,25,0,0,0,52|-2.500|12.750|1|1.500
7108,118.466666666667,25,0,0,0,52|-2.500|12.500|1|1.500
7109,118.483333333333,25,0,0,0,52|-2.500|12.250|1|1.500
7110,118.5,25,0,0,0,52|-2.500|12.000|1|1.500
7111,118.516666666667,25,0,0,0,52|-2.400|11.750|1|1.500
7112,118.533333333333,25,0,0,0,52|-2.300|11.500|1|1.500
7113,118.55,25,0,0,0,52|-2.300|11.250|1|1.500
7114,118.566666666667,25,0,0,0,52|-2.300|11.000|1|1.500
7115,118.583333333333,25,0,0,0,52|-2.200|10.750|1|1.500
7116,118.6,25,0,0,0,52|-2.100|10.500|1|1.500
7117,118.616666666667,25,0,0,0,52|-2.000|10.250|1|1.500
7118,118.633333333333,25,0,0,0,52|-2.000|10.000|1|1.500
7119,118.65,25,0,0,0,52|-2.000|9.750|1|1.500
7120,118.666666666667,25,0,0,0,52|-2.000|9.500|1|1.500
7121,118.683333333333,25,0,0,0,52|-2.000|9.250|1|1.500
7122,118.7,25,0,0,0,52|-1.900|9.000|1|1.500
7123,118.716666666667,25,0,0,0,52|-1.900|8.750|1|1.500
7124,118.733333333333,25,0,0,0,52|-1.900|8.500|1|1.500
7125,118.75,25,0,0,0,52|-1.800|8.250|1|1.500
7126,118.766666666667,25,0,0,0,52|-1.700|8.000|1|1.500
7127,118.783333333333,25,0,0,0,52|-1.600|7.750|1|1.500
7128,118.8,25,0,0,0,52|-1.500|7.500|1|1.500
7129,118.816666666667,25,0,0,0,52|-1.500|7.250|1|1.500
7130,118.833333333333,25,0,0,0,52|-1.500|7.000|1|1.500
7131,118.85,25,0,0,0,52|-1.500|6.750|1|1.500
7132,118.866666666667,25,0,0,0,52|-1.500|6.500|1|1.500
7133,118.883333333333,25,0,0,0,52|-1.400|6.250|1|1.500
7134,118.9,25,0,0,0,52|-1.400|6.000|1|1.500
7135,118.916666666667,25,0,0,0,52|-1.300|5.750|1|1.500
7136,118.933333333333,25,0,0,0,52|-1.200|5.500|1|1.500
7137,118.95,25,0,0,0,52|-1.100|5.250|1|1.500
7138,118.966666666667,25,0,0,0,52|-1.000|5.000|1|1.500
7139,118.983333333333,25,0,0,0,52|-1.000|4.750|1|1.500
7140,119,25,0,0,0,52|-0.900|4.500|1|1.500
7141,119.016666666667,25,0,0,0,52|-0.900|4.250|1|1.500
7142,119.033333333333,25,0,0,0,52|-0.900|4.000|1|1.500
7143,119.05,25,0,0,0,52|-0.900|3.750|1|1.500
7144,119.066666666667,25,0,0,0,52|-0.800|3.500|1|1.500
7145,119.083333333333,25,0,0,0,52|-0.800|3.250|1|1.500
7146,119.1,25,0,0,0,52|-0.800|3.000|1|1.500
7147,119.116666666667,25,0,0,0,52|-0.800|2.750|1|1.500
7148,119.133333333333,25,0,0,0,52|-0.700|2.500|1|1.500
7149,119.15,25,0,0,0,52|-0.700|2.250|1|1.500
7150,119.166666666667,25,0,0,0,52|-0.600|2.000|1|1.500
7151,119.183333333333,25,0,0,0,52|-0.500|1.750|1|1.500
7152,119.2,25,0,0,0,52|-0.500|1.500|1|1.500
7153,119.216666666667,25,0,0,0,52|-0.400|1.250|1|1.500
7154,119.233333333333,25,0,0,0,52|-0.300|1.000|1|1.500
7155,119.25,25,0,0,0,52|-0.200|0.750|1|1.500
7156,119.266666666667,25,0,0,0,52|-0.200|0.500|1|1.500
7157,119.283333333333,25,0,0,0,52|-0.100|0.250|1|1.500
7158,119.3,25,1,1,1,52|-0.000|0.000|1|1.500
7159,119.316666666667,0,0,0,0,
7160,119.333333333333,0,0,0,0,
7161,119.35,0,0,0,0,
7162,119.366666666667,0,0,0,0,
7163,119.383333333333,0,0,0,0,
7164,119.4,0,0,0,0,
7165,119.416666666667,0,0,0,0,
7166,119.433333333333,0,0,0,0,
7167,119.45,0,0,0,0,
7168,119.466666666667,0,0,0,0,
7169,119.483333333333,0,0,0,0,
7170,119.5,0,0,0,0,
7171,119.516666666667,0,0,0,0,
7172,119.533333333333,0,0,0,0,
7173,119.55,0,0,0,0,
7174,119.566666666667,0,0,0,0,
7175,119.583333333333,0,0,0,0,
7176,119.6,0,0,0,0,
7177,119.616666666667,25,0,0,0,53|-6.000|29.750|1|1.500
7178,119.633333333333,25,0,0,0,53|-6.000|29.500|1|1.500
7179,119.65,25,0,0,0,53|-6.000|29.250|1|1.500
7180,119.666666666667,25,0,0,0,53|-6.000|29.000|1|1.500
7181,119.683333333333,25,0,0,0,53|-6.000|28.750|1|1.500
7182,119.7,25,0,0,0,53|-6.000|28.500|1|1.500
7183,119.716666666667,25,0,0,0,53|-6.000|28.250|1|1.500
7184,119.733333333333,25,0,0,0,53|-6.000|28.000|1|1.500
7185,119.75,25,0,0,0,53|-6.000|27.750|1|1.500
7186,119.766666666667,25,0,0,0,53|-6.000|27.500|1|1.500
7187,119.783333333333,25,0,0,0,53|-6.000|27.250|1|1.500
7188,119.8,25,0,0,0,53|-6.000|27.000|1|1.500
7189,119.816666666667,25,0,0,0,53|-6.000|26.750|1|1.500
7190,119.833333333333,25,0,0,0,53|-6.000|26.500|1|1.500
7191,119.85,25,0,0,0,53|-6.000|26.250|1|1.500
7192,119.866666666667,25,0,0,0,53|-6.000|26.000|1|1.500
7193,119.883333333333,25,0,0,0,53|-6.000|25.750|1|1.500
7194,119.9,25,0,0,0,53|-6.000|25.500|1|1.500
7195,119.916666666667,25,0,0,0,53|-6.000|25.250|1|1.500
7196,119.933333333333,25,0,0,0,53|-6.000|25.000|1|1.500
7197,119.95,25,0,0,0,53|-6.000|24.750|1|1.500
7198,119.966666666667,25,0,0,0,53|-6.000|24.500|1|1.500
7199,119.983333333333,25,0,0,0,53|-6.000|24.250|1|1.500
7200,120,25,0,0,0,53|-6.000|24.000|1|1.500
7201,120.016666666667,25,0,0,0,53|-6.000|23.750|1|1.500
7202,120.033333333333,25,0,0,0,53|-6.000|23.500|1|1.500
7203,120.05,25,0,0,0,53|-6.000|23.250|1|1.500
7204,120.066666666667,25,0,0,0,53|-6.000|23.000|1|1.500
7205,120.083333333333,25,0,0,0,53|-6.000|22.750|1|1.500
7206,120.1,25,0,0,0,53|-6.000|22.500|1|1.500
7207,120.116666666667,25,0,0,0,53|-6.000|22.250|1|1.500
7208,120.133333333333,25,0,0,0,53|-6.000|22.000|1|1.500
7209,120.15,25,0,0,0,53|-6.000|21.750|1|1.500
7210,120.166666666667,25,0,0,0,53|-6.000|21.500|1|1.500
7211,120.183333333333,25,0,0,0,53|-6.000|21.250|1|1.500
7212,120.2,25,0,0,0,53|-6.000|21.000|1|1.500
7213,120.216666666667,25,0,0,0,53|-6.000|20.750|1|1.500
7214,120.233333333333,25,0,0,0,53|-6.000|20.500|1|1.500
7215,120.25,25,0,0,0,53|-6.000|20.250|1|1.500
7216,120.266666666667,25,0,0,0,53|-6.000|20.000|1|1.500
7217,120.283333333333,25,0,0,0,53|-6.000|19.750|1|1.500
7218,120.3,25,0,0,0,53|-6.000|19.500|1|1.500
7219,120.316666666667,25,0,0,0,53|-6.000|19.250|1|1.500
7220,120.333333333333,25,0,0,0,53|-6.000|19.000|1|1.500
7221,120.35,25,0,0,0,53|-6.000|18.750|1|1.500
7222,120.366666666667,25,0,0,0,53|-6.000|18.500|1|1.500
7223,120.383333333333,25,0,0,0,53|-6.000|18.250|1|1.500
7224,120.4,25,0,0,0,53|-6.000|18.000|1|1.500
7225,120.416666666667,25,0,0,0,53|-6.000|17.750|1|1.500
7226,120.433333333333,25,0,0,0,53|-6.000|17.500|1|1.500
7227,120.45,25,0,0,0,53|-6.000|17.250|1|1.500
7228,120.466666666667,25,0,0,0,53|-6.000|17.000|1|1.500
7229,120.483333333333,25,0,0,0,53|-6.000|16.750|1|1.500
7230,120.5,25,0,0,0,53|-6.000|16.500|1|1.500
7231,120.516666666667,25,0,0,0,53|-6.000|16.250|1|1.500
7232,120.533333333333,25,0,0,0,53|-6.000|16.000|1|1.500
7233,120.55,25,0,0,0,53|-6.000|15.750|1|1.500
7234,120.566666666667,25,0,0,0,53|-6.000|15.500|1|1.500
7235,120.583333333333,25,0,0,0,53|-6.000|15.250|1|1.500
7236,120.6,25,0,0,0,53|-6.000|15.000|1|1.500
7237,120.616666666667,25,0,0,0,53|-6.000|14.750|1|1.500
7238,120.633333333333,25,0,0,0,53|-6.000|14.500|1|1.500
7239,120.65,25,0,0,0,53|-6.000|14.250|1|1.500
7240,120.666666666667,25,0,0,0,53|-6.000|14.000|1|1.500
7241,120.683333333333,25,0,0,0,53|-6.000|13.750|1|1.500
7242,120.7,25,0,0,0,53|-6.000|13.500|1|1.500
7243,120.716666666667,25,0,0,0,53|-6.000|13.250|1|1.500
7244,120.733333333333,25,0,0,0,53|-6.000|13.000|1|1.500
7245,120.75,25,0,0,0,53|-6.000|12.750|1|1.500
7246,120.766666666667,25,0,0,0,53|-6.000|12.500|1|1.500
7247,120.783333333333,25,0,0,0,53|-6.000|12.250|1|1.500
7248,120.8,25,0,0,0,53|-6.000|12.000|1|1.500
7249,120.816666666667,25,0,0,0,53|-6.000|11.750|1|1.500
7250,120.833333333333,25,0,0,0,53|-6.000|11.500|1|1.500
7251,120.85,25,0,0,0,53|-6.000|11.250|1|1.500
7252,120.866666666667,25,0,0,0,53|-6.000|11.000|1|1.500
7253,120.883333333333,25,0,0,0,53|-6.000|10.750|1|1.500
7254,120.9,25,0,0,0,53|-6.000|10.500|1|1.500
7255,120.916666666667,25,0,0,0,53|-6.000|10.250|1|1.500
7256,120.933333333333,25,0,0,0,53|-6.000|10.000|1|1.500
7257,120.95,25,0,0,0,53|-6.000|9.750|1|1.500
7258,120.966666666667,25,0,0,0,53|-6.000|9.500|1|1.500
7259,120.983333333333,25,0,0,0,53|-6.000|9.250|1|1.500
7260,121,25,0,0,0,53|-6.000|9.000|1|1.500
7261,121.016666666667,25,0,0,0,53|-6.000|8.750|1|1.500
7262,121.033333333333,25,0,0,0,53|-6.000|8.500|1|1.500
7263,121.05,25,0,0,0,53|-6.000|8.250|1|1.500
7264,121.066666666667,25,0,0,0,53|-6.000|8.000|1|1.500
7265,121.083333333333,25,0,0,0,53|-6.000|7.750|1|1.500
7266,121.1,25,0,0,0,53|-6.000|7.500|1|1.500
7267,121.116666666667,25,0,0,0,53|-6.000|7.250|1|1.500
7268,121.133333333333,25,0,0,0,53|-6.000|7.000|1|1.500
7269,121.15,25,0,0,0,53|-6.000|6.750|1|1.500
7270,121.166666666667,25,0,0,0,53|-6.000|6.500|1|1.500
7271,121.183333333333,25,0,0,0,53|-6.000|6.250|1|1.500
7272,121.2,25,0,0,0,53|-6.000|6.000|1|1.500
7273,121.216666666667,25,0,0,0,53|-6.000|5.750|1|1.500
7274,121.233333333333,25,0,0,0,53|-6.000|5.500|1|1.500
7275,121.25,25,0,0,0,53|-6.000|5.250|1|1.500
7276,121.266666666667,25,0,0,0,53|-6.000|5.000|1|1.500
7277,121.283333333333,25,0,0,0,53|-6.000|4.750|1|1.500
7278,121.3,25,0,0,0,53|-6.000|4.500|1|1.500
7279,121.316666666667,25,0,0,0,53|-6.000|4.250|1|1.500
7280,121.333333333333,25,0,0,0,53|-6.000|4.000|1|1.500
7281,121.35,25,0,0,0,53|-6.000|3.750|1|1.500
7282,121.366666666667,25,0,0,0,53|-6.000|3.500|1|1.500
7283,121.383333333333,25,0,0,0,53|-6.000|3.250|1|1.500
7284,121.4,25,0,0,0,53|-6.000|3.000|1|1.500
7285,121.416666666667,25,0,0,0,53|-6.000|2.750|1|1.500
7286,121.433333333333,25,0,0,0,53|-6.000|2.500|1|1.500
7287,121.45,25,0,0,0,53|-6.000|2.250|1|1.500
7288,121.466666666667,25,0,0,0,53|-6.000|2.000|1|1.500
7289,121.483333333333,25,0,0,0,53|-6.000|1.750|1|1.500
7290,121.5,25,0,0,0,53|-6.000|1.500|1|1.500
7291,121.516666666667,25,0,0,0,53|-6.000|1.250|1|1.500
7292,121.533333333333,25,0,0,0,53|-6.000|1.000|1|1.500
7293,121.55,25,0,0,0,53|-6.000|0.750|1|1.500
7294,121.566666666667,25,0,0,0,53|-6.000|0.500|1|1.500
7295,121.583333333333,25,0,0,0,53|-6.000|0.250|1|1.500
7296,121.6,25,0,1,0,53|-6.000|0.000|1|1.500
7297,121.616666666667,0,0,0,0,
7298,121.633333333333,0,0,0,0,
7299,121.65,0,0,0,0,
7300,121.666666666667,0,0,0,0,
7301,121.683333333333,0,0,0,0,
7302,121.7,0,0,0,0,
7303,121.716666666667,0,0,0,0,
7304,121.733333333333,0,0,0,0,
7305,121.75,0,0,0,0,
7306,121.766666666667,0,0,0,0,
7307,121.783333333333,0,0,0,0,
7308,121.8,0,0,0,0,
7309,121.816666666667,0,0,0,0,
7310,121.833333333333,0,0,0,0,
7311,121.85,0,0,0,0,
7312,121.866666666667,0,0,0,0,
7313,121.883333333333,0,0,0,0,
7314,121.9,0,0,0,0,
7315,121.916666666667,25,0,0,0,54|9.000|29.750|1|3.000
7316,121.933333333333,25,0,0,0,54|9.000|29.500|1|3.000
7317,121.95,25,0,0,0,54|9.000|29.250|1|3.000
7318,121.966666666667,25,0,0,0,54|9.000|29.000|1|3.000
7319,121.983333333333,25,0,0,0,54|9.000|28.750|1|3.000
7320,122,25,0,0,0,54|9.000|28.500|1|3.000
7321,122.016666666667,25,0,0,0,54|9.000|28.250|1|3.000
7322,122.033333333333,25,0,0,0,54|9.000|28.000|1|3.000
7323,122.05,25,0,0,0,54|8.700|27.750|1|3.000
7324,122.066666666667,25,0,0,0,54|8.700|27.500|1|3.000
7325,122.083333333333,25,0,0,0,54|8.400|27.250|1|3.000
7326,122.1,25,0,0,0,54|8.400|27.000|1|3.000
7327,122.116666666667,25,0,0,0,54|8.100|26.750|1|3.000
7328,122.133333333333,25,0,0,0,54|8.100|26.500|1|3.000
7329,122.15,25,0,0,0,54|8.100|26.250|1|3.000
7330,122.166666666667,25,0,0,0,54|8.100|26.000|1|3.000
7331,122.183333333333,25,0,0,0,54|7.800|25.750|1|3.000
7332,122.2,25,0,0,0,54|7.800|25.500|1|3.000
7333,122.216666666667,25,0,0,0,54|7.500|25.250|1|3.000
7334,122.233333333333,25,0,0,0,54|7.500|25.000|1|3.000
7335,122.25,25,0,0,0,54|7.500|24.750|1|3.000
7336,122.266666666667,25,0,0,0,54|7.500|24.500|1|3.000
7337,122.283333333333,25,0,0,0,54|7.500|24.250|1|3.000
7338,122.3,25,0,0,0,54|7.500|24.000|1|3.000
7339,122.316666666667,25,0,0,0,54|7.200|23.750|1|3.000
7340,122.333333333333,25,0,0,0,54|7.200|23.500|1|3.000
7341,122.35,25,0,0,0,54|7.200|23.250|1|3.000
7342,122.366666666667,25,0,0,0,54|7.200|23.000|1|3.000
7343,122.383333333333,25,0,0,0,54|7.200|22.750|1|3.000
7344,122.4,25,0,0,0,54|7.200|22.500|1|3.000
7345,122.416666666667,25,0,0,0,54|7.200|22.250|1|3.000
7346,122.433333333333,25,0,0,0,54|7.200|22.000|1|3.000
7347,122.45,25,0,0,0,54|7.200|21.750|1|3.000
7348,122.466666666667,25,0,0,0,54|6.900|21.500|1|3.000
7349,122.483333333333,25,0,0,0,54|6.900|21.250|1|3.000
7350,122.5,25,0,0,0,54|6.900|21.000|1|3.000
7351,122.516666666667,25,0,0,0,54|6.900|20.750|1|3.000
7352,122.533333333333,25,0,0,0,54|6.900|20.500|1|3.000
7353,122.55,25,0,0,0,54|6.900|20.250|1|3.000
7354,122.566666666667,25,0,0,0,54|6.600|20.000|1|3.000
7355,122.583333333333,25,0,0,0,54|6.600|19.750|1|3.000
7356,122.6,25,0,0,0,54|6.600|19.500|1|3.000
7357,122.616666666667,25,0,0,0,54|6.600|19.250|1|3.000
7358,122.633333333333,25,0,0,0,54|6.600|19.000|1|3.000
7359,122.65,25,0,0,0,54|6.600|18.750|1|3.000
7360,122.666666666667,25,0,0,0,54|6.600|18.500|1|3.000
7361,122.683333333333,25,0,0,0,54|6.600|18.250|1|3.000
7362,122.7,25,0,0,0,54|6.600|18.000|1|3.000
7363,122.716666666667,25,0,0,0,54|6.600|17.750|1|3.000
7364,122.733333333333,25,0,0,0,54|6.600|17.500|1|3.000
7365,122.75,25,0,0,0,54|6.600|17.250|1|3.000
7366,122.766666666667,25,0,0,0,54|6.600|17.000|1|3.000
7367,122.783333333333,25,0,0,0,54|6.600|16.750|1|3.000
7368,122.8,25,0,0,0,54|6.300|16.500|1|3.000
7369,122.816666666667,25,0,0,0,54|6.000|16.250|1|3.000
7370,122.833333333333,25,0,0,0,54|6.000|16.000|1|3.000
7371,122.85,25,0,0,0,54|5.700|15.750|1|3.000
7372,122.866666666667,25,0,0,0,54|5.400|15.500|1|3.000
7373,122.883333333333,25,0,0,0,54|5.400|15.250|1|3.000
7374,122.9,25,0,0,0,54|5.400|15.000|1|3.000
7375,122.916666666667,25,0,0,0,54|5.100|14.750|1|3.000
7376,122.933333333333,25,0,0,0,54|4.800|14.500|1|3.000
7377,122.95,25,0,0,0,54|4.800|14.250|1|3.000
7378,122.966666666667,25,0,0,0,54|4.500|14.000|1|3.000
7379,122.983333333333,25,0,0,0,54|4.200|13.750|1|3.000
7380,123,25,0,0,0,54|4.200|13.500|1|3.000
7381,123.016666666667,25,0,0,0,54|4.200|13.250|1|3.000
7382,123.033333333333,25,0,0,0,54|4.200|13.000|1|3.000
7383,123.05,25,0,0,0,54|4.200|12.750|1|3.000
7384,123.066666666667,25,0,0,0,54|4.200|12.500|1|3.000
7385,123.083333333333,25,0,0,0,54|4.200|12.250|1|3.000
7386,123.1,25,0,0,0,54|4.200|12.000|1|3.000
7387,123.116666666667,25,0,0,0,54|3.900|11.750|1|3.000
7388,123.133333333333,25,0,0,0,54|3.900|11.500|1|3.000
7389,123.15,25,0,0,0,54|3.900|11.250|1|3.000
7390,123.166666666667,25,0,0,0,54|3.900|11.000|1|3.000
7391,123.183333333333,25,0,0,0,54|3.900|10.750|1|3.000
7392,123.2,25,0,0,0,54|3.900|10.500|1|3.000
7393,123.216666666667,25,0,0,0,54|3.900|10.250|1|3.000
7394,123.233333333333,25,0,0,0,54|3.900|10.000|1|3.000
7395,123.25,25,0,0,0,54|3.600|9.750|1|3.000
7396,123.266666666667,25,0,0,0,54|3.300|9.500|1|3.000
7397,123.283333333333,25,0,0,0,54|3.000|9.250|1|3.000
7398,123.3,25,0,0,0,54|3.000|9.000|1|3.000
7399,123.316666666667,25,0,0,0,54|3.000|8.750|1|3.000
7400,123.333333333333,25,0,0,0,54|2.700|8.500|1|3.000
7401,123.35,25,0,0,0,54|2.400|8.250|1|3.000
7402,123.366666666667,25,0,0,0,54|2.100|8.000|1|3.000
7403,123.383333333333,25,0,0,0,54|2.100|7.750|1|3.000
7404,123.4,25,0,0,0,54|2.100|7.500|1|3.000
7405,123.416666666667,25,0,0,0,54|2.100|7.250|1|3.000
7406,123.433333333333,25,0,0,0,54|2.100|7.000|1|3.000
7407,123.45,25,0,0,0,54|2.100|6.750|1|3.000
7408,123.466666666667,25,0,0,0,54|2.100|6.500|1|3.000
7409,123.483333333333,25,0,0,0,54|1.800|6.250|1|3.000
7410,123.5,25,0,0,0,54|1.800|6.000|1|3.000
7411,123.516666666667,25,0,0,0,54|1.500|5.750|1|3.000
7412,123.533333333333,25,0,0,0,54|1.500|5.500|1|3.000
7413,123.55,25,0,0,0,54|1.500|5.250|1|3.000
7414,123.566666666667,25,0,0,0,54|1.200|5.000|1|3.000
7415,123.583333333333,25,0,0,0,54|1.200|4.750|1|3.000
7416,123.6,25,0,0,0,54|1.200|4.500|1|3.000
7417,123.616666666667,25,0,0,0,54|1.200|4.250|1|3.000
7418,123.633333333333,25,0,0,0,54|0.900|4.000|1|3.000
7419,123.65,25,0,0,0,54|0.900|3.750|1|3.000
7420,123.666666666667,25,0,0,0,54|0.600|3.500|1|3.000
7421,123.683333333333,25,0,0,0,54|0.600|3.250|1|3.000
7422,123.7,25,0,0,0,54|0.600|3.000|1|3.000
7423,123.716666666667,25,0,0,0,54|0.600|2.750|1|3.000
7424,123.733333333333,25,0,0,0,54|0.600|2.500|1|3.000
7425,123.75,25,0,0,0,54|0.600|2.250|1|3.000
7426,123.766666666667,25,0,0,0,54|0.600|2.000|1|3.000
7427,123.783333333333,25,0,0,0,54|0.600|1.750|1|3.000
7428,123.8,25,0,0,0,54|0.600|1.500|1|3.000
7429,123.816666666667,25,0,0,0,54|0.300|1.250|1|3.000
7430,123.833333333333,25,0,0,0,54|0.000|1.000|1|3.000
7431,123.85,25,0,0,0,54|0.000|0.750|1|3.000
7432,123.866666666667,25,0,0,0,54|0.000|0.500|1|3.000
7433,123.883333333333,25,0,0,0,54|0.000|0.250|1|3.000
7434,123.9,25,1,1,2,54|0.000|0.000|1|3.000
7435,123.916666666667,0,0,0,0,
7436,123.933333333333,0,0,0,0,
7437,123.95,0,0,0,0,
7438,123.966666666667,0,0,0,0,
7439,123.983333333333,0,0,0,0,
7440,124,0,0,0,0,
7441,124.016666666667,0,0,0,0,
7442,124.033333333333,0,0,0,0,
7443,124.05,0,0,0,0,
7444,124.066666666667,0,0,0,0,
7445,124.083333333333,0,0,0,0,
7446,124.1,0,0,0,0,
7447,124.116666666667,0,0,0,0,
7448,124.133333333333,0,0,0,0,
7449,124.15,0,0,0,0,
7450,124.166666666667,0,0,0,0,
7451,124.183333333333,0,0,0,0,
7452,124.2,0,0,0,0,
7453,124.216666666667,25,0,0,0,55|9.000|29.750|1|1.500
7454,124.233333333333,25,0,0,0,55|9.000|29.500|1|1.500
7455,124.25,25,0,0,0,55|9.000|29.250|1|1.500
7456,124.266666666667,25,0,0,0,55|9.000|29.000|1|1.500
7457,124.283333333333,25,0,0,0,55|9.000|28.750|1|1.500
7458,124.3,25,0,0,0,55|9.000|28.500|1|1.500
7459,124.316666666667,25,0,0,0,55|9.000|28.250|1|1.500
7460,124.333333333333,25,0,0,0,55|9.000|28.000|1|1.500
7461,124.35,25,0,0,0,55|8.250|27.750|1|1.500
7462,124.366666666667,25,0,0,0,55|8.250|27.500|1|1.500
7463,124.383333333333,25,0,0,0,55|8.250|27.250|1|1.500
7464,124.4,25,0,0,0,55|7.500|27.000|1|1.500
7465,124.416666666667,25,0,0,0,55|7.500|26.750|1|1.500
7466,124.433333333333,25,0,0,0,55|7.500|26.500|1|1.500
7467,124.45,25,0,0,0,55|7.500|26.250|1|1.500
7468,124.466666666667,25,0,0,0,55|7.500|26.000|1|1.500
7469,124.483333333333,25,0,0,0,55|7.500|25.750|1|1.500
7470,124.5,25,0,0,0,55|7.500|25.500|1|1.500
7471,124.516666666667,25,0,0,0,55|7.500|25.250|1|1.500
7472,124.533333333333,25,0,0,0,55|7.500|25.000|1|1.500
7473,124.55,25,0,0,0,55|7.500|24.750|1|1.500
7474,124.566666666667,25,0,0,0,55|7.500|24.500|1|1.500
7475,124.583333333333,25,0,0,0,55|7.500|24.250|1|1.500
7476,124.6,25,0,0,0,55|7.500|24.000|1|1.500
7477,124.616666666667,25,0,0,0,55|7.500|23.750|1|1.500
7478,124.633333333333,25,0,0,0,55|7.500|23.500|1|1.500
7479,124.65,25,0,0,0,55|7.500|23.250|1|1.500
7480,124.666666666667,25,0,0,0,55|7.500|23.000|1|1.500
7481,124.683333333333,25,0,0,0,55|7.500|22.750|1|1.500
7482,124.7,25,0,0,0,55|7.500|22.500|1|1.500
7483,124.716666666667,25,0,0,0,55|7.500|22.250|1|1.500
7484,124.733333333333,25,0,0,0,55|7.500|22.000|1|1.500
7485,124.75,25,0,0,0,55|7.500|21.750|1|1.500
7486,124.766666666667,25,0,0,0,55|7.500|21.500|1|1.500
7487,124.783333333333,25,0,0,0,55|7.500|21.250|1|1.500
7488,124.8,25,0,0,0,55|7.500|21.000|1|1.500
7489,124.816666666667,25,0,0,0,55|7.500|20.750|1|1.500
7490,124.833333333333,25,0,0,0,55|7.500|20.500|1|1.500
7491,124.85,25,0,0,0,55|7.500|20.250|1|1.500
7492,124.866666666667,25,0,0,0,55|7.500|20.000|1|1.500
7493,124.883333333333,25,0,0,0,55|7.500|19.750|1|1.500
7494,124.9,25,0,0,0,55|7.500|19.500|1|1.500
7495,124.916666666667,25,0,0,0,55|7.500|19.250|1|1.500
7496,124.933333333333,25,0,0,0,55|7.500|19.000|1|1.500
7497,124.95,25,0,0,0,55|7.500|18.750|1|1.500
7498,124.966666666667,25,0,0,0,55|7.500|18.500|1|1.500
7499,124.983333333333,25,0,0,0,55|7.500|18.250|1|1.500
7500,125,25,0,0,0,55|7.500|18.000|1|1.500
7501,125.016666666667,25,0,0,0,55|7.500|17.750|1|1.500
7502,125.033333333333,25,0,0,0,55|7.500|17.500|1|1.500
7503,125.05,25,0,0,0,55|7.500|17.250|1|1.500
7504,125.066666666667,25,0,0,0,55|7.500|17.000|1|1.500
7505,125.083333333333,25,0,0,0,55|7.500|16.750|1|1.500
7506,125.1,25,0,0,0,55|7.500|16.500|1|1.500
7507,125.116666666667,25,0,0,0,55|7.500|16.250|1|1.500
7508,125.133333333333,25,0,0,0,55|7.500|16.000|1|1.500
7509,125.15,25,0,0,0,55|7.500|15.750|1|1.500
7510,125.166666666667,25,0,0,0,55|7.500|15.500|1|1.500
7511,125.183333333333,25,0,0,0,55|7.500|15.250|1|1.500
7512,125.2,25,0,0,0,55|6.750|15.000|1|1.500
7513,125.216666666667,25,0,0,0,55|6.750|14.750|1|1.500
7514,125.233333333333,25,0,0,0,55|6.750|14.500|1|1.500
7515,125.25,25,0,0,0,55|6.750|14.250|1|1.500
7516,125.266666666667,25,0,0,0,55|6.750|14.000|1|1.500
7517,125.283333333333,25,0,0,0,55|6.750|13.750|1|1.500
7518,125.3,25,0,0,0,55|6.000|13.500|1|1.500
7519,125.316666666667,25,0,0,0,55|6.000|13.250|1|1.500
7520,125.333333333333,25,0,0,0,55|6.000|13.000|1|1.500
7521,125.35,25,0,0,0,55|6.000|12.750|1|1.500
7522,125.366666666667,25,0,0,0,55|6.000|12.500|1|1.500
7523,125.383333333333,25,0,0,0,55|6.000|12.250|1|1.500
7524,125.4,25,0,0,0,55|5.250|12.000|1|1.500
7525,125.416666666667,25,0,0,0,55|5.250|11.750|1|1.500
7526,125.433333333333,25,0,0,0,55|5.250|11.500|1|1.500
7527,125.45,25,0,0,0,55|5.250|11.250|1|1.500
7528,125.466666666667,25,0,0,0,55|5.250|11.000|1|1.500
7529,125.483333333333,25,0,0,0,55|5.250|10.750|1|1.500
7530,125.5,25,0,0,0,55|5.250|10.500|1|1.500
7531,125.516666666667,25,0,0,0,55|5.250|10.250|1|1.500
7532,125.533333333333,25,0,0,0,55|5.250|10.000|1|1.500
7533,125.55,25,0,0,0,55|5.250|9.750|1|1.500
7534,125.566666666667,25,0,0,0,55|5.250|9.500|1|1.500
7535,125.583333333333,25,0,0,0,55|5.250|9.250|1|1.500
7536,125.6,25,0,0,0,55|5.250|9.000|1|1.500
7537,125.616666666667,25,0,0,0,55|4.500|8.750|1|1.500
7538,125.633333333333,25,0,0,0,55|4.500|8.500|1|1.500
7539,125.65,25,0,0,0,55|4.500|8.250|1|1.500
7540,125.666666666667,25,0,0,0,55|4.500|8.000|1|1.500
7541,125.683333333333,25,0,0,0,55|4.500|7.750|1|1.500
7542,125.7,25,0,0,0,55|4.500|7.500|1|1.500
7543,125.716666666667,25,0,0,0,55|3.750|7.250|1|1.500
7544,125.733333333333,25,0,0,0,55|3.750|7.000|1|1.500
7545,125.75,25,0,0,0,55|3.000|6.750|1|1.500
7546,125.766666666667,25,0,0,0,55|3.000|6.500|1|1.500
7547,125.783333333333,25,0,0,0,55|3.000|6.250|1|1.500
7548,125.8,25,0,0,0,55|3.000|6.000|1|1.500
7549,125.816666666667,25,0,0,0,55|3.000|5.750|1|1.500
7550,125.833333333333,25,0,0,0,55|3.000|5.500|1|1.500
7551,125.85,25,0,0,0,55|3.000|5.250|1|1.500
7552,125.866666666667,25,0,0,0,55|2.250|5.000|1|1.500
7553,125.883333333333,25,0,0,0,55|2.250|4.750|1|1.500
7554,125.9,25,0,0,0,55|2.250|4.500|1|1.500
7555,125.916666666667,25,0,0,0,55|2.250|4.250|1|1.500
7556,125.933333333333,25,0,0,0,55|1.500|4.000|1|1.500
7557,125.95,25,0,0,0,55|1.500|3.750|1|1.500
7558,125.966666666667,25,0,0,0,55|1.500|3.500|1|1.500
7559,125.983333333333,25,0,0,0,55|1.500|3.250|1|1.500
7560,126,25,0,0,0,55|1.500|3.000|1|1.500
7561,126.016666666667,25,0,0,0,55|1.500|2.750|1|1.500
7562,126.033333333333,25,0,0,0,55|1.500|2.500|1|1.500
7563,126.05,25,0,0,0,55|1.500|2.250|1|1.500
7564,126.066666666667,25,0,0,0,55|1.500|2.000|1|1.500
7565,126.083333333333,25,0,0,0,55|1.500|1.750|1|1.500
7566,126.1,25,0,0,0,55|1.500|1.500|1|1.500
7567,126.116666666667,25,0,0,0,55|1.500|1.250|1|1.500
7568,126.133333333333,25,0,0,0,55|1.500|1.000|1|1.500
7569,126.15,25,0,0,0,55|0.750|0.750|1|1.500
7570,126.166666666667,25,0,0,0,55|0.750|0.500|1|1.500
7571,126.183333333333,25,0,0,0,55|0.000|0.250|1|1.500
7572,126.2,25,1,1,2,55|0.000|0.000|1|1.500
7573,126.216666666667,0,0,0,0,
7574,126.233333333333,0,0,0,0,
7575,126.25,0,0,0,0,
7576,126.266666666667,0,0,0,0,
7577,126.283333333333,0,0,0,0,
7578,126.3,0,0,0,0,
7579,126.316666666667,0,0,0,0,
7580,126.333333333333,0,0,0,0,
7581,126.35,0,0,0,0,
7582,126.366666666667,0,0,0,0,
7583,126.383333333333,0,0,0,0,
7584,126.4,0,0,0,0,
7585,126.416666666667,0,0,0,0,
7586,126.433333333333,0,0,0,0,
7587,126.45,0,0,0,0,
7588,126.466666666667,0,0,0,0,
7589,126.483333333333,0,0,0,0,
7590,126.5,0,0,0,0,
7591,126.516666666667,25,0,0,0,56|15.000|29.750|1|1.500
7592,126.533333333333,25,0,0,0,56|15.000|29.500|1|1.500
7593,126.55,25,0,0,0,56|15.000|29.250|1|1.500
7594,126.566666666667,25,0,0,0,56|13.750|29.000|1|1.500
7595,126.583333333333,25,0,0,0,56|12.500|28.750|1|1.500
7596,126.6,25,0,0,0,56|12.500|28.500|1|1.500
7597,126.616666666667,25,0,0,0,56|12.500|28.250|1|1.500
7598,126.633333333333,25,0,0,0,56|12.500|28.000|1|1.500
7599,126.65,25,0,0,0,56|12.500|27.750|1|1.500
7600,126.666666666667,25,0,0,0,56|12.500|27.500|1|1.500
7601,126.683333333333,25,0,0,0,56|12.500|27.250|1|1.500
7602,126.7,25,0,0,0,56|11.250|27.000|1|1.500
7603,126.716666666667,25,0,0,0,56|11.250|26.750|1|1.500
7604,126.733333333333,25,0,0,0,56|11.250|26.500|1|1.500
7605,126.75,25,0,0,0,56|11.250|26.250|1|1.500
7606,126.766666666667,25,0,0,0,56|11.250|26.000|1|1.500
7607,126.783333333333,25,0,0,0,56|11.250|25.750|1|1.500
7608,126.8,25,0,0,0,56|11.250|25.500|1|1.500
7609,126.816666666667,25,0,0,0,56|11.250|25.250|1|1.500
7610,126.833333333333,25,0,0,0,56|11.250|25.000|1|1.500
7611,126.85,25,0,0,0,56|11.250|24.750|1|1.500
7612,126.866666666667,25,0,0,0,56|11.250|24.500|1|1.500
7613,126.883333333333,25,0,0,0,56|11.250|24.250|1|1.500
7614,126.9,25,0,0,0,56|11.250|24.000|1|1.500
7615,126.916666666667,25,0,0,0,56|11.250|23.750|1|1.500
7616,126.933333333333,25,0,0,0,56|11.250|23.500|1|1.500
7617,126.95,25,0,0,0,56|11.250|23.250|1|1.500
7618,126.966666666667,25,0,0,0,56|11.250|23.000|1|1.500
7619,126.983333333333,25,0,0,0,56|11.250|22.750|1|1.500
7620,127,25,0,0,0,56|10.000|22.500|1|1.500
7621,127.016666666667,25,0,0,0,56|10.000|22.250|1|1.500
7622,127.033333333333,25,0,0,0,56|10.000|22.000|1|1.500
7623,127.05,25,0,0,0,56|10.000|21.750|1|1.500
7624,127.066666666667,25,0,0,0,56|10.000|21.500|1|1.500
7625,127.083333333333,25,0,0,0,56|10.000|21.250|1|1.500
7626,127.1,25,0,0,0,56|8.750|21.000|1|1.500
7627,127.116666666667,25,0,0,0,56|8.750|20.750|1|1.500
7628,127.133333333333,25,0,0,0,56|8.750|20.500|1|1.500
7629,127.15,25,0,0,0,56|8.750|20.250|1|1.500
7630,127.166666666667,25,0,0,0,56|8.750|20.000|1|1.500
7631,127.183333333333,25,0,0,0,56|8.750|19.750|1|1.500
7632,127.2,25,0,0,0,56|8.750|19.500|1|1.500
7633,127.216666666667,25,0,0,0,56|8.750|19.250|1|1.500
7634,127.233333333333,25,0,0,0,56|8.750|19.000|1|1.500
7635,127.25,25,0,0,0,56|8.750|18.750|1|1.500
7636,127.266666666667,25,0,0,0,56|8.750|18.500|1|1.500
7637,127.283333333333,25,0,0,0,56|8.750|18.250|1|1.500
7638,127.3,25,0,0,0,56|8.750|18.000|1|1.500
7639,127.316666666667,25,0,0,0,56|7.500|17.750|1|1.500
7640,127.333333333333,25,0,0,0,56|7.500|17.500|1|1.500
7641,127.35,25,0,0,0,56|7.500|17.250|1|1.500
7642,127.366666666667,25,0,0,0,56|7.500|17.000|1|1.500
7643,127.383333333333,25,0,0,0,56|7.500|16.750|1|1.500
7644,127.4,25,0,0,0,56|7.500|16.500|1|1.500
7645,127.416666666667,25,0,0,0,56|7.500|16.250|1|1.500
7646,127.433333333333,25,0,0,0,56|7.500|16.000|1|1.500
7647,127.45,25,0,0,0,56|7.500|15.750|1|1.500
7648,127.466666666667,25,0,0,0,56|6.250|15.500|1|1.500
7649,127.483333333333,25,0,0,0,56|6.250|15.250|1|1.500
7650,127.5,25,0,0,0,56|6.250|15.000|1|1.500
7651,127.516666666667,25,0,0,0,56|6.250|14.750|1|1.500
7652,127.533333333333,25,0,0,0,56|6.250|14.500|1|1.500
7653,127.55,25,0,0,0,56|6.250|14.250|1|1.500
7654,127.566666666667,25,0,0,0,56|6.250|14.000|1|1.500
7655,127.583333333333,25,0,0,0,56|6.250|13.750|1|1.500
7656,127.6,25,0,0,0,56|6.250|13.500|1|1.500
7657,127.616666666667,25,0,0,0,56|6.250|13.250|1|1.500
7658,127.633333333333,25,0,0,0,56|6.250|13.000|1|1.500
7659,127.65,25,0,0,0,56|6.250|12.750|1|1.500
7660,127.666666666667,25,0,0,0,56|6.250|12.500|1|1.500
7661,127.683333333333,25,0,0,0,56|6.250|12.250|1|1.500
7662,127.7,25,0,0,0,56|6.250|12.000|1|1.500
7663,127.716666666667,25,0,0,0,56|6.250|11.750|1|1.500
7664,127.733333333333,25,0,0,0,56|6.250|11.500|1|1.500
7665,127.75,25,0,0,0,56|5.000|11.250|1|1.500
7666,127.766666666667,25,0,0,0,56|5.000|11.000|1|1.500
7667,127.783333333333,25,0,0,0,56|5.000|10.750|1|1.500
7668,127.8,25,0,0,0,56|5.000|10.500|1|1.500
7669,127.816666666667,25,0,0,0,56|5.000|10.250|1|1.500
7670,127.833333333333,25,0,0,0,56|5.000|10.000|1|1.500
7671,127.85,25,0,0,0,56|5.000|9.750|1|1.500
7672,127.866666666667,25,0,0,0,56|5.000|9.500|1|1.500
7673,127.883333333333,25,0,0,0,56|5.000|9.250|1|1.500
7674,127.9,25,0,0,0,56|5.000|9.000|1|1.500
7675,127.916666666667,25,0,0,0,56|5.000|8.750|1|1.500
7676,127.933333333333,25,0,0,0,56|3.750|8.500|1|1.500
7677,127.95,25,0,0,0,56|3.750|8.250|1|1.500
7678,127.966666666667,25,0,0,0,56|3.750|8.000|1|1.500
7679,127.983333333333,25,0,0,0,56|3.750|7.750|1|1.500
7680,128,25,0,0,0,56|3.750|7.500|1|1.500
7681,128.016666666667,25,0,0,0,56|3.750|7.250|1|1.500
7682,128.033333333333,25,0,0,0,56|3.750|7.000|1|1.500
7683,128.05,25,0,0,0,56|3.750|6.750|1|1.500
7684,128.066666666667,25,0,0,0,56|3.750|6.500|1|1.500
7685,128.083333333333,25,0,0,0,56|2.500|6.250|1|1.500
7686,128.1,25,0,0,0,56|1.250|6.000|1|1.500
7687,128.116666666667,25,0,0,0,56|1.250|5.750|1|1.500
7688,128.133333333333,25,0,0,0,56|1.250|5.500|1|1.500
7689,128.15,25,0,0,0,56|1.250|5.250|1|1.500
7690,128.166666666667,25,0,0,0,56|0.000|5.000|1|1.500
7691,128.183333333333,25,0,0,0,56|0.000|4.750|1|1.500
7692,128.2,25,0,0,0,56|0.000|4.500|1|1.500
7693,128.216666666667,25,0,0,0,56|0.000|4.250|1|1.500
7694,128.233333333333,25,0,0,0,56|0.000|4.000|1|1.500
7695,128.25,25,0,0,0,56|0.000|3.750|1|1.500
7696,128.266666666667,25,0,0,0,56|0.000|3.500|1|1.500
7697,128.283333333333,25,0,0,0,56|0.000|3.250|1|1.500
7698,128.3,25,0,0,0,56|0.000|3.000|1|1.500
7699,128.316666666667,25,0,0,0,56|0.000|2.750|1|1.500
7700,128.333333333333,25,0,0,0,56|0.000|2.500|1|1.500
7701,128.35,25,0,0,0,56|0.000|2.250|1|1.500
7702,128.366666666667,25,0,0,0,56|0.000|2.000|1|1.500
7703,128.383333333333,25,0,0,0,56|0.000|1.750|1|1.500
7704,128.4,25,0,0,0,56|0.000|1.500|1|1.500
7705,128.416666666667,25,0,0,0,56|0.000|1.250|1|1.500
7706,128.433333333333,25,0,0,0,56|0.000|1.000|1|1.500
7707,128.45,25,0,0,0,56|0.000|0.750|1|1.500
7708,128.466666666667,25,0,0,0,56|0.000|0.500|1|1.500
7709,128.483333333333,25,0,0,0,56|0.000|0.250|1|1.500
7710,128.5,25,1,1.5,4,56|0.000|0.000|1|1.500
7711,128.516666666667,0,0,0,0,
7712,128.533333333333,0,0,0,0,
7713,128.55,0,0,0,0,
7714,128.566666666667,0,0,0,0,
7715,128.583333333333,0,0,0,0,
7716,128.6,0,0,0,0,
7717,128.616666666667,0,0,0,0,
7718,128.633333333333,0,0,0,0,
7719,128.65,0,0,0,0,
7720,128.666666666667,0,0,0,0,
7721,128.683333333333,0,0,0,0,
7722,128.7,0,0,0,0,
7723,128.716666666667,0,0,0,0,
7724,128.733333333333,0,0,0,0,
7725,128.75,0,0,0,0,
7726,128.766666666667,0,0,0,0,
7727,128.783333333333,0,0,0,0,
7728,128.8,0,0,0,0,
7729,128.816666666667,25,0,0,0,57|-11.900|29.750|1|3.000
7730,128.833333333333,25,0,0,0,57|-11.800|29.500|1|3.000
7731,128.85,25,0,0,0,57|-11.700|29.250|1|3.000
7732,128.866666666667,25,0,0,0,57|-11.600|29.000|1|3.000
7733,128.883333333333,25,0,0,0,57|-11.500|28.750|1|3.000
7734,128.9,25,0,0,0,57|-11.400|28.500|1|3.000
7735,128.916666666667,25,0,0,0,57|-11.300|28.250|1|3.000
7736,128.933333333333,25,0,0,0,57|-11.200|28.000|1|3.000
7737,128.95,25,0,0,0,57|-11.100|27.750|1|3.000
7738,128.966666666667,25,0,0,0,57|-11.000|27.500|1|3.000
7739,128.983333333333,25,0,0,0,57|-10.900|27.250|1|3.000
7740,129,25,0,0,0,57|-10.800|27.000|1|3.000
7741,129.016666666667,25,0,0,0,57|-10.700|26.750|1|3.000
7742,129.033333333333,25,0,0,0,57|-10.600|26.500|1|3.000
7743,129.05,25,0,0,0,57|-10.500|26.250|1|3.000
7744,129.066666666667,25,0,0,0,57|-10.400|26.000|1|3.000
7745,129.083333333333,25,0,0,0,57|-10.300|25.750|1|3.000
7746,129.1,25,0,0,0,57|-10.200|25.500|1|3.000
7747,129.116666666667,25,0,0,0,57|-10.100|25.250|1|3.000
7748,129.133333333333,25,0,0,0,57|-10.000|25.000|1|3.000
7749,129.15,25,0,0,0,57|-9.900|24.750|1|3.000
7750,129.166666666667,25,0,0,0,57|-9.800|24.500|1|3.000
7751,129.183333333333,25,0,0,0,57|-9.700|24.250|1|3.000
7752,129.2,25,0,0,0,57|-9.600|24.000|1|3.000
7753,129.216666666667,25,0,0,0,57|-9.500|23.750|1|3.000
7754,129.233333333333,25,0,0,0,57|-9.400|23.500|1|3.000
7755,129.25,25,0,0,0,57|-9.300|23.250|1|3.000
7756,129.266666666667,25,0,0,0,57|-9.200|23.000|1|3.000
7757,129.283333333333,25,0,0,0,57|-9.100|22.750|1|3.000
7758,129.3,25,0,0,0,57|-9.000|22.500|1|3.000
7759,129.316666666667,25,0,0,0,57|-8.900|22.250|1|3.000
7760,129.333333333333,25,0,0,0,57|-8.800|22.000|1|3.000
7761,129.35,25,0,0,0,57|-8.700|21.750|1|3.000
7762,129.366666666667,25,0,0,0,57|-8.600|21.500|1|3.000
7763,129.383333333333,25,0,0,0,57|-8.500|21.250|1|3.000
7764,129.4,25,0,0,0,57|-8.400|21.000|1|3.000
7765,129.416666666667,25,0,0,0,57|-8.300|20.750|1|3.000
7766,129.433333333333,25,0,0,0,57|-8.200|20.500|1|3.000
7767,129.45,25,0,0,0,57|-8.100|20.250|1|3.000
7768,129.466666666667,25,0,0,0,57|-8.000|20.000|1|3.000
7769,129.483333333333,25,0,0,0,57|-7.900|19.750|1|3.000
7770,129.5,25,0,0,0,57|-7.800|19.500|1|3.000
7771,129.516666666667,25,0,0,0,57|-7.700|19.250|1|3.000
7772,129.533333333333,25,0,0,0,57|-7.600|19.000|1|3.000
7773,129.55,25,0,0,0,57|-7.500|18.750|1|3.000
7774,129.566666666667,25,0,0,0,57|-7.400|18.500|1|3.000
7775,129.583333333333,25,0,0,0,57|-7.300|18.250|1|3.000
7776,129.6,25,0,0,0,57|-7.200|18.000|1|3.000
7777,129.616666666667,25,0,0,0,57|-7.100|17.750|1|3.000
7778,129.633333333333,25,0,0,0,57|-7.000|17.500|1|3.000
7779,129.65,25,0,0,0,57|-6.900|17.250|1|3.000
7780,129.666666666667,25,0,0,0,57|-6.800|17.000|1|3.000
7781,129.683333333333,25,0,0,0,57|-6.700|16.750|1|3.000
7782,129.7,25,0,0,0,57|-6.600|16.500|1|3.000
7783,129.716666666667,25,0,0,0,57|-6.500|16.250|1|3.000
7784,129.733333333333,25,0,0,0,57|-6.400|16.000|1|3.000
7785,129.75,25,0,0,0,57|-6.300|15.750|1|3.000
7786,129.766666666667,25,0,0,0,57|-6.200|15.500|1|3.000
7787,129.783333333333,25,0,0,0,57|-6.100|15.250|1|3.000
7788,129.8,25,0,0,0,57|-6.000|15.000|1|3.000
7789,129.816666666667,25,0,0,0,57|-5.900|14.750|1|3.000
7790,129.833333333333,25,0,0,0,57|-5.800|14.500|1|3.000
7791,129.85,25,0,0,0,57|-5.700|14.250|1|3.000
7792,129.866666666667,25,0,0,0,57|-5.600|14.000|1|3.000
7793,129.883333333333,25,0,0,0,57|-5.500|13.750|1|3.000
7794,129.9,25,0,0,0,57|-5.400|13.500|1|3.000
7795,129.916666666667,25,0,0,0,57|-5.300|13.250|1|3.000
7796,129.933333333333,25,0,0,0,57|-5.200|13.000|1|3.000
7797,129.95,25,0,0,0,57|-5.100|12.750|1|3.000
7798,129.966666666667,25,0,0,0,57|-5.000|12.500|1|3.000
7799,129.983333333333,25,0,0,0,57|-4.900|12.250|1|3.000
7800,130,25,0,0,0,57|-4.800|12.000|1|3.000
7801,130.016666666667,25,0,0,0,57|-4.700|11.750|1|3.000
7802,130.033333333333,25,0,0,0,57|-4.600|11.500|1|3.000
7803,130.05,25,0,0,0,57|-4.500|11.250|1|3.000
7804,130.066666666667,25,0,0,0,57|-4.400|11.000|1|3.000
7805,130.083333333333,25,0,0,0,57|-4.300|10.750|1|3.000
7806,130.1,25,0,0,0,57|-4.200|10.500|1|3.000
7807,130.116666666667,25,0,0,0,57|-4.100|10.250|1|3.000
7808,130.133333333333,25,0,0,0,57|-4.000|10.000|1|3.000
7809,130.15,25,0,0,0,57|-3.900|9.750|1|3.000
7810,130.166666666667,25,0,0,0,57|-3.800|9.500|1|3.000
7811,130.183333333333,25,0,0,0,57|-3.700|9.250|1|3.000
7812,130.2,25,0,0,0,57|-3.600|9.000|1|3.000
7813,130.216666666667,25,0,0,0,57|-3.500|8.750|1|3.000
7814,130.233333333333,25,0,0,0,57|-3.400|8.500|1|3.000
7815,130.25,25,0,0,0,57|-3.300|8.250|1|3.000
7816,130.266666666667,25,0,0,0,57|-3.200|8.000|1|3.000
7817,130.283333333333,25,0,0,0,57|-3.100|7.750|1|3.000
7818,130.3,25,0,0,0,57|-3.000|7.500|1|3.000
7819,130.316666666667,25,0,0,0,57|-2.900|7.250|1|3.000
7820,130.333333333333,25,0,0,0,57|-2.800|7.000|1|3.000
7821,130.35,25,0,0,0,57|-2.700|6.750|1|3.000
7822,130.366666666667,25,0,0,0,57|-2.600|6.500|1|3.000
7823,130.383333333333,25,0,0,0,57|-2.500|6.250|1|3.000
7824,130.4,25,0,0,0,57|-2.400|6.000|1|3.000
7825,130.416666666667,25,0,0,0,57|-2.300|5.750|1|3.000
7826,130.433333333333,25,0,0,0,57|-2.200|5.500|1|3.000
7827,130.45,25,0,0,0,57|-2.100|5.250|1|3.000
7828,130.466666666667,25,0,0,0,57|-2.000|5.000|1|3.000
7829,130.483333333333,25,0,0,0,57|-1.900|4.750|1|3.000
7830,130.5,25,0,0,0,57|-1.800|4.500|1|3.000
7831,130.516666666667,25,0,0,0,57|-1.700|4.250|1|3.000
7832,130.533333333333,25,0,0,0,57|-1.600|4.000|1|3.000
7833,130.55,25,0,0,0,57|-1.500|3.750|1|3.000
7834,130.566666666667,25,0,0,0,57|-1.400|3.500|1|3.000
7835,130.583333333333,25,0,0,0,57|-1.300|3.250|1|3.000
7836,130.6,25,0,0,0,57|-1.200|3.000|1|3.000
7837,130.616666666667,25,0,0,0,57|-1.100|2.750|1|3.000
7838,130.633333333333,25,0,0,0,57|-1.000|2.500|1|3.000
7839,130.65,25,0,0,0,57|-0.900|2.250|1|3.000
7840,130.666666666667,25,0,0,0,57|-0.800|2.000|1|3.000
7841,130.683333333333,25,0,0,0,57|-0.700|1.750|1|3.000
7842,130.7,25,0,0,0,57|-0.600|1.500|1|3.000
7843,130.716666666667,25,0,0,0,57|-0.500|1.250|1|3.000
7844,130.733333333333,25,0,0,0,57|-0.400|1.000|1|3.000
7845,130.75,25,0,0,0,57|-0.300|0.750|1|3.000
7846,130.766666666667,25,0,0,0,57|-0.200|0.500|1|3.000
7847,130.783333333333,25,0,0,0,57|-0.100|0.250|1|3.000
7848,130.8,25,1,1.5,3,57|-0.000|0.000|1|3.000
7849,130.816666666667,0,0,0,0,
7850,130.833333333333,0,0,0,0,
7851,130.85,0,0,0,0,
7852,130.866666666667,0,0,0,0,
7853,130.883333333333,0,0,0,0,
7854,130.9,0,0,0,0,
7855,130.916666666667,0,0,0,0,
7856,130.933333333333,0,0,0,0,
7857,130.95,0,0,0,0,
7858,130.966666666667,0,0,0,0,
7859,130.983333333333,0,0,0,0,
7860,131,0,0,0,0,
7861,131.016666666667,0,0,0,0,
7862,131.033333333333,0,0,0,0,
7863,131.05,0,0,0,0,
7864,131.066666666667,0,0,0,0,
7865,131.083333333333,0,0,0,0,
7866,131.1,0,0,0,0,
7867,131.116666666667,25,0,0,0,58|14.500|29.750|1|3.000
7868,131.133333333333,25,0,0,0,58|14.500|29.500|1|3.000
7869,131.15,25,0,0,0,58|14.500|29.250|1|3.000
7870,131.166666666667,25,0,0,0,58|14.500|29.000|1|3.000
7871,131.183333333333,25,0,0,0,58|14.500|28.750|1|3.000
7872,131.2,25,0,0,0,58|14.500|28.500|1|3.000
7873,131.216666666667,25,0,0,0,58|14.500|28.250|1|3.000
7874,131.233333333333,25,0,0,0,58|14.500|28.000|1|3.000
7875,131.25,25,0,0,0,58|14.500|27.750|1|3.000
7876,131.266666666667,25,0,0,0,58|14.500|27.500|1|3.000
7877,131.283333333333,25,0,0,0,58|14.000|27.250|1|3.000
7878,131.3,25,0,0,0,58|14.000|27.000|1|3.000
7879,131.316666666667,25,0,0,0,58|14.000|26.750|1|3.000
7880,131.333333333333,25,0,0,0,58|14.000|26.500|1|3.000
7881,131.35,25,0,0,0,58|14.000|26.250|1|3.000
7882,131.366666666667,25,0,0,0,58|14.000|26.000|1|3.000
7883,131.383333333333,25,0,0,0,58|14.000|25.750|1|3.000
7884,131.4,25,0,0,0,58|14.000|25.500|1|3.000
7885,131.416666666667,25,0,0,0,58|13.500|25.250|1|3.000
7886,131.433333333333,25,0,0,0,58|13.500|25.000|1|3.000
7887,131.45,25,0,0,0,58|13.500|24.750|1|3.000
7888,131.466666666667,25,0,0,0,58|13.500|24.500|1|3.000
7889,131.483333333333,25,0,0,0,58|13.500|24.250|1|3.000
7890,131.5,25,0,0,0,58|13.500|24.000|1|3.000
7891,131.516666666667,25,0,0,0,58|13.500|23.750|1|3.000
7892,131.533333333333,25,0,0,0,58|13.000|23.500|1|3.000
7893,131.55,25,0,0,0,58|13.000|23.250|1|3.000
7894,131.566666666667,25,0,0,0,58|12.500|23.000|1|3.000
7895,131.583333333333,25,0,0,0,58|12.000|22.750|1|3.000
7896,131.6,25,0,0,0,58|11.500|22.500|1|3.000
7897,131.616666666667,25,0,0,0,58|11.500|22.250|1|3.000
7898,131.633333333333,25,0,0,0,58|11.000|22.000|1|3.000
7899,131.65,25,0,0,0,58|11.000|21.750|1|3.000
7900,131.666666666667,25,0,0,0,58|10.500|21.500|1|3.000
7901,131.683333333333,25,0,0,0,58|10.500|21.250|1|3.000
7902,131.7,25,0,0,0,58|10.000|21.000|1|3.000
7903,131.716666666667,25,0,0,0,58|9.500|20.750|1|3.000
7904,131.733333333333,25,0,0,0,58|9.500|20.500|1|3.000
7905,131.75,25,0,0,0,58|9.500|20.250|1|3.000
7906,131.766666666667,25,0,0,0,58|9.500|20.000|1|3.000
7907,131.783333333333,25,0,0,0,58|9.500|19.750|1|3.000
7908,131.8,25,0,0,0,58|9.500|19.500|1|3.000
7909,131.816666666667,25,0,0,0,58|9.500|19.250|1|3.000
7910,131.833333333333,25,0,0,0,58|9.500|19.000|1|3.000
7911,131.85,25,0,0,0,58|9.500|18.750|1|3.000
7912,131.866666666667,25,0,0,0,58|9.500|18.500|1|3.000
7913,131.883333333333,25,0,0,0,58|9.000|18.250|1|3.000
7914,131.9,25,0,0,0,58|9.000|18.000|1|3.000
7915,131.916666666667,25,0,0,0,58|9.000|17.750|1|3.000
7916,131.933333333333,25,0,0,0,58|8.500|17.500|1|3.000
7917,131.95,25,0,0,0,58|8.500|17.250|1|3.000
7918,131.966666666667,25,0,0,0,58|8.500|17.000|1|3.000
7919,131.983333333333,25,0,0,0,58|8.500|16.750|1|3.000
7920,132,25,0,0,0,58|8.500|16.500|1|3.000
7921,132.016666666667,25,0,0,0,58|8.500|16.250|1|3.000
7922,132.033333333333,25,0,0,0,58|8.500|16.000|1|3.000
7923,132.05,25,0,0,0,58|8.500|15.750|1|3.000
7924,132.066666666667,25,0,0,0,58|8.500|15.500|1|3.000
7925,132.083333333333,25,0,0,0,58|8.500|15.250|1|3.000
7926,132.1,25,0,0,0,58|8.000|15.000|1|3.000
7927,132.116666666667,25,0,0,0,58|8.000|14.750|1|3.000
7928,132.133333333333,25,0,0,0,58|8.000|14.500|1|3.000
7929,132.15,25,0,0,0,58|8.000|14.250|1|3.000
7930,132.166666666667,25,0,0,0,58|7.500|14.000|1|3.000
7931,132.183333333333,25,0,0,0,58|7.500|13.750|1|3.000
7932,132.2,25,0,0,0,58|7.500|13.500|1|3.000
7933,132.216666666667,25,0,0,0,58|7.500|13.250|1|3.000
7934,132.233333333333,25,0,0,0,58|7.000|13.000|1|3.000
7935,132.25,25,0,0,0,58|6.500|12.750|1|3.000
7936,132.266666666667,25,0,0,0,58|6.500|12.500|1|3.000
7937,132.283333333333,25,0,0,0,58|6.500|12.250|1|3.000
7938,132.3,25,0,0,0,58|6.500|12.000|1|3.000
7939,132.316666666667,25,0,0,0,58|6.500|11.750|1|3.000
7940,132.333333333333,25,0,0,0,58|6.500|11.500|1|3.000
7941,132.35,25,0,0,0,58|6.000|11.250|1|3.000
7942,132.366666666667,25,0,0,0,58|5.500|11.000|1|3.000
7943,132.383333333333,25,0,0,0,58|5.000|10.750|1|3.000
7944,132.4,25,0,0,0,58|5.000|10.500|1|3.000
7945,132.416666666667,25,0,0,0,58|4.500|10.250|1|3.000
7946,132.433333333333,25,0,0,0,58|4.500|10.000|1|3.000
7947,132.45,25,0,0,0,58|4.500|9.750|1|3.000
7948,132.466666666667,25,0,0,0,58|4.500|9.500|1|3.000
7949,132.483333333333,25,0,0,0,58|4.500|9.250|1|3.000
7950,132.5,25,0,0,0,58|4.000|9.000|1|3.000
7951,132.516666666667,25,0,0,0,58|4.000|8.750|1|3.000
7952,132.533333333333,25,0,0,0,58|3.500|8.500|1|3.000
7953,132.55,25,0,0,0,58|3.500|8.250|1|3.000
7954,132.566666666667,25,0,0,0,58|3.500|8.000|1|3.000
7955,132.583333333333,25,0,0,0,58|3.500|7.750|1|3.000
7956,132.6,25,0,0,0,58|3.500|7.500|1|3.000
7957,132.616666666667,25,0,0,0,58|3.500|7.250|1|3.000
7958,132.633333333333,25,0,0,0,58|3.500|7.000|1|3.000
7959,132.65,25,0,0,0,58|3.500|6.750|1|3.000
7960,132.666666666667,25,0,0,0,58|3.500|6.500|1|3.000
7961,132.683333333333,25,0,0,0,58|3.500|6.250|1|3.000
7962,132.7,25,0,0,0,58|3.500|6.000|1|3.000
7963,132.716666666667,25,0,0,0,58|3.000|5.750|1|3.000
7964,132.733333333333,25,0,0,0,58|3.000|5.500|1|3.000
7965,132.75,25,0,0,0,58|3.000|5.250|1|3.000
7966,132.766666666667,25,0,0,0,58|2.500|5.000|1|3.000
7967,132.783333333333,25,0,0,0,58|2.000|4.750|1|3.000
7968,132.8,25,0,0,0,58|2.000|4.500|1|3.000
7969,132.816666666667,25,0,0,0,58|2.000|4.250|1|3.000
7970,132.833333333333,25,0,0,0,58|2.000|4.000|1|3.000
7971,132.85,25,0,0,0,58|2.000|3.750|1|3.000
7972,132.866666666667,25,0,0,0,58|1.500|3.500|1|3.000
7973,132.883333333333,25,0,0,0,58|1.000|3.250|1|3.000
7974,132.9,25,0,0,0,58|0.500|3.000|1|3.000
7975,132.916666666667,25,0,0,0,58|0.500|2.750|1|3.000
7976,132.933333333333,25,0,0,0,58|0.500|2.500|1|3.000
7977,132.95,25,0,0,0,58|0.500|2.250|1|3.000
7978,132.966666666667,25,0,0,0,58|0.500|2.000|1|3.000
7979,132.983333333333,25,0,0,0,58|0.500|1.750|1|3.000
7980,133,25,0,0,0,58|0.000|1.500|1|3.000
7981,133.016666666667,25,0,0,0,58|0.000|1.250|1|3.000
7982,133.033333333333,25,0,0,0,58|0.000|1.000|1|3.000
7983,133.05,25,0,0,0,58|0.000|0.750|1|3.000
7984,133.066666666667,25,0,0,0,58|0.000|0.500|1|3.000
7985,133.083333333333,25,0,0,0,58|0.000|0.250|1|3.000
7986,133.1,25,1,1.5,4,58|0.000|0.000|1|3.000
7987,133.116666666667,0,0,0,0,
7988,133.133333333333,0,0,0,0,
7989,133.15,0,0,0,0,
7990,133.166666666667,0,0,0,0,
7991,133.183333333333,0,0,0,0,
7992,133.2,0,0,0,0,
7993,133.216666666667,0,0,0,0,
7994,133.233333333333,0,0,0,0,
7995,133.25,0,0,0,0,
7996,133.266666666667,0,0,0,0,
7997,133.283333333333,0,0,0,0,
7998,133.3,0,0,0,0,
7999,133.316666666667,0,0,0,0,
8000,133.333333333333,0,0,0,0,
8001,133.35,0,0,0,0,
8002,133.366666666667,0,0,0,0,
8003,133.383333333333,0,0,0,0,
8004,133.4,0,0,0,0,
8005,133.416666666667,25,0,0,0,59|12.000|29.750|1|1.500
8006,133.433333333333,25,0,0,0,59|11.800|29.500|1|1.500
8007,133.45,25,0,0,0,59|11.800|29.250|1|1.500
8008,133.466666666667,25,0,0,0,59|11.800|29.000|1|1.500
8009,133.483333333333,25,0,0,0,59|11.800|28.750|1|1.500
8010,133.5,25,0,0,0,59|11.600|28.500|1|1.500
8011,133.516666666667,25,0,0,0,59|11.400|28.250|1|1.500
8012,133.533333333333,25,0,0,0,59|11.200|28.000|1|1.500
8013,133.55,25,0,0,0,59|11.000|27.750|1|1.500
8014,133.566666666667,25,0,0,0,59|11.000|27.500|1|1.500
8015,133.583333333333,25,0,0,0,59|10.800|27.250|1|1.500
8016,133.6,25,0,0,0,59|10.800|27.000|1|1.500
8017,133.616666666667,25,0,0,0,59|10.800|26.750|1|1.500
8018,133.633333333333,25,0,0,0,59|10.800|26.500|1|1.500
8019,133.65,25,0,0,0,59|10.600|26.250|1|1.500
8020,133.666666666667,25,0,0,0,59|10.600|26.000|1|1.500
8021,133.683333333333,25,0,0,0,59|10.600|25.750|1|1.500
8022,133.7,25,0,0,0,59|10.400|25.500|1|1.500
8023,133.716666666667,25,0,0,0,59|10.400|25.250|1|1.500
8024,133.733333333333,25,0,0,0,59|10.200|25.000|1|1.500
8025,133.75,25,0,0,0,59|10.200|24.750|1|1.500
8026,133.766666666667,25,0,0,0,59|10.200|24.500|1|1.500
8027,133.783333333333,25,0,0,0,59|10.200|24.250|1|1.500
8028,133.8,25,0,0,0,59|10.000|24.000|1|1.500
8029,133.816666666667,25,0,0,0,59|9.800|23.750|1|1.500
8030,133.833333333333,25,0,0,0,59|9.600|23.500|1|1.500
8031,133.85,25,0,0,0,59|9.600|23.250|1|1.500
8032,133.866666666667,25,0,0,0,59|9.600|23.000|1|1.500
8033,133.883333333333,25,0,0,0,59|9.400|22.750|1|1.500
8034,133.9,25,0,0,0,59|9.200|22.500|1|1.500
8035,133.916666666667,25,0,0,0,59|9.000|22.250|1|1.500
8036,133.933333333333,25,0,0,0,59|9.000|22.000|1|1.500
8037,133.95,25,0,0,0,59|9.000|21.750|1|1.500
8038,133.966666666667,25,0,0,0,59|9.000|21.500|1|1.500
8039,133.983333333333,25,0,0,0,59|9.000|21.250|1|1.500
8040,134,25,0,0,0,59|9.000|21.000|1|1.500
8041,134.016666666667,25,0,0,0,59|8.800|20.750|1|1.500
8042,134.033333333333,25,0,0,0,59|8.800|20.500|1|1.500
8043,134.05,25,0,0,0,59|8.800|20.250|1|1.500
8044,134.066666666667,25,0,0,0,59|8.600|20.000|1|1.500
8045,134.083333333333,25,0,0,0,59|8.600|19.750|1|1.500
8046,134.1,25,0,0,0,59|8.600|19.500|1|1.500
8047,134.116666666667,25,0,0,0,59|8.600|19.250|1|1.500
8048,134.133333333333,25,0,0,0,59|8.400|19.000|1|1.500
8049,134.15,25,0,0,0,59|8.200|18.750|1|1.500
8050,134.166666666667,25,0,0,0,59|8.200|18.500|1|1.500
8051,134.183333333333,25,0,0,0,59|8.000|18.250|1|1.500
8052,134.2,25,0,0,0,59|8.000|18.000|1|1.500
8053,134.216666666667,25,0,0,0,59|7.800|17.750|1|1.500
8054,134.233333333333,25,0,0,0,59|7.800|17.500|1|1.500
8055,134.25,25,0,0,0,59|7.800|17.250|1|1.500
8056,134.266666666667,25,0,0,0,59|7.600|17.000|1|1.500
8057,134.283333333333,25,0,0,0,59|7.400|16.750|1|1.500
8058,134.3,25,0,0,0,59|7.200|16.500|1|1.500
8059,134.316666666667,25,0,0,0,59|7.200|16.250|1|1.500
8060,134.333333333333,25,0,0,0,59|7.000|16.000|1|1.500
8061,134.35,25,0,0,0,59|6.800|15.750|1|1.500
8062,134.366666666667,25,0,0,0,59|6.600|15.500|1|1.500
8063,134.383333333333,25,0,0,0,59|6.600|15.250|1|1.500
8064,134.4,25,0,0,0,59|6.400|15.000|1|1.500
8065,134.416666666667,25,0,0,0,59|6.400|14.750|1|1.500
8066,134.433333333333,25,0,0,0,59|6.200|14.500|1|1.500
8067,134.45,25,0,0,0,59|6.000|14.250|1|1.500
8068,134.466666666667,25,0,0,0,59|6.000|14.000|1|1.500
8069,134.483333333333,25,0,0,0,59|5.800|13.750|1|1.500
8070,134.5,25,0,0,0,59|5.800|13.500|1|1.500
8071,134.516666666667,25,0,0,0,59|5.600|13.250|1|1.500
8072,134.533333333333,25,0,0,0,59|5.400|13.000|1|1.500
8073,134.55,25,0,0,0,59|5.400|12.750|1|1.500
8074,134.566666666667,25,0,0,0,59|5.400|12.500|1|1.500
8075,134.583333333333,25,0,0,0,59|5.400|12.250|1|1.500
8076,134.6,25,0,0,0,59|5.200|12.000|1|1.500
8077,134.616666666667,25,0,0,0,59|5.200|11.750|1|1.500
8078,134.633333333333,25,0,0,0,59|5.200|11.500|1|1.500
8079,134.65,25,0,0,0,59|5.200|11.250|1|1.500
8080,134.666666666667,25,0,0,0,59|5.000|11.000|1|1.500
8081,134.683333333333,25,0,0,0,59|4.800|10.750|1|1.500
8082,134.7,25,0,0,0,59|4.800|10.500|1|1.500
8083,134.716666666667,25,0,0,0,59|4.800|10.250|1|1.500
8084,134.733333333333,25,0,0,0,59|4.800|10.000|1|1.500
8085,134.75,25,0,0,0,59|4.600|9.750|1|1.500
8086,134.766666666667,25,0,0,0,59|4.400|9.500|1|1.500
8087,134.783333333333,25,0,0,0,59|4.400|9.250|1|1.500
8088,134.8,25,0,0,0,59|4.200|9.000|1|1.500
8089,134.816666666667,25,0,0,0,59|4.200|8.750|1|1.500
8090,134.833333333333,25,0,0,0,59|4.000|8.500|1|1.500
8091,134.85,25,0,0,0,59|3.800|8.250|1|1.500
8092,134.866666666667,25,0,0,0,59|3.800|8.000|1|1.500
8093,134.883333333333,25,0,0,0,59|3.600|7.750|1|1.500
8094,134.9,25,0,0,0,59|3.600|7.500|1|1.500
8095,134.916666666667,25,0,0,0,59|3.600|7.250|1|1.500
8096,134.933333333333,25,0,0,0,59|3.400|7.000|1|1.500
8097,134.95,25,0,0,0,59|3.200|6.750|1|1.500
8098,134.966666666667,25,0,0,0,59|3.000|6.500|1|1.500
8099,134.983333333333,25,0,0,0,59|2.800|6.250|1|1.500
8100,135,25,0,0,0,59|2.800|6.000|1|1.500
8101,135.016666666667,25,0,0,0,59|2.800|5.750|1|1.500
8102,135.033333333333,25,0,0,0,59|2.600|5.500|1|1.500
8103,135.05,25,0,0,0,59|2.400|5.250|1|1.500
8104,135.066666666667,25,0,0,0,59|2.200|5.000|1|1.500
8105,135.083333333333,25,0,0,0,59|2.200|4.750|1|1.500
8106,135.1,25,0,0,0,59|2.200|4.500|1|1.500
8107,135.116666666667,25,0,0,0,59|2.200|4.250|1|1.500
8108,135.133333333333,25,0,0,0,59|2.200|4.000|1|1.500
8109,135.15,25,0,0,0,59|2.200|3.750|1|1.500
8110,135.166666666667,25,0,0,0,59|2.000|3.500|1|1.500
8111,135.183333333333,25,0,0,0,59|2.000|3.250|1|1.500
8112,135.2,25,0,0,0,59|1.800|3.000|1|1.500
8113,135.216666666667,25,0,0,0,59|1.600|2.750|1|1.500
8114,135.233333333333,25,0,0,0,59|1.600|2.500|1|1.500
8115,135.25,25,0,0,0,59|1.400|2.250|1|1.500
8116,135.266666666667,25,0,0,0,59|1.200|2.000|1|1.500
8117,135.283333333333,25,0,0,0,59|1.200|1.750|1|1.500
8118,135.3,25,0,0,0,59|1.200|1.500|1|1.500
8119,135.316666666667,25,0,0,0,59|1.000|1.250|1|1.500
8120,135.333333333333,25,0,0,0,59|0.800|1.000|1|1.500
8121,135.35,25,0,0,0,59|0.600|0.750|1|1.500
8122,135.366666666667,25,0,0,0,59|0.400|0.500|1|1.500
8123,135.383333333333,25,0,0,0,59|0.200|0.250|1|1.500
8124,135.4,25,1,1.5,3,59|0.000|0.000|1|1.500
8125,135.416666666667,0,0,0,0,
8126,135.433333333333,0,0,0,0,
8127,135.45,0,0,0,0,
8128,135.466666666667,0,0,0,0,
8129,135.483333333333,0,0,0,0,
8130,135.5,0,0,0,0,
8131,135.516666666667,0,0,0,0,
8132,135.533333333333,0,0,0,0,
8133,135.55,0,0,0,0,
8134,135.566666666667,0,0,0,0,
8135,135.583333333333,0,0,0,0,
8136,135.6,0,0,0,0,
8137,135.616666666667,0,0,0,0,
8138,135.633333333333,0,0,0,0,
8139,135.65,0,0,0,0,
8140,135.666666666667,0,0,0,0,
8141,135.683333333333,0,0,0,0,
8142,135.7,0,0,0,0,
8143,135.716666666667,25,0,0,0,60|15.000|29.750|1|3.000
8144,135.733333333333,25,0,0,0,60|15.000|29.500|1|3.000
8145,135.75,25,0,0,0,60|15.000|29.250|1|3.000
8146,135.766666666667,25,0,0,0,60|15.000|29.000|1|3.000
8147,135.783333333333,25,0,0,0,60|15.000|28.750|1|3.000
8148,135.8,25,0,0,0,60|15.000|28.500|1|3.000
8149,135.816666666667,25,0,0,0,60|15.000|28.250|1|3.000
8150,135.833333333333,25,0,0,0,60|15.000|28.000|1|3.000
8151,135.85,25,0,0,0,60|15.000|27.750|1|3.000
8152,135.866666666667,25,0,0,0,60|15.000|27.500|1|3.000
8153,135.883333333333,25,0,0,0,60|15.000|27.250|1|3.000
8154,135.9,25,0,0,0,60|15.000|27.000|1|3.000
8155,135.916666666667,25,0,0,0,60|15.000|26.750|1|3.000
8156,135.933333333333,25,0,0,0,60|15.000|26.500|1|3.000
8157,135.95,25,0,0,0,60|15.000|26.250|1|3.000
8158,135.966666666667,25,0,0,0,60|15.000|26.000|1|3.000
8159,135.983333333333,25,0,0,0,60|15.000|25.750|1|3.000
8160,136,25,0,0,0,60|15.000|25.500|1|3.000
8161,136.016666666667,25,0,0,0,60|15.000|25.250|1|3.000
8162,136.033333333333,25,0,0,0,60|15.000|25.000|1|3.000
8163,136.05,25,0,0,0,60|15.000|24.750|1|3.000
8164,136.066666666667,25,0,0,0,60|15.000|24.500|1|3.000
8165,136.083333333333,25,0,0,0,60|15.000|24.250|1|3.000
8166,136.1,25,0,0,0,60|15.000|24.000|1|3.000
8167,136.116666666667,25,0,0,0,60|15.000|23.750|1|3.000
8168,136.133333333333,25,0,0,0,60|15.000|23.500|1|3.000
8169,136.15,25,0,0,0,60|15.000|23.250|1|3.000
8170,136.166666666667,25,0,0,0,60|15.000|23.000|1|3.000
8171,136.183333333333,25,0,0,0,60|15.000|22.750|1|3.000
8172,136.2,25,0,0,0,60|15.000|22.500|1|3.000
8173,136.216666666667,25,0,0,0,60|15.000|22.250|1|3.000
8174,136.233333333333,25,0,0,0,60|15.000|22.000|1|3.000
8175,136.25,25,0,0,0,60|15.000|21.750|1|3.000
8176,136.266666666667,25,0,0,0,60|15.000|21.500|1|3.000
8177,136.283333333333,25,0,0,0,60|15.000|21.250|1|3.000
8178,136.3,25,0,0,0,60|15.000|21.000|1|3.000
8179,136.316666666667,25,0,0,0,60|15.000|20.750|1|3.000
8180,136.333333333333,25,0,0,0,60|15.000|20.500|1|3.000
8181,136.35,25,0,0,0,60|15.000|20.250|1|3.000
8182,136.366666666667,25,0,0,0,60|15.000|20.000|1|3.000
8183,136.383333333333,25,0,0,0,60|15.000|19.750|1|3.000
8184,136.4,25,0,0,0,60|15.000|19.500|1|3.000
8185,136.416666666667,25,0,0,0,60|15.000|19.250|1|3.000
8186,136.433333333333,25,0,0,0,60|15.000|19.000|1|3.000
8187,136.45,25,0,0,0,60|15.000|18.750|1|3.000
8188,136.466666666667,25,0,0,0,60|15.000|18.500|1|3.000
8189,136.483333333333,25,0,0,0,60|15.000|18.250|1|3.000
8190,136.5,25,0,0,0,60|15.000|18.000|1|3.000
8191,136.516666666667,25,0,0,0,60|15.000|17.750|1|3.000
8192,136.533333333333,25,0,0,0,60|15.000|17.500|1|3.000
8193,136.55,25,0,0,0,60|15.000|17.250|1|3.000
8194,136.566666666667,25,0,0,0,60|15.000|17.000|1|3.000
8195,136.583333333333,25,0,0,0,60|15.000|16.750|1|3.000
8196,136.6,25,0,0,0,60|15.000|16.500|1|3.000
8197,136.616666666667,25,0,0,0,60|15.000|16.250|1|3.000
8198,136.633333333333,25,0,0,0,60|15.000|16.000|1|3.000
8199,136.65,25,0,0,0,60|15.000|15.750|1|3.000
8200,136.666666666667,25,0,0,0,60|15.000|15.500|1|3.000
8201,136.683333333333,25,0,0,0,60|15.000|15.250|1|3.000
8202,136.7,25,0,0,0,60|15.000|15.000|1|3.000
8203,136.716666666667,25,0,0,0,60|15.000|14.750|1|3.000
8204,136.733333333333,25,0,0,0,60|15.000|14.500|1|3.000
8205,136.75,25,0,0,0,60|15.000|14.250|1|3.000
8206,136.766666666667,25,0,0,0,60|15.000|14.000|1|3.000
8207,136.783333333333,25,0,0,0,60|15.000|13.750|1|3.000
8208,136.8,25,0,0,0,60|15.000|13.500|1|3.000
8209,136.816666666667,25,0,0,0,60|15.000|13.250|1|3.000
8210,136.833333333333,25,0,0,0,60|15.000|13.000|1|3.000
8211,136.85,25,0,0,0,60|15.000|12.750|1|3.000
8212,136.866666666667,25,0,0,0,60|15.000|12.500|1|3.000
8213,136.883333333333,25,0,0,0,60|15.000|12.250|1|3.000
8214,136.9,25,0,0,0,60|15.000|12.000|1|3.000
8215,136.916666666667,25,0,0,0,60|15.000|11.750|1|3.000
8216,136.933333333333,25,0,0,0,60|15.000|11.500|1|3.000
8217,136.95,25,0,0,0,60|15.000|11.250|1|3.000
8218,136.966666666667,25,0,0,0,60|15.000|11.000|1|3.000
8219,136.983333333333,25,0,0,0,60|15.000|10.750|1|3.000
8220,137,25,0,0,0,60|15.000|10.500|1|3.000
8221,137.016666666667,25,0,0,0,60|15.000|10.250|1|3.000
8222,137.033333333333,25,0,0,0,60|15.000|10.000|1|3.000
8223,137.05,25,0,0,0,60|15.000|9.750|1|3.000
8224,137.066666666667,25,0,0,0,60|15.000|9.500|1|3.000
8225,137.083333333333,25,0,0,0,60|15.000|9.250|1|3.000
8226,137.1,25,0,0,0,60|15.000|9.000|1|3.000
8227,137.116666666667,25,0,0,0,60|15.000|8.750|1|3.000
8228,137.133333333333,25,0,0,0,60|15.000|8.500|1|3.000
8229,137.15,25,0,0,0,60|15.000|8.250|1|3.000
8230,137.166666666667,25,0,0,0,60|15.000|8.000|1|3.000
8231,137.183333333333,25,0,0,0,60|15.000|7.750|1|3.000
8232,137.2,25,0,0,0,60|15.000|7.500|1|3.000
8233,137.216666666667,25,0,0,0,60|15.000|7.250|1|3.000
8234,137.233333333333,25,0,0,0,60|15.000|7.000|1|3.000
8235,137.25,25,0,0,0,60|15.000|6.750|1|3.000
8236,137.266666666667,25,0,0,0,60|15.000|6.500|1|3.000
8237,137.283333333333,25,0,0,0,60|15.000|6.250|1|3.000
8238,137.3,25,0,0,0,60|15.000|6.000|1|3.000
8239,137.316666666667,25,0,0,0,60|15.000|5.750|1|3.000
8240,137.333333333333,25,0,0,0,60|15.000|5.500|1|3.000
8241,137.35,25,0,0,0,60|15.000|5.250|1|3.000
8242,137.366666666667,25,0,0,0,60|15.000|5.000|1|3.000
8243,137.383333333333,25,0,0,0,60|15.000|4.750|1|3.000
8244,137.4,25,0,0,0,60|15.000|4.500|1|3.000
8245,137.416666666667,25,0,0,0,60|15.000|4.250|1|3.000
8246,137.433333333333,25,0,0,0,60|15.000|4.000|1|3.000
8247,137.45,25,0,0,0,60|15.000|3.750|1|3.000
8248,137.466666666667,25,0,0,0,60|15.000|3.500|1|3.000
8249,137.483333333333,25,0,0,0,60|15.000|3.250|1|3.000
8250,137.5,25,0,0,0,60|15.000|3.000|1|3.000
8251,137.516666666667,25,0,0,0,60|15.000|2.750|1|3.000
8252,137.533333333333,25,0,0,0,60|15.000|2.500|1|3.000
8253,137.55,25,0,0,0,60|15.000|2.250|1|3.000
8254,137.566666666667,25,0,0,0,60|15.000|2.000|1|3.000
8255,137.583333333333,25,0,0,0,60|15.000|1.750|1|3.000
8256,137.6,25,0,0,0,60|15.000|1.500|1|3.000
8257,137.616666666667,25,0,0,0,60|15.000|1.250|1|3.000
8258,137.633333333333,25,0,0,0,60|15.000|1.000|1|3.000
8259,137.65,25,0,0,0,60|15.000|0.750|1|3.000
8260,137.666666666667,25,0,0,0,60|15.000|0.500|1|3.000
8261,137.683333333333,25,0,0,0,60|15.000|0.250|1|3.000
8262,137.7,25,0,1.5,0,60|15.000|0.000|1|3.000
8263,137.716666666667,0,0,0,0,
8264,137.733333333333,0,0,0,0,
8265,137.75,0,0,0,0,
8266,137.766666666667,0,0,0,0,
8267,137.783333333333,0,0,0,0,
8268,137.8,0,0,0,0,
8269,137.816666666667,0,0,0,0,
8270,137.833333333333,0,0,0,0,
8271,137.85,0,0,0,0,
8272,137.866666666667,0,0,0,0,
8273,137.883333333333,0,0,0,0,
8274,137.9,0,0,0,0,
8275,137.916666666667,0,0,0,0,
8276,137.933333333333,0,0,0,0,
8277,137.95,0,0,0,0,
8278,137.966666666667,0,0,0,0,
8279,137.983333333333,0,0,0,0,
8280,138,0,0,0,0,
8281,138.016666666667,25,0,0,0,61|-15.000|29.750|1|3.000
8282,138.033333333333,25,0,0,0,61|-15.000|29.500|1|3.000
8283,138.05,25,0,0,0,61|-15.000|29.250|1|3.000
8284,138.066666666667,25,0,0,0,61|-15.000|29.000|1|3.000
8285,138.083333333333,25,0,0,0,61|-15.000|28.750|1|3.000
8286,138.1,25,0,0,0,61|-15.000|28.500|1|3.000
8287,138.116666666667,25,0,0,0,61|-15.000|28.250|1|3.000
8288,138.133333333333,25,0,0,0,61|-15.000|28.000|1|3.000
8289,138.15,25,0,0,0,61|-15.000|27.750|1|3.000
8290,138.166666666667,25,0,0,0,61|-15.000|27.500|1|3.000
8291,138.183333333333,25,0,0,0,61|-15.000|27.250|1|3.000
8292,138.2,25,0,0,0,61|-15.000|27.000|1|3.000
8293,138.216666666667,25,0,0,0,61|-15.000|26.750|1|3.000
8294,138.233333333333,25,0,0,0,61|-15.000|26.500|1|3.000
8295,138.25,25,0,0,0,61|-15.000|26.250|1|3.000
8296,138.266666666667,25,0,0,0,61|-15.000|26.000|1|3.000
8297,138.283333333333,25,0,0,0,61|-15.000|25.750|1|3.000
8298,138.3,25,0,0,0,61|-15.000|25.500|1|3.000
8299,138.316666666667,25,0,0,0,61|-15.000|25.250|1|3.000
8300,138.333333333333,25,0,0,0,61|-15.000|25.000|1|3.000
8301,138.35,25,0,0,0,61|-15.000|24.750|1|3.000
8302,138.366666666667,25,0,0,0,61|-15.000|24.500|1|3.000
8303,138.383333333333,25,0,0,0,61|-15.000|24.250|1|3.000
8304,138.4,25,0,0,0,61|-15.000|24.000|1|3.000
8305,138.416666666667,25,0,0,0,61|-15.000|23.750|1|3.000
8306,138.433333333333,25,0,0,0,61|-15.000|23.500|1|3.000
8307,138.45,25,0,0,0,61|-15.000|23.250|1|3.000
8308,138.466666666667,25,0,0,0,61|-15.000|23.000|1|3.000
8309,138.483333333333,25,0,0,0,61|-15.000|22.750|1|3.000
8310,138.5,25,0,0,0,61|-15.000|22.500|1|3.000
8311,138.516666666667,25,0,0,0,61|-15.000|22.250|1|3.000
8312,138.533333333333,25,0,0,0,61|-15.000|22.000|1|3.000
8313,138.55,25,0,0,0,61|-15.000|21.750|1|3.000
8314,138.566666666667,25,0,0,0,61|-15.000|21.500|1|3.000
8315,138.583333333333,25,0,0,0,61|-15.000|21.250|1|3.000
8316,138.6,25,0,0,0,61|-15.000|21.000|1|3.000
8317,138.616666666667,25,0,0,0,61|-15.000|20.750|1|3.000
8318,138.633333333333,25,0,0,0,61|-15.000|20.500|1|3.000
8319,138.65,25,0,0,0,61|-15.000|20.250|1|3.000
8320,138.666666666667,25,0,0,0,61|-15.000|20.000|1|3.000
8321,138.683333333333,25,0,0,0,61|-15.000|19.750|1|3.000
8322,138.7,25,0,0,0,61|-15.000|19.500|1|3.000
8323,138.716666666667,25,0,0,0,61|-15.000|19.250|1|3.000
8324,138.733333333333,25,0,0,0,61|-15.000|19.000|1|3.000
8325,138.75,25,0,0,0,61|-15.000|18.750|1|3.000
8326,138.766666666667,25,0,0,0,61|-15.000|18.500|1|3.000
8327,138.783333333333,25,0,0,0,61|-15.000|18.250|1|3.000
8328,138.8,25,0,0,0,61|-15.000|18.000|1|3.000
8329,138.816666666667,25,0,0,0,61|-15.000|17.750|1|3.000
8330,138.833333333333,25,0,0,0,61|-15.000|17.500|1|3.000
8331,138.85,25,0,0,0,61|-15.000|17.250|1|3.000
8332,138.866666666667,25,0,0,0,61|-15.000|17.000|1|3.000
8333,138.883333333333,25,0,0,0,61|-15.000|16.750|1|3.000
8334,138.9,25,0,0,0,61|-15.000|16.500|1|3.000
8335,138.916666666667,25,0,0,0,61|-15.000|16.250|1|3.000
8336,138.933333333333,25,0,0,0,61|-15.000|16.000|1|3.000
8337,138.95,25,0,0,0,61|-15.000|15.750|1|3.000
8338,138.966666666667,25,0,0,0,61|-15.000|15.500|1|3.000
8339,138.983333333333,25,0,0,0,61|-15.000|15.250|1|3.000
8340,139,25,0,0,0,61|-15.000|15.000|1|3.000
8341,139.016666666667,25,0,0,0,61|-15.000|14.750|1|3.000
8342,139.033333333333,25,0,0,0,61|-15.000|14.500|1|3.000
8343,139.05,25,0,0,0,61|-15.000|14.250|1|3.000
8344,139.066666666667,25,0,0,0,61|-15.000|14.000|1|3.000
8345,139.083333333333,25,0,0,0,61|-15.000|13.750|1|3.000
8346,139.1,25,0,0,0,61|-15.000|13.500|1|3.000
8347,139.116666666667,25,0,0,0,61|-15.000|13.250|1|3.000
8348,139.133333333333,25,0,0,0,61|-15.000|13.000|1|3.000
8349,139.15,25,0,0,0,61|-15.000|12.750|1|3.000
8350,139.166666666667,25,0,0,0,61|-15.000|12.500|1|3.000
8351,139.183333333333,25,0,0,0,61|-15.000|12.250|1|3.000
8352,139.2,25,0,0,0,61|-15.000|12.000|1|3.000
8353,139.216666666667,25,0,0,0,61|-15.000|11.750|1|3.000
8354,139.233333333333,25,0,0,0,61|-15.000|11.500|1|3.000
8355,139.25,25,0,0,0,61|-15.000|11.250|1|3.000
8356,139.266666666667,25,0,0,0,61|-15.000|11.000|1|3.000
8357,139.283333333333,25,0,0,0,61|-15.000|10.750|1|3.000
8358,139.3,25,0,0,0,61|-15.000|10.500|1|3.000
8359,139.316666666667,25,0,0,0,61|-15.000|10.250|1|3.000
8360,139.333333333333,25,0,0,0,61|-15.000|10.000|1|3.000
8361,139.35,25,0,0,0,61|-15.000|9.750|1|3.000
8362,139.366666666667,25,0,0,0,61|-15.000|9.500|1|3.000
8363,139.383333333333,25,0,0,0,61|-15.000|9.250|1|3.000
8364,139.4,25,0,0,0,61|-15.000|9.000|1|3.000
8365,139.416666666667,25,0,0,0,61|-15.000|8.750|1|3.000
8366,139.433333333333,25,0,0,0,61|-15.000|8.500|1|3.000
8367,139.45,25,0,0,0,61|-15.000|8.250|1|3.000
8368,139.466666666667,25,0,0,0,61|-15.000|8.000|1|3.000
8369,139.483333333333,25,0,0,0,61|-15.000|7.750|1|3.000
8370,139.5,25,0,0,0,61|-15.000|7.500|1|3.000
8371,139.516666666667,25,0,0,0,61|-15.000|7.250|1|3.000
8372,139.533333333333,25,0,0,0,61|-15.000|7.000|1|3.000
8373,139.55,25,0,0,0,61|-15.000|6.750|1|3.000
8374,139.566666666667,25,0,0,0,61|-15.000|6.500|1|3.000
8375,139.583333333333,25,0,0,0,61|-15.000|6.250|1|3.000
8376,139.6,25,0,0,0,61|-15.000|6.000|1|3.000
8377,139.616666666667,25,0,0,0,61|-15.000|5.750|1|3.000
8378,139.633333333333,25,0,0,0,61|-15.000|5.500|1|3.000
8379,139.65,25,0,0,0,61|-15.000|5.250|1|3.000
8380,139.666666666667,25,0,0,0,61|-15.000|5.000|1|3.000
8381,139.683333333333,25,0,0,0,61|-15.000|4.750|1|3.000
8382,139.7,25,0,0,0,61|-15.000|4.500|1|3.000
8383,139.716666666667,25,0,0,0,61|-15.000|4.250|1|3.000
8384,139.733333333333,25,0,0,0,61|-15.000|4.000|1|3.000
8385,139.75,25,0,0,0,61|-15.000|3.750|1|3.000
8386,139.766666666667,25,0,0,0,61|-15.000|3.500|1|3.000
8387,139.783333333333,25,0,0,0,61|-15.000|3.250|1|3.000
8388,139.8,25,0,0,0,61|-15.000|3.000|1|3.000
8389,139.816666666667,25,0,0,0,61|-15.000|2.750|1|3.000
8390,139.833333333333,25,0,0,0,61|-15.000|2.500|1|3.000
8391,139.85,25,0,0,0,61|-15.000|2.250|1|3.000
8392,139.866666666667,25,0,0,0,61|-15.000|2.000|1|3.000
8393,139.883333333333,25,0,0,0,61|-15.000|1.750|1|3.000
8394,139.9,25,0,0,0,61|-15.000|1.500|1|3.000
8395,139.916666666667,25,0,0,0,61|-15.000|1.250|1|3.000
8396,139.933333333333,25,0,0,0,61|-15.000|1.000|1|3.000
8397,139.95,25,0,0,0,61|-15.000|0.750|1|3.000
8398,139.966666666667,25,0,0,0,61|-15.000|0.500|1|3.000
8399,139.983333333333,25,0,0,0,61|-15.000|0.250|1|3.000
8400,140,25,0,1.5,0,61|-15.000|0.000|1|3.000
8401,140.016666666667,0,0,0,0,
8402,140.033333333333,0,0,0,0,
8403,140.05,0,0,0,0,
8404,140.066666666667,0,0,0,0,
8405,140.083333333333,0,0,0,0,
8406,140.1,0,0,0,0,
8407,140.116666666667,0,0,0,0,
8408,140.133333333333,0,0,0,0,
8409,140.15,0,0,0,0,
8410,140.166666666667,0,0,0,0,
8411,140.183333333333,0,0,0,0,
8412,140.2,0,0,0,0,
8413,140.216666666667,0,0,0,0,
8414,140.233333333333,0,0,0,0,
8415,140.25,0,0,0,0,
8416,140.266666666667,0,0,0,0,
8417,140.283333333333,0,0,0,0,
8418,140.3,0,0,0,0,
8419,140.316666666667,25,0,0,0,62|6.000|29.750|1|3.000
8420,140.333333333333,25,0,0,0,62|6.000|29.500|1|3.000
8421,140.35,25,0,0,0,62|6.000|29.250|1|3.000
8422,140.366666666667,25,0,0,0,62|6.000|29.000|1|3.000
8423,140.383333333333,25,0,0,0,62|6.000|28.750|1|3.000
8424,140.4,25,0,0,0,62|6.000|28.500|1|3.000
8425,140.416666666667,25,0,0,0,62|6.000|28.250|1|3.000
8426,140.433333333333,25,0,0,0,62|5.500|28.000|1|3.000
8427,140.45,25,0,0,0,62|5.500|27.750|1|3.000
8428,140.466666666667,25,0,0,0,62|5.500|27.500|1|3.000
8429,140.483333333333,25,0,0,0,62|5.500|27.250|1|3.000
8430,140.5,25,0,0,0,62|5.500|27.000|1|3.000
8431,140.516666666667,25,0,0,0,62|5.500|26.750|1|3.000
8432,140.533333333333,25,0,0,0,62|5.500|26.500|1|3.000
8433,140.55,25,0,0,0,62|5.500|26.250|1|3.000
8434,140.566666666667,25,0,0,0,62|5.500|26.000|1|3.000
8435,140.583333333333,25,0,0,0,62|5.500|25.750|1|3.000
8436,140.6,25,0,0,0,62|5.500|25.500|1|3.000
8437,140.616666666667,25,0,0,0,62|5.500|25.250|1|3.000
8438,140.633333333333,25,0,0,0,62|5.500|25.000|1|3.000
8439,140.65,25,0,0,0,62|5.500|24.750|1|3.000
8440,140.666666666667,25,0,0,0,62|5.500|24.500|1|3.000
8441,140.683333333333,25,0,0,0,62|5.500|24.250|1|3.000
8442,140.7,25,0,0,0,62|5.000|24.000|1|3.000
8443,140.716666666667,25,0,0,0,62|5.000|23.750|1|3.000
8444,140.733333333333,25,0,0,0,62|5.000|23.500|1|3.000
8445,140.75,25,0,0,0,62|5.000|23.250|1|3.000
8446,140.766666666667,25,0,0,0,62|5.000|23.000|1|3.000
8447,140.783333333333,25,0,0,0,62|5.000|22.750|1|3.000
8448,140.8,25,0,0,0,62|5.000|22.500|1|3.000
8449,140.816666666667,25,0,0,0,62|5.000|22.250|1|3.000
8450,140.833333333333,25,0,0,0,62|5.000|22.000|1|3.000
8451,140.85,25,0,0,0,62|4.500|21.750|1|3.000
8452,140.866666666667,25,0,0,0,62|4.500|21.500|1|3.000
8453,140.883333333333,25,0,0,0,62|4.500|21.250|1|3.000
8454,140.9,25,0,0,0,62|4.500|21.000|1|3.000
8455,140.916666666667,25,0,0,0,62|4.500|20.750|1|3.000
8456,140.933333333333,25,0,0,0,62|4.500|20.500|1|3.000
8457,140.95,25,0,0,0,62|4.500|20.250|1|3.000
8458,140.966666666667,25,0,0,0,62|4.500|20.000|1|3.000
8459,140.983333333333,25,0,0,0,62|4.500|19.750|1|3.000
8460,141,25,0,0,0,62|4.500|19.500|1|3.000
8461,141.016666666667,25,0,0,0,62|4.500|19.250|1|3.000
8462,141.033333333333,25,0,0,0,62|4.500|19.000|1|3.000
8463,141.05,25,0,0,0,62|4.500|18.750|1|3.000
8464,141.066666666667,25,0,0,0,62|4.500|18.500|1|3.000
8465,141.083333333333,25,0,0,0,62|4.500|18.250|1|3.000
8466,141.1,25,0,0,0,62|4.500|18.000|1|3.000
8467,141.116666666667,25,0,0,0,62|4.500|17.750|1|3.000
8468,141.133333333333,25,0,0,0,62|4.500|17.500|1|3.000
8469,141.15,25,0,0,0,62|4.500|17.250|1|3.000
8470,141.166666666667,25,0,0,0,62|4.500|17.000|1|3.000
8471,141.183333333333,25,0,0,0,62|4.500|16.750|1|3.000
8472,141.2,25,0,0,0,62|4.500|16.500|1|3.000
8473,141.216666666667,25,0,0,0,62|4.500|16.250|1|3.000
8474,141.233333333333,25,0,0,0,62|4.500|16.000|1|3.000
8475,141.25,25,0,0,0,62|4.500|15.750|1|3.000
8476,141.266666666667,25,0,0,0,62|4.500|15.500|1|3.000
8477,141.283333333333,25,0,0,0,62|4.500|15.250|1|3.000
8478,141.3,25,0,0,0,62|4.500|15.000|1|3.000
8479,141.316666666667,25,0,0,0,62|4.500|14.750|1|3.000
8480,141.333333333333,25,0,0,0,62|4.500|14.500|1|3.000
8481,141.35,25,0,0,0,62|4.500|14.250|1|3.000
8482,141.366666666667,25,0,0,0,62|4.500|14.000|1|3.000
8483,141.383333333333,25,0,0,0,62|4.500|13.750|1|3.000
8484,141.4,25,0,0,0,62|4.500|13.500|1|3.000
8485,141.416666666667,25,0,0,0,62|4.500|13.250|1|3.000
8486,141.433333333333,25,0,0,0,62|4.000|13.000|1|3.000
8487,141.45,25,0,0,0,62|4.000|12.750|1|3.000
8488,141.466666666667,25,0,0,0,62|4.000|12.500|1|3.000
8489,141.483333333333,25,0,0,0,62|4.000|12.250|1|3.000
8490,141.5,25,0,0,0,62|4.000|12.000|1|3.000
8491,141.516666666667,25,0,0,0,62|3.500|11.750|1|3.000
8492,141.533333333333,25,0,0,0,62|3.000|11.500|1|3.000
8493,141.55,25,0,0,0,62|3.000|11.250|1|3.000
8494,141.566666666667,25,0,0,0,62|3.000|11.000|1|3.000
8495,141.583333333333,25,0,0,0,62|3.000|10.750|1|3.000
8496,141.6,25,0,0,0,62|3.000|10.500|1|3.000
8497,141.616666666667,25,0,0,0,62|3.000|10.250|1|3.000
8498,141.633333333333,25,0,0,0,62|3.000|10.000|1|3.000
8499,141.65,25,0,0,0,62|3.000|9.750|1|3.000
8500,141.666666666667,25,0,0,0,62|2.500|9.500|1|3.000
8501,141.683333333333,25,0,0,0,62|2.500|9.250|1|3.000
8502,141.7,25,0,0,0,62|2.500|9.000|1|3.000
8503,141.716666666667,25,0,0,0,62|2.500|8.750|1|3.000
8504,141.733333333333,25,0,0,0,62|2.000|8.500|1|3.000
8505,141.75,25,0,0,0,62|2.000|8.250|1|3.000
8506,141.766666666667,25,0,0,0,62|2.000|8.000|1|3.000
8507,141.783333333333,25,0,0,0,62|2.000|7.750|1|3.000
8508,141.8,25,0,0,0,62|2.000|7.500|1|3.000
8509,141.816666666667,25,0,0,0,62|2.000|7.250|1|3.000
8510,141.833333333333,25,0,0,0,62|2.000|7.000|1|3.000
8511,141.85,25,0,0,0,62|2.000|6.750|1|3.000
8512,141.866666666667,25,0,0,0,62|1.500|6.500|1|3.000
8513,141.883333333333,25,0,0,0,62|1.500|6.250|1|3.000
8514,141.9,25,0,0,0,62|1.500|6.000|1|3.000
8515,141.916666666667,25,0,0,0,62|1.500|5.750|1|3.000
8516,141.933333333333,25,0,0,0,62|1.500|5.500|1|3.000
8517,141.95,25,0,0,0,62|1.500|5.250|1|3.000
8518,141.966666666667,25,0,0,0,62|1.500|5.000|1|3.000
8519,141.983333333333,25,0,0,0,62|1.500|4.750|1|3.000
8520,142,25,0,0,0,62|1.500|4.500|1|3.000
8521,142.016666666667,25,0,0,0,62|1.500|4.250|1|3.000
8522,142.033333333333,25,0,0,0,62|1.500|4.000|1|3.000
8523,142.05,25,0,0,0,62|1.500|3.750|1|3.000
8524,142.066666666667,25,0,0,0,62|1.500|3.500|1|3.000
8525,142.083333333333,25,0,0,0,62|1.500|3.250|1|3.000
8526,142.1,25,0,0,0,62|1.500|3.000|1|3.000
8527,142.116666666667,25,0,0,0,62|1.500|2.750|1|3.000
8528,142.133333333333,25,0,0,0,62|1.500|2.500|1|3.000
8529,142.15,25,0,0,0,62|1.500|2.250|1|3.000
8530,142.166666666667,25,0,0,0,62|1.500|2.000|1|3.000
8531,142.183333333333,25,0,0,0,62|1.500|1.750|1|3.000
8532,142.2,25,0,0,0,62|1.000|1.500|1|3.000
8533,142.216666666667,25,0,0,0,62|1.000|1.250|1|3.000
8534,142.233333333333,25,0,0,0,62|0.500|1.000|1|3.000
8535,142.25,25,0,0,0,62|0.500|0.750|1|3.000
8536,142.266666666667,25,0,0,0,62|0.500|0.500|1|3.000
8537,142.283333333333,25,0,0,0,62|0.000|0.250|1|3.000
8538,142.3,25,1,1,1,62|0.000|0.000|1|3.000
8539,142.316666666667,0,0,0,0,
8540,142.333333333333,0,0,0,0,
8541,142.35,0,0,0,0,
8542,142.366666666667,0,0,0,0,
8543,142.383333333333,0,0,0,0,
8544,142.4,0,0,0,0,
8545,142.416666666667,0,0,0,0,
8546,142.433333333333,0,0,0,0,
8547,142.45,0,0,0,0,
8548,142.466666666667,0,0,0,0,
8549,142.483333333333,0,0,0,0,
8550,142.5,0,0,0,0,
8551,142.516666666667,0,0,0,0,
8552,142.533333333333,0,0,0,0,
8553,142.55,0,0,0,0,
8554,142.566666666667,0,0,0,0,
8555,142.583333333333,0,0,0,0,
8556,142.6,0,0,0,0,
8557,142.616666666667,25,0,0,0,63|-14.875|29.750|1|3.000
8558,142.633333333333,25,0,0,0,63|-14.750|29.500|1|3.000
8559,142.65,25,0,0,0,63|-14.625|29.250|1|3.000
8560,142.666666666667,25,0,0,0,63|-14.500|29.000|1|3.000
8561,142.683333333333,25,0,0,0,63|-14.375|28.750|1|3.000
8562,142.7,25,0,0,0,63|-14.250|28.500|1|3.000
8563,142.716666666667,25,0,0,0,63|-14.125|28.250|1|3.000
8564,142.733333333333,25,0,0,0,63|-14.000|28.000|1|3.000
8565,142.75,25,0,0,0,63|-13.875|27.750|1|3.000
8566,142.766666666667,25,0,0,0,63|-13.750|27.500|1|3.000
8567,142.783333333333,25,0,0,0,63|-13.625|27.250|1|3.000
8568,142.8,25,0,0,0,63|-13.500|27.000|1|3.000
8569,142.816666666667,25,0,0,0,63|-13.375|26.750|1|3.000
8570,142.833333333333,25,0,0,0,63|-13.250|26.500|1|3.000
8571,142.85,25,0,0,0,63|-13.125|26.250|1|3.000
8572,142.866666666667,25,0,0,0,63|-13.000|26.000|1|3.000
8573,142.883333333333,25,0,0,0,63|-12.875|25.750|1|3.000
8574,142.9,25,0,0,0,63|-12.750|25.500|1|3.000
8575,142.916666666667,25,0,0,0,63|-12.625|25.250|1|3.000
8576,142.933333333333,25,0,0,0,63|-12.500|25.000|1|3.000
8577,142.95,25,0,0,0,63|-12.375|24.750|1|3.000
8578,142.966666666667,25,0,0,0,63|-12.250|24.500|1|3.000
8579,142.983333333333,25,0,0,0,63|-12.125|24.250|1|3.000
8580,143,25,0,0,0,63|-12.000|24.000|1|3.000
8581,143.016666666667,25,0,0,0,63|-11.875|23.750|1|3.000
8582,143.033333333333,25,0,0,0,63|-11.750|23.500|1|3.000
8583,143.05,25,0,0,0,63|-11.625|23.250|1|3.000
8584,143.066666666667,25,0,0,0,63|-11.500|23.000|1|3.000
8585,143.083333333333,25,0,0,0,63|-11.375|22.750|1|3.000
8586,143.1,25,0,0,0,63|-11.250|22.500|1|3.000
8587,143.116666666667,25,0,0,0,63|-11.125|22.250|1|3.000
8588,143.133333333333,25,0,0,0,63|-11.000|22.000|1|3.000
8589,143.15,25,0,0,0,63|-10.875|21.750|1|3.000
8590,143.166666666667,25,0,0,0,63|-10.750|21.500|1|3.000
8591,143.183333333333,25,0,0,0,63|-10.625|21.250|1|3.000
8592,143.2,25,0,0,0,63|-10.500|21.000|1|3.000
8593,143.216666666667,25,0,0,0,63|-10.375|20.750|1|3.000
8594,143.233333333333,25,0,0,0,63|-10.250|20.500|1|3.000
8595,143.25,25,0,0,0,63|-10.125|20.250|1|3.000
8596,143.266666666667,25,0,0,0,63|-10.000|20.000|1|3.000
8597,143.283333333333,25,0,0,0,63|-9.875|19.750|1|3.000
8598,143.3,25,0,0,0,63|-9.750|19.500|1|3.000
8599,143.316666666667,25,0,0,0,63|-9.625|19.250|1|3.000
8600,143.333333333333,25,0,0,0,63|-9.500|19.000|1|3.000
8601,143.35,25,0,0,0,63|-9.375|18.750|1|3.000
8602,143.366666666667,25,0,0,0,63|-9.250|18.500|1|3.000
8603,143.383333333333,25,0,0,0,63|-9.125|18.250|1|3.000
8604,143.4,25,0,0,0,63|-9.000|18.000|1|3.000
8605,143.416666666667,25,0,0,0,63|-8.875|17.750|1|3.000
8606,143.433333333333,25,0,0,0,63|-8.750|17.500|1|3.000
8607,143.45,25,0,0,0,63|-8.625|17.250|1|3.000
8608,143.466666666667,25,0,0,0,63|-8.500|17.000|1|3.000
8609,143.483333333333,25,0,0,0,63|-8.375|16.750|1|3.000
8610,143.5,25,0,0,0,63|-8.250|16.500|1|3.000
8611,143.516666666667,25,0,0,0,63|-8.125|16.250|1|3.000
8612,143.533333333333,25,0,0,0,63|-8.000|16.000|1|3.000
8613,143.55,25,0,0,0,63|-7.875|15.750|1|3.000
8614,143.566666666667,25,0,0,0,63|-7.750|15.500|1|3.000
8615,143.583333333333,25,0,0,0,63|-7.625|15.250|1|3.000
8616,143.6,25,0,0,0,63|-7.500|15.000|1|3.000
8617,143.616666666667,25,0,0,0,63|-7.375|14.750|1|3.000
8618,143.633333333333,25,0,0,0,63|-7.250|14.500|1|3.000
8619,143.65,25,0,0,0,63|-7.125|14.250|1|3.000
8620,143.666666666667,25,0,0,0,63|-7.000|14.000|1|3.000
8621,143.683333333333,25,0,0,0,63|-6.875|13.750|1|3.000
8622,143.7,25,0,0,0,63|-6.750|13.500|1|3.000
8623,143.716666666667,25,0,0,0,63|-6.625|13.250|1|3.000
8624,143.733333333333,25,0,0,0,63|-6.500|13.000|1|3.000
8625,143.75,25,0,0,0,63|-6.375|12.750|1|3.000
8626,143.766666666667,25,0,0,0,63|-6.250|12.500|1|3.000
8627,143.783333333333,25,0,0,0,63|-6.125|12.250|1|3.000
8628,143.8,25,0,0,0,63|-6.000|12.000|1|3.000
8629,143.816666666667,25,0,0,0,63|-5.875|11.750|1|3.000
8630,143.833333333333,25,0,0,0,63|-5.750|11.500|1|3.000
8631,143.85,25,0,0,0,63|-5.625|11.250|1|3.000
8632,143.866666666667,25,0,0,0,63|-5.500|11.000|1|3.000
8633,143.883333333333,25,0,0,0,63|-5.375|10.750|1|3.000
8634,143.9,25,0,0,0,63|-5.250|10.500|1|3.000
8635,143.916666666667,25,0,0,0,63|-5.125|10.250|1|3.000
8636,143.933333333333,25,0,0,0,63|-5.000|10.000|1|3.000
8637,143.95,25,0,0,0,63|-4.875|9.750|1|3.000
8638,143.966666666667,25,0,0,0,63|-4.750|9.500|1|3.000
8639,143.983333333333,25,0,0,0,63|-4.625|9.250|1|3.000
8640,144,25,0,0,0,63|-4.500|9.000|1|3.000
8641,144.016666666667,25,0,0,0,63|-4.375|8.750|1|3.000
8642,144.033333333333,25,0,0,0,63|-4.250|8.500|1|3.000
8643,144.05,25,0,0,0,63|-4.125|8.250|1|3.000
8644,144.066666666667,25,0,0,0,63|-4.000|8.000|1|3.000
8645,144.083333333333,25,0,0,0,63|-3.875|7.750|1|3.000
8646,144.1,25,0,0,0,63|-3.750|7.500|1|3.000
8647,144.116666666667,25,0,0,0,63|-3.625|7.250|1|3.000
8648,144.133333333333,25,0,0,0,63|-3.500|7.000|1|3.000
8649,144.15,25,0,0,0,63|-3.375|6.750|1|3.000
8650,144.166666666667,25,0,0,0,63|-3.250|6.500|1|3.000
8651,144.183333333333,25,0,0,0,63|-3.125|6.250|1|3.000
8652,144.2,25,0,0,0,63|-3.000|6.000|1|3.000
8653,144.216666666667,25,0,0,0,63|-2.875|5.750|1|3.000
8654,144.233333333333,25,0,0,0,63|-2.750|5.500|1|3.000
8655,144.25,25,0,0,0,63|-2.625|5.250|1|3.000
8656,144.266666666667,25,0,0,0,63|-2.500|5.000|1|3.000
8657,144.283333333333,25,0,0,0,63|-2.375|4.750|1|3.000
8658,144.3,25,0,0,0,63|-2.250|4.500|1|3.000
8659,144.316666666667,25,0,0,0,63|-2.125|4.250|1|3.000
8660,144.333333333333,25,0,0,0,63|-2.000|4.000|1|3.000
8661,144.35,25,0,0,0,63|-1.875|3.750|1|3.000
8662,144.366666666667,25,0,0,0,63|-1.750|3.500|1|3.000
8663,144.383333333333,25,0,0,0,63|-1.625|3.250|1|3.000
8664,144.4,25,0,0,0,63|-1.500|3.000|1|3.000
8665,144.416666666667,25,0,0,0,63|-1.375|2.750|1|3.000
8666,144.433333333333,25,0,0,0,63|-1.250|2.500|1|3.000
8667,144.45,25,0,0,0,63|-1.125|2.250|1|3.000
8668,144.466666666667,25,0,0,0,63|-1.000|2.000|1|3.000
8669,144.483333333333,25,0,0,0,63|-0.875|1.750|1|3.000
8670,144.5,25,0,0,0,63|-0.750|1.500|1|3.000
8671,144.516666666667,25,0,0,0,63|-0.625|1.250|1|3.000
8672,144.533333333333,25,0,0,0,63|-0.500|1.000|1|3.000
8673,144.55,25,0,0,0,63|-0.375|0.750|1|3.000
8674,144.566666666667,25,0,0,0,63|-0.250|0.500|1|3.000
8675,144.583333333333,25,0,0,0,63|-0.125|0.250|1|3.000
8676,144.6,25,1,1.5,4,63|0.000|0.000|1|3.000
8677,144.616666666667,0,0,0,0,
8678,144.633333333333,0,0,0,0,
8679,144.65,0,0,0,0,
8680,144.666666666667,0,0,0,0,
8681,144.683333333333,0,0,0,0,
8682,144.7,0,0,0,0,
8683,144.716666666667,0,0,0,0,
8684,144.733333333333,0,0,0,0,
8685,144.75,0,0,0,0,
8686,144.766666666667,0,0,0,0,
8687,144.783333333333,0,0,0,0,
8688,144.8,0,0,0,0,
8689,144.816666666667,0,0,0,0,
8690,144.833333333333,0,0,0,0,
8691,144.85,0,0,0,0,
8692,144.866666666667,0,0,0,0,
8693,144.883333333333,0,0,0,0,
8694,144.9,0,0,0,0,
8695,144.916666666667,25,0,0,0,64|-14.875|29.750|1|1.500
8696,144.933333333333,25,0,0,0,64|-14.750|29.500|1|1.500
8697,144.95,25,0,0,0,64|-14.625|29.250|1|1.500
8698,144.966666666667,25,0,0,0,64|-14.500|29.000|1|1.500
8699,144.983333333333,25,0,0,0,64|-14.375|28.750|1|1.500
8700,145,25,0,0,0,64|-14.250|28.500|1|1.500
8701,145.016666666667,25,0,0,0,64|-14.125|28.250|1|1.500
8702,145.033333333333,25,0,0,0,64|-14.000|28.000|1|1.500
8703,145.05,25,0,0,0,64|-13.875|27.750|1|1.500
8704,145.066666666667,25,0,0,0,64|-13.750|27.500|1|1.500
8705,145.083333333333,25,0,0,0,64|-13.625|27.250|1|1.500
8706,145.1,25,0,0,0,64|-13.500|27.000|1|1.500
8707,145.116666666667,25,0,0,0,64|-13.375|26.750|1|1.500
8708,145.133333333333,25,0,0,0,64|-13.250|26.500|1|1.500
8709,145.15,25,0,0,0,64|-13.125|26.250|1|1.500
8710,145.166666666667,25,0,0,0,64|-13.000|26.000|1|1.500
8711,145.183333333333,25,0,0,0,64|-12.875|25.750|1|1.500
8712,145.2,25,0,0,0,64|-12.750|25.500|1|1.500
8713,145.216666666667,25,0,0,0,64|-12.625|25.250|1|1.500
8714,145.233333333333,25,0,0,0,64|-12.500|25.000|1|1.500
8715,145.25,25,0,0,0,64|-12.375|24.750|1|1.500
8716,145.266666666667,25,0,0,0,64|-12.250|24.500|1|1.500
8717,145.283333333333,25,0,0,0,64|-12.125|24.250|1|1.500
8718,145.3,25,0,0,0,64|-12.000|24.000|1|1.500
8719,145.316666666667,25,0,0,0,64|-11.875|23.750|1|1.500
8720,145.333333333333,25,0,0,0,64|-11.750|23.500|1|1.500
8721,145.35,25,0,0,0,64|-11.625|23.250|1|1.500
8722,145.366666666667,25,0,0,0,64|-11.500|23.000|1|1.500
8723,145.383333333333,25,0,0,0,64|-11.375|22.750|1|1.500
8724,145.4,25,0,0,0,64|-11.250|22.500|1|1.500
8725,145.416666666667,25,0,0,0,64|-11.125|22.250|1|1.500
8726,145.433333333333,25,0,0,0,64|-11.000|22.000|1|1.500
8727,145.45,25,0,0,0,64|-10.875|21.750|1|1.500
8728,145.466666666667,25,0,0,0,64|-10.750|21.500|1|1.500
8729,145.483333333333,25,0,0,0,64|-10.625|21.250|1|1.500
8730,145.5,25,0,0,0,64|-10.500|21.000|1|1.500
8731,145.516666666667,25,0,0,0,64|-10.375|20.750|1|1.500
8732,145.533333333333,25,0,0,0,64|-10.250|20.500|1|1.500
8733,145.55,25,0,0,0,64|-10.125|20.250|1|1.500
8734,145.566666666667,25,0,0,0,64|-10.000|20.000|1|1.500
8735,145.583333333333,25,0,0,0,64|-9.875|19.750|1|1.500
8736,145.6,25,0,0,0,64|-9.750|19.500|1|1.500
8737,145.616666666667,25,0,0,0,64|-9.625|19.250|1|1.500
8738,145.633333333333,25,0,0,0,64|-9.500|19.000|1|1.500
8739,145.65,25,0,0,0,64|-9.375|18.750|1|1.500
8740,145.666666666667,25,0,0,0,64|-9.250|18.500|1|1.500
8741,145.683333333333,25,0,0,0,64|-9.125|18.250|1|1.500
8742,145.7,25,0,0,0,64|-9.000|18.000|1|1.500
8743,145.716666666667,25,0,0,0,64|-8.875|17.750|1|1.500
8744,145.733333333333,25,0,0,0,64|-8.750|17.500|1|1.500
8745,145.75,25,0,0,0,64|-8.625|17.250|1|1.500
8746,145.766666666667,25,0,0,0,64|-8.500|17.000|1|1.500
8747,145.783333333333,25,0,0,0,64|-8.375|16.750|1|1.500
8748,145.8,25,0,0,0,64|-8.250|16.500|1|1.500
8749,145.816666666667,25,0,0,0,64|-8.125|16.250|1|1.500
8750,145.833333333333,25,0,0,0,64|-8.000|16.000|1|1.500
8751,145.85,25,0,0,0,64|-7.875|15.750|1|1.500
8752,145.866666666667,25,0,0,0,64|-7.750|15.500|1|1.500
8753,145.883333333333,25,0,0,0,64|-7.625|15.250|1|1.500
8754,145.9,25,0,0,0,64|-7.500|15.000|1|1.500
8755,145.916666666667,25,0,0,0,64|-7.375|14.750|1|1.500
8756,145.933333333333,25,0,0,0,64|-7.250|14.500|1|1.500
8757,145.95,25,0,0,0,64|-7.125|14.250|1|1.500
8758,145.966666666667,25,0,0,0,64|-7.000|14.000|1|1.500
8759,145.983333333333,25,0,0,0,64|-6.875|13.750|1|1.500
8760,146,25,0,0,0,64|-6.750|13.500|1|1.500
8761,146.016666666667,25,0,0,0,64|-6.625|13.250|1|1.500
8762,146.033333333333,25,0,0,0,64|-6.500|13.000|1|1.500
8763,146.05,25,0,0,0,64|-6.375|12.750|1|1.500
8764,146.066666666667,25,0,0,0,64|-6.250|12.500|1|1.500
8765,146.083333333333,25,0,0,0,64|-6.125|12.250|1|1.500
8766,146.1,25,0,0,0,64|-6.000|12.000|1|1.500
8767,146.116666666667,25,0,0,0,64|-5.875|11.750|1|1.500
8768,146.133333333333,25,0,0,0,64|-5.750|11.500|1|1.500
8769,146.15,25,0,0,0,64|-5.625|11.250|1|1.500
8770,146.166666666667,25,0,0,0,64|-5.500|11.000|1|1.500
8771,146.183333333333,25,0,0,0,64|-5.375|10.750|1|1.500
8772,146.2,25,0,0,0,64|-5.250|10.500|1|1.500
8773,146.216666666667,25,0,0,0,64|-5.125|10.250|1|1.500
8774,146.233333333333,25,0,0,0,64|-5.000|10.000|1|1.500
8775,146.25,25,0,0,0,64|-4.875|9.750|1|1.500
8776,146.266666666667,25,0,0,0,64|-4.750|9.500|1|1.500
8777,146.283333333333,25,0,0,0,64|-4.625|9.250|1|1.500
8778,146.3,25,0,0,0,64|-4.500|9.000|1|1.500
8779,146.316666666667,25,0,0,0,64|-4.375|8.750|1|1.500
8780,146.333333333333,25,0,0,0,64|-4.250|8.500|1|1.500
8781,146.35,25,0,0,0,64|-4.125|8.250|1|1.500
8782,146.366666666667,25,0,0,0,64|-4.000|8.000|1|1.500
8783,146.383333333333,25,0,0,0,64|-3.875|7.750|1|1.500
8784,146.4,25,0,0,0,64|-3.750|7.500|1|1.500
8785,146.416666666667,25,0,0,0,64|-3.625|7.250|1|1.500
8786,146.433333333333,25,0,0,0,64|-3.500|7.000|1|1.500
8787,146.45,25,0,0,0,64|-3.375|6.750|1|1.500
8788,146.466666666667,25,0,0,0,64|-3.250|6.500|1|1.500
8789,146.483333333333,25,0,0,0,64|-3.125|6.250|1|1.500
8790,146.5,25,0,0,0,64|-3.000|6.000|1|1.500
8791,146.516666666667,25,0,0,0,64|-2.875|5.750|1|1.500
8792,146.533333333333,25,0,0,0,64|-2.750|5.500|1|1.500
8793,146.55,25,0,0,0,64|-2.625|5.250|1|1.500
8794,146.566666666667,25,0,0,0,64|-2.500|5.000|1|1.500
8795,146.583333333333,25,0,0,0,64|-2.375|4.750|1|1.500
8796,146.6,25,0,0,0,64|-2.250|4.500|1|1.500
8797,146.616666666667,25,0,0,0,64|-2.125|4.250|1|1.500
8798,146.633333333333,25,0,0,0,64|-2.000|4.000|1|1.500
8799,146.65,25,0,0,0,64|-1.875|3.750|1|1.500
8800,146.666666666667,25,0,0,0,64|-1.750|3.500|1|1.500
8801,146.683333333333,25,0,0,0,64|-1.625|3.250|1|1.500
8802,146.7,25,0,0,0,64|-1.500|3.000|1|1.500
8803,146.716666666667,25,0,0,0,64|-1.375|2.750|1|1.500
8804,146.733333333333,25,0,0,0,64|-1.250|2.500|1|1.500
8805,146.75,25,0,0,0,64|-1.125|2.250|1|1.500
8806,146.766666666667,25,0,0,0,64|-1.000|2.000|1|1.500
8807,146.783333333333,25,0,0,0,64|-0.875|1.750|1|1.500
8808,146.8,25,0,0,0,64|-0.750|1.500|1|1.500
8809,146.816666666667,25,0,0,0,64|-0.625|1.250|1|1.500
8810,146.833333333333,25,0,0,0,64|-0.500|1.000|1|1.500
8811,146.85,25,0,0,0,64|-0.375|0.750|1|1.500
8812,146.866666666667,25,0,0,0,64|-0.250|0.500|1|1.500
8813,146.883333333333,25,0,0,0,64|-0.125|0.250|1|1.500
8814,146.9,25,1,1.5,4,64|0.000|0.000|1|1.500
8815,146.916666666667,0,0,0,0,
8816,146.933333333333,0,0,0,0,
8817,146.95,0,0,0,0,
8818,146.966666666667,0,0,0,0,
8819,146.983333333333,0,0,0,0,
8820,147,0,0,0,0,
8821,147.016666666667,0,0,0,0,
8822,147.033333333333,0,0,0,0,
8823,147.05,0,0,0,0,
8824,147.066666666667,0,0,0,0,
8825,147.083333333333,0,0,0,0,
8826,147.1,0,0,0,0,
8827,147.116666666667,0,0,0,0,
8828,147.133333333333,0,0,0,0,
8829,147.15,0,0,0,0,
8830,147.166666666667,0,0,0,0,
8831,147.183333333333,0,0,0,0,
8832,147.2,0,0,0,0,
8833,147.216666666667,25,0,0,0,65|-9.000|29.750|1|1.500
8834,147.233333333333,25,0,0,0,65|-9.000|29.500|1|1.500
8835,147.25,25,0,0,0,65|-9.000|29.250|1|1.500
8836,147.266666666667,25,0,0,0,65|-9.000|29.000|1|1.500
8837,147.283333333333,25,0,0,0,65|-9.000|28.750|1|1.500
8838,147.3,25,0,0,0,65|-9.000|28.500|1|1.500
8839,147.316666666667,25,0,0,0,65|-9.000|28.250|1|1.500
8840,147.333333333333,25,0,0,0,65|-9.000|28.000|1|1.500
8841,147.35,25,0,0,0,65|-9.000|27.750|1|1.500
8842,147.366666666667,25,0,0,0,65|-9.000|27.500|1|1.500
8843,147.383333333333,25,0,0,0,65|-9.000|27.250|1|1.500
8844,147.4,25,0,0,0,65|-9.000|27.000|1|1.500
8845,147.416666666667,25,0,0,0,65|-9.000|26.750|1|1.500
8846,147.433333333333,25,0,0,0,65|-9.000|26.500|1|1.500
8847,147.45,25,0,0,0,65|-9.000|26.250|1|1.500
8848,147.466666666667,25,0,0,0,65|-9.000|26.000|1|1.500
8849,147.483333333333,25,0,0,0,65|-9.000|25.750|1|1.500
8850,147.5,25,0,0,0,65|-9.000|25.500|1|1.500
8851,147.516666666667,25,0,0,0,65|-9.000|25.250|1|1.500
8852,147.533333333333,25,0,0,0,65|-9.000|25.000|1|1.500
8853,147.55,25,0,0,0,65|-9.000|24.750|1|1.500
8854,147.566666666667,25,0,0,0,65|-9.000|24.500|1|1.500
8855,147.583333333333,25,0,0,0,65|-9.000|24.250|1|1.500
8856,147.6,25,0,0,0,65|-9.000|24.000|1|1.500
8857,147.616666666667,25,0,0,0,65|-9.000|23.750|1|1.500
8858,147.633333333333,25,0,0,0,65|-9.000|23.500|1|1.500
8859,147.65,25,0,0,0,65|-9.000|23.250|1|1.500
8860,147.666666666667,25,0,0,0,65|-9.000|23.000|1|1.500
8861,147.683333333333,25,0,0,0,65|-9.000|22.750|1|1.500
8862,147.7,25,0,0,0,65|-9.000|22.500|1|1.500
8863,147.716666666667,25,0,0,0,65|-9.000|22.250|1|1.500
8864,147.733333333333,25,0,0,0,65|-9.000|22.000|1|1.500
8865,147.75,25,0,0,0,65|-9.000|21.750|1|1.500
8866,147.766666666667,25,0,0,0,65|-9.000|21.500|1|1.500
8867,147.783333333333,25,0,0,0,65|-9.000|21.250|1|1.500
8868,147.8,25,0,0,0,65|-9.000|21.000|1|1.500
8869,147.816666666667,25,0,0,0,65|-9.000|20.750|1|1.500
8870,147.833333333333,25,0,0,0,65|-9.000|20.500|1|1.500
8871,147.85,25,0,0,0,65|-9.000|20.250|1|1.500
8872,147.866666666667,25,0,0,0,65|-9.000|20.000|1|1.500
8873,147.883333333333,25,0,0,0,65|-9.000|19.750|1|1.500
8874,147.9,25,0,0,0,65|-9.000|19.500|1|1.500
8875,147.916666666667,25,0,0,0,65|-9.000|19.250|1|1.500
8876,147.933333333333,25,0,0,0,65|-9.000|19.000|1|1.500
8877,147.95,25,0,0,0,65|-9.000|18.750|1|1.500
8878,147.966666666667,25,0,0,0,65|-9.000|18.500|1|1.500
8879,147.983333333333,25,0,0,0,65|-9.000|18.250|1|1.500
8880,148,25,0,0,0,65|-9.000|18.000|1|1.500
8881,148.016666666667,25,0,0,0,65|-9.000|17.750|1|1.500
8882,148.033333333333,25,0,0,0,65|-9.000|17.500|1|1.500
8883,148.05,25,0,0,0,65|-9.000|17.250|1|1.500
8884,148.066666666667,25,0,0,0,65|-9.000|17.000|1|1.500
8885,148.083333333333,25,0,0,0,65|-9.000|16.750|1|1.500
8886,148.1,25,0,0,0,65|-9.000|16.500|1|1.500
8887,148.116666666667,25,0,0,0,65|-9.000|16.250|1|1.500
8888,148.133333333333,25,0,0,0,65|-9.000|16.000|1|1.500
8889,148.15,25,0,0,0,65|-9.000|15.750|1|1.500
8890,148.166666666667,25,0,0,0,65|-9.000|15.500|1|1.500
8891,148.183333333333,25,0,0,0,65|-9.000|15.250|1|1.500
8892,148.2,25,0,0,0,65|-9.000|15.000|1|1.500
8893,148.216666666667,25,0,0,0,65|-9.000|14.750|1|1.500
8894,148.233333333333,25,0,0,0,65|-9.000|14.500|1|1.500
8895,148.25,25,0,0,0,65|-9.000|14.250|1|1.500
8896,148.266666666667,25,0,0,0,65|-9.000|14.000|1|1.500
8897,148.283333333333,25,0,0,0,65|-9.000|13.750|1|1.500
8898,148.3,25,0,0,0,65|-9.000|13.500|1|1.500
8899,148.316666666667,25,0,0,0,65|-9.000|13.250|1|1.500
8900,148.333333333333,25,0,0,0,65|-9.000|13.000|1|1.500
8901,148.35,25,0,0,0,65|-9.000|12.750|1|1.500
8902,148.366666666667,25,0,0,0,65|-9.000|12.500|1|1.500
8903,148.383333333333,25,0,0,0,65|-9.000|12.250|1|1.500
8904,148.4,25,0,0,0,65|-9.000|12.000|1|1.500
8905,148.416666666667,25,0,0,0,65|-9.000|11.750|1|1.500
8906,148.433333333333,25,0,0,0,65|-9.000|11.500|1|1.500
8907,148.45,25,0,0,0,65|-9.000|11.250|1|1.500
8908,148.466666666667,25,0,0,0,65|-9.000|11.000|1|1.500
8909,148.483333333333,25,0,0,0,65|-9.000|10.750|1|1.500
8910,148.5,25,0,0,0,65|-9.000|10.500|1|1.500
8911,148.516666666667,25,0,0,0,65|-9.000|10.250|1|1.500
8912,148.533333333333,25,0,0,0,65|-9.000|10.000|1|1.500
8913,148.55,25,0,0,0,65|-9.000|9.750|1|1.500
8914,148.566666666667,25,0,0,0,65|-9.000|9.500|1|1.500
8915,148.583333333333,25,0,0,0,65|-9.000|9.250|1|1.500
8916,148.6,25,0,0,0,65|-9.000|9.000|1|1.500
8917,148.616666666667,25,0,0,0,65|-9.000|8.750|1|1.500
8918,148.633333333333,25,0,0,0,65|-9.000|8.500|1|1.500
8919,148.65,25,0,0,0,65|-9.000|8.250|1|1.500
8920,148.666666666667,25,0,0,0,65|-9.000|8.000|1|1.500
8921,148.683333333333,25,0,0,0,65|-9.000|7.750|1|1.500
8922,148.7,25,0,0,0,65|-9.000|7.500|1|1.500
8923,148.716666666667,25,0,0,0,65|-9.000|7.250|1|1.500
8924,148.733333333333,25,0,0,0,65|-9.000|7.000|1|1.500
8925,148.75,25,0,0,0,65|-9.000|6.750|1|1.500
8926,148.766666666667,25,0,0,0,65|-9.000|6.500|1|1.500
8927,148.783333333333,25,0,0,0,65|-9.000|6.250|1|1.500
8928,148.8,25,0,0,0,65|-9.000|6.000|1|1.500
8929,148.816666666667,25,0,0,0,65|-9.000|5.750|1|1.500
8930,148.833333333333,25,0,0,0,65|-9.000|5.500|1|1.500
8931,148.85,25,0,0,0,65|-9.000|5.250|1|1.500
8932,148.866666666667,25,0,0,0,65|-9.000|5.000|1|1.500
8933,148.883333333333,25,0,0,0,65|-9.000|4.750|1|1.500
8934,148.9,25,0,0,0,65|-9.000|4.500|1|1.500
8935,148.916666666667,25,0,0,0,65|-9.000|4.250|1|1.500
8936,148.933333333333,25,0,0,0,65|-9.000|4.000|1|1.500
8937,148.95,25,0,0,0,65|-9.000|3.750|1|1.500
8938,148.966666666667,25,0,0,0,65|-9.000|3.500|1|1.500
8939,148.983333333333,25,0,0,0,65|-9.000|3.250|1|1.500
8940,149,25,0,0,0,65|-9.000|3.000|1|1.500
8941,149.016666666667,25,0,0,0,65|-9.000|2.750|1|1.500
8942,149.033333333333,25,0,0,0,65|-9.000|2.500|1|1.500
8943,149.05,25,0,0,0,65|-9.000|2.250|1|1.500
8944,149.066666666667,25,0,0,0,65|-9.000|2.000|1|1.500
8945,149.083333333333,25,0,0,0,65|-9.000|1.750|1|1.500
8946,149.1,25,0,0,0,65|-9.000|1.500|1|1.500
8947,149.116666666667,25,0,0,0,65|-9.000|1.250|1|1.500
8948,149.133333333333,25,0,0,0,65|-9.000|1.000|1|1.500
8949,149.15,25,0,0,0,65|-9.000|0.750|1|1.500
8950,149.166666666667,25,0,0,0,65|-9.000|0.500|1|1.500
8951,149.183333333333,25,0,0,0,65|-9.000|0.250|1|1.500
8952,149.2,25,0,1,0,65|-9.000|0.000|1|1.500
8953,149.216666666667,0,0,0,0,
8954,149.233333333333,0,0,0,0,
8955,149.25,0,0,0,0,
8956,149.266666666667,0,0,0,0,
8957,149.283333333333,0,0,0,0,
8958,149.3,0,0,0,0,
8959,149.316666666667,0,0,0,0,
8960,149.333333333333,0,0,0,0,
8961,149.35,0,0,0,0,
8962,149.366666666667,0,0,0,0,
8963,149.383333333333,0,0,0,0,
8964,149.4,0,0,0,0,
8965,149.416666666667,0,0,0,0,
8966,149.433333333333,0,0,0,0,
8967,149.45,0,0,0,0,
8968,149.466666666667,0,0,0,0,
8969,149.483333333333,0,0,0,0,
8970,149.5,0,0,0,0,
8971,149.516666666667,25,0,0,0,66|-9.000|29.750|1|1.500
8972,149.533333333333,25,0,0,0,66|-9.000|29.500|1|1.500
8973,149.55,25,0,0,0,66|-9.000|29.250|1|1.500
8974,149.566666666667,25,0,0,0,66|-9.000|29.000|1|1.500
8975,149.583333333333,25,0,0,0,66|-9.000|28.750|1|1.500
8976,149.6,25,0,0,0,66|-9.000|28.500|1|1.500
8977,149.616666666667,25,0,0,0,66|-9.000|28.250|1|1.500
8978,149.633333333333,25,0,0,0,66|-9.000|28.000|1|1.500
8979,149.65,25,0,0,0,66|-9.000|27.750|1|1.500
8980,149.666666666667,25,0,0,0,66|-9.000|27.500|1|1.500
8981,149.683333333333,25,0,0,0,66|-9.000|27.250|1|1.500
8982,149.7,25,0,0,0,66|-9.000|27.000|1|1.500
8983,149.716666666667,25,0,0,0,66|-9.000|26.750|1|1.500
8984,149.733333333333,25,0,0,0,66|-9.000|26.500|1|1.500
8985,149.75,25,0,0,0,66|-9.000|26.250|1|1.500
8986,149.766666666667,25,0,0,0,66|-9.000|26.000|1|1.500
8987,149.783333333333,25,0,0,0,66|-9.000|25.750|1|1.500
8988,149.8,25,0,0,0,66|-9.000|25.500|1|1.500
8989,149.816666666667,25,0,0,0,66|-9.000|25.250|1|1.500
8990,149.833333333333,25,0,0,0,66|-9.000|25.000|1|1.500
8991,149.85,25,0,0,0,66|-9.000|24.750|1|1.500
8992,149.866666666667,25,0,0,0,66|-9.000|24.500|1|1.500
8993,149.883333333333,25,0,0,0,66|-9.000|24.250|1|1.500
8994,149.9,25,0,0,0,66|-9.000|24.000|1|1.500
8995,149.916666666667,25,0,0,0,66|-9.000|23.750|1|1.500
8996,149.933333333333,25,0,0,0,66|-9.000|23.500|1|1.500
8997,149.95,25,0,0,0,66|-9.000|23.250|1|1.500
8998,149.966666666667,25,0,0,0,66|-9.000|23.000|1|1.500
8999,149.983333333333,25,0,0,0,66|-9.000|22.750|1|1.500
9000,150,25,0,0,0,66|-9.000|22.500|1|1.500
9001,150.016666666667,25,0,0,0,66|-9.000|22.250|1|1.500
9002,150.033333333333,25,0,0,0,66|-9.000|22.000|1|1.500
9003,150.05,25,0,0,0,66|-9.000|21.750|1|1.500
9004,150.066666666667,25,0,0,0,66|-9.000|21.500|1|1.500
9005,150.083333333333,25,0,0,0,66|-9.000|21.250|1|1.500
9006,150.1,25,0,0,0,66|-9.000|21.000|1|1.500
9007,150.116666666667,25,0,0,0,66|-9.000|20.750|1|1.500
9008,150.133333333333,25,0,0,0,66|-9.000|20.500|1|1.500
9009,150.15,25,0,0,0,66|-9.000|20.250|1|1.500
9010,150.166666666667,25,0,0,0,66|-9.000|20.000|1|1.500
9011,150.183333333333,25,0,0,0,66|-9.000|19.750|1|1.500
9012,150.2,25,0,0,0,66|-9.000|19.500|1|1.500
9013,150.216666666667,25,0,0,0,66|-9.000|19.250|1|1.500
9014,150.233333333333,25,0,0,0,66|-9.000|19.000|1|1.500
9015,150.25,25,0,0,0,66|-9.000|18.750|1|1.500
9016,150.266666666667,25,0,0,0,66|-9.000|18.500|1|1.500
9017,150.283333333333,25,0,0,0,66|-9.000|18.250|1|1.500
9018,150.3,25,0,0,0,66|-9.000|18.000|1|1.500
9019,150.316666666667,25,0,0,0,66|-9.000|17.750|1|1.500
9020,150.333333333333,25,0,0,0,66|-9.000|17.500|1|1.500
9021,150.35,25,0,0,0,66|-9.000|17.250|1|1.500
9022,150.366666666667,25,0,0,0,66|-9.000|17.000|1|1.500
9023,150.383333333333,25,0,0,0,66|-9.000|16.750|1|1.500
9024,150.4,25,0,0,0,66|-9.000|16.500|1|1.500
9025,150.416666666667,25,0,0,0,66|-9.000|16.250|1|1.500
9026,150.433333333333,25,0,0,0,66|-9.000|16.000|1|1.500
9027,150.45,25,0,0,0,66|-9.000|15.750|1|1.500
9028,150.466666666667,25,0,0,0,66|-9.000|15.500|1|1.500
9029,150.483333333333,25,0,0,0,66|-9.000|15.250|1|1.500
9030,150.5,25,0,0,0,66|-9.000|15.000|1|1.500
9031,150.516666666667,25,0,0,0,66|-9.000|14.750|1|1.500
9032,150.533333333333,25,0,0,0,66|-9.000|14.500|1|1.500
9033,150.55,25,0,0,0,66|-9.000|14.250|1|1.500
9034,150.566666666667,25,0,0,0,66|-9.000|14.000|1|1.500
9035,150.583333333333,25,0,0,0,66|-9.000|13.750|1|1.500
9036,150.6,25,0,0,0,66|-9.000|13.500|1|1.500
9037,150.616666666667,25,0,0,0,66|-9.000|13.250|1|1.500
9038,150.633333333333,25,0,0,0,66|-9.000|13.000|1|1.500
9039,150.65,25,0,0,0,66|-9.000|12.750|1|1.500
9040,150.666666666667,25,0,0,0,66|-9.000|12.500|1|1.500
9041,150.683333333333,25,0,0,0,66|-9.000|12.250|1|1.500
9042,150.7,25,0,0,0,66|-9.000|12.000|1|1.500
9043,150.716666666667,25,0,0,0,66|-9.000|11.750|1|1.500
9044,150.733333333333,25,0,0,0,66|-9.000|11.500|1|1.500
9045,150.75,25,0,0,0,66|-9.000|11.250|1|1.500
9046,150.766666666667,25,0,0,0,66|-9.000|11.000|1|1.500
9047,150.783333333333,25,0,0,0,66|-9.000|10.750|1|1.500
9048,150.8,25,0,0,0,66|-9.000|10.500|1|1.500
9049,150.816666666667,25,0,0,0,66|-9.000|10.250|1|1.500
9050,150.833333333333,25,0,0,0,66|-9.000|10.000|1|1.500
9051,150.85,25,0,0,0,66|-9.000|9.750|1|1.500
9052,150.866666666667,25,0,0,0,66|-9.000|9.500|1|1.500
9053,150.883333333333,25,0,0,0,66|-9.000|9.250|1|1.500
9054,150.9,25,0,0,0,66|-9.000|9.000|1|1.500
9055,150.916666666667,25,0,0,0,66|-9.000|8.750|1|1.500
9056,150.933333333333,25,0,0,0,66|-9.000|8.500|1|1.500
9057,150.95,25,0,0,0,66|-9.000|8.250|1|1.500
9058,150.966666666667,25,0,0,0,66|-9.000|8.000|1|1.500
9059,150.983333333333,25,0,0,0,66|-9.000|7.750|1|1.500
9060,151,25,0,0,0,66|-9.000|7.500|1|1.500
9061,151.016666666667,25,0,0,0,66|-9.000|7.250|1|1.500
9062,151.033333333333,25,0,0,0,66|-9.000|7.000|1|1.500
9063,151.05,25,0,0,0,66|-9.000|6.750|1|1.500
9064,151.066666666667,25,0,0,0,66|-9.000|6.500|1|1.500
9065,151.083333333333,25,0,0,0,66|-9.000|6.250|1|1.500
9066,151.1,25,0,0,0,66|-9.000|6.000|1|1.500
9067,151.116666666667,25,0,0,0,66|-9.000|5.750|1|1.500
9068,151.133333333333,25,0,0,0,66|-9.000|5.500|1|1.500
9069,151.15,25,0,0,0,66|-9.000|5.250|1|1.500
9070,151.166666666667,25,0,0,0,66|-9.000|5.000|1|1.500
9071,151.183333333333,25,0,0,0,66|-9.000|4.750|1|1.500
9072,151.2,25,0,0,0,66|-9.000|4.500|1|1.500
9073,151.216666666667,25,0,0,0,66|-9.000|4.250|1|1.500
9074,151.233333333333,25,0,0,0,66|-9.000|4.000|1|1.500
9075,151.25,25,0,0,0,66|-9.000|3.750|1|1.500
9076,151.266666666667,25,0,0,0,66|-9.000|3.500|1|1.500
9077,151.283333333333,25,0,0,0,66|-9.000|3.250|1|1.500
9078,151.3,25,0,0,0,66|-9.000|3.000|1|1.500
9079,151.316666666667,25,0,0,0,66|-9.000|2.750|1|1.500
9080,151.333333333333,25,0,0,0,66|-9.000|2.500|1|1.500
9081,151.35,25,0,0,0,66|-9.000|2.250|1|1.500
9082,151.366666666667,25,0,0,0,66|-9.000|2.000|1|1.500
9083,151.383333333333,25,0,0,0,66|-9.000|1.750|1|1.500
9084,151.4,25,0,0,0,66|-9.000|1.500|1|1.500
9085,151.416666666667,25,0,0,0,66|-9.000|1.250|1|1.500
9086,151.433333333333,25,0,0,0,66|-9.000|1.000|1|1.500
9087,151.45,25,0,0,0,66|-9.000|0.750|1|1.500
9088,151.466666666667,25,0,0,0,66|-9.000|0.500|1|1.500
9089,151.483333333333,25,0,0,0,66|-9.000|0.250|1|1.500
9090,151.5,25,0,1,0,66|-9.000|0.000|1|1.500
9091,151.516666666667,0,0,0,0,
9092,151.533333333333,0,0,0,0,
9093,151.55,0,0,0,0,
9094,151.566666666667,0,0,0,0,
9095,151.583333333333,0,0,0,0,
9096,151.6,0,0,0,0,
9097,151.616666666667,0,0,0,0,
9098,151.633333333333,0,0,0,0,
9099,151.65,0,0,0,0,
9100,151.666666666667,0,0,0,0,
9101,151.683333333333,0,0,0,0,
9102,151.7,0,0,0,0,
9103,151.716666666667,0,0,0,0,
9104,151.733333333333,0,0,0,0,
9105,151.75,0,0,0,0,
9106,151.766666666667,0,0,0,0,
9107,151.783333333333,0,0,0,0,
9108,151.8,0,0,0,0,
9109,151.816666666667,25,0,0,0,67|-11.800|29.750|1|3.000
9110,151.833333333333,25,0,0,0,67|-11.800|29.500|1|3.000
9111,151.85,25,0,0,0,67|-11.600|29.250|1|3.000
9112,151.866666666667,25,0,0,0,67|-11.600|29.000|1|3.000
9113,151.883333333333,25,0,0,0,67|-11.600|28.750|1|3.000
9114,151.9,25,0,0,0,67|-11.400|28.500|1|3.000
9115,151.916666666667,25,0,0,0,67|-11.200|28.250|1|3.000
9116,151.933333333333,25,0,0,0,67|-11.000|28.000|1|3.000
9117,151.95,25,0,0,0,67|-11.000|27.750|1|3.000
9118,151.966666666667,25,0,0,0,67|-10.800|27.500|1|3.000
9119,151.983333333333,25,0,0,0,67|-10.600|27.250|1|3.000
9120,152,25,0,0,0,67|-10.400|27.000|1|3.000
9121,152.016666666667,25,0,0,0,67|-10.200|26.750|1|3.000
9122,152.033333333333,25,0,0,0,67|-10.000|26.500|1|3.000
9123,152.05,25,0,0,0,67|-10.000|26.250|1|3.000
9124,152.066666666667,25,0,0,0,67|-10.000|26.000|1|3.000
9125,152.083333333333,25,0,0,0,67|-10.000|25.750|1|3.000
9126,152.1,25,0,0,0,67|-9.800|25.500|1|3.000
9127,152.116666666667,25,0,0,0,67|-9.800|25.250|1|3.000
9128,152.133333333333,25,0,0,0,67|-9.800|25.000|1|3.000
9129,152.15,25,0,0,0,67|-9.800|24.750|1|3.000
9130,152.166666666667,25,0,0,0,67|-9.600|24.500|1|3.000
9131,152.183333333333,25,0,0,0,67|-9.400|24.250|1|3.000
9132,152.2,25,0,0,0,67|-9.400|24.000|1|3.000
9133,152.216666666667,25,0,0,0,67|-9.200|23.750|1|3.000
9134,152.233333333333,25,0,0,0,67|-9.000|23.500|1|3.000
9135,152.25,25,0,0,0,67|-9.000|23.250|1|3.000
9136,152.266666666667,25,0,0,0,67|-9.000|23.000|1|3.000
9137,152.283333333333,25,0,0,0,67|-9.000|22.750|1|3.000
9138,152.3,25,0,0,0,67|-9.000|22.500|1|3.000
9139,152.316666666667,25,0,0,0,67|-8.800|22.250|1|3.000
9140,152.333333333333,25,0,0,0,67|-8.600|22.000|1|3.000
9141,152.35,25,0,0,0,67|-8.600|21.750|1|3.000
9142,152.366666666667,25,0,0,0,67|-8.400|21.500|1|3.000
9143,152.383333333333,25,0,0,0,67|-8.400|21.250|1|3.000
9144,152.4,25,0,0,0,67|-8.400|21.000|1|3.000
9145,152.416666666667,25,0,0,0,67|-8.400|20.750|1|3.000
9146,152.433333333333,25,0,0,0,67|-8.200|20.500|1|3.000
9147,152.45,25,0,0,0,67|-8.200|20.250|1|3.000
9148,152.466666666667,25,0,0,0,67|-8.200|20.000|1|3.000
9149,152.483333333333,25,0,0,0,67|-8.000|19.750|1|3.000
9150,152.5,25,0,0,0,67|-7.800|19.500|1|3.000
9151,152.516666666667,25,0,0,0,67|-7.800|19.250|1|3.000
9152,152.533333333333,25,0,0,0,67|-7.800|19.000|1|3.000
9153,152.55,25,0,0,0,67|-7.600|18.750|1|3.000
9154,152.566666666667,25,0,0,0,67|-7.600|18.500|1|3.000
9155,152.583333333333,25,0,0,0,67|-7.400|18.250|1|3.000
9156,152.6,25,0,0,0,67|-7.400|18.000|1|3.000
9157,152.616666666667,25,0,0,0,67|-7.400|17.750|1|3.000
9158,152.633333333333,25,0,0,0,67|-7.200|17.500|1|3.000
9159,152.65,25,0,0,0,67|-7.000|17.250|1|3.000
9160,152.666666666667,25,0,0,0,67|-6.800|17.000|1|3.000
9161,152.683333333333,25,0,0,0,67|-6.600|16.750|1|3.000
9162,152.7,25,0,0,0,67|-6.400|16.500|1|3.000
9163,152.716666666667,25,0,0,0,67|-6.400|16.250|1|3.000
9164,152.733333333333,25,0,0,0,67|-6.200|16.000|1|3.000
9165,152.75,25,0,0,0,67|-6.200|15.750|1|3.000
9166,152.766666666667,25,0,0,0,67|-6.200|15.500|1|3.000
9167,152.783333333333,25,0,0,0,67|-6.200|15.250|1|3.000
9168,152.8,25,0,0,0,67|-6.000|15.000|1|3.000
9169,152.816666666667,25,0,0,0,67|-6.000|14.750|1|3.000
9170,152.833333333333,25,0,0,0,67|-5.800|14.500|1|3.000
9171,152.85,25,0,0,0,67|-5.800|14.250|1|3.000
9172,152.866666666667,25,0,0,0,67|-5.600|14.000|1|3.000
9173,152.883333333333,25,0,0,0,67|-5.400|13.750|1|3.000
9174,152.9,25,0,0,0,67|-5.200|13.500|1|3.000
9175,152.916666666667,25,0,0,0,67|-5.200|13.250|1|3.000
9176,152.933333333333,25,0,0,0,67|-5.000|13.000|1|3.000
9177,152.95,25,0,0,0,67|-4.800|12.750|1|3.000
9178,152.966666666667,25,0,0,0,67|-4.800|12.500|1|3.000
9179,152.983333333333,25,0,0,0,67|-4.600|12.250|1|3.000
9180,153,25,0,0,0,67|-4.600|12.000|1|3.000
9181,153.016666666667,25,0,0,0,67|-4.400|11.750|1|3.000
9182,153.033333333333,25,0,0,0,67|-4.400|11.500|1|3.000
9183,153.05,25,0,0,0,67|-4.200|11.250|1|3.000
9184,153.066666666667,25,0,0,0,67|-4.200|11.000|1|3.000
9185,153.083333333333,25,0,0,0,67|-4.200|10.750|1|3.000
9186,153.1,25,0,0,0,67|-4.200|10.500|1|3.000
9187,153.116666666667,25,0,0,0,67|-4.200|10.250|1|3.000
9188,153.133333333333,25,0,0,0,67|-4.000|10.000|1|3.000
9189,153.15,25,0,0,0,67|-4.000|9.750|1|3.000
9190,153.166666666667,25,0,0,0,67|-4.000|9.500|1|3.000
9191,153.183333333333,25,0,0,0,67|-3.800|9.250|1|3.000
9192,153.2,25,0,0,0,67|-3.600|9.000|1|3.000
9193,153.216666666667,25,0,0,0,67|-3.400|8.750|1|3.000
9194,153.233333333333,25,0,0,0,67|-3.200|8.500|1|3.000
9195,153.25,25,0,0,0,67|-3.000|8.250|1|3.000
9196,153.266666666667,25,0,0,0,67|-3.000|8.000|1|3.000
9197,153.283333333333,25,0,0,0,67|-3.000|7.750|1|3.000
9198,153.3,25,0,0,0,67|-2.800|7.500|1|3.000
9199,153.316666666667,25,0,0,0,67|-2.600|7.250|1|3.000
9200,153.333333333333,25,0,0,0,67|-2.400|7.000|1|3.000
9201,153.35,25,0,0,0,67|-2.400|6.750|1|3.000
9202,153.366666666667,25,0,0,0,67|-2.400|6.500|1|3.000
9203,153.383333333333,25,0,0,0,67|-2.200|6.250|1|3.000
9204,153.4,25,0,0,0,67|-2.200|6.000|1|3.000
9205,153.416666666667,25,0,0,0,67|-2.000|5.750|1|3.000
9206,153.433333333333,25,0,0,0,67|-2.000|5.500|1|3.000
9207,153.45,25,0,0,0,67|-2.000|5.250|1|3.000
9208,153.466666666667,25,0,0,0,67|-1.800|5.000|1|3.000
9209,153.483333333333,25,0,0,0,67|-1.800|4.750|1|3.000
9210,153.5,25,0,0,0,67|-1.800|4.500|1|3.000
9211,153.516666666667,25,0,0,0,67|-1.800|4.250|1|3.000
9212,153.533333333333,25,0,0,0,67|-1.600|4.000|1|3.000
9213,153.55,25,0,0,0,67|-1.400|3.750|1|3.000
9214,153.566666666667,25,0,0,0,67|-1.200|3.500|1|3.000
9215,153.583333333333,25,0,0,0,67|-1.000|3.250|1|3.000
9216,153.6,25,0,0,0,67|-0.800|3.000|1|3.000
9217,153.616666666667,25,0,0,0,67|-0.800|2.750|1|3.000
9218,153.633333333333,25,0,0,0,67|-0.800|2.500|1|3.000
9219,153.65,25,0,0,0,67|-0.600|2.250|1|3.000
9220,153.666666666667,25,0,0,0,67|-0.400|2.000|1|3.000
9221,153.683333333333,25,0,0,0,67|-0.400|1.750|1|3.000
9222,153.7,25,0,0,0,67|-0.400|1.500|1|3.000
9223,153.716666666667,25,0,0,0,67|-0.400|1.250|1|3.000
9224,153.733333333333,25,0,0,0,67|-0.400|1.000|1|3.000
9225,153.75,25,0,0,0,67|-0.400|0.750|1|3.000
9226,153.766666666667,25,0,0,0,67|-0.200|0.500|1|3.000
9227,153.783333333333,25,0,0,0,67|-0.200|0.250|1|3.000
9228,153.8,25,1,1.5,3,67|-0.000|0.000|1|3.000
9229,153.816666666667,0,0,0,0,
9230,153.833333333333,0,0,0,0,
9231,153.85,0,0,0,0,
9232,153.866666666667,0,0,0,0,
9233,153.883333333333,0,0,0,0,
9234,153.9,0,0,0,0,
9235,153.916666666667,0,0,0,0,
9236,153.933333333333,0,0,0,0,
9237,153.95,0,0,0,0,
9238,153.966666666667,0,0,0,0,
9239,153.983333333333,0,0,0,0,
9240,154,0,0,0,0,
9241,154.016666666667,0,0,0,0,
9242,154.033333333333,0,0,0,0,
9243,154.05,0,0,0,0,
9244,154.066666666667,0,0,0,0,
9245,154.083333333333,0,0,0,0,
9246,154.1,0,0,0,0,
9247,154.116666666667,25,0,0,0,68|9.000|29.750|1|3.000
9248,154.133333333333,25,0,0,0,68|9.000|29.500|1|3.000
9249,154.15,25,0,0,0,68|9.000|29.250|1|3.000
9250,154.166666666667,25,0,0,0,68|9.000|29.000|1|3.000
9251,154.183333333333,25,0,0,0,68|9.000|28.750|1|3.000
9252,154.2,25,0,0,0,68|9.000|28.500|1|3.000
9253,154.216666666667,25,0,0,0,68|9.000|28.250|1|3.000
9254,154.233333333333,25,0,0,0,68|9.000|28.000|1|3.000
9255,154.25,25,0,0,0,68|9.000|27.750|1|3.000
9256,154.266666666667,25,0,0,0,68|9.000|27.500|1|3.000
9257,154.283333333333,25,0,0,0,68|9.000|27.250|1|3.000
9258,154.3,25,0,0,0,68|9.000|27.000|1|3.000
9259,154.316666666667,25,0,0,0,68|9.000|26.750|1|3.000
9260,154.333333333333,25,0,0,0,68|9.000|26.500|1|3.000
9261,154.35,25,0,0,0,68|9.000|26.250|1|3.000
9262,154.366666666667,25,0,0,0,68|9.000|26.000|1|3.000
9263,154.383333333333,25,0,0,0,68|9.000|25.750|1|3.000
9264,154.4,25,0,0,0,68|9.000|25.500|1|3.000
9265,154.416666666667,25,0,0,0,68|9.000|25.250|1|3.000
9266,154.433333333333,25,0,0,0,68|9.000|25.000|1|3.000
9267,154.45,25,0,0,0,68|9.000|24.750|1|3.000
9268,154.466666666667,25,0,0,0,68|9.000|24.500|1|3.000
9269,154.483333333333,25,0,0,0,68|9.000|24.250|1|3.000
9270,154.5,25,0,0,0,68|9.000|24.000|1|3.000
9271,154.516666666667,25,0,0,0,68|9.000|23.750|1|3.000
9272,154.533333333333,25,0,0,0,68|9.000|23.500|1|3.000
9273,154.55,25,0,0,0,68|9.000|23.250|1|3.000
9274,154.566666666667,25,0,0,0,68|9.000|23.000|1|3.000
9275,154.583333333333,25,0,0,0,68|9.000|22.750|1|3.000
9276,154.6,25,0,0,0,68|9.000|22.500|1|3.000
9277,154.616666666667,25,0,0,0,68|9.000|22.250|1|3.000
9278,154.633333333333,25,0,0,0,68|9.000|22.000|1|3.000
9279,154.65,25,0,0,0,68|9.000|21.750|1|3.000
9280,154.666666666667,25,0,0,0,68|9.000|21.500|1|3.000
9281,154.683333333333,25,0,0,0,68|9.000|21.250|1|3.000
9282,154.7,25,0,0,0,68|9.000|21.000|1|3.000
9283,154.716666666667,25,0,0,0,68|9.000|20.750|1|3.000
9284,154.733333333333,25,0,0,0,68|9.000|20.500|1|3.000
9285,154.75,25,0,0,0,68|9.000|20.250|1|3.000
9286,154.766666666667,25,0,0,0,68|9.000|20.000|1|3.000
9287,154.783333333333,25,0,0,0,68|9.000|19.750|1|3.000
9288,154.8,25,0,0,0,68|9.000|19.500|1|3.000
9289,154.816666666667,25,0,0,0,68|9.000|19.250|1|3.000
9290,154.833333333333,25,0,0,0,68|9.000|19.000|1|3.000
9291,154.85,25,0,0,0,68|9.000|18.750|1|3.000
9292,154.866666666667,25,0,0,0,68|9.000|18.500|1|3.000
9293,154.883333333333,25,0,0,0,68|9.000|18.250|1|3.000
9294,154.9,25,0,0,0,68|9.000|18.000|1|3.000
9295,154.916666666667,25,0,0,0,68|9.000|17.750|1|3.000
9296,154.933333333333,25,0,0,0,68|9.000|17.500|1|3.000
9297,154.95,25,0,0,0,68|9.000|17.250|1|3.000
9298,154.966666666667,25,0,0,0,68|9.000|17.000|1|3.000
9299,154.983333333333,25,0,0,0,68|9.000|16.750|1|3.000
9300,155,25,0,0,0,68|9.000|16.500|1|3.000
9301,155.016666666667,25,0,0,0,68|9.000|16.250|1|3.000
9302,155.033333333333,25,0,0,0,68|9.000|16.000|1|3.000
9303,155.05,25,0,0,0,68|9.000|15.750|1|3.000
9304,155.066666666667,25,0,0,0,68|9.000|15.500|1|3.000
9305,155.083333333333,25,0,0,0,68|9.000|15.250|1|3.000
9306,155.1,25,0,0,0,68|9.000|15.000|1|3.000
9307,155.116666666667,25,0,0,0,68|9.000|14.750|1|3.000
9308,155.133333333333,25,0,0,0,68|9.000|14.500|1|3.000
9309,155.15,25,0,0,0,68|9.000|14.250|1|3.000
9310,155.166666666667,25,0,0,0,68|9.000|14.000|1|3.000
9311,155.183333333333,25,0,0,0,68|9.000|13.750|1|3.000
9312,155.2,25,0,0,0,68|9.000|13.500|1|3.000
9313,155.216666666667,25,0,0,0,68|9.000|13.250|1|3.000
9314,155.233333333333,25,0,0,0,68|9.000|13.000|1|3.000
9315,155.25,25,0,0,0,68|9.000|12.750|1|3.000
9316,155.266666666667,25,0,0,0,68|9.000|12.500|1|3.000
9317,155.283333333333,25,0,0,0,68|9.000|12.250|1|3.000
9318,155.3,25,0,0,0,68|9.000|12.000|1|3.000
9319,155.316666666667,25,0,0,0,68|9.000|11.750|1|3.000
9320,155.333333333333,25,0,0,0,68|9.000|11.500|1|3.000
9321,155.35,25,0,0,0,68|9.000|11.250|1|3.000
9322,155.366666666667,25,0,0,0,68|9.000|11.000|1|3.000
9323,155.383333333333,25,0,0,0,68|9.000|10.750|1|3.000
9324,155.4,25,0,0,0,68|9.000|10.500|1|3.000
9325,155.416666666667,25,0,0,0,68|9.000|10.250|1|3.000
9326,155.433333333333,25,0,0,0,68|9.000|10.000|1|3.000
9327,155.45,25,0,0,0,68|9.000|9.750|1|3.000
9328,155.466666666667,25,0,0,0,68|9.000|9.500|1|3.000
9329,155.483333333333,25,0,0,0,68|9.000|9.250|1|3.000
9330,155.5,25,0,0,0,68|9.000|9.000|1|3.000
9331,155.516666666667,25,0,0,0,68|9.000|8.750|1|3.000
9332,155.533333333333,25,0,0,0,68|9.000|8.500|1|3.000
9333,155.55,25,0,0,0,68|9.000|8.250|1|3.000
9334,155.566666666667,25,0,0,0,68|9.000|8.000|1|3.000
9335,155.583333333333,25,0,0,0,68|9.000|7.750|1|3.000
9336,155.6,25,0,0,0,68|9.000|7.500|1|3.000
9337,155.616666666667,25,0,0,0,68|9.000|7.250|1|3.000
9338,155.633333333333,25,0,0,0,68|9.000|7.000|1|3.000
9339,155.65,25,0,0,0,68|9.000|6.750|1|3.000
9340,155.666666666667,25,0,0,0,68|9.000|6.500|1|3.000
9341,155.683333333333,25,0,0,0,68|9.000|6.250|1|3.000
9342,155.7,25,0,0,0,68|9.000|6.000|1|3.000
9343,155.716666666667,25,0,0,0,68|9.000|5.750|1|3.000
9344,155.733333333333,25,0,0,0,68|9.000|5.500|1|3.000
9345,155.75,25,0,0,0,68|9.000|5.250|1|3.000
9346,155.766666666667,25,0,0,0,68|9.000|5.000|1|3.000
9347,155.783333333333,25,0,0,0,68|9.000|4.750|1|3.000
9348,155.8,25,0,0,0,68|9.000|4.500|1|3.000
9349,155.816666666667,25,0,0,0,68|9.000|4.250|1|3.000
9350,155.833333333333,25,0,0,0,68|9.000|4.000|1|3.000
9351,155.85,25,0,0,0,68|9.000|3.750|1|3.000
9352,155.866666666667,25,0,0,0,68|9.000|3.500|1|3.000
9353,155.883333333333,25,0,0,0,68|9.000|3.250|1|3.000
9354,155.9,25,0,0,0,68|9.000|3.000|1|3.000
9355,155.916666666667,25,0,0,0,68|9.000|2.750|1|3.000
9356,155.933333333333,25,0,0,0,68|9.000|2.500|1|3.000
9357,155.95,25,0,0,0,68|9.000|2.250|1|3.000
9358,155.966666666667,25,0,0,0,68|9.000|2.000|1|3.000
9359,155.983333333333,25,0,0,0,68|9.000|1.750|1|3.000
9360,156,25,0,0,0,68|9.000|1.500|1|3.000
9361,156.016666666667,25,0,0,0,68|9.000|1.250|1|3.000
9362,156.033333333333,25,0,0,0,68|9.000|1.000|1|3.000
9363,156.05,25,0,0,0,68|9.000|0.750|1|3.000
9364,156.066666666667,25,0,0,0,68|9.000|0.500|1|3.000
9365,156.083333333333,25,0,0,0,68|9.000|0.250|1|3.000
9366,156.1,25,0,1,0,68|9.000|0.000|1|3.000
9367,156.116666666667,0,0,0,0,
9368,156.133333333333,0,0,0,0,
9369,156.15,0,0,0,0,
9370,156.166666666667,0,0,0,0,
9371,156.183333333333,0,0,0,0,
9372,156.2,0,0,0,0,
9373,156.216666666667,0,0,0,0,
9374,156.233333333333,0,0,0,0,
9375,156.25,0,0,0,0,
9376,156.266666666667,0,0,0,0,
9377,156.283333333333,0,0,0,0,
9378,156.3,0,0,0,0,
9379,156.316666666667,0,0,0,0,
9380,156.333333333333,0,0,0,0,
9381,156.35,0,0,0,0,
9382,156.366666666667,0,0,0,0,
9383,156.383333333333,0,0,0,0,
9384,156.4,0,0,0,0,
9385,156.416666666667,25,0,0,0,69|-9.000|29.750|1|1.500
9386,156.433333333333,25,0,0,0,69|-8.700|29.500|1|1.500
9387,156.45,25,0,0,0,69|-8.700|29.250|1|1.500
9388,156.466666666667,25,0,0,0,69|-8.700|29.000|1|1.500
9389,156.483333333333,25,0,0,0,69|-8.700|28.750|1|1.500
9390,156.5,25,0,0,0,69|-8.700|28.500|1|1.500
9391,156.516666666667,25,0,0,0,69|-8.700|28.250|1|1.500
9392,156.533333333333,25,0,0,0,69|-8.400|28.000|1|1.500
9393,156.55,25,0,0,0,69|-8.100|27.750|1|1.500
9394,156.566666666667,25,0,0,0,69|-8.100|27.500|1|1.500
9395,156.583333333333,25,0,0,0,69|-7.800|27.250|1|1.500
9396,156.6,25,0,0,0,69|-7.500|27.000|1|1.500
9397,156.616666666667,25,0,0,0,69|-7.500|26.750|1|1.500
9398,156.633333333333,25,0,0,0,69|-7.500|26.500|1|1.500
9399,156.65,25,0,0,0,69|-7.500|26.250|1|1.500
9400,156.666666666667,25,0,0,0,69|-7.500|26.000|1|1.500
9401,156.683333333333,25,0,0,0,69|-7.500|25.750|1|1.500
9402,156.7,25,0,0,0,69|-7.200|25.500|1|1.500
9403,156.716666666667,25,0,0,0,69|-7.200|25.250|1|1.500
9404,156.733333333333,25,0,0,0,69|-6.900|25.000|1|1.500
9405,156.75,25,0,0,0,69|-6.900|24.750|1|1.500
9406,156.766666666667,25,0,0,0,69|-6.900|24.500|1|1.500
9407,156.783333333333,25,0,0,0,69|-6.600|24.250|1|1.500
9408,156.8,25,0,0,0,69|-6.600|24.000|1|1.500
9409,156.816666666667,25,0,0,0,69|-6.600|23.750|1|1.500
9410,156.833333333333,25,0,0,0,69|-6.600|23.500|1|1.500
9411,156.85,25,0,0,0,69|-6.600|23.250|1|1.500
9412,156.866666666667,25,0,0,0,69|-6.600|23.000|1|1.500
9413,156.883333333333,25,0,0,0,69|-6.600|22.750|1|1.500
9414,156.9,25,0,0,0,69|-6.600|22.500|1|1.500
9415,156.916666666667,25,0,0,0,69|-6.600|22.250|1|1.500
9416,156.933333333333,25,0,0,0,69|-6.300|22.000|1|1.500
9417,156.95,25,0,0,0,69|-6.300|21.750|1|1.500
9418,156.966666666667,25,0,0,0,69|-6.300|21.500|1|1.500
9419,156.983333333333,25,0,0,0,69|-6.300|21.250|1|1.500
9420,157,25,0,0,0,69|-6.300|21.000|1|1.500
9421,157.016666666667,25,0,0,0,69|-6.000|20.750|1|1.500
9422,157.033333333333,25,0,0,0,69|-6.000|20.500|1|1.500
9423,157.05,25,0,0,0,69|-5.700|20.250|1|1.500
9424,157.066666666667,25,0,0,0,69|-5.400|20.000|1|1.500
9425,157.083333333333,25,0,0,0,69|-5.400|19.750|1|1.500
9426,157.1,25,0,0,0,69|-5.400|19.500|1|1.500
9427,157.116666666667,25,0,0,0,69|-5.400|19.250|1|1.500
9428,157.133333333333,25,0,0,0,69|-5.400|19.000|1|1.500
9429,157.15,25,0,0,0,69|-5.400|18.750|1|1.500
9430,157.166666666667,25,0,0,0,69|-5.400|18.500|1|1.500
9431,157.183333333333,25,0,0,0,69|-5.400|18.250|1|1.500
9432,157.2,25,0,0,0,69|-5.100|18.000|1|1.500
9433,157.216666666667,25,0,0,0,69|-5.100|17.750|1|1.500
9434,157.233333333333,25,0,0,0,69|-5.100|17.500|1|1.500
9435,157.25,25,0,0,0,69|-5.100|17.250|1|1.500
9436,157.266666666667,25,0,0,0,69|-4.800|17.000|1|1.500
9437,157.283333333333,25,0,0,0,69|-4.500|16.750|1|1.500
9438,157.3,25,0,0,0,69|-4.500|16.500|1|1.500
9439,157.316666666667,25,0,0,0,69|-4.500|16.250|1|1.500
9440,157.333333333333,25,0,0,0,69|-4.500|16.000|1|1.500
9441,157.35,25,0,0,0,69|-4.500|15.750|1|1.500
9442,157.366666666667,25,0,0,0,69|-4.500|15.500|1|1.500
9443,157.383333333333,25,0,0,0,69|-4.500|15.250|1|1.500
9444,157.4,25,0,0,0,69|-4.200|15.000|1|1.500
9445,157.416666666667,25,0,0,0,69|-4.200|14.750|1|1.500
9446,157.433333333333,25,0,0,0,69|-3.900|14.500|1|1.500
9447,157.45,25,0,0,0,69|-3.900|14.250|1|1.500
9448,157.466666666667,25,0,0,0,69|-3.900|14.000|1|1.500
9449,157.483333333333,25,0,0,0,69|-3.600|13.750|1|1.500
9450,157.5,25,0,0,0,69|-3.600|13.500|1|1.500
9451,157.516666666667,25,0,0,0,69|-3.300|13.250|1|1.500
9452,157.533333333333,25,0,0,0,69|-3.300|13.000|1|1.500
9453,157.55,25,0,0,0,69|-3.000|12.750|1|1.500
9454,157.566666666667,25,0,0,0,69|-3.000|12.500|1|1.500
9455,157.583333333333,25,0,0,0,69|-3.000|12.250|1|1.500
9456,157.6,25,0,0,0,69|-3.000|12.000|1|1.500
9457,157.616666666667,25,0,0,0,69|-3.000|11.750|1|1.500
9458,157.633333333333,25,0,0,0,69|-2.700|11.500|1|1.500
9459,157.65,25,0,0,0,69|-2.700|11.250|1|1.500
9460,157.666666666667,25,0,0,0,69|-2.400|11.000|1|1.500
9461,157.683333333333,25,0,0,0,69|-2.400|10.750|1|1.500
9462,157.7,25,0,0,0,69|-2.400|10.500|1|1.500
9463,157.716666666667,25,0,0,0,69|-2.400|10.250|1|1.500
9464,157.733333333333,25,0,0,0,69|-2.400|10.000|1|1.500
9465,157.75,25,0,0,0,69|-2.400|9.750|1|1.500
9466,157.766666666667,25,0,0,0,69|-2.400|9.500|1|1.500
9467,157.783333333333,25,0,0,0,69|-2.400|9.250|1|1.500
9468,157.8,25,0,0,0,69|-2.400|9.000|1|1.500
9469,157.816666666667,25,0,0,0,69|-2.400|8.750|1|1.500
9470,157.833333333333,25,0,0,0,69|-2.400|8.500|1|1.500
9471,157.85,25,0,0,0,69|-2.400|8.250|1|1.500
9472,157.866666666667,25,0,0,0,69|-2.400|8.000|1|1.500
9473,157.883333333333,25,0,0,0,69|-2.400|7.750|1|1.500
9474,157.9,25,0,0,0,69|-2.400|7.500|1|1.500
9475,157.916666666667,25,0,0,0,69|-2.400|7.250|1|1.500
9476,157.933333333333,25,0,0,0,69|-2.400|7.000|1|1.500
9477,157.95,25,0,0,0,69|-2.400|6.750|1|1.500
9478,157.966666666667,25,0,0,0,69|-2.400|6.500|1|1.500
9479,157.983333333333,25,0,0,0,69|-2.400|6.250|1|1.500
9480,158,25,0,0,0,69|-2.400|6.000|1|1.500
9481,158.016666666667,25,0,0,0,69|-2.400|5.750|1|1.500
9482,158.033333333333,25,0,0,0,69|-2.400|5.500|1|1.500
9483,158.05,25,0,0,0,69|-2.100|5.250|1|1.500
9484,158.066666666667,25,0,0,0,69|-1.800|5.000|1|1.500
9485,158.083333333333,25,0,0,0,69|-1.800|4.750|1|1.500
9486,158.1,25,0,0,0,69|-1.800|4.500|1|1.500
9487,158.116666666667,25,0,0,0,69|-1.800|4.250|1|1.500
9488,158.133333333333,25,0,0,0,69|-1.500|4.000|1|1.500
9489,158.15,25,0,0,0,69|-1.500|3.750|1|1.500
9490,158.166666666667,25,0,0,0,69|-1.500|3.500|1|1.500
9491,158.183333333333,25,0,0,0,69|-1.200|3.250|1|1.500
9492,158.2,25,0,0,0,69|-0.900|3.000|1|1.500
9493,158.216666666667,25,0,0,0,69|-0.900|2.750|1|1.500
9494,158.233333333333,25,0,0,0,69|-0.900|2.500|1|1.500
9495,158.25,25,0,0,0,69|-0.900|2.250|1|1.500
9496,158.266666666667,25,0,0,0,69|-0.600|2.000|1|1.500
9497,158.283333333333,25,0,0,0,69|-0.600|1.750|1|1.500
9498,158.3,25,0,0,0,69|-0.600|1.500|1|1.500
9499,158.316666666667,25,0,0,0,69|-0.600|1.250|1|1.500
9500,158.333333333333,25,0,0,0,69|-0.600|1.000|1|1.500
9501,158.35,25,0,0,0,69|-0.300|0.750|1|1.500
9502,158.366666666667,25,0,0,0,69|-0.300|0.500|1|1.500
9503,158.383333333333,25,0,0,0,69|-0.300|0.250|1|1.500
9504,158.4,25,1,1,2,69|0.000|0.000|1|1.500
9505,158.416666666667,0,0,0,0,
9506,158.433333333333,0,0,0,0,
9507,158.45,0,0,0,0,
9508,158.466666666667,0,0,0,0,
9509,158.483333333333,0,0,0,0,
9510,158.5,0,0,0,0,
9511,158.516666666667,0,0,0,0,
9512,158.533333333333,0,0,0,0,
9513,158.55,0,0,0,0,
9514,158.566666666667,0,0,0,0,
9515,158.583333333333,0,0,0,0,
9516,158.6,0,0,0,0,
9517,158.616666666667,0,0,0,0,
9518,158.633333333333,0,0,0,0,
9519,158.65,0,0,0,0,
9520,158.666666666667,0,0,0,0,
9521,158.683333333333,0,0,0,0,
9522,158.7,0,0,0,0,
9523,158.716666666667,25,0,0,0,70|-8.850|29.750|1|1.500
9524,158.733333333333,25,0,0,0,70|-8.700|29.500|1|1.500
9525,158.75,25,0,0,0,70|-8.700|29.250|1|1.500
9526,158.766666666667,25,0,0,0,70|-8.700|29.000|1|1.500
9527,158.783333333333,25,0,0,0,70|-8.550|28.750|1|1.500
9528,158.8,25,0,0,0,70|-8.400|28.500|1|1.500
9529,158.816666666667,25,0,0,0,70|-8.250|28.250|1|1.500
9530,158.833333333333,25,0,0,0,70|-8.100|28.000|1|1.500
9531,158.85,25,0,0,0,70|-7.950|27.750|1|1.500
9532,158.866666666667,25,0,0,0,70|-7.950|27.500|1|1.500
9533,158.883333333333,25,0,0,0,70|-7.800|27.250|1|1.500
9534,158.9,25,0,0,0,70|-7.650|27.000|1|1.500
9535,158.916666666667,25,0,0,0,70|-7.650|26.750|1|1.500
9536,158.933333333333,25,0,0,0,70|-7.500|26.500|1|1.500
9537,158.95,25,0,0,0,70|-7.500|26.250|1|1.500
9538,158.966666666667,25,0,0,0,70|-7.500|26.000|1|1.500
9539,158.983333333333,25,0,0,0,70|-7.350|25.750|1|1.500
9540,159,25,0,0,0,70|-7.350|25.500|1|1.500
9541,159.016666666667,25,0,0,0,70|-7.200|25.250|1|1.500
9542,159.033333333333,25,0,0,0,70|-7.050|25.000|1|1.500
9543,159.05,25,0,0,0,70|-6.900|24.750|1|1.500
9544,159.066666666667,25,0,0,0,70|-6.750|24.500|1|1.500
9545,159.083333333333,25,0,0,0,70|-6.600|24.250|1|1.500
9546,159.1,25,0,0,0,70|-6.450|24.000|1|1.500
9547,159.116666666667,25,0,0,0,70|-6.300|23.750|1|1.500
9548,159.133333333333,25,0,0,0,70|-6.150|23.500|1|1.500
9549,159.15,25,0,0,0,70|-6.000|23.250|1|1.500
9550,159.166666666667,25,0,0,0,70|-5.850|23.000|1|1.500
9551,159.183333333333,25,0,0,0,70|-5.850|22.750|1|1.500
9552,159.2,25,0,0,0,70|-5.850|22.500|1|1.500
9553,159.216666666667,25,0,0,0,70|-5.850|22.250|1|1.500
9554,159.233333333333,25,0,0,0,70|-5.700|22.000|1|1.500
9555,159.25,25,0,0,0,70|-5.700|21.750|1|1.500
9556,159.266666666667,25,0,0,0,70|-5.550|21.500|1|1.500
9557,159.283333333333,25,0,0,0,70|-5.550|21.250|1|1.500
9558,159.3,25,0,0,0,70|-5.400|21.000|1|1.500
9559,159.316666666667,25,0,0,0,70|-5.250|20.750|1|1.500
9560,159.333333333333,25,0,0,0,70|-5.250|20.500|1|1.500
9561,159.35,25,0,0,0,70|-5.100|20.250|1|1.500
9562,159.366666666667,25,0,0,0,70|-4.950|20.000|1|1.500
9563,159.383333333333,25,0,0,0,70|-4.950|19.750|1|1.500
9564,159.4,25,0,0,0,70|-4.950|19.500|1|1.500
9565,159.416666666667,25,0,0,0,70|-4.950|19.250|1|1.500
9566,159.433333333333,25,0,0,0,70|-4.950|19.000|1|1.500
9567,159.45,25,0,0,0,70|-4.800|18.750|1|1.500
9568,159.466666666667,25,0,0,0,70|-4.800|18.500|1|1.500
9569,159.483333333333,25,0,0,0,70|-4.800|18.250|1|1.500
9570,159.5,25,0,0,0,70|-4.800|18.000|1|1.500
9571,159.516666666667,25,0,0,0,70|-4.800|17.750|1|1.500
9572,159.533333333333,25,0,0,0,70|-4.650|17.500|1|1.500
9573,159.55,25,0,0,0,70|-4.650|17.250|1|1.500
9574,159.566666666667,25,0,0,0,70|-4.500|17.000|1|1.500
9575,159.583333333333,25,0,0,0,70|-4.350|16.750|1|1.500
9576,159.6,25,0,0,0,70|-4.350|16.500|1|1.500
9577,159.616666666667,25,0,0,0,70|-4.350|16.250|1|1.500
9578,159.633333333333,25,0,0,0,70|-4.200|16.000|1|1.500
9579,159.65,25,0,0,0,70|-4.050|15.750|1|1.500
9580,159.666666666667,25,0,0,0,70|-4.050|15.500|1|1.500
9581,159.683333333333,25,0,0,0,70|-4.050|15.250|1|1.500
9582,159.7,25,0,0,0,70|-4.050|15.000|1|1.500
9583,159.716666666667,25,0,0,0,70|-4.050|14.750|1|1.500
9584,159.733333333333,25,0,0,0,70|-3.900|14.500|1|1.500
9585,159.75,25,0,0,0,70|-3.900|14.250|1|1.500
9586,159.766666666667,25,0,0,0,70|-3.900|14.000|1|1.500
9587,159.783333333333,25,0,0,0,70|-3.900|13.750|1|1.500
9588,159.8,25,0,0,0,70|-3.750|13.500|1|1.500
9589,159.816666666667,25,0,0,0,70|-3.750|13.250|1|1.500
9590,159.833333333333,25,0,0,0,70|-3.750|13.000|1|1.500
9591,159.85,25,0,0,0,70|-3.600|12.750|1|1.500
9592,159.866666666667,25,0,0,0,70|-3.450|12.500|1|1.500
9593,159.883333333333,25,0,0,0,70|-3.300|12.250|1|1.500
9594,159.9,25,0,0,0,70|-3.150|12.000|1|1.500
9595,159.916666666667,25,0,0,0,70|-3.150|11.750|1|1.500
9596,159.933333333333,25,0,0,0,70|-3.150|11.500|1|1.500
9597,159.95,25,0,0,0,70|-3.000|11.250|1|1.500
9598,159.966666666667,25,0,0,0,70|-3.000|11.000|1|1.500
9599,159.983333333333,25,0,0,0,70|-2.850|10.750|1|1.500
9600,160,25,0,0,0,70|-2.700|10.500|1|1.500
9601,160.016666666667,25,0,0,0,70|-2.550|10.250|1|1.500
9602,160.033333333333,25,0,0,0,70|-2.400|10.000|1|1.500
9603,160.05,25,0,0,0,70|-2.400|9.750|1|1.500
9604,160.066666666667,25,0,0,0,70|-2.400|9.500|1|1.500
9605,160.083333333333,25,0,0,0,70|-2.400|9.250|1|1.500
9606,160.1,25,0,0,0,70|-2.400|9.000|1|1.500
9607,160.116666666667,25,0,0,0,70|-2.250|8.750|1|1.500
9608,160.133333333333,25,0,0,0,70|-2.100|8.500|1|1.500
9609,160.15,25,0,0,0,70|-1.950|8.250|1|1.500
9610,160.166666666667,25,0,0,0,70|-1.800|8.000|1|1.500
9611,160.183333333333,25,0,0,0,70|-1.650|7.750|1|1.500
9612,160.2,25,0,0,0,70|-1.650|7.500|1|1.500
9613,160.216666666667,25,0,0,0,70|-1.650|7.250|1|1.500
9614,160.233333333333,25,0,0,0,70|-1.650|7.000|1|1.500
9615,160.25,25,0,0,0,70|-1.650|6.750|1|1.500
9616,160.266666666667,25,0,0,0,70|-1.500|6.500|1|1.500
9617,160.283333333333,25,0,0,0,70|-1.500|6.250|1|1.500
9618,160.3,25,0,0,0,70|-1.500|6.000|1|1.500
9619,160.316666666667,25,0,0,0,70|-1.500|5.750|1|1.500
9620,160.333333333333,25,0,0,0,70|-1.500|5.500|1|1.500
9621,160.35,25,0,0,0,70|-1.500|5.250|1|1.500
9622,160.366666666667,25,0,0,0,70|-1.500|5.000|1|1.500
9623,160.383333333333,25,0,0,0,70|-1.350|4.750|1|1.500
9624,160.4,25,0,0,0,70|-1.350|4.500|1|1.500
9625,160.416666666667,25,0,0,0,70|-1.200|4.250|1|1.500
9626,160.433333333333,25,0,0,0,70|-1.050|4.000|1|1.500
9627,160.45,25,0,0,0,70|-0.900|3.750|1|1.500
9628,160.466666666667,25,0,0,0,70|-0.750|3.500|1|1.500
9629,160.483333333333,25,0,0,0,70|-0.750|3.250|1|1.500
9630,160.5,25,0,0,0,70|-0.750|3.000|1|1.500
9631,160.516666666667,25,0,0,0,70|-0.750|2.750|1|1.500
9632,160.533333333333,25,0,0,0,70|-0.600|2.500|1|1.500
9633,160.55,25,0,0,0,70|-0.450|2.250|1|1.500
9634,160.566666666667,25,0,0,0,70|-0.450|2.000|1|1.500
9635,160.583333333333,25,0,0,0,70|-0.300|1.750|1|1.500
9636,160.6,25,0,0,0,70|-0.300|1.500|1|1.500
9637,160.616666666667,25,0,0,0,70|-0.300|1.250|1|1.500
9638,160.633333333333,25,0,0,0,70|-0.150|1.000|1|1.500
9639,160.65,25,0,0,0,70|0.000|0.750|1|1.500
9640,160.666666666667,25,0,0,0,70|0.000|0.500|1|1.500
9641,160.683333333333,25,0,0,0,70|0.000|0.250|1|1.500
9642,160.7,25,1,1,2,70|0.000|0.000|1|1.500
9643,160.716666666667,0,0,0,0,
9644,160.733333333333,0,0,0,0,
9645,160.75,0,0,0,0,
9646,160.766666666667,0,0,0,0,
9647,160.783333333333,0,0,0,0,
9648,160.8,0,0,0,0,
9649,160.816666666667,0,0,0,0,
9650,160.833333333333,0,0,0,0,
9651,160.85,0,0,0,0,
9652,160.866666666667,0,0,0,0,
9653,160.883333333333,0,0,0,0,
9654,160.9,0,0,0,0,
9655,160.916666666667,0,0,0,0,
9656,160.933333333333,0,0,0,0,
9657,160.95,0,0,0,0,
9658,160.966666666667,0,0,0,0,
9659,160.983333333333,0,0,0,0,
9660,161,0,0,0,0,
9661,161.016666666667,25,0,0,0,71|-15.000|29.750|1|1.500
9662,161.033333333333,25,0,0,0,71|-15.000|29.500|1|1.500
9663,161.05,25,0,0,0,71|-15.000|29.250|1|1.500
9664,161.066666666667,25,0,0,0,71|-15.000|29.000|1|1.500
9665,161.083333333333,25,0,0,0,71|-15.000|28.750|1|1.500
9666,161.1,25,0,0,0,71|-15.000|28.500|1|1.500
9667,161.116666666667,25,0,0,0,71|-15.000|28.250|1|1.500
9668,161.133333333333,25,0,0,0,71|-15.000|28.000|1|1.500
9669,161.15,25,0,0,0,71|-15.000|27.750|1|1.500
9670,161.166666666667,25,0,0,0,71|-15.000|27.500|1|1.500
9671,161.183333333333,25,0,0,0,71|-15.000|27.250|1|1.500
9672,161.2,25,0,0,0,71|-15.000|27.000|1|1.500
9673,161.216666666667,25,0,0,0,71|-15.000|26.750|1|1.500
9674,161.233333333333,25,0,0,0,71|-15.000|26.500|1|1.500
9675,161.25,25,0,0,0,71|-15.000|26.250|1|1.500
9676,161.266666666667,25,0,0,0,71|-15.000|26.000|1|1.500
9677,161.283333333333,25,0,0,0,71|-15.000|25.750|1|1.500
9678,161.3,25,0,0,0,71|-15.000|25.500|1|1.500
9679,161.316666666667,25,0,0,0,71|-15.000|25.250|1|1.500
9680,161.333333333333,25,0,0,0,71|-15.000|25.000|1|1.500
9681,161.35,25,0,0,0,71|-15.000|24.750|1|1.500
9682,161.366666666667,25,0,0,0,71|-15.000|24.500|1|1.500
9683,161.383333333333,25,0,0,0,71|-15.000|24.250|1|1.500
9684,161.4,25,0,0,0,71|-15.000|24.000|1|1.500
9685,161.416666666667,25,0,0,0,71|-15.000|23.750|1|1.500
9686,161.433333333333,25,0,0,0,71|-15.000|23.500|1|1.500
9687,161.45,25,0,0,0,71|-15.000|23.250|1|1.500
9688,161.466666666667,25,0,0,0,71|-15.000|23.000|1|1.500
9689,161.483333333333,25,0,0,0,71|-15.000|22.750|1|1.500
9690,161.5,25,0,0,0,71|-15.000|22.500|1|1.500
9691,161.516666666667,25,0,0,0,71|-15.000|22.250|1|1.500
9692,161.533333333333,25,0,0,0,71|-15.000|22.000|1|1.500
9693,161.55,25,0,0,0,71|-15.000|21.750|1|1.500
9694,161.566666666667,25,0,0,0,71|-15.000|21.500|1|1.500
9695,161.583333333333,25,0,0,0,71|-15.000|21.250|1|1.500
9696,161.6,25,0,0,0,71|-15.000|21.000|1|1.500
9697,161.616666666667,25,0,0,0,71|-15.000|20.750|1|1.500
9698,161.633333333333,25,0,0,0,71|-15.000|20.500|1|1.500
9699,161.65,25,0,0,0,71|-15.000|20.250|1|1.500
9700,161.666666666667,25,0,0,0,71|-15.000|20.000|1|1.500
9701,161.683333333333,25,0,0,0,71|-15.000|19.750|1|1.500
9702,161.7,25,0,0,0,71|-15.000|19.500|1|1.500
9703,161.716666666667,25,0,0,0,71|-15.000|19.250|1|1.500
9704,161.733333333333,25,0,0,0,71|-15.000|19.000|1|1.500
9705,161.75,25,0,0,0,71|-15.000|18.750|1|1.500
9706,161.766666666667,25,0,0,0,71|-15.000|18.500|1|1.500
9707,161.783333333333,25,0,0,0,71|-15.000|18.250|1|1.500
9708,161.8,25,0,0,0,71|-15.000|18.000|1|1.500
9709,161.816666666667,25,0,0,0,71|-15.000|17.750|1|1.500
9710,161.833333333333,25,0,0,0,71|-15.000|17.500|1|1.500
9711,161.85,25,0,0,0,71|-15.000|17.250|1|1.500
9712,161.866666666667,25,0,0,0,71|-15.000|17.000|1|1.500
9713,161.883333333333,25,0,0,0,71|-15.000|16.750|1|1.500
9714,161.9,25,0,0,0,71|-15.000|16.500|1|1.500
9715,161.916666666667,25,0,0,0,71|-15.000|16.250|1|1.500
9716,161.933333333333,25,0,0,0,71|-15.000|16.000|1|1.500
9717,161.95,25,0,0,0,71|-15.000|15.750|1|1.500
9718,161.966666666667,25,0,0,0,71|-15.000|15.500|1|1.500
9719,161.983333333333,25,0,0,0,71|-15.000|15.250|1|1.500
9720,162,25,0,0,0,71|-15.000|15.000|1|1.500
9721,162.016666666667,25,0,0,0,71|-15.000|14.750|1|1.500
9722,162.033333333333,25,0,0,0,71|-15.000|14.500|1|1.500
9723,162.05,25,0,0,0,71|-15.000|14.250|1|1.500
9724,162.066666666667,25,0,0,0,71|-15.000|14.000|1|1.500
9725,162.083333333333,25,0,0,0,71|-15.000|13.750|1|1.500
9726,162.1,25,0,0,0,71|-15.000|13.500|1|1.500
9727,162.116666666667,25,0,0,0,71|-15.000|13.250|1|1.500
9728,162.133333333333,25,0,0,0,71|-15.000|13.000|1|1.500
9729,162.15,25,0,0,0,71|-15.000|12.750|1|1.500
9730,162.166666666667,25,0,0,0,71|-15.000|12.500|1|1.500
9731,162.183333333333,25,0,0,0,71|-15.000|12.250|1|1.500
9732,162.2,25,0,0,0,71|-15.000|12.000|1|1.500
9733,162.216666666667,25,0,0,0,71|-15.000|11.750|1|1.500
9734,162.233333333333,25,0,0,0,71|-15.000|11.500|1|1.500
9735,162.25,25,0,0,0,71|-15.000|11.250|1|1.500
9736,162.266666666667,25,0,0,0,71|-15.000|11.000|1|1.500
9737,162.283333333333,25,0,0,0,71|-15.000|10.750|1|1.500
9738,162.3,25,0,0,0,71|-15.000|10.500|1|1.500
9739,162.316666666667,25,0,0,0,71|-15.000|10.250|1|1.500
9740,162.333333333333,25,0,0,0,71|-15.000|10.000|1|1.500
9741,162.35,25,0,0,0,71|-15.000|9.750|1|1.500
9742,162.366666666667,25,0,0,0,71|-15.000|9.500|1|1.500
9743,162.383333333333,25,0,0,0,71|-15.000|9.250|1|1.500
9744,162.4,25,0,0,0,71|-15.000|9.000|1|1.500
9745,162.416666666667,25,0,0,0,71|-15.000|8.750|1|1.500
9746,162.433333333333,25,0,0,0,71|-15.000|8.500|1|1.500
9747,162.45,25,0,0,0,71|-15.000|8.250|1|1.500
9748,162.466666666667,25,0,0,0,71|-15.000|8.000|1|1.500
9749,162.483333333333,25,0,0,0,71|-15.000|7.750|1|1.500
9750,162.5,25,0,0,0,71|-15.000|7.500|1|1.500
9751,162.516666666667,25,0,0,0,71|-15.000|7.250|1|1.500
9752,162.533333333333,25,0,0,0,71|-15.000|7.000|1|1.500
9753,162.55,25,0,0,0,71|-15.000|6.750|1|1.500
9754,162.566666666667,25,0,0,0,71|-15.000|6.500|1|1.500
9755,162.583333333333,25,0,0,0,71|-15.000|6.250|1|1.500
9756,162.6,25,0,0,0,71|-15.000|6.000|1|1.500
9757,162.616666666667,25,0,0,0,71|-15.000|5.750|1|1.500
9758,162.633333333333,25,0,0,0,71|-15.000|5.500|1|1.500
9759,162.65,25,0,0,0,71|-15.000|5.250|1|1.500
9760,162.666666666667,25,0,0,0,71|-15.000|5.000|1|1.500
9761,162.683333333333,25,0,0,0,71|-15.000|4.750|1|1.500
9762,162.7,25,0,0,0,71|-15.000|4.500|1|1.500
9763,162.716666666667,25,0,0,0,71|-15.000|4.250|1|1.500
9764,162.733333333333,25,0,0,0,71|-15.000|4.000|1|1.500
9765,162.75,25,0,0,0,71|-15.000|3.750|1|1.500
9766,162.766666666667,25,0,0,0,71|-15.000|3.500|1|1.500
9767,162.783333333333,25,0,0,0,71|-15.000|3.250|1|1.500
9768,162.8,25,0,0,0,71|-15.000|3.000|1|1.500
9769,162.816666666667,25,0,0,0,71|-15.000|2.750|1|1.500
9770,162.833333333333,25,0,0,0,71|-15.000|2.500|1|1.500
9771,162.85,25,0,0,0,71|-15.000|2.250|1|1.500
9772,162.866666666667,25,0,0,0,71|-15.000|2.000|1|1.500
9773,162.883333333333,25,0,0,0,71|-15.000|1.750|1|1.500
9774,162.9,25,0,0,0,71|-15.000|1.500|1|1.500
9775,162.916666666667,25,0,0,0,71|-15.000|1.250|1|1.500
9776,162.933333333333,25,0,0,0,71|-15.000|1.000|1|1.500
9777,162.95,25,0,0,0,71|-15.000|0.750|1|1.500
9778,162.966666666667,25,0,0,0,71|-15.000|0.500|1|1.500
9779,162.983333333333,25,0,0,0,71|-15.000|0.250|1|1.500
9780,163,25,0,1.5,0,71|-15.000|0.000|1|1.500
9781,163.016666666667,0,0,0,0,
9782,163.033333333333,0,0,0,0,
9783,163.05,0,0,0,0,
9784,163.066666666667,0,0,0,0,
9785,163.083333333333,0,0,0,0,
9786,163.1,0,0,0,0,
9787,163.116666666667,0,0,0,0,
9788,163.133333333333,0,0,0,0,
9789,163.15,0,0,0,0,
9790,163.166666666667,0,0,0,0,
9791,163.183333333333,0,0,0,0,
9792,163.2,0,0,0,0,
9793,163.216666666667,0,0,0,0,
9794,163.233333333333,0,0,0,0,
9795,163.25,0,0,0,0,
9796,163.266666666667,0,0,0,0,
9797,163.283333333333,0,0,0,0,
9798,163.3,0,0,0,0,
9799,163.316666666667,25,0,0,0,72|-15.000|29.750|1|1.500
9800,163.333333333333,25,0,0,0,72|-15.000|29.500|1|1.500
9801,163.35,25,0,0,0,72|-15.000|29.250|1|1.500
9802,163.366666666667,25,0,0,0,72|-15.000|29.000|1|1.500
9803,163.383333333333,25,0,0,0,72|-15.000|28.750|1|1.500
9804,163.4,25,0,0,0,72|-15.000|28.500|1|1.500
9805,163.416666666667,25,0,0,0,72|-15.000|28.250|1|1.500
9806,163.433333333333,25,0,0,0,72|-15.000|28.000|1|1.500
9807,163.45,25,0,0,0,72|-15.000|27.750|1|1.500
9808,163.466666666667,25,0,0,0,72|-15.000|27.500|1|1.500
9809,163.483333333333,25,0,0,0,72|-15.000|27.250|1|1.500
9810,163.5,25,0,0,0,72|-15.000|27.000|1|1.500
9811,163.516666666667,25,0,0,0,72|-15.000|26.750|1|1.500
9812,163.533333333333,25,0,0,0,72|-15.000|26.500|1|1.500
9813,163.55,25,0,0,0,72|-15.000|26.250|1|1.500
9814,163.566666666667,25,0,0,0,72|-15.000|26.000|1|1.500
9815,163.583333333333,25,0,0,0,72|-15.000|25.750|1|1.500
9816,163.6,25,0,0,0,72|-15.000|25.500|1|1.500
9817,163.616666666667,25,0,0,0,72|-15.000|25.250|1|1.500
9818,163.633333333333,25,0,0,0,72|-15.000|25.000|1|1.500
9819,163.65,25,0,0,0,72|-15.000|24.750|1|1.500
9820,163.666666666667,25,0,0,0,72|-15.000|24.500|1|1.500
9821,163.683333333333,25,0,0,0,72|-15.000|24.250|1|1.500
9822,163.7,25,0,0,0,72|-15.000|24.000|1|1.500
9823,163.716666666667,25,0,0,0,72|-15.000|23.750|1|1.500
9824,163.733333333333,25,0,0,0,72|-15.000|23.500|1|1.500
9825,163.75,25,0,0,0,72|-15.000|23.250|1|1.500
9826,163.766666666667,25,0,0,0,72|-15.000|23.000|1|1.500
9827,163.783333333333,25,0,0,0,72|-15.000|22.750|1|1.500
9828,163.8,25,0,0,0,72|-15.000|22.500|1|1.500
9829,163.816666666667,25,0,0,0,72|-15.000|22.250|1|1.500
9830,163.833333333333,25,0,0,0,72|-15.000|22.000|1|1.500
9831,163.85,25,0,0,0,72|-15.000|21.750|1|1.500
9832,163.866666666667,25,0,0,0,72|-15.000|21.500|1|1.500
9833,163.883333333333,25,0,0,0,72|-15.000|21.250|1|1.500
9834,163.9,25,0,0,0,72|-15.000|21.000|1|1.500
9835,163.916666666667,25,0,0,0,72|-15.000|20.750|1|1.500
9836,163.933333333333,25,0,0,0,72|-15.000|20.500|1|1.500
9837,163.95,25,0,0,0,72|-15.000|20.250|1|1.500
9838,163.966666666667,25,0,0,0,72|-15.000|20.000|1|1.500
9839,163.983333333333,25,0,0,0,72|-15.000|19.750|1|1.500
9840,164,25,0,0,0,72|-15.000|19.500|1|1.500
9841,164.016666666667,25,0,0,0,72|-15.000|19.250|1|1.500
9842,164.033333333333,25,0,0,0,72|-15.000|19.000|1|1.500
9843,164.05,25,0,0,0,72|-15.000|18.750|1|1.500
9844,164.066666666667,25,0,0,0,72|-15.000|18.500|1|1.500
9845,164.083333333333,25,0,0,0,72|-15.000|18.250|1|1.500
9846,164.1,25,0,0,0,72|-15.000|18.000|1|1.500
9847,164.116666666667,25,0,0,0,72|-15.000|17.750|1|1.500
9848,164.133333333333,25,0,0,0,72|-15.000|17.500|1|1.500
9849,164.15,25,0,0,0,72|-15.000|17.250|1|1.500
9850,164.166666666667,25,0,0,0,72|-15.000|17.000|1|1.500
9851,164.183333333333,25,0,0,0,72|-15.000|16.750|1|1.500
9852,164.2,25,0,0,0,72|-15.000|16.500|1|1.500
9853,164.216666666667,25,0,0,0,72|-15.000|16.250|1|1.500
9854,164.233333333333,25,0,0,0,72|-15.000|16.000|1|1.500
9855,164.25,25,0,0,0,72|-15.000|15.750|1|1.500
9856,164.266666666667,25,0,0,0,72|-15.000|15.500|1|1.500
9857,164.283333333333,25,0,0,0,72|-15.000|15.250|1|1.500
9858,164.3,25,0,0,0,72|-15.000|15.000|1|1.500
9859,164.316666666667,25,0,0,0,72|-15.000|14.750|1|1.500
9860,164.333333333333,25,0,0,0,72|-15.000|14.500|1|1.500
9861,164.35,25,0,0,0,72|-15.000|14.250|1|1.500
9862,164.366666666667,25,0,0,0,72|-15.000|14.000|1|1.500
9863,164.383333333333,25,0,0,0,72|-15.000|13.750|1|1.500
9864,164.4,25,0,0,0,72|-15.000|13.500|1|1.500
9865,164.416666666667,25,0,0,0,72|-15.000|13.250|1|1.500
9866,164.433333333333,25,0,0,0,72|-15.000|13.000|1|1.500
9867,164.45,25,0,0,0,72|-15.000|12.750|1|1.500
9868,164.466666666667,25,0,0,0,72|-15.000|12.500|1|1.500
9869,164.483333333333,25,0,0,0,72|-15.000|12.250|1|1.500
9870,164.5,25,0,0,0,72|-15.000|12.000|1|1.500
9871,164.516666666667,25,0,0,0,72|-15.000|11.750|1|1.500
9872,164.533333333333,25,0,0,0,72|-15.000|11.500|1|1.500
9873,164.55,25,0,0,0,72|-15.000|11.250|1|1.500
9874,164.566666666667,25,0,0,0,72|-15.000|11.000|1|1.500
9875,164.583333333333,25,0,0,0,72|-15.000|10.750|1|1.500
9876,164.6,25,0,0,0,72|-15.000|10.500|1|1.500
9877,164.616666666667,25,0,0,0,72|-15.000|10.250|1|1.500
9878,164.633333333333,25,0,0,0,72|-15.000|10.000|1|1.500
9879,164.65,25,0,0,0,72|-15.000|9.750|1|1.500
9880,164.666666666667,25,0,0,0,72|-15.000|9.500|1|1.500
9881,164.683333333333,25,0,0,0,72|-15.000|9.250|1|1.500
9882,164.7,25,0,0,0,72|-15.000|9.000|1|1.500
9883,164.716666666667,25,0,0,0,72|-15.000|8.750|1|1.500
9884,164.733333333333,25,0,0,0,72|-15.000|8.500|1|1.500
9885,164.75,25,0,0,0,72|-15.000|8.250|1|1.500
9886,164.766666666667,25,0,0,0,72|-15.000|8.000|1|1.500
9887,164.783333333333,25,0,0,0,72|-15.000|7.750|1|1.500
9888,164.8,25,0,0,0,72|-15.000|7.500|1|1.500
9889,164.816666666667,25,0,0,0,72|-15.000|7.250|1|1.500
9890,164.833333333333,25,0,0,0,72|-15.000|7.000|1|1.500
9891,164.85,25,0,0,0,72|-15.000|6.750|1|1.500
9892,164.866666666667,25,0,0,0,72|-15.000|6.500|1|1.500
9893,164.883333333333,25,0,0,0,72|-15.000|6.250|1|1.500
9894,164.9,25,0,0,0,72|-15.000|6.000|1|1.500
9895,164.916666666667,25,0,0,0,72|-15.000|5.750|1|1.500
9896,164.933333333333,25,0,0,0,72|-15.000|5.500|1|1.500
9897,164.95,25,0,0,0,72|-15.000|5.250|1|1.500
9898,164.966666666667,25,0,0,0,72|-15.000|5.000|1|1.500
9899,164.983333333333,25,0,0,0,72|-15.000|4.750|1|1.500
9900,165,25,0,0,0,72|-15.000|4.500|1|1.500
9901,165.016666666667,25,0,0,0,72|-15.000|4.250|1|1.500
9902,165.033333333333,25,0,0,0,72|-15.000|4.000|1|1.500
9903,165.05,25,0,0,0,72|-15.000|3.750|1|1.500
9904,165.066666666667,25,0,0,0,72|-15.000|3.500|1|1.500
9905,165.083333333333,25,0,0,0,72|-15.000|3.250|1|1.500
9906,165.1,25,0,0,0,72|-15.000|3.000|1|1.500
9907,165.116666666667,25,0,0,0,72|-15.000|2.750|1|1.500
9908,165.133333333333,25,0,0,0,72|-15.000|2.500|1|1.500
9909,165.15,25,0,0,0,72|-15.000|2.250|1|1.500
9910,165.166666666667,25,0,0,0,72|-15.000|2.000|1|1.500
9911,165.183333333333,25,0,0,0,72|-15.000|1.750|1|1.500
9912,165.2,25,0,0,0,72|-15.000|1.500|1|1.500
9913,165.216666666667,25,0,0,0,72|-15.000|1.250|1|1.500
9914,165.233333333333,25,0,0,0,72|-15.000|1.000|1|1.500
9915,165.25,25,0,0,0,72|-15.000|0.750|1|1.500
9916,165.266666666667,25,0,0,0,72|-15.000|0.500|1|1.500
9917,165.283333333333,25,0,0,0,72|-15.000|0.250|1|1.500
9918,165.3,25,0,1.5,0,72|-15.000|0.000|1|1.500
9919,165.316666666667,0,0,0,0,
9920,165.333333333333,0,0,0,0,
9921,165.35,0,0,0,0,
9922,165.366666666667,0,0,0,0,
9923,165.383333333333,0,0,0,0,
9924,165.4,0,0,0,0,
9925,165.416666666667,0,0,0,0,
9926,165.433333333333,0,0,0,0,
9927,165.45,0,0,0,0,
9928,165.466666666667,0,0,0,0,
9929,165.483333333333,0,0,0,0,
9930,165.5,0,0,0,0,
9931,165.516666666667,0,0,0,0,
9932,165.533333333333,0,0,0,0,
9933,165.55,0,0,0,0,
9934,165.566666666667,0,0,0,0,
9935,165.583333333333,0,0,0,0,
9936,165.6,0,0,0,0,
9937,165.616666666667,25,0,0,0,73|-6.000|29.750|1|3.000
9938,165.633333333333,25,0,0,0,73|-6.000|29.500|1|3.000
9939,165.65,25,0,0,0,73|-6.000|29.250|1|3.000
9940,165.666666666667,25,0,0,0,73|-6.000|29.000|1|3.000
9941,165.683333333333,25,0,0,0,73|-6.000|28.750|1|3.000
9942,165.7,25,0,0,0,73|-6.000|28.500|1|3.000
9943,165.716666666667,25,0,0,0,73|-6.000|28.250|1|3.000
9944,165.733333333333,25,0,0,0,73|-6.000|28.000|1|3.000
9945,165.75,25,0,0,0,73|-6.000|27.750|1|3.000
9946,165.766666666667,25,0,0,0,73|-6.000|27.500|1|3.000
9947,165.783333333333,25,0,0,0,73|-6.000|27.250|1|3.000
9948,165.8,25,0,0,0,73|-6.000|27.000|1|3.000
9949,165.816666666667,25,0,0,0,73|-6.000|26.750|1|3.000
9950,165.833333333333,25,0,0,0,73|-6.000|26.500|1|3.000
9951,165.85,25,0,0,0,73|-6.000|26.250|1|3.000
9952,165.866666666667,25,0,0,0,73|-6.000|26.000|1|3.000
9953,165.883333333333,25,0,0,0,73|-6.000|25.750|1|3.000
9954,165.9,25,0,0,0,73|-6.000|25.500|1|3.000
9955,165.916666666667,25,0,0,0,73|-6.000|25.250|1|3.000
9956,165.933333333333,25,0,0,0,73|-6.000|25.000|1|3.000
9957,165.95,25,0,0,0,73|-6.000|24.750|1|3.000
9958,165.966666666667,25,0,0,0,73|-6.000|24.500|1|3.000
9959,165.983333333333,25,0,0,0,73|-6.000|24.250|1|3.000
9960,166,25,0,0,0,73|-6.000|24.000|1|3.000
9961,166.016666666667,25,0,0,0,73|-6.000|23.750|1|3.000
9962,166.033333333333,25,0,0,0,73|-6.000|23.500|1|3.000
9963,166.05,25,0,0,0,73|-6.000|23.250|1|3.000
9964,166.066666666667,25,0,0,0,73|-6.000|23.000|1|3.000
9965,166.083333333333,25,0,0,0,73|-6.000|22.750|1|3.000
9966,166.1,25,0,0,0,73|-6.000|22.500|1|3.000
9967,166.116666666667,25,0,0,0,73|-6.000|22.250|1|3.000
9968,166.133333333333,25,0,0,0,73|-6.000|22.000|1|3.000
9969,166.15,25,0,0,0,73|-6.000|21.750|1|3.000
9970,166.166666666667,25,0,0,0,73|-6.000|21.500|1|3.000
9971,166.183333333333,25,0,0,0,73|-6.000|21.250|1|3.000
9972,166.2,25,0,0,0,73|-6.000|21.000|1|3.000
9973,166.216666666667,25,0,0,0,73|-6.000|20.750|1|3.000
9974,166.233333333333,25,0,0,0,73|-6.000|20.500|1|3.000
9975,166.25,25,0,0,0,73|-6.000|20.250|1|3.000
9976,166.266666666667,25,0,0,0,73|-6.000|20.000|1|3.000
9977,166.283333333333,25,0,0,0,73|-6.000|19.750|1|3.000
9978,166.3,25,0,0,0,73|-6.000|19.500|1|3.000
9979,166.316666666667,25,0,0,0,73|-6.000|19.250|1|3.000
9980,166.333333333333,25,0,0,0,73|-6.000|19.000|1|3.000
9981,166.35,25,0,0,0,73|-6.000|18.750|1|3.000
9982,166.366666666667,25,0,0,0,73|-6.000|18.500|1|3.000
9983,166.383333333333,25,0,0,0,73|-6.000|18.250|1|3.000
9984,166.4,25,0,0,0,73|-6.000|18.000|1|3.000
9985,166.416666666667,25,0,0,0,73|-6.000|17.750|1|3.000
9986,166.433333333333,25,0,0,0,73|-6.000|17.500|1|3.000
9987,166.45,25,0,0,0,73|-6.000|17.250|1|3.000
9988,166.466666666667,25,0,0,0,73|-6.000|17.000|1|3.000
9989,166.483333333333,25,0,0,0,73|-6.000|16.750|1|3.000
9990,166.5,25,0,0,0,73|-6.000|16.500|1|3.000
9991,166.516666666667,25,0,0,0,73|-6.000|16.250|1|3.000
9992,166.533333333333,25,0,0,0,73|-6.000|16.000|1|3.000
9993,166.55,25,0,0,0,73|-6.000|15.750|1|3.000
9994,166.566666666667,25,0,0,0,73|-6.000|15.500|1|3.000
9995,166.583333333333,25,0,0,0,73|-6.000|15.250|1|3.000
9996,166.6,25,0,0,0,73|-6.000|15.000|1|3.000
9997,166.616666666667,25,0,0,0,73|-6.000|14.750|1|3.000
9998,166.633333333333,25,0,0,0,73|-6.000|14.500|1|3.000
9999,166.65,25,0,0,0,73|-6.000|14.250|1|3.000
10000,166.666666666667,25,0,0,0,73|-6.000|14.000|1|3.000
10001,166.683333333333,25,0,0,0,73|-6.000|13.750|1|3.000
10002,166.7,25,0,0,0,73|-6.000|13.500|1|3.000
10003,166.716666666667,25,0,0,0,73|-6.000|13.250|1|3.000
10004,166.733333333333,25,0,0,0,73|-6.000|13.000|1|3.000
10005,166.75,25,0,0,0,73|-6.000|12.750|1|3.000
10006,166.766666666667,25,0,0,0,73|-6.000|12.500|1|3.000
10007,166.783333333333,25,0,0,0,73|-6.000|12.250|1|3.000
10008,166.8,25,0,0,0,73|-6.000|12.000|1|3.000
10009,166.816666666667,25,0,0,0,73|-6.000|11.750|1|3.000
10010,166.833333333333,25,0,0,0,73|-6.000|11.500|1|3.000
10011,166.85,25,0,0,0,73|-6.000|11.250|1|3.000
10012,166.866666666667,25,0,0,0,73|-6.000|11.000|1|3.000
10013,166.883333333333,25,0,0,0,73|-6.000|10.750|1|3.000
10014,166.9,25,0,0,0,73|-6.000|10.500|1|3.000
10015,166.916666666667,25,0,0,0,73|-6.000|10.250|1|3.000
10016,166.933333333333,25,0,0,0,73|-6.000|10.000|1|3.000
10017,166.95,25,0,0,0,73|-6.000|9.750|1|3.000
10018,166.966666666667,25,0,0,0,73|-6.000|9.500|1|3.000
10019,166.983333333333,25,0,0,0,73|-6.000|9.250|1|3.000
10020,167,25,0,0,0,73|-6.000|9.000|1|3.000
10021,167.016666666667,25,0,0,0,73|-6.000|8.750|1|3.000
10022,167.033333333333,25,0,0,0,73|-6.000|8.500|1|3.000
10023,167.05,25,0,0,0,73|-6.000|8.250|1|3.000
10024,167.066666666667,25,0,0,0,73|-6.000|8.000|1|3.000
10025,167.083333333333,25,0,0,0,73|-6.000|7.750|1|3.000
10026,167.1,25,0,0,0,73|-6.000|7.500|1|3.000
10027,167.116666666667,25,0,0,0,73|-6.000|7.250|1|3.000
10028,167.133333333333,25,0,0,0,73|-6.000|7.000|1|3.000
10029,167.15,25,0,0,0,73|-6.000|6.750|1|3.000
10030,167.166666666667,25,0,0,0,73|-6.000|6.500|1|3.000
10031,167.183333333333,25,0,0,0,73|-6.000|6.250|1|3.000
10032,167.2,25,0,0,0,73|-6.000|6.000|1|3.000
10033,167.216666666667,25,0,0,0,73|-6.000|5.750|1|3.000
10034,167.233333333333,25,0,0,0,73|-6.000|5.500|1|3.000
10035,167.25,25,0,0,0,73|-6.000|5.250|1|3.000
10036,167.266666666667,25,0,0,0,73|-6.000|5.000|1|3.000
10037,167.283333333333,25,0,0,0,73|-6.000|4.750|1|3.000
10038,167.3,25,0,0,0,73|-6.000|4.500|1|3.000
10039,167.316666666667,25,0,0,0,73|-6.000|4.250|1|3.000
10040,167.333333333333,25,0,0,0,73|-6.000|4.000|1|3.000
10041,167.35,25,0,0,0,73|-6.000|3.750|1|3.000
10042,167.366666666667,25,0,0,0,73|-6.000|3.500|1|3.000
10043,167.383333333333,25,0,0,0,73|-6.000|3.250|1|3.000
10044,167.4,25,0,0,0,73|-6.000|3.000|1|3.000
10045,167.416666666667,25,0,0,0,73|-6.000|2.750|1|3.000
10046,167.433333333333,25,0,0,0,73|-6.000|2.500|1|3.000
10047,167.45,25,0,0,0,73|-6.000|2.250|1|3.000
10048,167.466666666667,25,0,0,0,73|-6.000|2.000|1|3.000
10049,167.483333333333,25,0,0,0,73|-6.000|1.750|1|3.000
10050,167.5,25,0,0,0,73|-6.000|1.500|1|3.000
10051,167.516666666667,25,0,0,0,73|-6.000|1.250|1|3.000
10052,167.533333333333,25,0,0,0,73|-6.000|1.000|1|3.000
10053,167.55,25,0,0,0,73|-6.000|0.750|1|3.000
10054,167.566666666667,25,0,0,0,73|-6.000|0.500|1|3.000
10055,167.583333333333,25,0,0,0,73|-6.000|0.250|1|3.000
10056,167.6,25,0,1,0,73|-6.000|0.000|1|3.000
10057,167.616666666667,0,0,0,0,
10058,167.633333333333,0,0,0,0,
10059,167.65,0,0,0,0,
10060,167.666666666667,0,0,0,0,
10061,167.683333333333,0,0,0,0,
10062,167.7,0,0,0,0,
10063,167.716666666667,0,0,0,0,
10064,167.733333333333,0,0,0,0,
10065,167.75,0,0,0,0,
10066,167.766666666667,0,0,0,0,
10067,167.783333333333,0,0,0,0,
10068,167.8,0,0,0,0,
10069,167.816666666667,0,0,0,0,
10070,167.833333333333,0,0,0,0,
10071,167.85,0,0,0,0,
10072,167.866666666667,0,0,0,0,
10073,167.883333333333,0,0,0,0,
10074,167.9,0,0,0,0,
10075,167.916666666667,25,0,0,0,74|15.000|29.750|1|1.500
10076,167.933333333333,25,0,0,0,74|15.000|29.500|1|1.500
10077,167.95,25,0,0,0,74|15.000|29.250|1|1.500
10078,167.966666666667,25,0,0,0,74|15.000|29.000|1|1.500
10079,167.983333333333,25,0,0,0,74|14.750|28.750|1|1.500
10080,168,25,0,0,0,74|14.750|28.500|1|1.500
10081,168.016666666667,25,0,0,0,74|14.500|28.250|1|1.500
10082,168.033333333333,25,0,0,0,74|14.250|28.000|1|1.500
10083,168.05,25,0,0,0,74|14.250|27.750|1|1.500
10084,168.066666666667,25,0,0,0,74|14.000|27.500|1|1.500
10085,168.083333333333,25,0,0,0,74|13.750|27.250|1|1.500
10086,168.1,25,0,0,0,74|13.500|27.000|1|1.500
10087,168.116666666667,25,0,0,0,74|13.500|26.750|1|1.500
10088,168.133333333333,25,0,0,0,74|13.500|26.500|1|1.500
10089,168.15,25,0,0,0,74|13.500|26.250|1|1.500
10090,168.166666666667,25,0,0,0,74|13.500|26.000|1|1.500
10091,168.183333333333,25,0,0,0,74|13.500|25.750|1|1.500
10092,168.2,25,0,0,0,74|13.500|25.500|1|1.500
10093,168.216666666667,25,0,0,0,74|13.250|25.250|1|1.500
10094,168.233333333333,25,0,0,0,74|13.250|25.000|1|1.500
10095,168.25,25,0,0,0,74|13.250|24.750|1|1.500
10096,168.266666666667,25,0,0,0,74|13.000|24.500|1|1.500
10097,168.283333333333,25,0,0,0,74|12.750|24.250|1|1.500
10098,168.3,25,0,0,0,74|12.750|24.000|1|1.500
10099,168.316666666667,25,0,0,0,74|12.500|23.750|1|1.500
10100,168.333333333333,25,0,0,0,74|12.500|23.500|1|1.500
10101,168.35,25,0,0,0,74|12.250|23.250|1|1.500
10102,168.366666666667,25,0,0,0,74|12.250|23.000|1|1.500
10103,168.383333333333,25,0,0,0,74|12.000|22.750|1|1.500
10104,168.4,25,0,0,0,74|11.750|22.500|1|1.500
10105,168.416666666667,25,0,0,0,74|11.750|22.250|1|1.500
10106,168.433333333333,25,0,0,0,74|11.500|22.000|1|1.500
10107,168.45,25,0,0,0,74|11.250|21.750|1|1.500
10108,168.466666666667,25,0,0,0,74|11.250|21.500|1|1.500
10109,168.483333333333,25,0,0,0,74|11.000|21.250|1|1.500
10110,168.5,25,0,0,0,74|10.750|21.000|1|1.500
10111,168.516666666667,25,0,0,0,74|10.750|20.750|1|1.500
10112,168.533333333333,25,0,0,0,74|10.500|20.500|1|1.500
10113,168.55,25,0,0,0,74|10.500|20.250|1|1.500
10114,168.566666666667,25,0,0,0,74|10.500|20.000|1|1.500
10115,168.583333333333,25,0,0,0,74|10.250|19.750|1|1.500
10116,168.6,25,0,0,0,74|10.250|19.500|1|1.500
10117,168.616666666667,25,0,0,0,74|10.250|19.250|1|1.500
10118,168.633333333333,25,0,0,0,74|10.250|19.000|1|1.500
10119,168.65,25,0,0,0,74|10.250|18.750|1|1.500
10120,168.666666666667,25,0,0,0,74|10.250|18.500|1|1.500
10121,168.683333333333,25,0,0,0,74|10.250|18.250|1|1.500
10122,168.7,25,0,0,0,74|10.000|18.000|1|1.500
10123,168.716666666667,25,0,0,0,74|9.750|17.750|1|1.500
10124,168.733333333333,25,0,0,0,74|9.500|17.500|1|1.500
10125,168.75,25,0,0,0,74|9.250|17.250|1|1.500
10126,168.766666666667,25,0,0,0,74|9.000|17.000|1|1.500
10127,168.783333333333,25,0,0,0,74|9.000|16.750|1|1.500
10128,168.8,25,0,0,0,74|9.000|16.500|1|1.500
10129,168.816666666667,25,0,0,0,74|9.000|16.250|1|1.500
10130,168.833333333333,25,0,0,0,74|9.000|16.000|1|1.500
10131,168.85,25,0,0,0,74|8.750|15.750|1|1.500
10132,168.866666666667,25,0,0,0,74|8.500|15.500|1|1.500
10133,168.883333333333,25,0,0,0,74|8.250|15.250|1|1.500
10134,168.9,25,0,0,0,74|8.250|15.000|1|1.500
10135,168.916666666667,25,0,0,0,74|8.000|14.750|1|1.500
10136,168.933333333333,25,0,0,0,74|8.000|14.500|1|1.500
10137,168.95,25,0,0,0,74|8.000|14.250|1|1.500
10138,168.966666666667,25,0,0,0,74|8.000|14.000|1|1.500
10139,168.983333333333,25,0,0,0,74|7.750|13.750|1|1.500
10140,169,25,0,0,0,74|7.750|13.500|1|1.500
10141,169.016666666667,25,0,0,0,74|7.500|13.250|1|1.500
10142,169.033333333333,25,0,0,0,74|7.250|13.000|1|1.500
10143,169.05,25,0,0,0,74|7.250|12.750|1|1.500
10144,169.066666666667,25,0,0,0,74|7.250|12.500|1|1.500
10145,169.083333333333,25,0,0,0,74|7.000|12.250|1|1.500
10146,169.1,25,0,0,0,74|7.000|12.000|1|1.500
10147,169.116666666667,25,0,0,0,74|6.750|11.750|1|1.500
10148,169.133333333333,25,0,0,0,74|6.500|11.500|1|1.500
10149,169.15,25,0,0,0,74|6.250|11.250|1|1.500
10150,169.166666666667,25,0,0,0,74|6.000|11.000|1|1.500
10151,169.183333333333,25,0,0,0,74|5.750|10.750|1|1.500
10152,169.2,25,0,0,0,74|5.750|10.500|1|1.500
10153,169.216666666667,25,0,0,0,74|5.500|10.250|1|1.500
10154,169.233333333333,25,0,0,0,74|5.250|10.000|1|1.500
10155,169.25,25,0,0,0,74|5.000|9.750|1|1.500
10156,169.266666666667,25,0,0,0,74|4.750|9.500|1|1.500
10157,169.283333333333,25,0,0,0,74|4.750|9.250|1|1.500
10158,169.3,25,0,0,0,74|4.500|9.000|1|1.500
10159,169.316666666667,25,0,0,0,74|4.250|8.750|1|1.500
10160,169.333333333333,25,0,0,0,74|4.250|8.500|1|1.500
10161,169.35,25,0,0,0,74|4.250|8.250|1|1.500
10162,169.366666666667,25,0,0,0,74|4.000|8.000|1|1.500
10163,169.383333333333,25,0,0,0,74|3.750|7.750|1|1.500
10164,169.4,25,0,0,0,74|3.500|7.500|1|1.500
10165,169.416666666667,25,0,0,0,74|3.500|7.250|1|1.500
10166,169.433333333333,25,0,0,0,74|3.250|7.000|1|1.500
10167,169.45,25,0,0,0,74|3.250|6.750|1|1.500
10168,169.466666666667,25,0,0,0,74|3.000|6.500|1|1.500
10169,169.483333333333,25,0,0,0,74|2.750|6.250|1|1.500
10170,169.5,25,0,0,0,74|2.750|6.000|1|1.500
10171,169.516666666667,25,0,0,0,74|2.500|5.750|1|1.500
10172,169.533333333333,25,0,0,0,74|2.250|5.500|1|1.500
10173,169.55,25,0,0,0,74|2.000|5.250|1|1.500
10174,169.566666666667,25,0,0,0,74|2.000|5.000|1|1.500
10175,169.583333333333,25,0,0,0,74|1.750|4.750|1|1.500
10176,169.6,25,0,0,0,74|1.500|4.500|1|1.500
10177,169.616666666667,25,0,0,0,74|1.500|4.250|1|1.500
10178,169.633333333333,25,0,0,0,74|1.500|4.000|1|1.500
10179,169.65,25,0,0,0,74|1.500|3.750|1|1.500
10180,169.666666666667,25,0,0,0,74|1.500|3.500|1|1.500
10181,169.683333333333,25,0,0,0,74|1.500|3.250|1|1.500
10182,169.7,25,0,0,0,74|1.500|3.000|1|1.500
10183,169.716666666667,25,0,0,0,74|1.500|2.750|1|1.500
10184,169.733333333333,25,0,0,0,74|1.500|2.500|1|1.500
10185,169.75,25,0,0,0,74|1.500|2.250|1|1.500
10186,169.766666666667,25,0,0,0,74|1.250|2.000|1|1.500
10187,169.783333333333,25,0,0,0,74|1.250|1.750|1|1.500
10188,169.8,25,0,0,0,74|1.000|1.500|1|1.500
10189,169.816666666667,25,0,0,0,74|0.750|1.250|1|1.500
10190,169.833333333333,25,0,0,0,74|0.500|1.000|1|1.500
10191,169.85,25,0,0,0,74|0.500|0.750|1|1.500
10192,169.866666666667,25,0,0,0,74|0.250|0.500|1|1.500
10193,169.883333333333,25,0,0,0,74|0.000|0.250|1|1.500
10194,169.9,25,1,1.5,4,74|0.000|0.000|1|1.500
10195,169.916666666667,0,0,0,0,
10196,169.933333333333,0,0,0,0,
10197,169.95,0,0,0,0,
10198,169.966666666667,0,0,0,0,
10199,169.983333333333,0,0,0,0,
10200,170,0,0,0,0,
10201,170.016666666667,0,0,0,0,
10202,170.033333333333,0,0,0,0,
10203,170.05,0,0,0,0,
10204,170.066666666667,0,0,0,0,
10205,170.083333333333,0,0,0,0,
10206,170.1,0,0,0,0,
10207,170.116666666667,0,0,0,0,
10208,170.133333333333,0,0,0,0,
10209,170.15,0,0,0,0,
10210,170.166666666667,0,0,0,0,
10211,170.183333333333,0,0,0,0,
10212,170.2,0,0,0,0,
10213,170.216666666667,25,0,0,0,75|11.600|29.750|1|1.500
10214,170.233333333333,25,0,0,0,75|11.600|29.500|1|1.500
10215,170.25,25,0,0,0,75|11.600|29.250|1|1.500
10216,170.266666666667,25,0,0,0,75|11.600|29.000|1|1.500
10217,170.283333333333,25,0,0,0,75|11.200|28.750|1|1.500
10218,170.3,25,0,0,0,75|11.200|28.500|1|1.500
10219,170.316666666667,25,0,0,0,75|11.200|28.250|1|1.500
10220,170.333333333333,25,0,0,0,75|11.200|28.000|1|1.500
10221,170.35,25,0,0,0,75|11.200|27.750|1|1.500
10222,170.366666666667,25,0,0,0,75|11.200|27.500|1|1.500
10223,170.383333333333,25,0,0,0,75|11.200|27.250|1|1.500
10224,170.4,25,0,0,0,75|11.200|27.000|1|1.500
10225,170.416666666667,25,0,0,0,75|10.800|26.750|1|1.500
10226,170.433333333333,25,0,0,0,75|10.800|26.500|1|1.500
10227,170.45,25,0,0,0,75|10.800|26.250|1|1.500
10228,170.466666666667,25,0,0,0,75|10.800|26.000|1|1.500
10229,170.483333333333,25,0,0,0,75|10.800|25.750|1|1.500
10230,170.5,25,0,0,0,75|10.800|25.500|1|1.500
10231,170.516666666667,25,0,0,0,75|10.400|25.250|1|1.500
10232,170.533333333333,25,0,0,0,75|10.400|25.000|1|1.500
10233,170.55,25,0,0,0,75|10.400|24.750|1|1.500
10234,170.566666666667,25,0,0,0,75|10.400|24.500|1|1.500
10235,170.583333333333,25,0,0,0,75|10.000|24.250|1|1.500
10236,170.6,25,0,0,0,75|10.000|24.000|1|1.500
10237,170.616666666667,25,0,0,0,75|9.600|23.750|1|1.500
10238,170.633333333333,25,0,0,0,75|9.600|23.500|1|1.500
10239,170.65,25,0,0,0,75|9.200|23.250|1|1.500
10240,170.666666666667,25,0,0,0,75|8.800|23.000|1|1.500
10241,170.683333333333,25,0,0,0,75|8.800|22.750|1|1.500
10242,170.7,25,0,0,0,75|8.800|22.500|1|1.500
10243,170.716666666667,25,0,0,0,75|8.800|22.250|1|1.500
10244,170.733333333333,25,0,0,0,75|8.400|22.000|1|1.500
10245,170.75,25,0,0,0,75|8.000|21.750|1|1.500
10246,170.766666666667,25,0,0,0,75|8.000|21.500|1|1.500
10247,170.783333333333,25,0,0,0,75|8.000|21.250|1|1.500
10248,170.8,25,0,0,0,75|8.000|21.000|1|1.500
10249,170.816666666667,25,0,0,0,75|8.000|20.750|1|1.500
10250,170.833333333333,25,0,0,0,75|8.000|20.500|1|1.500
10251,170.85,25,0,0,0,75|7.600|20.250|1|1.500
10252,170.866666666667,25,0,0,0,75|7.600|20.000|1|1.500
10253,170.883333333333,25,0,0,0,75|7.600|19.750|1|1.500
10254,170.9,25,0,0,0,75|7.600|19.500|1|1.500
10255,170.916666666667,25,0,0,0,75|7.600|19.250|1|1.500
10256,170.933333333333,25,0,0,0,75|7.600|19.000|1|1.500
10257,170.95,25,0,0,0,75|7.600|18.750|1|1.500
10258,170.966666666667,25,0,0,0,75|7.600|18.500|1|1.500
10259,170.983333333333,25,0,0,0,75|7.600|18.250|1|1.500
10260,171,25,0,0,0,75|7.600|18.000|1|1.500
10261,171.016666666667,25,0,0,0,75|7.600|17.750|1|1.500
10262,171.033333333333,25,0,0,0,75|7.600|17.500|1|1.500
10263,171.05,25,0,0,0,75|7.600|17.250|1|1.500
10264,171.066666666667,25,0,0,0,75|7.200|17.000|1|1.500
10265,171.083333333333,25,0,0,0,75|7.200|16.750|1|1.500
10266,171.1,25,0,0,0,75|7.200|16.500|1|1.500
10267,171.116666666667,25,0,0,0,75|7.200|16.250|1|1.500
10268,171.133333333333,25,0,0,0,75|7.200|16.000|1|1.500
10269,171.15,25,0,0,0,75|6.800|15.750|1|1.500
10270,171.166666666667,25,0,0,0,75|6.800|15.500|1|1.500
10271,171.183333333333,25,0,0,0,75|6.800|15.250|1|1.500
10272,171.2,25,0,0,0,75|6.800|15.000|1|1.500
10273,171.216666666667,25,0,0,0,75|6.800|14.750|1|1.500
10274,171.233333333333,25,0,0,0,75|6.800|14.500|1|1.500
10275,171.25,25,0,0,0,75|6.800|14.250|1|1.500
10276,171.266666666667,25,0,0,0,75|6.800|14.000|1|1.500
10277,171.283333333333,25,0,0,0,75|6.400|13.750|1|1.500
10278,171.3,25,0,0,0,75|6.400|13.500|1|1.500
10279,171.316666666667,25,0,0,0,75|6.400|13.250|1|1.500
10280,171.333333333333,25,0,0,0,75|6.400|13.000|1|1.500
10281,171.35,25,0,0,0,75|6.400|12.750|1|1.500
10282,171.366666666667,25,0,0,0,75|6.000|12.500|1|1.500
10283,171.383333333333,25,0,0,0,75|6.000|12.250|1|1.500
10284,171.4,25,0,0,0,75|6.000|12.000|1|1.500
10285,171.416666666667,25,0,0,0,75|6.000|11.750|1|1.500
10286,171.433333333333,25,0,0,0,75|6.000|11.500|1|1.500
10287,171.45,25,0,0,0,75|6.000|11.250|1|1.500
10288,171.466666666667,25,0,0,0,75|6.000|11.000|1|1.500
10289,171.483333333333,25,0,0,0,75|6.000|10.750|1|1.500
10290,171.5,25,0,0,0,75|5.600|10.500|1|1.500
10291,171.516666666667,25,0,0,0,75|5.600|10.250|1|1.500
10292,171.533333333333,25,0,0,0,75|5.600|10.000|1|1.500
10293,171.55,25,0,0,0,75|5.600|9.750|1|1.500
10294,171.566666666667,25,0,0,0,75|5.600|9.500|1|1.500
10295,171.583333333333,25,0,0,0,75|5.600|9.250|1|1.500
10296,171.6,25,0,0,0,75|5.600|9.000|1|1.500
10297,171.616666666667,25,0,0,0,75|5.200|8.750|1|1.500
10298,171.633333333333,25,0,0,0,75|5.200|8.500|1|1.500
10299,171.65,25,0,0,0,75|4.800|8.250|1|1.500
10300,171.666666666667,25,0,0,0,75|4.800|8.000|1|1.500
10301,171.683333333333,25,0,0,0,75|4.800|7.750|1|1.500
10302,171.7,25,0,0,0,75|4.800|7.500|1|1.500
10303,171.716666666667,25,0,0,0,75|4.800|7.250|1|1.500
10304,171.733333333333,25,0,0,0,75|4.400|7.000|1|1.500
10305,171.75,25,0,0,0,75|4.000|6.750|1|1.500
10306,171.766666666667,25,0,0,0,75|3.600|6.500|1|1.500
10307,171.783333333333,25,0,0,0,75|3.600|6.250|1|1.500
10308,171.8,25,0,0,0,75|3.600|6.000|1|1.500
10309,171.816666666667,25,0,0,0,75|3.200|5.750|1|1.500
10310,171.833333333333,25,0,0,0,75|3.200|5.500|1|1.500
10311,171.85,25,0,0,0,75|2.800|5.250|1|1.500
10312,171.866666666667,25,0,0,0,75|2.800|5.000|1|1.500
10313,171.883333333333,25,0,0,0,75|2.800|4.750|1|1.500
10314,171.9,25,0,0,0,75|2.800|4.500|1|1.500
10315,171.916666666667,25,0,0,0,75|2.400|4.250|1|1.500
10316,171.933333333333,25,0,0,0,75|2.400|4.000|1|1.500
10317,171.95,25,0,0,0,75|2.400|3.750|1|1.500
10318,171.966666666667,25,0,0,0,75|2.000|3.500|1|1.500
10319,171.983333333333,25,0,0,0,75|2.000|3.250|1|1.500
10320,172,25,0,0,0,75|2.000|3.000|1|1.500
10321,172.016666666667,25,0,0,0,75|2.000|2.750|1|1.500
10322,172.033333333333,25,0,0,0,75|2.000|2.500|1|1.500
10323,172.05,25,0,0,0,75|1.600|2.250|1|1.500
10324,172.066666666667,25,0,0,0,75|1.200|2.000|1|1.500
10325,172.083333333333,25,0,0,0,75|1.200|1.750|1|1.500
10326,172.1,25,0,0,0,75|1.200|1.500|1|1.500
10327,172.116666666667,25,0,0,0,75|0.800|1.250|1|1.500
10328,172.133333333333,25,0,0,0,75|0.800|1.000|1|1.500
10329,172.15,25,0,0,0,75|0.800|0.750|1|1.500
10330,172.166666666667,25,0,0,0,75|0.800|0.500|1|1.500
10331,172.183333333333,25,0,0,0,75|0.400|0.250|1|1.500
10332,172.2,25,1,1.5,3,75|-0.000|0.000|1|1.500
10333,172.216666666667,0,0,0,0,
10334,172.233333333333,0,0,0,0,
10335,172.25,0,0,0,0,
10336,172.266666666667,0,0,0,0,
10337,172.283333333333,0,0,0,0,
10338,172.3,0,0,0,0,
10339,172.316666666667,0,0,0,0,
10340,172.333333333333,0,0,0,0,
10341,172.35,0,0,0,0,
10342,172.366666666667,0,0,0,0,
10343,172.383333333333,0,0,0,0,
10344,172.4,0,0,0,0,
10345,172.416666666667,0,0,0,0,
10346,172.433333333333,0,0,0,0,
10347,172.45,0,0,0,0,
10348,172.466666666667,0,0,0,0,
10349,172.483333333333,0,0,0,0,
10350,172.5,0,0,0,0,
10351,172.516666666667,25,0,0,0,76|-15.000|29.750|1|1.500
10352,172.533333333333,25,0,0,0,76|-15.000|29.500|1|1.500
10353,172.55,25,0,0,0,76|-15.000|29.250|1|1.500
10354,172.566666666667,25,0,0,0,76|-15.000|29.000|1|1.500
10355,172.583333333333,25,0,0,0,76|-15.000|28.750|1|1.500
10356,172.6,25,0,0,0,76|-15.000|28.500|1|1.500
10357,172.616666666667,25,0,0,0,76|-15.000|28.250|1|1.500
10358,172.633333333333,25,0,0,0,76|-15.000|28.000|1|1.500
10359,172.65,25,0,0,0,76|-15.000|27.750|1|1.500
10360,172.666666666667,25,0,0,0,76|-15.000|27.500|1|1.500
10361,172.683333333333,25,0,0,0,76|-15.000|27.250|1|1.500
10362,172.7,25,0,0,0,76|-15.000|27.000|1|1.500
10363,172.716666666667,25,0,0,0,76|-15.000|26.750|1|1.500
10364,172.733333333333,25,0,0,0,76|-15.000|26.500|1|1.500
10365,172.75,25,0,0,0,76|-15.000|26.250|1|1.500
10366,172.766666666667,25,0,0,0,76|-15.000|26.000|1|1.500
10367,172.783333333333,25,0,0,0,76|-15.000|25.750|1|1.500
10368,172.8,25,0,0,0,76|-15.000|25.500|1|1.500
10369,172.816666666667,25,0,0,0,76|-15.000|25.250|1|1.500
10370,172.833333333333,25,0,0,0,76|-15.000|25.000|1|1.500
10371,172.85,25,0,0,0,76|-15.000|24.750|1|1.500
10372,172.866666666667,25,0,0,0,76|-15.000|24.500|1|1.500
10373,172.883333333333,25,0,0,0,76|-15.000|24.250|1|1.500
10374,172.9,25,0,0,0,76|-15.000|24.000|1|1.500
10375,172.916666666667,25,0,0,0,76|-15.000|23.750|1|1.500
10376,172.933333333333,25,0,0,0,76|-15.000|23.500|1|1.500
10377,172.95,25,0,0,0,76|-15.000|23.250|1|1.500
10378,172.966666666667,25,0,0,0,76|-15.000|23.000|1|1.500
10379,172.983333333333,25,0,0,0,76|-15.000|22.750|1|1.500
10380,173,25,0,0,0,76|-15.000|22.500|1|1.500
10381,173.016666666667,25,0,0,0,76|-15.000|22.250|1|1.500
10382,173.033333333333,25,0,0,0,76|-15.000|22.000|1|1.500
10383,173.05,25,0,0,0,76|-15.000|21.750|1|1.500
10384,173.066666666667,25,0,0,0,76|-15.000|21.500|1|1.500
10385,173.083333333333,25,0,0,0,76|-15.000|21.250|1|1.500
10386,173.1,25,0,0,0,76|-15.000|21.000|1|1.500
10387,173.116666666667,25,0,0,0,76|-15.000|20.750|1|1.500
10388,173.133333333333,25,0,0,0,76|-15.000|20.500|1|1.500
10389,173.15,25,0,0,0,76|-15.000|20.250|1|1.500
10390,173.166666666667,25,0,0,0,76|-15.000|20.000|1|1.500
10391,173.183333333333,25,0,0,0,76|-15.000|19.750|1|1.500
10392,173.2,25,0,0,0,76|-15.000|19.500|1|1.500
10393,173.216666666667,25,0,0,0,76|-15.000|19.250|1|1.500
10394,173.233333333333,25,0,0,0,76|-15.000|19.000|1|1.500
10395,173.25,25,0,0,0,76|-15.000|18.750|1|1.500
10396,173.266666666667,25,0,0,0,76|-15.000|18.500|1|1.500
10397,173.283333333333,25,0,0,0,76|-15.000|18.250|1|1.500
10398,173.3,25,0,0,0,76|-15.000|18.000|1|1.500
10399,173.316666666667,25,0,0,0,76|-15.000|17.750|1|1.500
10400,173.333333333333,25,0,0,0,76|-15.000|17.500|1|1.500
10401,173.35,25,0,0,0,76|-15.000|17.250|1|1.500
10402,173.366666666667,25,0,0,0,76|-15.000|17.000|1|1.500
10403,173.383333333333,25,0,0,0,76|-15.000|16.750|1|1.500
10404,173.4,25,0,0,0,76|-15.000|16.500|1|1.500
10405,173.416666666667,25,0,0,0,76|-15.000|16.250|1|1.500
10406,173.433333333333,25,0,0,0,76|-15.000|16.000|1|1.500
10407,173.45,25,0,0,0,76|-15.000|15.750|1|1.500
10408,173.466666666667,25,0,0,0,76|-15.000|15.500|1|1.500
10409,173.483333333333,25,0,0,0,76|-15.000|15.250|1|1.500
10410,173.5,25,0,0,0,76|-15.000|15.000|1|1.500
10411,173.516666666667,25,0,0,0,76|-15.000|14.750|1|1.500
10412,173.533333333333,25,0,0,0,76|-15.000|14.500|1|1.500
10413,173.55,25,0,0,0,76|-15.000|14.250|1|1.500
10414,173.566666666667,25,0,0,0,76|-15.000|14.000|1|1.500
10415,173.583333333333,25,0,0,0,76|-15.000|13.750|1|1.500
10416,173.6,25,0,0,0,76|-15.000|13.500|1|1.500
10417,173.616666666667,25,0,0,0,76|-15.000|13.250|1|1.500
10418,173.633333333333,25,0,0,0,76|-15.000|13.000|1|1.500
10419,173.65,25,0,0,0,76|-15.000|12.750|1|1.500
10420,173.666666666667,25,0,0,0,76|-15.000|12.500|1|1.500
10421,173.683333333333,25,0,0,0,76|-15.000|12.250|1|1.500
10422,173.7,25,0,0,0,76|-15.000|12.000|1|1.500
10423,173.716666666667,25,0,0,0,76|-15.000|11.750|1|1.500
10424,173.733333333333,25,0,0,0,76|-15.000|11.500|1|1.500
10425,173.75,25,0,0,0,76|-15.000|11.250|1|1.500
10426,173.766666666667,25,0,0,0,76|-15.000|11.000|1|1.500
10427,173.783333333333,25,0,0,0,76|-15.000|10.750|1|1.500
10428,173.8,25,0,0,0,76|-15.000|10.500|1|1.500
10429,173.816666666667,25,0,0,0,76|-15.000|10.250|1|1.500
10430,173.833333333333,25,0,0,0,76|-15.000|10.000|1|1.500
10431,173.85,25,0,0,0,76|-15.000|9.750|1|1.500
10432,173.866666666667,25,0,0,0,76|-15.000|9.500|1|1.500
10433,173.883333333333,25,0,0,0,76|-15.000|9.250|1|1.500
10434,173.9,25,0,0,0,76|-15.000|9.000|1|1.500
10435,173.916666666667,25,0,0,0,76|-15.000|8.750|1|1.500
10436,173.933333333333,25,0,0,0,76|-15.000|8.500|1|1.500
10437,173.95,25,0,0,0,76|-15.000|8.250|1|1.500
10438,173.966666666667,25,0,0,0,76|-15.000|8.000|1|1.500
10439,173.983333333333,25,0,0,0,76|-15.000|7.750|1|1.500
10440,174,25,0,0,0,76|-15.000|7.500|1|1.500
10441,174.016666666667,25,0,0,0,76|-15.000|7.250|1|1.500
10442,174.033333333333,25,0,0,0,76|-15.000|7.000|1|1.500
10443,174.05,25,0,0,0,76|-15.000|6.750|1|1.500
10444,174.066666666667,25,0,0,0,76|-15.000|6.500|1|1.500
10445,174.083333333333,25,0,0,0,76|-15.000|6.250|1|1.500
10446,174.1,25,0,0,0,76|-15.000|6.000|1|1.500
10447,174.116666666667,25,0,0,0,76|-15.000|5.750|1|1.500
10448,174.133333333333,25,0,0,0,76|-15.000|5.500|1|1.500
10449,174.15,25,0,0,0,76|-15.000|5.250|1|1.500
10450,174.166666666667,25,0,0,0,76|-15.000|5.000|1|1.500
10451,174.183333333333,25,0,0,0,76|-15.000|4.750|1|1.500
10452,174.2,25,0,0,0,76|-15.000|4.500|1|1.500
10453,174.216666666667,25,0,0,0,76|-15.000|4.250|1|1.500
10454,174.233333333333,25,0,0,0,76|-15.000|4.000|1|1.500
10455,174.25,25,0,0,0,76|-15.000|3.750|1|1.500
10456,174.266666666667,25,0,0,0,76|-15.000|3.500|1|1.500
10457,174.283333333333,25,0,0,0,76|-15.000|3.250|1|1.500
10458,174.3,25,0,0,0,76|-15.000|3.000|1|1.500
10459,174.316666666667,25,0,0,0,76|-15.000|2.750|1|1.500
10460,174.333333333333,25,0,0,0,76|-15.000|2.500|1|1.500
10461,174.35,25,0,0,0,76|-15.000|2.250|1|1.500
10462,174.366666666667,25,0,0,0,76|-15.000|2.000|1|1.500
10463,174.383333333333,25,0,0,0,76|-15.000|1.750|1|1.500
10464,174.4,25,0,0,0,76|-15.000|1.500|1|1.500
10465,174.416666666667,25,0,0,0,76|-15.000|1.250|1|1.500
10466,174.433333333333,25,0,0,0,76|-15.000|1.000|1|1.500
10467,174.45,25,0,0,0,76|-15.000|0.750|1|1.500
10468,174.466666666667,25,0,0,0,76|-15.000|0.500|1|1.500
10469,174.483333333333,25,0,0,0,76|-15.000|0.250|1|1.500
10470,174.5,25,0,1.5,0,76|-15.000|0.000|1|1.500
10471,174.516666666667,0,0,0,0,
10472,174.533333333333,0,0,0,0,
10473,174.55,0,0,0,0,
10474,174.566666666667,0,0,0,0,
10475,174.583333333333,0,0,0,0,
10476,174.6,0,0,0,0,
10477,174.616666666667,0,0,0,0,
10478,174.633333333333,0,0,0,0,
10479,174.65,0,0,0,0,
10480,174.666666666667,0,0,0,0,
10481,174.683333333333,0,0,0,0,
10482,174.7,0,0,0,0,
10483,174.716666666667,0,0,0,0,
10484,174.733333333333,0,0,0,0,
10485,174.75,0,0,0,0,
10486,174.766666666667,0,0,0,0,
10487,174.783333333333,0,0,0,0,
10488,174.8,0,0,0,0,
10489,174.816666666667,25,0,0,0,77|6.000|29.750|1|1.500
10490,174.833333333333,25,0,0,0,77|6.000|29.500|1|1.500
10491,174.85,25,0,0,0,77|6.000|29.250|1|1.500
10492,174.866666666667,25,0,0,0,77|6.000|29.000|1|1.500
10493,174.883333333333,25,0,0,0,77|6.000|28.750|1|1.500
10494,174.9,25,0,0,0,77|6.000|28.500|1|1.500
10495,174.916666666667,25,0,0,0,77|6.000|28.250|1|1.500
10496,174.933333333333,25,0,0,0,77|6.000|28.000|1|1.500
10497,174.95,25,0,0,0,77|6.000|27.750|1|1.500
10498,174.966666666667,25,0,0,0,77|6.000|27.500|1|1.500
10499,174.983333333333,25,0,0,0,77|6.000|27.250|1|1.500
10500,175,25,0,0,0,77|6.000|27.000|1|1.500
10501,175.016666666667,25,0,0,0,77|6.000|26.750|1|1.500
10502,175.033333333333,25,0,0,0,77|6.000|26.500|1|1.500
10503,175.05,25,0,0,0,77|6.000|26.250|1|1.500
10504,175.066666666667,25,0,0,0,77|6.000|26.000|1|1.500
10505,175.083333333333,25,0,0,0,77|6.000|25.750|1|1.500
10506,175.1,25,0,0,0,77|6.000|25.500|1|1.500
10507,175.116666666667,25,0,0,0,77|6.000|25.250|1|1.500
10508,175.133333333333,25,0,0,0,77|6.000|25.000|1|1.500
10509,175.15,25,0,0,0,77|6.000|24.750|1|1.500
10510,175.166666666667,25,0,0,0,77|6.000|24.500|1|1.500
10511,175.183333333333,25,0,0,0,77|6.000|24.250|1|1.500
10512,175.2,25,0,0,0,77|6.000|24.000|1|1.500
10513,175.216666666667,25,0,0,0,77|6.000|23.750|1|1.500
10514,175.233333333333,25,0,0,0,77|6.000|23.500|1|1.500
10515,175.25,25,0,0,0,77|6.000|23.250|1|1.500
10516,175.266666666667,25,0,0,0,77|6.000|23.000|1|1.500
10517,175.283333333333,25,0,0,0,77|6.000|22.750|1|1.500
10518,175.3,25,0,0,0,77|6.000|22.500|1|1.500
10519,175.316666666667,25,0,0,0,77|6.000|22.250|1|1.500
10520,175.333333333333,25,0,0,0,77|6.000|22.000|1|1.500
10521,175.35,25,0,0,0,77|6.000|21.750|1|1.500
10522,175.366666666667,25,0,0,0,77|6.000|21.500|1|1.500
10523,175.383333333333,25,0,0,0,77|6.000|21.250|1|1.500
10524,175.4,25,0,0,0,77|6.000|21.000|1|1.500
10525,175.416666666667,25,0,0,0,77|6.000|20.750|1|1.500
10526,175.433333333333,25,0,0,0,77|6.000|20.500|1|1.500
10527,175.45,25,0,0,0,77|6.000|20.250|1|1.500
10528,175.466666666667,25,0,0,0,77|6.000|20.000|1|1.500
10529,175.483333333333,25,0,0,0,77|6.000|19.750|1|1.500
10530,175.5,25,0,0,0,77|6.000|19.500|1|1.500
10531,175.516666666667,25,0,0,0,77|6.000|19.250|1|1.500
10532,175.533333333333,25,0,0,0,77|6.000|19.000|1|1.500
10533,175.55,25,0,0,0,77|6.000|18.750|1|1.500
10534,175.566666666667,25,0,0,0,77|6.000|18.500|1|1.500
10535,175.583333333333,25,0,0,0,77|6.000|18.250|1|1.500
10536,175.6,25,0,0,0,77|6.000|18.000|1|1.500
10537,175.616666666667,25,0,0,0,77|6.000|17.750|1|1.500
10538,175.633333333333,25,0,0,0,77|6.000|17.500|1|1.500
10539,175.65,25,0,0,0,77|6.000|17.250|1|1.500
10540,175.666666666667,25,0,0,0,77|6.000|17.000|1|1.500
10541,175.683333333333,25,0,0,0,77|6.000|16.750|1|1.500
10542,175.7,25,0,0,0,77|6.000|16.500|1|1.500
10543,175.716666666667,25,0,0,0,77|6.000|16.250|1|1.500
10544,175.733333333333,25,0,0,0,77|6.000|16.000|1|1.500
10545,175.75,25,0,0,0,77|6.000|15.750|1|1.500
10546,175.766666666667,25,0,0,0,77|6.000|15.500|1|1.500
10547,175.783333333333,25,0,0,0,77|6.000|15.250|1|1.500
10548,175.8,25,0,0,0,77|6.000|15.000|1|1.500
10549,175.816666666667,25,0,0,0,77|6.000|14.750|1|1.500
10550,175.833333333333,25,0,0,0,77|6.000|14.500|1|1.500
10551,175.85,25,0,0,0,77|6.000|14.250|1|1.500
10552,175.866666666667,25,0,0,0,77|6.000|14.000|1|1.500
10553,175.883333333333,25,0,0,0,77|6.000|13.750|1|1.500
10554,175.9,25,0,0,0,77|6.000|13.500|1|1.500
10555,175.916666666667,25,0,0,0,77|6.000|13.250|1|1.500
10556,175.933333333333,25,0,0,0,77|6.000|13.000|1|1.500
10557,175.95,25,0,0,0,77|6.000|12.750|1|1.500
10558,175.966666666667,25,0,0,0,77|6.000|12.500|1|1.500
10559,175.983333333333,25,0,0,0,77|6.000|12.250|1|1.500
10560,176,25,0,0,0,77|6.000|12.000|1|1.500
10561,176.016666666667,25,0,0,0,77|6.000|11.750|1|1.500
10562,176.033333333333,25,0,0,0,77|6.000|11.500|1|1.500
10563,176.05,25,0,0,0,77|6.000|11.250|1|1.500
10564,176.066666666667,25,0,0,0,77|6.000|11.000|1|1.500
10565,176.083333333333,25,0,0,0,77|6.000|10.750|1|1.500
10566,176.1,25,0,0,0,77|6.000|10.500|1|1.500
10567,176.116666666667,25,0,0,0,77|6.000|10.250|1|1.500
10568,176.133333333333,25,0,0,0,77|6.000|10.000|1|1.500
10569,176.15,25,0,0,0,77|6.000|9.750|1|1.500
10570,176.166666666667,25,0,0,0,77|6.000|9.500|1|1.500
10571,176.183333333333,25,0,0,0,77|6.000|9.250|1|1.500
10572,176.2,25,0,0,0,77|6.000|9.000|1|1.500
10573,176.216666666667,25,0,0,0,77|6.000|8.750|1|1.500
10574,176.233333333333,25,0,0,0,77|6.000|8.500|1|1.500
10575,176.25,25,0,0,0,77|6.000|8.250|1|1.500
10576,176.266666666667,25,0,0,0,77|6.000|8.000|1|1.500
10577,176.283333333333,25,0,0,0,77|6.000|7.750|1|1.500
10578,176.3,25,0,0,0,77|6.000|7.500|1|1.500
10579,176.316666666667,25,0,0,0,77|6.000|7.250|1|1.500
10580,176.333333333333,25,0,0,0,77|6.000|7.000|1|1.500
10581,176.35,25,0,0,0,77|6.000|6.750|1|1.500
10582,176.366666666667,25,0,0,0,77|6.000|6.500|1|1.500
10583,176.383333333333,25,0,0,0,77|6.000|6.250|1|1.500
10584,176.4,25,0,0,0,77|6.000|6.000|1|1.500
10585,176.416666666667,25,0,0,0,77|6.000|5.750|1|1.500
10586,176.433333333333,25,0,0,0,77|6.000|5.500|1|1.500
10587,176.45,25,0,0,0,77|6.000|5.250|1|1.500
10588,176.466666666667,25,0,0,0,77|6.000|5.000|1|1.500
10589,176.483333333333,25,0,0,0,77|6.000|4.750|1|1.500
10590,176.5,25,0,0,0,77|6.000|4.500|1|1.500
10591,176.516666666667,25,0,0,0,77|6.000|4.250|1|1.500
10592,176.533333333333,25,0,0,0,77|6.000|4.000|1|1.500
10593,176.55,25,0,0,0,77|6.000|3.750|1|1.500
10594,176.566666666667,25,0,0,0,77|6.000|3.500|1|1.500
10595,176.583333333333,25,0,0,0,77|6.000|3.250|1|1.500
10596,176.6,25,0,0,0,77|6.000|3.000|1|1.500
10597,176.616666666667,25,0,0,0,77|6.000|2.750|1|1.500
10598,176.633333333333,25,0,0,0,77|6.000|2.500|1|1.500
10599,176.65,25,0,0,0,77|6.000|2.250|1|1.500
10600,176.666666666667,25,0,0,0,77|6.000|2.000|1|1.500
10601,176.683333333333,25,0,0,0,77|6.000|1.750|1|1.500
10602,176.7,25,0,0,0,77|6.000|1.500|1|1.500
10603,176.716666666667,25,0,0,0,77|6.000|1.250|1|1.500
10604,176.733333333333,25,0,0,0,77|6.000|1.000|1|1.500
10605,176.75,25,0,0,0,77|6.000|0.750|1|1.500
10606,176.766666666667,25,0,0,0,77|6.000|0.500|1|1.500
10607,176.783333333333,25,0,0,0,77|6.000|0.250|1|1.500
10608,176.8,25,0,1,0,77|6.000|0.000|1|1.500
10609,176.816666666667,0,0,0,0,
10610,176.833333333333,0,0,0,0,
10611,176.85,0,0,0,0,
10612,176.866666666667,0,0,0,0,
10613,176.883333333333,0,0,0,0,
10614,176.9,0,0,0,0,
10615,176.916666666667,0,0,0,0,
10616,176.933333333333,0,0,0,0,
10617,176.95,0,0,0,0,
10618,176.966666666667,0,0,0,0,
10619,176.983333333333,0,0,0,0,
10620,177,0,0,0,0,
10621,177.016666666667,0,0,0,0,
10622,177.033333333333,0,0,0,0,
10623,177.05,0,0,0,0,
10624,177.066666666667,0,0,0,0,
10625,177.083333333333,0,0,0,0,
10626,177.1,0,0,0,0,
10627,177.116666666667,25,0,0,0,78|8.925|29.750|1|1.500
10628,177.133333333333,25,0,0,0,78|8.850|29.500|1|1.500
10629,177.15,25,0,0,0,78|8.775|29.250|1|1.500
10630,177.166666666667,25,0,0,0,78|8.700|29.000|1|1.500
10631,177.183333333333,25,0,0,0,78|8.625|28.750|1|1.500
10632,177.2,25,0,0,0,78|8.550|28.500|1|1.500
10633,177.216666666667,25,0,0,0,78|8.475|28.250|1|1.500
10634,177.233333333333,25,0,0,0,78|8.400|28.000|1|1.500
10635,177.25,25,0,0,0,78|8.325|27.750|1|1.500
10636,177.266666666667,25,0,0,0,78|8.250|27.500|1|1.500
10637,177.283333333333,25,0,0,0,78|8.175|27.250|1|1.500
10638,177.3,25,0,0,0,78|8.100|27.000|1|1.500
10639,177.316666666667,25,0,0,0,78|8.025|26.750|1|1.500
10640,177.333333333333,25,0,0,0,78|7.950|26.500|1|1.500
10641,177.35,25,0,0,0,78|7.875|26.250|1|1.500
10642,177.366666666667,25,0,0,0,78|7.800|26.000|1|1.500
10643,177.383333333333,25,0,0,0,78|7.725|25.750|1|1.500
10644,177.4,25,0,0,0,78|7.650|25.500|1|1.500
10645,177.416666666667,25,0,0,0,78|7.575|25.250|1|1.500
10646,177.433333333333,25,0,0,0,78|7.500|25.000|1|1.500
10647,177.45,25,0,0,0,78|7.425|24.750|1|1.500
10648,177.466666666667,25,0,0,0,78|7.350|24.500|1|1.500
10649,177.483333333333,25,0,0,0,78|7.275|24.250|1|1.500
10650,177.5,25,0,0,0,78|7.200|24.000|1|1.500
10651,177.516666666667,25,0,0,0,78|7.125|23.750|1|1.500
10652,177.533333333333,25,0,0,0,78|7.050|23.500|1|1.500
10653,177.55,25,0,0,0,78|6.975|23.250|1|1.500
10654,177.566666666667,25,0,0,0,78|6.900|23.000|1|1.500
10655,177.583333333333,25,0,0,0,78|6.825|22.750|1|1.500
10656,177.6,25,0,0,0,78|6.750|22.500|1|1.500
10657,177.616666666667,25,0,0,0,78|6.675|22.250|1|1.500
10658,177.633333333333,25,0,0,0,78|6.600|22.000|1|1.500
10659,177.65,25,0,0,0,78|6.525|21.750|1|1.500
10660,177.666666666667,25,0,0,0,78|6.450|21.500|1|1.500
10661,177.683333333333,25,0,0,0,78|6.375|21.250|1|1.500
10662,177.7,25,0,0,0,78|6.300|21.000|1|1.500
10663,177.716666666667,25,0,0,0,78|6.225|20.750|1|1.500
10664,177.733333333333,25,0,0,0,78|6.150|20.500|1|1.500
10665,177.75,25,0,0,0,78|6.075|20.250|1|1.500
10666,177.766666666667,25,0,0,0,78|6.000|20.000|1|1.500
10667,177.783333333333,25,0,0,0,78|5.925|19.750|1|1.500
10668,177.8,25,0,0,0,78|5.850|19.500|1|1.500
10669,177.816666666667,25,0,0,0,78|5.775|19.250|1|1.500
10670,177.833333333333,25,0,0,0,78|5.700|19.000|1|1.500
10671,177.85,25,0,0,0,78|5.625|18.750|1|1.500
10672,177.866666666667,25,0,0,0,78|5.550|18.500|1|1.500
10673,177.883333333333,25,0,0,0,78|5.475|18.250|1|1.500
10674,177.9,25,0,0,0,78|5.400|18.000|1|1.500
10675,177.916666666667,25,0,0,0,78|5.325|17.750|1|1.500
10676,177.933333333333,25,0,0,0,78|5.250|17.500|1|1.500
10677,177.95,25,0,0,0,78|5.175|17.250|1|1.500
10678,177.966666666667,25,0,0,0,78|5.100|17.000|1|1.500
10679,177.983333333333,25,0,0,0,78|5.025|16.750|1|1.500
10680,178,25,0,0,0,78|4.950|16.500|1|1.500
10681,178.016666666667,25,0,0,0,78|4.875|16.250|1|1.500
10682,178.033333333333,25,0,0,0,78|4.800|16.000|1|1.500
10683,178.05,25,0,0,0,78|4.725|15.750|1|1.500
10684,178.066666666667,25,0,0,0,78|4.650|15.500|1|1.500
10685,178.083333333333,25,0,0,0,78|4.575|15.250|1|1.500
10686,178.1,25,0,0,0,78|4.500|15.000|1|1.500
10687,178.116666666667,25,0,0,0,78|4.425|14.750|1|1.500
10688,178.133333333333,25,0,0,0,78|4.350|14.500|1|1.500
10689,178.15,25,0,0,0,78|4.275|14.250|1|1.500
10690,178.166666666667,25,0,0,0,78|4.200|14.000|1|1.500
10691,178.183333333333,25,0,0,0,78|4.125|13.750|1|1.500
10692,178.2,25,0,0,0,78|4.050|13.500|1|1.500
10693,178.216666666667,25,0,0,0,78|3.975|13.250|1|1.500
10694,178.233333333333,25,0,0,0,78|3.900|13.000|1|1.500
10695,178.25,25,0,0,0,78|3.825|12.750|1|1.500
10696,178.266666666667,25,0,0,0,78|3.750|12.500|1|1.500
10697,178.283333333333,25,0,0,0,78|3.675|12.250|1|1.500
10698,178.3,25,0,0,0,78|3.600|12.000|1|1.500
10699,178.316666666667,25,0,0,0,78|3.525|11.750|1|1.500
10700,178.333333333333,25,0,0,0,78|3.450|11.500|1|1.500
10701,178.35,25,0,0,0,78|3.375|11.250|1|1.500
10702,178.366666666667,25,0,0,0,78|3.300|11.000|1|1.500
10703,178.383333333333,25,0,0,0,78|3.225|10.750|1|1.500
10704,178.4,25,0,0,0,78|3.150|10.500|1|1.500
10705,178.416666666667,25,0,0,0,78|3.075|10.250|1|1.500
10706,178.433333333333,25,0,0,0,78|3.000|10.000|1|1.500
10707,178.45,25,0,0,0,78|2.925|9.750|1|1.500
10708,178.466666666667,25,0,0,0,78|2.850|9.500|1|1.500
10709,178.483333333333,25,0,0,0,78|2.775|9.250|1|1.500
10710,178.5,25,0,0,0,78|2.700|9.000|1|1.500
10711,178.516666666667,25,0,0,0,78|2.625|8.750|1|1.500
10712,178.533333333333,25,0,0,0,78|2.550|8.500|1|1.500
10713,178.55,25,0,0,0,78|2.475|8.250|1|1.500
10714,178.566666666667,25,0,0,0,78|2.400|8.000|1|1.500
10715,178.583333333333,25,0,0,0,78|2.325|7.750|1|1.500
10716,178.6,25,0,0,0,78|2.250|7.500|1|1.500
10717,178.616666666667,25,0,0,0,78|2.175|7.250|1|1.500
10718,178.633333333333,25,0,0,0,78|2.100|7.000|1|1.500
10719,178.65,25,0,0,0,78|2.025|6.750|1|1.500
10720,178.666666666667,25,0,0,0,78|1.950|6.500|1|1.500
10721,178.683333333333,25,0,0,0,78|1.875|6.250|1|1.500
10722,178.7,25,0,0,0,78|1.800|6.000|1|1.500
10723,178.716666666667,25,0,0,0,78|1.725|5.750|1|1.500
10724,178.733333333333,25,0,0,0,78|1.650|5.500|1|1.500
10725,178.75,25,0,0,0,78|1.575|5.250|1|1.500
10726,178.766666666667,25,0,0,0,78|1.500|5.000|1|1.500
10727,178.783333333333,25,0,0,0,78|1.425|4.750|1|1.500
10728,178.8,25,0,0,0,78|1.350|4.500|1|1.500
10729,178.816666666667,25,0,0,0,78|1.275|4.250|1|1.500
10730,178.833333333333,25,0,0,0,78|1.200|4.000|1|1.500
10731,178.85,25,0,0,0,78|1.125|3.750|1|1.500
10732,178.866666666667,25,0,0,0,78|1.050|3.500|1|1.500
10733,178.883333333333,25,0,0,0,78|0.975|3.250|1|1.500
10734,178.9,25,0,0,0,78|0.900|3.000|1|1.500
10735,178.916666666667,25,0,0,0,78|0.825|2.750|1|1.500
10736,178.933333333333,25,0,0,0,78|0.750|2.500|1|1.500
10737,178.95,25,0,0,0,78|0.675|2.250|1|1.500
10738,178.966666666667,25,0,0,0,78|0.600|2.000|1|1.500
10739,178.983333333333,25,0,0,0,78|0.525|1.750|1|1.500
10740,179,25,0,0,0,78|0.450|1.500|1|1.500
10741,179.016666666667,25,0,0,0,78|0.375|1.250|1|1.500
10742,179.033333333333,25,0,0,0,78|0.300|1.000|1|1.500
10743,179.05,25,0,0,0,78|0.225|0.750|1|1.500
10744,179.066666666667,25,0,0,0,78|0.150|0.500|1|1.500
10745,179.083333333333,25,0,0,0,78|0.075|0.250|1|1.500
10746,179.1,25,1,1,2,78|-0.000|0.000|1|1.500
10747,179.116666666667,0,0,0,0,
10748,179.133333333333,0,0,0,0,
10749,179.15,0,0,0,0,
10750,179.166666666667,0,0,0,0,
10751,179.183333333333,0,0,0,0,
10752,179.2,0,0,0,0,
10753,179.216666666667,0,0,0,0,
10754,179.233333333333,0,0,0,0,
10755,179.25,0,0,0,0,
10756,179.266666666667,0,0,0,0,
10757,179.283333333333,0,0,0,0,
10758,179.3,0,0,0,0,
10759,179.316666666667,0,0,0,0,
10760,179.333333333333,0,0,0,0,
10761,179.35,0,0,0,0,
10762,179.366666666667,0,0,0,0,
10763,179.383333333333,0,0,0,0,
10764,179.4,0,0,0,0,
10765,179.416666666667,25,0,0,0,79|-15.000|29.750|1|3.000
10766,179.433333333333,25,0,0,0,79|-15.000|29.500|1|3.000
10767,179.45,25,0,0,0,79|-15.000|29.250|1|3.000
10768,179.466666666667,25,0,0,0,79|-15.000|29.000|1|3.000
10769,179.483333333333,25,0,0,0,79|-15.000|28.750|1|3.000
10770,179.5,25,0,0,0,79|-15.000|28.500|1|3.000
10771,179.516666666667,25,0,0,0,79|-15.000|28.250|1|3.000
10772,179.533333333333,25,0,0,0,79|-15.000|28.000|1|3.000
10773,179.55,25,0,0,0,79|-15.000|27.750|1|3.000
10774,179.566666666667,25,0,0,0,79|-15.000|27.500|1|3.000
10775,179.583333333333,25,0,0,0,79|-15.000|27.250|1|3.000
10776,179.6,25,0,0,0,79|-15.000|27.000|1|3.000
10777,179.616666666667,25,0,0,0,79|-15.000|26.750|1|3.000
10778,179.633333333333,25,0,0,0,79|-15.000|26.500|1|3.000
10779,179.65,25,0,0,0,79|-15.000|26.250|1|3.000
10780,179.666666666667,25,0,0,0,79|-15.000|26.000|1|3.000
10781,179.683333333333,25,0,0,0,79|-15.000|25.750|1|3.000
10782,179.7,25,0,0,0,79|-15.000|25.500|1|3.000
10783,179.716666666667,25,0,0,0,79|-15.000|25.250|1|3.000
10784,179.733333333333,25,0,0,0,79|-15.000|25.000|1|3.000
10785,179.75,25,0,0,0,79|-15.000|24.750|1|3.000
10786,179.766666666667,25,0,0,0,79|-15.000|24.500|1|3.000
10787,179.783333333333,25,0,0,0,79|-15.000|24.250|1|3.000
10788,179.8,25,0,0,0,79|-15.000|24.000|1|3.000
10789,179.816666666667,25,0,0,0,79|-15.000|23.750|1|3.000
10790,179.833333333333,25,0,0,0,79|-15.000|23.500|1|3.000
10791,179.85,25,0,0,0,79|-15.000|23.250|1|3.000
10792,179.866666666667,25,0,0,0,79|-15.000|23.000|1|3.000
10793,179.883333333333,25,0,0,0,79|-15.000|22.750|1|3.000
10794,179.9,25,0,0,0,79|-15.000|22.500|1|3.000
10795,179.916666666667,25,0,0,0,79|-15.000|22.250|1|3.000
10796,179.933333333333,25,0,0,0,79|-15.000|22.000|1|3.000
10797,179.95,25,0,0,0,79|-15.000|21.750|1|3.000
10798,179.966666666667,25,0,0,0,79|-15.000|21.500|1|3.000
10799,179.983333333333,25,0,0,0,79|-15.000|21.250|1|3.000
10800,180,25,0,0,0,79|-15.000|21.000|1|3.000
10801,180.016666666667,25,0,0,0,79|-15.000|20.750|1|3.000
10802,180.033333333333,25,0,0,0,79|-15.000|20.500|1|3.000
10803,180.05,25,0,0,0,79|-15.000|20.250|1|3.000
10804,180.066666666667,25,0,0,0,79|-15.000|20.000|1|3.000
10805,180.083333333333,25,0,0,0,79|-15.000|19.750|1|3.000
10806,180.1,25,0,0,0,79|-15.000|19.500|1|3.000
10807,180.116666666667,25,0,0,0,79|-15.000|19.250|1|3.000
10808,180.133333333333,25,0,0,0,79|-15.000|19.000|1|3.000
10809,180.15,25,0,0,0,79|-15.000|18.750|1|3.000
10810,180.166666666667,25,0,0,0,79|-15.000|18.500|1|3.000
10811,180.183333333333,25,0,0,0,79|-15.000|18.250|1|3.000
10812,180.2,25,0,0,0,79|-15.000|18.000|1|3.000
10813,180.216666666667,25,0,0,0,79|-15.000|17.750|1|3.000
10814,180.233333333333,25,0,0,0,79|-15.000|17.500|1|3.000
10815,180.25,25,0,0,0,79|-15.000|17.250|1|3.000
10816,180.266666666667,25,0,0,0,79|-15.000|17.000|1|3.000
10817,180.283333333333,25,0,0,0,79|-15.000|16.750|1|3.000
10818,180.3,25,0,0,0,79|-15.000|16.500|1|3.000
10819,180.316666666667,25,0,0,0,79|-15.000|16.250|1|3.000
10820,180.333333333333,25,0,0,0,79|-15.000|16.000|1|3.000
10821,180.35,25,0,0,0,79|-15.000|15.750|1|3.000
10822,180.366666666667,25,0,0,0,79|-15.000|15.500|1|3.000
10823,180.383333333333,25,0,0,0,79|-15.000|15.250|1|3.000
10824,180.4,25,0,0,0,79|-15.000|15.000|1|3.000
10825,180.416666666667,25,0,0,0,79|-15.000|14.750|1|3.000
10826,180.433333333333,25,0,0,0,79|-15.000|14.500|1|3.000
10827,180.45,25,0,0,0,79|-15.000|14.250|1|3.000
10828,180.466666666667,25,0,0,0,79|-15.000|14.000|1|3.000
10829,180.483333333333,25,0,0,0,79|-15.000|13.750|1|3.000
10830,180.5,25,0,0,0,79|-15.000|13.500|1|3.000
10831,180.516666666667,25,0,0,0,79|-15.000|13.250|1|3.000
10832,180.533333333333,25,0,0,0,79|-15.000|13.000|1|3.000
10833,180.55,25,0,0,0,79|-15.000|12.750|1|3.000
10834,180.566666666667,25,0,0,0,79|-15.000|12.500|1|3.000
10835,180.583333333333,25,0,0,0,79|-15.000|12.250|1|3.000
10836,180.6,25,0,0,0,79|-15.000|12.000|1|3.000
10837,180.616666666667,25,0,0,0,79|-15.000|11.750|1|3.000
10838,180.633333333333,25,0,0,0,79|-15.000|11.500|1|3.000
10839,180.65,25,0,0,0,79|-15.000|11.250|1|3.000
10840,180.666666666667,25,0,0,0,79|-15.000|11.000|1|3.000
10841,180.683333333333,25,0,0,0,79|-15.000|10.750|1|3.000
10842,180.7,25,0,0,0,79|-15.000|10.500|1|3.000
10843,180.716666666667,25,0,0,0,79|-15.000|10.250|1|3.000
10844,180.733333333333,25,0,0,0,79|-15.000|10.000|1|3.000
10845,180.75,25,0,0,0,79|-15.000|9.750|1|3.000
10846,180.766666666667,25,0,0,0,79|-15.000|9.500|1|3.000
10847,180.783333333333,25,0,0,0,79|-15.000|9.250|1|3.000
10848,180.8,25,0,0,0,79|-15.000|9.000|1|3.000
10849,180.816666666667,25,0,0,0,79|-15.000|8.750|1|3.000
10850,180.833333333333,25,0,0,0,79|-15.000|8.500|1|3.000
10851,180.85,25,0,0,0,79|-15.000|8.250|1|3.000
10852,180.866666666667,25,0,0,0,79|-15.000|8.000|1|3.000
10853,180.883333333333,25,0,0,0,79|-15.000|7.750|1|3.000
10854,180.9,25,0,0,0,79|-15.000|7.500|1|3.000
10855,180.916666666667,25,0,0,0,79|-15.000|7.250|1|3.000
10856,180.933333333333,25,0,0,0,79|-15.000|7.000|1|3.000
10857,180.95,25,0,0,0,79|-15.000|6.750|1|3.000
10858,180.966666666667,25,0,0,0,79|-15.000|6.500|1|3.000
10859,180.983333333333,25,0,0,0,79|-15.000|6.250|1|3.000
10860,181,25,0,0,0,79|-15.000|6.000|1|3.000
10861,181.016666666667,25,0,0,0,79|-15.000|5.750|1|3.000
10862,181.033333333333,25,0,0,0,79|-15.000|5.500|1|3.000
10863,181.05,25,0,0,0,79|-15.000|5.250|1|3.000
10864,181.066666666667,25,0,0,0,79|-15.000|5.000|1|3.000
10865,181.083333333333,25,0,0,0,79|-15.000|4.750|1|3.000
10866,181.1,25,0,0,0,79|-15.000|4.500|1|3.000
10867,181.116666666667,25,0,0,0,79|-15.000|4.250|1|3.000
10868,181.133333333333,25,0,0,0,79|-15.000|4.000|1|3.000
10869,181.15,25,0,0,0,79|-15.000|3.750|1|3.000
10870,181.166666666667,25,0,0,0,79|-15.000|3.500|1|3.000
10871,181.183333333333,25,0,0,0,79|-15.000|3.250|1|3.000
10872,181.2,25,0,0,0,79|-15.000|3.000|1|3.000
10873,181.216666666667,25,0,0,0,79|-15.000|2.750|1|3.000
10874,181.233333333333,25,0,0,0,79|-15.000|2.500|1|3.000
10875,181.25,25,0,0,0,79|-15.000|2.250|1|3.000
10876,181.266666666667,25,0,0,0,79|-15.000|2.000|1|3.000
10877,181.283333333333,25,0,0,0,79|-15.000|1.750|1|3.000
10878,181.3,25,0,0,0,79|-15.000|1.500|1|3.000
10879,181.316666666667,25,0,0,0,79|-15.000|1.250|1|3.000
10880,181.333333333333,25,0,0,0,79|-15.000|1.000|1|3.000
10881,181.35,25,0,0,0,79|-15.000|0.750|1|3.000
10882,181.366666666667,25,0,0,0,79|-15.000|0.500|1|3.000
10883,181.383333333333,25,0,0,0,79|-15.000|0.250|1|3.000
10884,181.4,25,0,1.5,0,79|-15.000|0.000|1|3.000
10885,181.416666666667,0,0,0,0,
10886,181.433333333333,0,0,0,0,
10887,181.45,0,0,0,0,
10888,181.466666666667,0,0,0,0,
10889,181.483333333333,0,0,0,0,
10890,181.5,0,0,0,0,
10891,181.516666666667,0,0,0,0,
10892,181.533333333333,0,0,0,0,
10893,181.55,0,0,0,0,
10894,181.566666666667,0,0,0,0,
10895,181.583333333333,0,0,0,0,
10896,181.6,0,0,0,0,
10897,181.616666666667,0,0,0,0,
10898,181.633333333333,0,0,0,0,
10899,181.65,0,0,0,0,
10900,181.666666666667,0,0,0,0,
10901,181.683333333333,0,0,0,0,
10902,181.7,0,0,0,0,
10903,181.716666666667,25,0,0,0,80|5.800|29.750|1|3.000
10904,181.733333333333,25,0,0,0,80|5.800|29.500|1|3.000
10905,181.75,25,0,0,0,80|5.800|29.250|1|3.000
10906,181.766666666667,25,0,0,0,80|5.800|29.000|1|3.000
10907,181.783333333333,25,0,0,0,80|5.800|28.750|1|3.000
10908,181.8,25,0,0,0,80|5.600|28.500|1|3.000
10909,181.816666666667,25,0,0,0,80|5.600|28.250|1|3.000
10910,181.833333333333,25,0,0,0,80|5.400|28.000|1|3.000
10911,181.85,25,0,0,0,80|5.200|27.750|1|3.000
10912,181.866666666667,25,0,0,0,80|5.200|27.500|1|3.000
10913,181.883333333333,25,0,0,0,80|5.000|27.250|1|3.000
10914,181.9,25,0,0,0,80|5.000|27.000|1|3.000
10915,181.916666666667,25,0,0,0,80|5.000|26.750|1|3.000
10916,181.933333333333,25,0,0,0,80|5.000|26.500|1|3.000
10917,181.95,25,0,0,0,80|4.800|26.250|1|3.000
10918,181.966666666667,25,0,0,0,80|4.800|26.000|1|3.000
10919,181.983333333333,25,0,0,0,80|4.800|25.750|1|3.000
10920,182,25,0,0,0,80|4.800|25.500|1|3.000
10921,182.016666666667,25,0,0,0,80|4.800|25.250|1|3.000
10922,182.033333333333,25,0,0,0,80|4.800|25.000|1|3.000
10923,182.05,25,0,0,0,80|4.800|24.750|1|3.000
10924,182.066666666667,25,0,0,0,80|4.800|24.500|1|3.000
10925,182.083333333333,25,0,0,0,80|4.800|24.250|1|3.000
10926,182.1,25,0,0,0,80|4.800|24.000|1|3.000
10927,182.116666666667,25,0,0,0,80|4.800|23.750|1|3.000
10928,182.133333333333,25,0,0,0,80|4.800|23.500|1|3.000
10929,182.15,25,0,0,0,80|4.800|23.250|1|3.000
10930,182.166666666667,25,0,0,0,80|4.600|23.000|1|3.000
10931,182.183333333333,25,0,0,0,80|4.400|22.750|1|3.000
10932,182.2,25,0,0,0,80|4.400|22.500|1|3.000
10933,182.216666666667,25,0,0,0,80|4.400|22.250|1|3.000
10934,182.233333333333,25,0,0,0,80|4.400|22.000|1|3.000
10935,182.25,25,0,0,0,80|4.400|21.750|1|3.000
10936,182.266666666667,25,0,0,0,80|4.400|21.500|1|3.000
10937,182.283333333333,25,0,0,0,80|4.200|21.250|1|3.000
10938,182.3,25,0,0,0,80|4.200|21.000|1|3.000
10939,182.316666666667,25,0,0,0,80|4.200|20.750|1|3.000
10940,182.333333333333,25,0,0,0,80|4.200|20.500|1|3.000
10941,182.35,25,0,0,0,80|4.200|20.250|1|3.000
10942,182.366666666667,25,0,0,0,80|4.200|20.000|1|3.000
10943,182.383333333333,25,0,0,0,80|4.000|19.750|1|3.000
10944,182.4,25,0,0,0,80|3.800|19.500|1|3.000
10945,182.416666666667,25,0,0,0,80|3.600|19.250|1|3.000
10946,182.433333333333,25,0,0,0,80|3.400|19.000|1|3.000
10947,182.45,25,0,0,0,80|3.400|18.750|1|3.000
10948,182.466666666667,25,0,0,0,80|3.200|18.500|1|3.000
10949,182.483333333333,25,0,0,0,80|3.200|18.250|1|3.000
10950,182.5,25,0,0,0,80|3.200|18.000|1|3.000
10951,182.516666666667,25,0,0,0,80|3.200|17.750|1|3.000
10952,182.533333333333,25,0,0,0,80|3.000|17.500|1|3.000
10953,182.55,25,0,0,0,80|2.800|17.250|1|3.000
10954,182.566666666667,25,0,0,0,80|2.800|17.000|1|3.000
10955,182.583333333333,25,0,0,0,80|2.800|16.750|1|3.000
10956,182.6,25,0,0,0,80|2.600|16.500|1|3.000
10957,182.616666666667,25,0,0,0,80|2.600|16.250|1|3.000
10958,182.633333333333,25,0,0,0,80|2.600|16.000|1|3.000
10959,182.65,25,0,0,0,80|2.600|15.750|1|3.000
10960,182.666666666667,25,0,0,0,80|2.400|15.500|1|3.000
10961,182.683333333333,25,0,0,0,80|2.400|15.250|1|3.000
10962,182.7,25,0,0,0,80|2.400|15.000|1|3.000
10963,182.716666666667,25,0,0,0,80|2.200|14.750|1|3.000
10964,182.733333333333,25,0,0,0,80|2.200|14.500|1|3.000
10965,182.75,25,0,0,0,80|2.200|14.250|1|3.000
10966,182.766666666667,25,0,0,0,80|2.200|14.000|1|3.000
10967,182.783333333333,25,0,0,0,80|2.000|13.750|1|3.000
10968,182.8,25,0,0,0,80|2.000|13.500|1|3.000
10969,182.816666666667,25,0,0,0,80|2.000|13.250|1|3.000
10970,182.833333333333,25,0,0,0,80|2.000|13.000|1|3.000
10971,182.85,25,0,0,0,80|1.800|12.750|1|3.000
10972,182.866666666667,25,0,0,0,80|1.800|12.500|1|3.000
10973,182.883333333333,25,0,0,0,80|1.800|12.250|1|3.000
10974,182.9,25,0,0,0,80|1.600|12.000|1|3.000
10975,182.916666666667,25,0,0,0,80|1.600|11.750|1|3.000
10976,182.933333333333,25,0,0,0,80|1.600|11.500|1|3.000
10977,182.95,25,0,0,0,80|1.600|11.250|1|3.000
10978,182.966666666667,25,0,0,0,80|1.600|11.000|1|3.000
10979,182.983333333333,25,0,0,0,80|1.600|10.750|1|3.000
10980,183,25,0,0,0,80|1.600|10.500|1|3.000
10981,183.016666666667,25,0,0,0,80|1.600|10.250|1|3.000
10982,183.033333333333,25,0,0,0,80|1.600|10.000|1|3.000
10983,183.05,25,0,0,0,80|1.600|9.750|1|3.000
10984,183.066666666667,25,0,0,0,80|1.600|9.500|1|3.000
10985,183.083333333333,25,0,0,0,80|1.600|9.250|1|3.000
10986,183.1,25,0,0,0,80|1.600|9.000|1|3.000
10987,183.116666666667,25,0,0,0,80|1.600|8.750|1|3.000
10988,183.133333333333,25,0,0,0,80|1.400|8.500|1|3.000
10989,183.15,25,0,0,0,80|1.400|8.250|1|3.000
10990,183.166666666667,25,0,0,0,80|1.400|8.000|1|3.000
10991,183.183333333333,25,0,0,0,80|1.400|7.750|1|3.000
10992,183.2,25,0,0,0,80|1.200|7.500|1|3.000
10993,183.216666666667,25,0,0,0,80|1.200|7.250|1|3.000
10994,183.233333333333,25,0,0,0,80|1.200|7.000|1|3.000
10995,183.25,25,0,0,0,80|1.200|6.750|1|3.000
10996,183.266666666667,25,0,0,0,80|1.200|6.500|1|3.000
10997,183.283333333333,25,0,0,0,80|1.200|6.250|1|3.000
10998,183.3,25,0,0,0,80|1.200|6.000|1|3.000
10999,183.316666666667,25,0,0,0,80|1.200|5.750|1|3.000
11000,183.333333333333,25,0,0,0,80|1.200|5.500|1|3.000
11001,183.35,25,0,0,0,80|1.000|5.250|1|3.000
11002,183.366666666667,25,0,0,0,80|0.800|5.000|1|3.000
11003,183.383333333333,25,0,0,0,80|0.800|4.750|1|3.000
11004,183.4,25,0,0,0,80|0.800|4.500|1|3.000
11005,183.416666666667,25,0,0,0,80|0.800|4.250|1|3.000
11006,183.433333333333,25,0,0,0,80|0.600|4.000|1|3.000
11007,183.45,25,0,0,0,80|0.600|3.750|1|3.000
11008,183.466666666667,25,0,0,0,80|0.400|3.500|1|3.000
11009,183.483333333333,25,0,0,0,80|0.400|3.250|1|3.000
11010,183.5,25,0,0,0,80|0.200|3.000|1|3.000
11011,183.516666666667,25,0,0,0,80|0.200|2.750|1|3.000
11012,183.533333333333,25,0,0,0,80|0.200|2.500|1|3.000
11013,183.55,25,0,0,0,80|0.200|2.250|1|3.000
11014,183.566666666667,25,0,0,0,80|0.200|2.000|1|3.000
11015,183.583333333333,25,0,0,0,80|-0.000|1.750|1|3.000
11016,183.6,25,0,0,0,80|-0.000|1.500|1|3.000
11017,183.616666666667,25,0,0,0,80|-0.000|1.250|1|3.000
11018,183.633333333333,25,0,0,0,80|-0.000|1.000|1|3.000
11019,183.65,25,0,0,0,80|-0.000|0.750|1|3.000
11020,183.666666666667,25,0,0,0,80|-0.000|0.500|1|3.000
11021,183.683333333333,25,0,0,0,80|-0.000|0.250|1|3.000
11022,183.7,25,1,1,1,80|-0.000|0.000|1|3.000
11023,183.716666666667,0,0,0,0,
11024,183.733333333333,0,0,0,0,
11025,183.75,0,0,0,0,
11026,183.766666666667,0,0,0,0,
11027,183.783333333333,0,0,0,0,
11028,183.8,0,0,0,0,
11029,183.816666666667,0,0,0,0,
11030,183.833333333333,0,0,0,0,
11031,183.85,0,0,0,0,
11032,183.866666666667,0,0,0,0,
11033,183.883333333333,0,0,0,0,
11034,183.9,0,0,0,0,
11035,183.916666666667,0,0,0,0,
11036,183.933333333333,0,0,0,0,
11037,183.95,0,0,0,0,
11038,183.966666666667,0,0,0,0,
11039,183.983333333333,0,0,0,0,
11040,184,0,0,0,0,
11041,184.016666666667,25,0,0,0,81|-12.000|29.750|1|3.000
11042,184.033333333333,25,0,0,0,81|-12.000|29.500|1|3.000
11043,184.05,25,0,0,0,81|-12.000|29.250|1|3.000
11044,184.066666666667,25,0,0,0,81|-12.000|29.000|1|3.000
11045,184.083333333333,25,0,0,0,81|-12.000|28.750|1|3.000
11046,184.1,25,0,0,0,81|-11.600|28.500|1|3.000
11047,184.116666666667,25,0,0,0,81|-11.200|28.250|1|3.000
11048,184.133333333333,25,0,0,0,81|-10.800|28.000|1|3.000
11049,184.15,25,0,0,0,81|-10.400|27.750|1|3.000
11050,184.166666666667,25,0,0,0,81|-10.400|27.500|1|3.000
11051,184.183333333333,25,0,0,0,81|-10.000|27.250|1|3.000
11052,184.2,25,0,0,0,81|-10.000|27.000|1|3.000
11053,184.216666666667,25,0,0,0,81|-9.600|26.750|1|3.000
11054,184.233333333333,25,0,0,0,81|-9.200|26.500|1|3.000
11055,184.25,25,0,0,0,81|-8.800|26.250|1|3.000
11056,184.266666666667,25,0,0,0,81|-8.400|26.000|1|3.000
11057,184.283333333333,25,0,0,0,81|-8.400|25.750|1|3.000
11058,184.3,25,0,0,0,81|-8.400|25.500|1|3.000
11059,184.316666666667,25,0,0,0,81|-8.400|25.250|1|3.000
11060,184.333333333333,25,0,0,0,81|-8.400|25.000|1|3.000
11061,184.35,25,0,0,0,81|-8.400|24.750|1|3.000
11062,184.366666666667,25,0,0,0,81|-8.400|24.500|1|3.000
11063,184.383333333333,25,0,0,0,81|-8.400|24.250|1|3.000
11064,184.4,25,0,0,0,81|-8.400|24.000|1|3.000
11065,184.416666666667,25,0,0,0,81|-8.400|23.750|1|3.000
11066,184.433333333333,25,0,0,0,81|-8.400|23.500|1|3.000
11067,184.45,25,0,0,0,81|-8.400|23.250|1|3.000
11068,184.466666666667,25,0,0,0,81|-8.400|23.000|1|3.000
11069,184.483333333333,25,0,0,0,81|-8.400|22.750|1|3.000
11070,184.5,25,0,0,0,81|-8.400|22.500|1|3.000
11071,184.516666666667,25,0,0,0,81|-8.400|22.250|1|3.000
11072,184.533333333333,25,0,0,0,81|-8.400|22.000|1|3.000
11073,184.55,25,0,0,0,81|-8.400|21.750|1|3.000
11074,184.566666666667,25,0,0,0,81|-8.400|21.500|1|3.000
11075,184.583333333333,25,0,0,0,81|-8.000|21.250|1|3.000
11076,184.6,25,0,0,0,81|-8.000|21.000|1|3.000
11077,184.616666666667,25,0,0,0,81|-8.000|20.750|1|3.000
11078,184.633333333333,25,0,0,0,81|-8.000|20.500|1|3.000
11079,184.65,25,0,0,0,81|-8.000|20.250|1|3.000
11080,184.666666666667,25,0,0,0,81|-7.600|20.000|1|3.000
11081,184.683333333333,25,0,0,0,81|-7.200|19.750|1|3.000
11082,184.7,25,0,0,0,81|-7.200|19.500|1|3.000
11083,184.716666666667,25,0,0,0,81|-7.200|19.250|1|3.000
11084,184.733333333333,25,0,0,0,81|-7.200|19.000|1|3.000
11085,184.75,25,0,0,0,81|-7.200|18.750|1|3.000
11086,184.766666666667,25,0,0,0,81|-7.200|18.500|1|3.000
11087,184.783333333333,25,0,0,0,81|-7.200|18.250|1|3.000
11088,184.8,25,0,0,0,81|-6.800|18.000|1|3.000
11089,184.816666666667,25,0,0,0,81|-6.800|17.750|1|3.000
11090,184.833333333333,25,0,0,0,81|-6.800|17.500|1|3.000
11091,184.85,25,0,0,0,81|-6.800|17.250|1|3.000
11092,184.866666666667,25,0,0,0,81|-6.800|17.000|1|3.000
11093,184.883333333333,25,0,0,0,81|-6.800|16.750|1|3.000
11094,184.9,25,0,0,0,81|-6.800|16.500|1|3.000
11095,184.916666666667,25,0,0,0,81|-6.800|16.250|1|3.000
11096,184.933333333333,25,0,0,0,81|-6.800|16.000|1|3.000
11097,184.95,25,0,0,0,81|-6.800|15.750|1|3.000
11098,184.966666666667,25,0,0,0,81|-6.800|15.500|1|3.000
11099,184.983333333333,25,0,0,0,81|-6.400|15.250|1|3.000
11100,185,25,0,0,0,81|-6.400|15.000|1|3.000
11101,185.016666666667,25,0,0,0,81|-6.400|14.750|1|3.000
11102,185.033333333333,25,0,0,0,81|-6.400|14.500|1|3.000
11103,185.05,25,0,0,0,81|-6.400|14.250|1|3.000
11104,185.066666666667,25,0,0,0,81|-6.000|14.000|1|3.000
11105,185.083333333333,25,0,0,0,81|-6.000|13.750|1|3.000
11106,185.1,25,0,0,0,81|-5.600|13.500|1|3.000
11107,185.116666666667,25,0,0,0,81|-5.200|13.250|1|3.000
11108,185.133333333333,25,0,0,0,81|-5.200|13.000|1|3.000
11109,185.15,25,0,0,0,81|-5.200|12.750|1|3.000
11110,185.166666666667,25,0,0,0,81|-5.200|12.500|1|3.000
11111,185.183333333333,25,0,0,0,81|-5.200|12.250|1|3.000
11112,185.2,25,0,0,0,81|-5.200|12.000|1|3.000
11113,185.216666666667,25,0,0,0,81|-4.800|11.750|1|3.000
11114,185.233333333333,25,0,0,0,81|-4.800|11.500|1|3.000
11115,185.25,25,0,0,0,81|-4.800|11.250|1|3.000
11116,185.266666666667,25,0,0,0,81|-4.800|11.000|1|3.000
11117,185.283333333333,25,0,0,0,81|-4.400|10.750|1|3.000
11118,185.3,25,0,0,0,81|-4.400|10.500|1|3.000
11119,185.316666666667,25,0,0,0,81|-4.400|10.250|1|3.000
11120,185.333333333333,25,0,0,0,81|-4.400|10.000|1|3.000
11121,185.35,25,0,0,0,81|-4.000|9.750|1|3.000
11122,185.366666666667,25,0,0,0,81|-4.000|9.500|1|3.000
11123,185.383333333333,25,0,0,0,81|-3.600|9.250|1|3.000
11124,185.4,25,0,0,0,81|-3.200|9.000|1|3.000
11125,185.416666666667,25,0,0,0,81|-2.800|8.750|1|3.000
11126,185.433333333333,25,0,0,0,81|-2.800|8.500|1|3.000
11127,185.45,25,0,0,0,81|-2.400|8.250|1|3.000
11128,185.466666666667,25,0,0,0,81|-2.000|8.000|1|3.000
11129,185.483333333333,25,0,0,0,81|-1.600|7.750|1|3.000
11130,185.5,25,0,0,0,81|-1.600|7.500|1|3.000
11131,185.516666666667,25,0,0,0,81|-1.600|7.250|1|3.000
11132,185.533333333333,25,0,0,0,81|-1.600|7.000|1|3.000
11133,185.55,25,0,0,0,81|-1.600|6.750|1|3.000
11134,185.566666666667,25,0,0,0,81|-1.200|6.500|1|3.000
11135,185.583333333333,25,0,0,0,81|-1.200|6.250|1|3.000
11136,185.6,25,0,0,0,81|-0.800|6.000|1|3.000
11137,185.616666666667,25,0,0,0,81|-0.800|5.750|1|3.000
11138,185.633333333333,25,0,0,0,81|-0.800|5.500|1|3.000
11139,185.65,25,0,0,0,81|-0.800|5.250|1|3.000
11140,185.666666666667,25,0,0,0,81|-0.800|5.000|1|3.000
11141,185.683333333333,25,0,0,0,81|-0.800|4.750|1|3.000
11142,185.7,25,0,0,0,81|-0.800|4.500|1|3.000
11143,185.716666666667,25,0,0,0,81|-0.800|4.250|1|3.000
11144,185.733333333333,25,0,0,0,81|-0.800|4.000|1|3.000
11145,185.75,25,0,0,0,81|-0.800|3.750|1|3.000
11146,185.766666666667,25,0,0,0,81|-0.800|3.500|1|3.000
11147,185.783333333333,25,0,0,0,81|-0.400|3.250|1|3.000
11148,185.8,25,0,0,0,81|-0.400|3.000|1|3.000
11149,185.816666666667,25,0,0,0,81|-0.400|2.750|1|3.000
11150,185.833333333333,25,0,0,0,81|-0.400|2.500|1|3.000
11151,185.85,25,0,0,0,81|-0.400|2.250|1|3.000
11152,185.866666666667,25,0,0,0,81|-0.400|2.000|1|3.000
11153,185.883333333333,25,0,0,0,81|-0.400|1.750|1|3.000
11154,185.9,25,0,0,0,81|0.000|1.500|1|3.000
11155,185.916666666667,25,0,0,0,81|0.000|1.250|1|3.000
11156,185.933333333333,25,0,0,0,81|0.000|1.000|1|3.000
11157,185.95,25,0,0,0,81|0.000|0.750|1|3.000
11158,185.966666666667,25,0,0,0,81|0.000|0.500|1|3.000
11159,185.983333333333,25,0,0,0,81|0.000|0.250|1|3.000
11160,186,25,1,1.5,3,81|0.000|0.000|1|3.000
11161,186.016666666667,0,0,0,0,
11162,186.033333333333,0,0,0,0,
11163,186.05,0,0,0,0,
11164,186.066666666667,0,0,0,0,
11165,186.083333333333,0,0,0,0,
11166,186.1,0,0,0,0,
11167,186.116666666667,0,0,0,0,
11168,186.133333333333,0,0,0,0,
11169,186.15,0,0,0,0,
11170,186.166666666667,0,0,0,0,
11171,186.183333333333,0,0,0,0,
11172,186.2,0,0,0,0,
11173,186.216666666667,0,0,0,0,
11174,186.233333333333,0,0,0,0,
11175,186.25,0,0,0,0,
11176,186.266666666667,0,0,0,0,
11177,186.283333333333,0,0,0,0,
11178,186.3,0,0,0,0,
11179,186.316666666667,25,0,0,0,82|11.900|29.750|1|1.500
11180,186.333333333333,25,0,0,0,82|11.800|29.500|1|1.500
11181,186.35,25,0,0,0,82|11.700|29.250|1|1.500
11182,186.366666666667,25,0,0,0,82|11.600|29.000|1|1.500
11183,186.383333333333,25,0,0,0,82|11.500|28.750|1|1.500
11184,186.4,25,0,0,0,82|11.400|28.500|1|1.500
11185,186.416666666667,25,0,0,0,82|11.300|28.250|1|1.500
11186,186.433333333333,25,0,0,0,82|11.200|28.000|1|1.500
11187,186.45,25,0,0,0,82|11.100|27.750|1|1.500
11188,186.466666666667,25,0,0,0,82|11.000|27.500|1|1.500
11189,186.483333333333,25,0,0,0,82|10.900|27.250|1|1.500
11190,186.5,25,0,0,0,82|10.800|27.000|1|1.500
11191,186.516666666667,25,0,0,0,82|10.700|26.750|1|1.500
11192,186.533333333333,25,0,0,0,82|10.600|26.500|1|1.500
11193,186.55,25,0,0,0,82|10.500|26.250|1|1.500
11194,186.566666666667,25,0,0,0,82|10.400|26.000|1|1.500
11195,186.583333333333,25,0,0,0,82|10.300|25.750|1|1.500
11196,186.6,25,0,0,0,82|10.200|25.500|1|1.500
11197,186.616666666667,25,0,0,0,82|10.100|25.250|1|1.500
11198,186.633333333333,25,0,0,0,82|10.000|25.000|1|1.500
11199,186.65,25,0,0,0,82|9.900|24.750|1|1.500
11200,186.666666666667,25,0,0,0,82|9.800|24.500|1|1.500
11201,186.683333333333,25,0,0,0,82|9.700|24.250|1|1.500
11202,186.7,25,0,0,0,82|9.600|24.000|1|1.500
11203,186.716666666667,25,0,0,0,82|9.500|23.750|1|1.500
11204,186.733333333333,25,0,0,0,82|9.400|23.500|1|1.500
11205,186.75,25,0,0,0,82|9.300|23.250|1|1.500
11206,186.766666666667,25,0,0,0,82|9.200|23.000|1|1.500
11207,186.783333333333,25,0,0,0,82|9.100|22.750|1|1.500
11208,186.8,25,0,0,0,82|9.000|22.500|1|1.500
11209,186.816666666667,25,0,0,0,82|8.900|22.250|1|1.500
11210,186.833333333333,25,0,0,0,82|8.800|22.000|1|1.500
11211,186.85,25,0,0,0,82|8.700|21.750|1|1.500
11212,186.866666666667,25,0,0,0,82|8.600|21.500|1|1.500
11213,186.883333333333,25,0,0,0,82|8.500|21.250|1|1.500
11214,186.9,25,0,0,0,82|8.400|21.000|1|1.500
11215,186.916666666667,25,0,0,0,82|8.300|20.750|1|1.500
11216,186.933333333333,25,0,0,0,82|8.200|20.500|1|1.500
11217,186.95,25,0,0,0,82|8.100|20.250|1|1.500
11218,186.966666666667,25,0,0,0,82|8.000|20.000|1|1.500
11219,186.983333333333,25,0,0,0,82|7.900|19.750|1|1.500
11220,187,25,0,0,0,82|7.800|19.500|1|1.500
11221,187.016666666667,25,0,0,0,82|7.700|19.250|1|1.500
11222,187.033333333333,25,0,0,0,82|7.600|19.000|1|1.500
11223,187.05,25,0,0,0,82|7.500|18.750|1|1.500
11224,187.066666666667,25,0,0,0,82|7.400|18.500|1|1.500
11225,187.083333333333,25,0,0,0,82|7.300|18.250|1|1.500
11226,187.1,25,0,0,0,82|7.200|18.000|1|1.500
11227,187.116666666667,25,0,0,0,82|7.100|17.750|1|1.500
11228,187.133333333333,25,0,0,0,82|7.000|17.500|1|1.500
11229,187.15,25,0,0,0,82|6.900|17.250|1|1.500
11230,187.166666666667,25,0,0,0,82|6.800|17.000|1|1.500
11231,187.183333333333,25,0,0,0,82|6.700|16.750|1|1.500
11232,187.2,25,0,0,0,82|6.600|16.500|1|1.500
11233,187.216666666667,25,0,0,0,82|6.500|16.250|1|1.500
11234,187.233333333333,25,0,0,0,82|6.400|16.000|1|1.500
11235,187.25,25,0,0,0,82|6.300|15.750|1|1.500
11236,187.266666666667,25,0,0,0,82|6.200|15.500|1|1.500
11237,187.283333333333,25,0,0,0,82|6.100|15.250|1|1.500
11238,187.3,25,0,0,0,82|6.000|15.000|1|1.500
11239,187.316666666667,25,0,0,0,82|5.900|14.750|1|1.500
11240,187.333333333333,25,0,0,0,82|5.800|14.500|1|1.500
11241,187.35,25,0,0,0,82|5.700|14.250|1|1.500
11242,187.366666666667,25,0,0,0,82|5.600|14.000|1|1.500
11243,187.383333333333,25,0,0,0,82|5.500|13.750|1|1.500
11244,187.4,25,0,0,0,82|5.400|13.500|1|1.500
11245,187.416666666667,25,0,0,0,82|5.300|13.250|1|1.500
11246,187.433333333333,25,0,0,0,82|5.200|13.000|1|1.500
11247,187.45,25,0,0,0,82|5.100|12.750|1|1.500
11248,187.466666666667,25,0,0,0,82|5.000|12.500|1|1.500
11249,187.483333333333,25,0,0,0,82|4.900|12.250|1|1.500
11250,187.5,25,0,0,0,82|4.800|12.000|1|1.500
11251,187.516666666667,25,0,0,0,82|4.700|11.750|1|1.500
11252,187.533333333333,25,0,0,0,82|4.600|11.500|1|1.500
11253,187.55,25,0,0,0,82|4.500|11.250|1|1.500
11254,187.566666666667,25,0,0,0,82|4.400|11.000|1|1.500
11255,187.583333333333,25,0,0,0,82|4.300|10.750|1|1.500
11256,187.6,25,0,0,0,82|4.200|10.500|1|1.500
11257,187.616666666667,25,0,0,0,82|4.100|10.250|1|1.500
11258,187.633333333333,25,0,0,0,82|4.000|10.000|1|1.500
11259,187.65,25,0,0,0,82|3.900|9.750|1|1.500
11260,187.666666666667,25,0,0,0,82|3.800|9.500|1|1.500
11261,187.683333333333,25,0,0,0,82|3.700|9.250|1|1.500
11262,187.7,25,0,0,0,82|3.600|9.000|1|1.500
11263,187.716666666667,25,0,0,0,82|3.500|8.750|1|1.500
11264,187.733333333333,25,0,0,0,82|3.400|8.500|1|1.500
11265,187.75,25,0,0,0,82|3.300|8.250|1|1.500
11266,187.766666666667,25,0,0,0,82|3.200|8.000|1|1.500
11267,187.783333333333,25,0,0,0,82|3.100|7.750|1|1.500
11268,187.8,25,0,0,0,82|3.000|7.500|1|1.500
11269,187.816666666667,25,0,0,0,82|2.900|7.250|1|1.500
11270,187.833333333333,25,0,0,0,82|2.800|7.000|1|1.500
11271,187.85,25,0,0,0,82|2.700|6.750|1|1.500
11272,187.866666666667,25,0,0,0,82|2.600|6.500|1|1.500
11273,187.883333333333,25,0,0,0,82|2.500|6.250|1|1.500
11274,187.9,25,0,0,0,82|2.400|6.000|1|1.500
11275,187.916666666667,25,0,0,0,82|2.300|5.750|1|1.500
11276,187.933333333333,25,0,0,0,82|2.200|5.500|1|1.500
11277,187.95,25,0,0,0,82|2.100|5.250|1|1.500
11278,187.966666666667,25,0,0,0,82|2.000|5.000|1|1.500
11279,187.983333333333,25,0,0,0,82|1.900|4.750|1|1.500
11280,188,25,0,0,0,82|1.800|4.500|1|1.500
11281,188.016666666667,25,0,0,0,82|1.700|4.250|1|1.500
11282,188.033333333333,25,0,0,0,82|1.600|4.000|1|1.500
11283,188.05,25,0,0,0,82|1.500|3.750|1|1.500
11284,188.066666666667,25,0,0,0,82|1.400|3.500|1|1.500
11285,188.083333333333,25,0,0,0,82|1.300|3.250|1|1.500
11286,188.1,25,0,0,0,82|1.200|3.000|1|1.500
11287,188.116666666667,25,0,0,0,82|1.100|2.750|1|1.500
11288,188.133333333333,25,0,0,0,82|1.000|2.500|1|1.500
11289,188.15,25,0,0,0,82|0.900|2.250|1|1.500
11290,188.166666666667,25,0,0,0,82|0.800|2.000|1|1.500
11291,188.183333333333,25,0,0,0,82|0.700|1.750|1|1.500
11292,188.2,25,0,0,0,82|0.600|1.500|1|1.500
11293,188.216666666667,25,0,0,0,82|0.500|1.250|1|1.500
11294,188.233333333333,25,0,0,0,82|0.400|1.000|1|1.500
11295,188.25,25,0,0,0,82|0.300|0.750|1|1.500
11296,188.266666666667,25,0,0,0,82|0.200|0.500|1|1.500
11297,188.283333333333,25,0,0,0,82|0.100|0.250|1|1.500
11298,188.3,25,1,1.5,3,82|0.000|0.000|1|1.500
11299,188.316666666667,0,0,0,0,
11300,188.333333333333,0,0,0,0,
11301,188.35,0,0,0,0,
11302,188.366666666667,0,0,0,0,
11303,188.383333333333,0,0,0,0,
11304,188.4,0,0,0,0,
11305,188.416666666667,0,0,0,0,
11306,188.433333333333,0,0,0,0,
11307,188.45,0,0,0,0,
11308,188.466666666667,0,0,0,0,
11309,188.483333333333,0,0,0,0,
11310,188.5,0,0,0,0,
11311,188.516666666667,0,0,0,0,
11312,188.533333333333,0,0,0,0,
11313,188.55,0,0,0,0,
11314,188.566666666667,0,0,0,0,
11315,188.583333333333,0,0,0,0,
11316,188.6,0,0,0,0,
11317,188.616666666667,25,0,0,0,83|-9.000|29.750|1|3.000
11318,188.633333333333,25,0,0,0,83|-9.000|29.500|1|3.000
11319,188.65,25,0,0,0,83|-9.000|29.250|1|3.000
11320,188.666666666667,25,0,0,0,83|-9.000|29.000|1|3.000
11321,188.683333333333,25,0,0,0,83|-9.000|28.750|1|3.000
11322,188.7,25,0,0,0,83|-9.000|28.500|1|3.000
11323,188.716666666667,25,0,0,0,83|-9.000|28.250|1|3.000
11324,188.733333333333,25,0,0,0,83|-9.000|28.000|1|3.000
11325,188.75,25,0,0,0,83|-9.000|27.750|1|3.000
11326,188.766666666667,25,0,0,0,83|-9.000|27.500|1|3.000
11327,188.783333333333,25,0,0,0,83|-9.000|27.250|1|3.000
11328,188.8,25,0,0,0,83|-9.000|27.000|1|3.000
11329,188.816666666667,25,0,0,0,83|-9.000|26.750|1|3.000
11330,188.833333333333,25,0,0,0,83|-9.000|26.500|1|3.000
11331,188.85,25,0,0,0,83|-9.000|26.250|1|3.000
11332,188.866666666667,25,0,0,0,83|-9.000|26.000|1|3.000
11333,188.883333333333,25,0,0,0,83|-9.000|25.750|1|3.000
11334,188.9,25,0,0,0,83|-9.000|25.500|1|3.000
11335,188.916666666667,25,0,0,0,83|-9.000|25.250|1|3.000
11336,188.933333333333,25,0,0,0,83|-9.000|25.000|1|3.000
11337,188.95,25,0,0,0,83|-9.000|24.750|1|3.000
11338,188.966666666667,25,0,0,0,83|-9.000|24.500|1|3.000
11339,188.983333333333,25,0,0,0,83|-9.000|24.250|1|3.000
11340,189,25,0,0,0,83|-9.000|24.000|1|3.000
11341,189.016666666667,25,0,0,0,83|-9.000|23.750|1|3.000
11342,189.033333333333,25,0,0,0,83|-9.000|23.500|1|3.000
11343,189.05,25,0,0,0,83|-9.000|23.250|1|3.000
11344,189.066666666667,25,0,0,0,83|-9.000|23.000|1|3.000
11345,189.083333333333,25,0,0,0,83|-9.000|22.750|1|3.000
11346,189.1,25,0,0,0,83|-9.000|22.500|1|3.000
11347,189.116666666667,25,0,0,0,83|-9.000|22.250|1|3.000
11348,189.133333333333,25,0,0,0,83|-9.000|22.000|1|3.000
11349,189.15,25,0,0,0,83|-9.000|21.750|1|3.000
11350,189.166666666667,25,0,0,0,83|-9.000|21.500|1|3.000
11351,189.183333333333,25,0,0,0,83|-9.000|21.250|1|3.000
11352,189.2,25,0,0,0,83|-9.000|21.000|1|3.000
11353,189.216666666667,25,0,0,0,83|-9.000|20.750|1|3.000
11354,189.233333333333,25,0,0,0,83|-9.000|20.500|1|3.000
11355,189.25,25,0,0,0,83|-9.000|20.250|1|3.000
11356,189.266666666667,25,0,0,0,83|-9.000|20.000|1|3.000
11357,189.283333333333,25,0,0,0,83|-9.000|19.750|1|3.000
11358,189.3,25,0,0,0,83|-9.000|19.500|1|3.000
11359,189.316666666667,25,0,0,0,83|-9.000|19.250|1|3.000
11360,189.333333333333,25,0,0,0,83|-9.000|19.000|1|3.000
11361,189.35,25,0,0,0,83|-9.000|18.750|1|3.000
11362,189.366666666667,25,0,0,0,83|-9.000|18.500|1|3.000
11363,189.383333333333,25,0,0,0,83|-9.000|18.250|1|3.000
11364,189.4,25,0,0,0,83|-9.000|18.000|1|3.000
11365,189.416666666667,25,0,0,0,83|-9.000|17.750|1|3.000
11366,189.433333333333,25,0,0,0,83|-9.000|17.500|1|3.000
11367,189.45,25,0,0,0,83|-9.000|17.250|1|3.000
11368,189.466666666667,25,0,0,0,83|-9.000|17.000|1|3.000
11369,189.483333333333,25,0,0,0,83|-9.000|16.750|1|3.000
11370,189.5,25,0,0,0,83|-9.000|16.500|1|3.000
11371,189.516666666667,25,0,0,0,83|-9.000|16.250|1|3.000
11372,189.533333333333,25,0,0,0,83|-9.000|16.000|1|3.000
11373,189.55,25,0,0,0,83|-9.000|15.750|1|3.000
11374,189.566666666667,25,0,0,0,83|-9.000|15.500|1|3.000
11375,189.583333333333,25,0,0,0,83|-9.000|15.250|1|3.000
11376,189.6,25,0,0,0,83|-9.000|15.000|1|3.000
11377,189.616666666667,25,0,0,0,83|-9.000|14.750|1|3.000
11378,189.633333333333,25,0,0,0,83|-9.000|14.500|1|3.000
11379,189.65,25,0,0,0,83|-9.000|14.250|1|3.000
11380,189.666666666667,25,0,0,0,83|-9.000|14.000|1|3.000
11381,189.683333333333,25,0,0,0,83|-9.000|13.750|1|3.000
11382,189.7,25,0,0,0,83|-9.000|13.500|1|3.000
11383,189.716666666667,25,0,0,0,83|-9.000|13.250|1|3.000
11384,189.733333333333,25,0,0,0,83|-9.000|13.000|1|3.000
11385,189.75,25,0,0,0,83|-9.000|12.750|1|3.000
11386,189.766666666667,25,0,0,0,83|-9.000|12.500|1|3.000
11387,189.783333333333,25,0,0,0,83|-9.000|12.250|1|3.000
11388,189.8,25,0,0,0,83|-9.000|12.000|1|3.000
11389,189.816666666667,25,0,0,0,83|-9.000|11.750|1|3.000
11390,189.833333333333,25,0,0,0,83|-9.000|11.500|1|3.000
11391,189.85,25,0,0,0,83|-9.000|11.250|1|3.000
11392,189.866666666667,25,0,0,0,83|-9.000|11.000|1|3.000
11393,189.883333333333,25,0,0,0,83|-9.000|10.750|1|3.000
11394,189.9,25,0,0,0,83|-9.000|10.500|1|3.000
11395,189.916666666667,25,0,0,0,83|-9.000|10.250|1|3.000
11396,189.933333333333,25,0,0,0,83|-9.000|10.000|1|3.000
11397,189.95,25,0,0,0,83|-9.000|9.750|1|3.000
11398,189.966666666667,25,0,0,0,83|-9.000|9.500|1|3.000
11399,189.983333333333,25,0,0,0,83|-9.000|9.250|1|3.000
11400,190,25,0,0,0,83|-9.000|9.000|1|3.000
11401,190.016666666667,25,0,0,0,83|-9.000|8.750|1|3.000
11402,190.033333333333,25,0,0,0,83|-9.000|8.500|1|3.000
11403,190.05,25,0,0,0,83|-9.000|8.250|1|3.000
11404,190.066666666667,25,0,0,0,83|-9.000|8.000|1|3.000
11405,190.083333333333,25,0,0,0,83|-9.000|7.750|1|3.000
11406,190.1,25,0,0,0,83|-9.000|7.500|1|3.000
11407,190.116666666667,25,0,0,0,83|-9.000|7.250|1|3.000
11408,190.133333333333,25,0,0,0,83|-9.000|7.000|1|3.000
11409,190.15,25,0,0,0,83|-9.000|6.750|1|3.000
11410,190.166666666667,25,0,0,0,83|-9.000|6.500|1|3.000
11411,190.183333333333,25,0,0,0,83|-9.000|6.250|1|3.000
11412,190.2,25,0,0,0,83|-9.000|6.000|1|3.000
11413,190.216666666667,25,0,0,0,83|-9.000|5.750|1|3.000
11414,190.233333333333,25,0,0,0,83|-9.000|5.500|1|3.000
11415,190.25,25,0,0,0,83|-9.000|5.250|1|3.000
11416,190.266666666667,25,0,0,0,83|-9.000|5.000|1|3.000
11417,190.283333333333,25,0,0,0,83|-9.000|4.750|1|3.000
11418,190.3,25,0,0,0,83|-9.000|4.500|1|3.000
11419,190.316666666667,25,0,0,0,83|-9.000|4.250|1|3.000
11420,190.333333333333,25,0,0,0,83|-9.000|4.000|1|3.000
11421,190.35,25,0,0,0,83|-9.000|3.750|1|3.000
11422,190.366666666667,25,0,0,0,83|-9.000|3.500|1|3.000
11423,190.383333333333,25,0,0,0,83|-9.000|3.250|1|3.000
11424,190.4,25,0,0,0,83|-9.000|3.000|1|3.000
11425,190.416666666667,25,0,0,0,83|-9.000|2.750|1|3.000
11426,190.433333333333,25,0,0,0,83|-9.000|2.500|1|3.000
11427,190.45,25,0,0,0,83|-9.000|2.250|1|3.000
11428,190.466666666667,25,0,0,0,83|-9.000|2.000|1|3.000
11429,190.483333333333,25,0,0,0,83|-9.000|1.750|1|3.000
11430,190.5,25,0,0,0,83|-9.000|1.500|1|3.000
11431,190.516666666667,25,0,0,0,83|-9.000|1.250|1|3.000
11432,190.533333333333,25,0,0,0,83|-9.000|1.000|1|3.000
11433,190.55,25,0,0,0,83|-9.000|0.750|1|3.000
11434,190.566666666667,25,0,0,0,83|-9.000|0.500|1|3.000
11435,190.583333333333,25,0,0,0,83|-9.000|0.250|1|3.000
11436,190.6,25,0,1,0,83|-9.000|0.000|1|3.000
11437,190.616666666667,0,0,0,0,
11438,190.633333333333,0,0,0,0,
11439,190.65,0,0,0,0,
11440,190.666666666667,0,0,0,0,
11441,190.683333333333,0,0,0,0,
11442,190.7,0,0,0,0,
11443,190.716666666667,0,0,0,0,
11444,190.733333333333,0,0,0,0,
11445,190.75,0,0,0,0,
11446,190.766666666667,0,0,0,0,
11447,190.783333333333,0,0,0,0,
11448,190.8,0,0,0,0,
11449,190.816666666667,0,0,0,0,
11450,190.833333333333,0,0,0,0,
11451,190.85,0,0,0,0,
11452,190.866666666667,0,0,0,0,
11453,190.883333333333,0,0,0,0,
11454,190.9,0,0,0,0,
11455,190.916666666667,25,0,0,0,84|-6.000|29.750|1|1.500
11456,190.933333333333,25,0,0,0,84|-6.000|29.500|1|1.500
11457,190.95,25,0,0,0,84|-6.000|29.250|1|1.500
11458,190.966666666667,25,0,0,0,84|-6.000|29.000|1|1.500
11459,190.983333333333,25,0,0,0,84|-6.000|28.750|1|1.500
11460,191,25,0,0,0,84|-6.000|28.500|1|1.500
11461,191.016666666667,25,0,0,0,84|-6.000|28.250|1|1.500
11462,191.033333333333,25,0,0,0,84|-6.000|28.000|1|1.500
11463,191.05,25,0,0,0,84|-6.000|27.750|1|1.500
11464,191.066666666667,25,0,0,0,84|-6.000|27.500|1|1.500
11465,191.083333333333,25,0,0,0,84|-6.000|27.250|1|1.500
11466,191.1,25,0,0,0,84|-6.000|27.000|1|1.500
11467,191.116666666667,25,0,0,0,84|-6.000|26.750|1|1.500
11468,191.133333333333,25,0,0,0,84|-6.000|26.500|1|1.500
11469,191.15,25,0,0,0,84|-6.000|26.250|1|1.500
11470,191.166666666667,25,0,0,0,84|-6.000|26.000|1|1.500
11471,191.183333333333,25,0,0,0,84|-6.000|25.750|1|1.500
11472,191.2,25,0,0,0,84|-6.000|25.500|1|1.500
11473,191.216666666667,25,0,0,0,84|-6.000|25.250|1|1.500
11474,191.233333333333,25,0,0,0,84|-6.000|25.000|1|1.500
11475,191.25,25,0,0,0,84|-6.000|24.750|1|1.500
11476,191.266666666667,25,0,0,0,84|-6.000|24.500|1|1.500
11477,191.283333333333,25,0,0,0,84|-6.000|24.250|1|1.500
11478,191.3,25,0,0,0,84|-6.000|24.000|1|1.500
11479,191.316666666667,25,0,0,0,84|-6.000|23.750|1|1.500
11480,191.333333333333,25,0,0,0,84|-6.000|23.500|1|1.500
11481,191.35,25,0,0,0,84|-6.000|23.250|1|1.500
11482,191.366666666667,25,0,0,0,84|-6.000|23.000|1|1.500
11483,191.383333333333,25,0,0,0,84|-6.000|22.750|1|1.500
11484,191.4,25,0,0,0,84|-6.000|22.500|1|1.500
11485,191.416666666667,25,0,0,0,84|-6.000|22.250|1|1.500
11486,191.433333333333,25,0,0,0,84|-6.000|22.000|1|1.500
11487,191.45,25,0,0,0,84|-6.000|21.750|1|1.500
11488,191.466666666667,25,0,0,0,84|-6.000|21.500|1|1.500
11489,191.483333333333,25,0,0,0,84|-6.000|21.250|1|1.500
11490,191.5,25,0,0,0,84|-6.000|21.000|1|1.500
11491,191.516666666667,25,0,0,0,84|-6.000|20.750|1|1.500
11492,191.533333333333,25,0,0,0,84|-6.000|20.500|1|1.500
11493,191.55,25,0,0,0,84|-6.000|20.250|1|1.500
11494,191.566666666667,25,0,0,0,84|-6.000|20.000|1|1.500
11495,191.583333333333,25,0,0,0,84|-6.000|19.750|1|1.500
11496,191.6,25,0,0,0,84|-6.000|19.500|1|1.500
11497,191.616666666667,25,0,0,0,84|-6.000|19.250|1|1.500
11498,191.633333333333,25,0,0,0,84|-6.000|19.000|1|1.500
11499,191.65,25,0,0,0,84|-6.000|18.750|1|1.500
11500,191.666666666667,25,0,0,0,84|-6.000|18.500|1|1.500
11501,191.683333333333,25,0,0,0,84|-6.000|18.250|1|1.500
11502,191.7,25,0,0,0,84|-6.000|18.000|1|1.500
11503,191.716666666667,25,0,0,0,84|-6.000|17.750|1|1.500
11504,191.733333333333,25,0,0,0,84|-6.000|17.500|1|1.500
11505,191.75,25,0,0,0,84|-6.000|17.250|1|1.500
11506,191.766666666667,25,0,0,0,84|-6.000|17.000|1|1.500
11507,191.783333333333,25,0,0,0,84|-6.000|16.750|1|1.500
11508,191.8,25,0,0,0,84|-6.000|16.500|1|1.500
11509,191.816666666667,25,0,0,0,84|-6.000|16.250|1|1.500
11510,191.833333333333,25,0,0,0,84|-6.000|16.000|1|1.500
11511,191.85,25,0,0,0,84|-6.000|15.750|1|1.500
11512,191.866666666667,25,0,0,0,84|-6.000|15.500|1|1.500
11513,191.883333333333,25,0,0,0,84|-6.000|15.250|1|1.500
11514,191.9,25,0,0,0,84|-6.000|15.000|1|1.500
11515,191.916666666667,25,0,0,0,84|-6.000|14.750|1|1.500
11516,191.933333333333,25,0,0,0,84|-6.000|14.500|1|1.500
11517,191.95,25,0,0,0,84|-6.000|14.250|1|1.500
11518,191.966666666667,25,0,0,0,84|-6.000|14.000|1|1.500
11519,191.983333333333,25,0,0,0,84|-6.000|13.750|1|1.500
11520,192,25,0,0,0,84|-6.000|13.500|1|1.500
11521,192.016666666667,25,0,0,0,84|-6.000|13.250|1|1.500
11522,192.033333333333,25,0,0,0,84|-6.000|13.000|1|1.500
11523,192.05,25,0,0,0,84|-6.000|12.750|1|1.500
11524,192.066666666667,25,0,0,0,84|-6.000|12.500|1|1.500
11525,192.083333333333,25,0,0,0,84|-6.000|12.250|1|1.500
11526,192.1,25,0,0,0,84|-6.000|12.000|1|1.500
11527,192.116666666667,25,0,0,0,84|-6.000|11.750|1|1.500
11528,192.133333333333,25,0,0,0,84|-6.000|11.500|1|1.500
11529,192.15,25,0,0,0,84|-6.000|11.250|1|1.500
11530,192.166666666667,25,0,0,0,84|-6.000|11.000|1|1.500
11531,192.183333333333,25,0,0,0,84|-6.000|10.750|1|1.500
11532,192.2,25,0,0,0,84|-6.000|10.500|1|1.500
11533,192.216666666667,25,0,0,0,84|-6.000|10.250|1|1.500
11534,192.233333333333,25,0,0,0,84|-6.000|10.000|1|1.500
11535,192.25,25,0,0,0,84|-6.000|9.750|1|1.500
11536,192.266666666667,25,0,0,0,84|-6.000|9.500|1|1.500
11537,192.283333333333,25,0,0,0,84|-6.000|9.250|1|1.500
11538,192.3,25,0,0,0,84|-6.000|9.000|1|1.500
11539,192.316666666667,25,0,0,0,84|-6.000|8.750|1|1.500
11540,192.333333333333,25,0,0,0,84|-6.000|8.500|1|1.500
11541,192.35,25,0,0,0,84|-6.000|8.250|1|1.500
11542,192.366666666667,25,0,0,0,84|-6.000|8.000|1|1.500
11543,192.383333333333,25,0,0,0,84|-6.000|7.750|1|1.500
11544,192.4,25,0,0,0,84|-6.000|7.500|1|1.500
11545,192.416666666667,25,0,0,0,84|-6.000|7.250|1|1.500
11546,192.433333333333,25,0,0,0,84|-6.000|7.000|1|1.500
11547,192.45,25,0,0,0,84|-6.000|6.750|1|1.500
11548,192.466666666667,25,0,0,0,84|-6.000|6.500|1|1.500
11549,192.483333333333,25,0,0,0,84|-6.000|6.250|1|1.500
11550,192.5,25,0,0,0,84|-6.000|6.000|1|1.500
11551,192.516666666667,25,0,0,0,84|-6.000|5.750|1|1.500
11552,192.533333333333,25,0,0,0,84|-6.000|5.500|1|1.500
11553,192.55,25,0,0,0,84|-6.000|5.250|1|1.500
11554,192.566666666667,25,0,0,0,84|-6.000|5.000|1|1.500
11555,192.583333333333,25,0,0,0,84|-6.000|4.750|1|1.500
11556,192.6,25,0,0,0,84|-6.000|4.500|1|1.500
11557,192.616666666667,25,0,0,0,84|-6.000|4.250|1|1.500
11558,192.633333333333,25,0,0,0,84|-6.000|4.000|1|1.500
11559,192.65,25,0,0,0,84|-6.000|3.750|1|1.500
11560,192.666666666667,25,0,0,0,84|-6.000|3.500|1|1.500
11561,192.683333333333,25,0,0,0,84|-6.000|3.250|1|1.500
11562,192.7,25,0,0,0,84|-6.000|3.000|1|1.500
11563,192.716666666667,25,0,0,0,84|-6.000|2.750|1|1.500
11564,192.733333333333,25,0,0,0,84|-6.000|2.500|1|1.500
11565,192.75,25,0,0,0,84|-6.000|2.250|1|1.500
11566,192.766666666667,25,0,0,0,84|-6.000|2.000|1|1.500
11567,192.783333333333,25,0,0,0,84|-6.000|1.750|1|1.500
11568,192.8,25,0,0,0,84|-6.000|1.500|1|1.500
11569,192.816666666667,25,0,0,0,84|-6.000|1.250|1|1.500
11570,192.833333333333,25,0,0,0,84|-6.000|1.000|1|1.500
11571,192.85,25,0,0,0,84|-6.000|0.750|1|1.500
11572,192.866666666667,25,0,0,0,84|-6.000|0.500|1|1.500
11573,192.883333333333,25,0,0,0,84|-6.000|0.250|1|1.500
11574,192.9,25,0,1,0,84|-6.000|0.000|1|1.500
11575,192.916666666667,0,0,0,0,
11576,192.933333333333,0,0,0,0,
11577,192.95,0,0,0,0,
11578,192.966666666667,0,0,0,0,
11579,192.983333333333,0,0,0,0,
11580,193,0,0,0,0,
11581,193.016666666667,0,0,0,0,
11582,193.033333333333,0,0,0,0,
11583,193.05,0,0,0,0,
11584,193.066666666667,0,0,0,0,
11585,193.083333333333,0,0,0,0,
11586,193.1,0,0,0,0,
11587,193.116666666667,0,0,0,0,
11588,193.133333333333,0,0,0,0,
11589,193.15,0,0,0,0,
11590,193.166666666667,0,0,0,0,
11591,193.183333333333,0,0,0,0,
11592,193.2,0,0,0,0,
11593,193.216666666667,25,0,0,0,85|-15.000|29.750|1|1.500
11594,193.233333333333,25,0,0,0,85|-15.000|29.500|1|1.500
11595,193.25,25,0,0,0,85|-15.000|29.250|1|1.500
11596,193.266666666667,25,0,0,0,85|-15.000|29.000|1|1.500
11597,193.283333333333,25,0,0,0,85|-15.000|28.750|1|1.500
11598,193.3,25,0,0,0,85|-15.000|28.500|1|1.500
11599,193.316666666667,25,0,0,0,85|-15.000|28.250|1|1.500
11600,193.333333333333,25,0,0,0,85|-15.000|28.000|1|1.500
11601,193.35,25,0,0,0,85|-15.000|27.750|1|1.500
11602,193.366666666667,25,0,0,0,85|-15.000|27.500|1|1.500
11603,193.383333333333,25,0,0,0,85|-15.000|27.250|1|1.500
11604,193.4,25,0,0,0,85|-15.000|27.000|1|1.500
11605,193.416666666667,25,0,0,0,85|-15.000|26.750|1|1.500
11606,193.433333333333,25,0,0,0,85|-15.000|26.500|1|1.500
11607,193.45,25,0,0,0,85|-14.500|26.250|1|1.500
11608,193.466666666667,25,0,0,0,85|-14.500|26.000|1|1.500
11609,193.483333333333,25,0,0,0,85|-14.000|25.750|1|1.500
11610,193.5,25,0,0,0,85|-13.500|25.500|1|1.500
11611,193.516666666667,25,0,0,0,85|-13.500|25.250|1|1.500
11612,193.533333333333,25,0,0,0,85|-13.000|25.000|1|1.500
11613,193.55,25,0,0,0,85|-13.000|24.750|1|1.500
11614,193.566666666667,25,0,0,0,85|-13.000|24.500|1|1.500
11615,193.583333333333,25,0,0,0,85|-13.000|24.250|1|1.500
11616,193.6,25,0,0,0,85|-12.500|24.000|1|1.500
11617,193.616666666667,25,0,0,0,85|-12.500|23.750|1|1.500
11618,193.633333333333,25,0,0,0,85|-12.500|23.500|1|1.500
11619,193.65,25,0,0,0,85|-12.000|23.250|1|1.500
11620,193.666666666667,25,0,0,0,85|-12.000|23.000|1|1.500
11621,193.683333333333,25,0,0,0,85|-12.000|22.750|1|1.500
11622,193.7,25,0,0,0,85|-11.500|22.500|1|1.500
11623,193.716666666667,25,0,0,0,85|-11.000|22.250|1|1.500
11624,193.733333333333,25,0,0,0,85|-11.000|22.000|1|1.500
11625,193.75,25,0,0,0,85|-11.000|21.750|1|1.500
11626,193.766666666667,25,0,0,0,85|-10.500|21.500|1|1.500
11627,193.783333333333,25,0,0,0,85|-10.500|21.250|1|1.500
11628,193.8,25,0,0,0,85|-10.500|21.000|1|1.500
11629,193.816666666667,25,0,0,0,85|-10.500|20.750|1|1.500
11630,193.833333333333,25,0,0,0,85|-10.500|20.500|1|1.500
11631,193.85,25,0,0,0,85|-10.500|20.250|1|1.500
11632,193.866666666667,25,0,0,0,85|-10.500|20.000|1|1.500
11633,193.883333333333,25,0,0,0,85|-10.000|19.750|1|1.500
11634,193.9,25,0,0,0,85|-9.500|19.500|1|1.500
11635,193.916666666667,25,0,0,0,85|-9.000|19.250|1|1.500
11636,193.933333333333,25,0,0,0,85|-9.000|19.000|1|1.500
11637,193.95,25,0,0,0,85|-9.000|18.750|1|1.500
11638,193.966666666667,25,0,0,0,85|-9.000|18.500|1|1.500
11639,193.983333333333,25,0,0,0,85|-9.000|18.250|1|1.500
11640,194,25,0,0,0,85|-9.000|18.000|1|1.500
11641,194.016666666667,25,0,0,0,85|-9.000|17.750|1|1.500
11642,194.033333333333,25,0,0,0,85|-9.000|17.500|1|1.500
11643,194.05,25,0,0,0,85|-9.000|17.250|1|1.500
11644,194.066666666667,25,0,0,0,85|-9.000|17.000|1|1.500
11645,194.083333333333,25,0,0,0,85|-9.000|16.750|1|1.500
11646,194.1,25,0,0,0,85|-9.000|16.500|1|1.500
11647,194.116666666667,25,0,0,0,85|-9.000|16.250|1|1.500
11648,194.133333333333,25,0,0,0,85|-9.000|16.000|1|1.500
11649,194.15,25,0,0,0,85|-8.500|15.750|1|1.500
11650,194.166666666667,25,0,0,0,85|-8.500|15.500|1|1.500
11651,194.183333333333,25,0,0,0,85|-8.500|15.250|1|1.500
11652,194.2,25,0,0,0,85|-8.000|15.000|1|1.500
11653,194.216666666667,25,0,0,0,85|-7.500|14.750|1|1.500
11654,194.233333333333,25,0,0,0,85|-7.500|14.500|1|1.500
11655,194.25,25,0,0,0,85|-7.500|14.250|1|1.500
11656,194.266666666667,25,0,0,0,85|-7.500|14.000|1|1.500
11657,194.283333333333,25,0,0,0,85|-7.500|13.750|1|1.500
11658,194.3,25,0,0,0,85|-7.000|13.500|1|1.500
11659,194.316666666667,25,0,0,0,85|-7.000|13.250|1|1.500
11660,194.333333333333,25,0,0,0,85|-7.000|13.000|1|1.500
11661,194.35,25,0,0,0,85|-7.000|12.750|1|1.500
11662,194.366666666667,25,0,0,0,85|-7.000|12.500|1|1.500
11663,194.383333333333,25,0,0,0,85|-6.500|12.250|1|1.500
11664,194.4,25,0,0,0,85|-6.500|12.000|1|1.500
11665,194.416666666667,25,0,0,0,85|-6.500|11.750|1|1.500
11666,194.433333333333,25,0,0,0,85|-6.000|11.500|1|1.500
11667,194.45,25,0,0,0,85|-6.000|11.250|1|1.500
11668,194.466666666667,25,0,0,0,85|-6.000|11.000|1|1.500
11669,194.483333333333,25,0,0,0,85|-6.000|10.750|1|1.500
11670,194.5,25,0,0,0,85|-6.000|10.500|1|1.500
11671,194.516666666667,25,0,0,0,85|-5.500|10.250|1|1.500
11672,194.533333333333,25,0,0,0,85|-5.500|10.000|1|1.500
11673,194.55,25,0,0,0,85|-5.500|9.750|1|1.500
11674,194.566666666667,25,0,0,0,85|-5.000|9.500|1|1.500
11675,194.583333333333,25,0,0,0,85|-5.000|9.250|1|1.500
11676,194.6,25,0,0,0,85|-4.500|9.000|1|1.500
11677,194.616666666667,25,0,0,0,85|-4.500|8.750|1|1.500
11678,194.633333333333,25,0,0,0,85|-4.000|8.500|1|1.500
11679,194.65,25,0,0,0,85|-4.000|8.250|1|1.500
11680,194.666666666667,25,0,0,0,85|-4.000|8.000|1|1.500
11681,194.683333333333,25,0,0,0,85|-4.000|7.750|1|1.500
11682,194.7,25,0,0,0,85|-4.000|7.500|1|1.500
11683,194.716666666667,25,0,0,0,85|-3.500|7.250|1|1.500
11684,194.733333333333,25,0,0,0,85|-3.500|7.000|1|1.500
11685,194.75,25,0,0,0,85|-3.500|6.750|1|1.500
11686,194.766666666667,25,0,0,0,85|-3.500|6.500|1|1.500
11687,194.783333333333,25,0,0,0,85|-3.500|6.250|1|1.500
11688,194.8,25,0,0,0,85|-3.500|6.000|1|1.500
11689,194.816666666667,25,0,0,0,85|-3.500|5.750|1|1.500
11690,194.833333333333,25,0,0,0,85|-3.000|5.500|1|1.500
11691,194.85,25,0,0,0,85|-3.000|5.250|1|1.500
11692,194.866666666667,25,0,0,0,85|-2.500|5.000|1|1.500
11693,194.883333333333,25,0,0,0,85|-2.000|4.750|1|1.500
11694,194.9,25,0,0,0,85|-2.000|4.500|1|1.500
11695,194.916666666667,25,0,0,0,85|-2.000|4.250|1|1.500
11696,194.933333333333,25,0,0,0,85|-2.000|4.000|1|1.500
11697,194.95,25,0,0,0,85|-2.000|3.750|1|1.500
11698,194.966666666667,25,0,0,0,85|-2.000|3.500|1|1.500
11699,194.983333333333,25,0,0,0,85|-1.500|3.250|1|1.500
11700,195,25,0,0,0,85|-1.500|3.000|1|1.500
11701,195.016666666667,25,0,0,0,85|-1.500|2.750|1|1.500
11702,195.033333333333,25,0,0,0,85|-1.500|2.500|1|1.500
11703,195.05,25,0,0,0,85|-1.000|2.250|1|1.500
11704,195.066666666667,25,0,0,0,85|-0.500|2.000|1|1.500
11705,195.083333333333,25,0,0,0,85|-0.500|1.750|1|1.500
11706,195.1,25,0,0,0,85|-0.500|1.500|1|1.500
11707,195.116666666667,25,0,0,0,85|-0.500|1.250|1|1.500
11708,195.133333333333,25,0,0,0,85|0.000|1.000|1|1.500
11709,195.15,25,0,0,0,85|0.000|0.750|1|1.500
11710,195.166666666667,25,0,0,0,85|0.000|0.500|1|1.500
11711,195.183333333333,25,0,0,0,85|0.000|0.250|1|1.500
11712,195.2,25,1,1.5,4,85|0.000|0.000|1|1.500
11713,195.216666666667,0,0,0,0,
11714,195.233333333333,0,0,0,0,
11715,195.25,0,0,0,0,
11716,195.266666666667,0,0,0,0,
11717,195.283333333333,0,0,0,0,
11718,195.3,0,0,0,0,
11719,195.316666666667,0,0,0,0,
11720,195.333333333333,0,0,0,0,
11721,195.35,0,0,0,0,
11722,195.366666666667,0,0,0,0,
11723,195.383333333333,0,0,0,0,
11724,195.4,0,0,0,0,
11725,195.416666666667,0,0,0,0,
11726,195.433333333333,0,0,0,0,
11727,195.45,0,0,0,0,
11728,195.466666666667,0,0,0,0,
11729,195.483333333333,0,0,0,0,
11730,195.5,0,0,0,0,
11731,195.516666666667,25,0,0,0,86|-8.925|29.750|1|3.000
11732,195.533333333333,25,0,0,0,86|-8.850|29.500|1|3.000
11733,195.55,25,0,0,0,86|-8.775|29.250|1|3.000
11734,195.566666666667,25,0,0,0,86|-8.700|29.000|1|3.000
11735,195.583333333333,25,0,0,0,86|-8.625|28.750|1|3.000
11736,195.6,25,0,0,0,86|-8.550|28.500|1|3.000
11737,195.616666666667,25,0,0,0,86|-8.475|28.250|1|3.000
11738,195.633333333333,25,0,0,0,86|-8.400|28.000|1|3.000
11739,195.65,25,0,0,0,86|-8.325|27.750|1|3.000
11740,195.666666666667,25,0,0,0,86|-8.250|27.500|1|3.000
11741,195.683333333333,25,0,0,0,86|-8.175|27.250|1|3.000
11742,195.7,25,0,0,0,86|-8.100|27.000|1|3.000
11743,195.716666666667,25,0,0,0,86|-8.025|26.750|1|3.000
11744,195.733333333333,25,0,0,0,86|-7.950|26.500|1|3.000
11745,195.75,25,0,0,0,86|-7.875|26.250|1|3.000
11746,195.766666666667,25,0,0,0,86|-7.800|26.000|1|3.000
11747,195.783333333333,25,0,0,0,86|-7.725|25.750|1|3.000
11748,195.8,25,0,0,0,86|-7.650|25.500|1|3.000
11749,195.816666666667,25,0,0,0,86|-7.575|25.250|1|3.000
11750,195.833333333333,25,0,0,0,86|-7.500|25.000|1|3.000
11751,195.85,25,0,0,0,86|-7.425|24.750|1|3.000
11752,195.866666666667,25,0,0,0,86|-7.350|24.500|1|3.000
11753,195.883333333333,25,0,0,0,86|-7.275|24.250|1|3.000
11754,195.9,25,0,0,0,86|-7.200|24.000|1|3.000
11755,195.916666666667,25,0,0,0,86|-7.125|23.750|1|3.000
11756,195.933333333333,25,0,0,0,86|-7.050|23.500|1|3.000
11757,195.95,25,0,0,0,86|-6.975|23.250|1|3.000
11758,195.966666666667,25,0,0,0,86|-6.900|23.000|1|3.000
11759,195.983333333333,25,0,0,0,86|-6.825|22.750|1|3.000
11760,196,25,0,0,0,86|-6.750|22.500|1|3.000
11761,196.016666666667,25,0,0,0,86|-6.675|22.250|1|3.000
11762,196.033333333333,25,0,0,0,86|-6.600|22.000|1|3.000
11763,196.05,25,0,0,0,86|-6.525|21.750|1|3.000
11764,196.066666666667,25,0,0,0,86|-6.450|21.500|1|3.000
11765,196.083333333333,25,0,0,0,86|-6.375|21.250|1|3.000
11766,196.1,25,0,0,0,86|-6.300|21.000|1|3.000
11767,196.116666666667,25,0,0,0,86|-6.225|20.750|1|3.000
11768,196.133333333333,25,0,0,0,86|-6.150|20.500|1|3.000
11769,196.15,25,0,0,0,86|-6.075|20.250|1|3.000
11770,196.166666666667,25,0,0,0,86|-6.000|20.000|1|3.000
11771,196.183333333333,25,0,0,0,86|-5.925|19.750|1|3.000
11772,196.2,25,0,0,0,86|-5.850|19.500|1|3.000
11773,196.216666666667,25,0,0,0,86|-5.775|19.250|1|3.000
11774,196.233333333333,25,0,0,0,86|-5.700|19.000|1|3.000
11775,196.25,25,0,0,0,86|-5.625|18.750|1|3.000
11776,196.266666666667,25,0,0,0,86|-5.550|18.500|1|3.000
11777,196.283333333333,25,0,0,0,86|-5.475|18.250|1|3.000
11778,196.3,25,0,0,0,86|-5.400|18.000|1|3.000
11779,196.316666666667,25,0,0,0,86|-5.325|17.750|1|3.000
11780,196.333333333333,25,0,0,0,86|-5.250|17.500|1|3.000
11781,196.35,25,0,0,0,86|-5.175|17.250|1|3.000
11782,196.366666666667,25,0,0,0,86|-5.100|17.000|1|3.000
11783,196.383333333333,25,0,0,0,86|-5.025|16.750|1|3.000
11784,196.4,25,0,0,0,86|-4.950|16.500|1|3.000
11785,196.416666666667,25,0,0,0,86|-4.875|16.250|1|3.000
11786,196.433333333333,25,0,0,0,86|-4.800|16.000|1|3.000
11787,196.45,25,0,0,0,86|-4.725|15.750|1|3.000
11788,196.466666666667,25,0,0,0,86|-4.650|15.500|1|3.000
11789,196.483333333333,25,0,0,0,86|-4.575|15.250|1|3.000
11790,196.5,25,0,0,0,86|-4.500|15.000|1|3.000
11791,196.516666666667,25,0,0,0,86|-4.425|14.750|1|3.000
11792,196.533333333333,25,0,0,0,86|-4.350|14.500|1|3.000
11793,196.55,25,0,0,0,86|-4.275|14.250|1|3.000
11794,196.566666666667,25,0,0,0,86|-4.200|14.000|1|3.000
11795,196.583333333333,25,0,0,0,86|-4.125|13.750|1|3.000
11796,196.6,25,0,0,0,86|-4.050|13.500|1|3.000
11797,196.616666666667,25,0,0,0,86|-3.975|13.250|1|3.000
11798,196.633333333333,25,0,0,0,86|-3.900|13.000|1|3.000
11799,196.65,25,0,0,0,86|-3.825|12.750|1|3.000
11800,196.666666666667,25,0,0,0,86|-3.750|12.500|1|3.000
11801,196.683333333333,25,0,0,0,86|-3.675|12.250|1|3.000
11802,196.7,25,0,0,0,86|-3.600|12.000|1|3.000
11803,196.716666666667,25,0,0,0,86|-3.525|11.750|1|3.000
11804,196.733333333333,25,0,0,0,86|-3.450|11.500|1|3.000
11805,196.75,25,0,0,0,86|-3.375|11.250|1|3.000
11806,196.766666666667,25,0,0,0,86|-3.300|11.000|1|3.000
11807,196.783333333333,25,0,0,0,86|-3.225|10.750|1|3.000
11808,196.8,25,0,0,0,86|-3.150|10.500|1|3.000
11809,196.816666666667,25,0,0,0,86|-3.075|10.250|1|3.000
11810,196.833333333333,25,0,0,0,86|-3.000|10.000|1|3.000
11811,196.85,25,0,0,0,86|-2.925|9.750|1|3.000
11812,196.866666666667,25,0,0,0,86|-2.850|9.500|1|3.000
11813,196.883333333333,25,0,0,0,86|-2.775|9.250|1|3.000
11814,196.9,25,0,0,0,86|-2.700|9.000|1|3.000
11815,196.916666666667,25,0,0,0,86|-2.625|8.750|1|3.000
11816,196.933333333333,25,0,0,0,86|-2.550|8.500|1|3.000
11817,196.95,25,0,0,0,86|-2.475|8.250|1|3.000
11818,196.966666666667,25,0,0,0,86|-2.400|8.000|1|3.000
11819,196.983333333333,25,0,0,0,86|-2.325|7.750|1|3.000
11820,197,25,0,0,0,86|-2.250|7.500|1|3.000
11821,197.016666666667,25,0,0,0,86|-2.175|7.250|1|3.000
11822,197.033333333333,25,0,0,0,86|-2.100|7.000|1|3.000
11823,197.05,25,0,0,0,86|-2.025|6.750|1|3.000
11824,197.066666666667,25,0,0,0,86|-1.950|6.500|1|3.000
11825,197.083333333333,25,0,0,0,86|-1.875|6.250|1|3.000
11826,197.1,25,0,0,0,86|-1.800|6.000|1|3.000
11827,197.116666666667,25,0,0,0,86|-1.725|5.750|1|3.000
11828,197.133333333333,25,0,0,0,86|-1.650|5.500|1|3.000
11829,197.15,25,0,0,0,86|-1.575|5.250|1|3.000
11830,197.166666666667,25,0,0,0,86|-1.500|5.000|1|3.000
11831,197.183333333333,25,0,0,0,86|-1.425|4.750|1|3.000
11832,197.2,25,0,0,0,86|-1.350|4.500|1|3.000
11833,197.216666666667,25,0,0,0,86|-1.275|4.250|1|3.000
11834,197.233333333333,25,0,0,0,86|-1.200|4.000|1|3.000
11835,197.25,25,0,0,0,86|-1.125|3.750|1|3.000
11836,197.266666666667,25,0,0,0,86|-1.050|3.500|1|3.000
11837,197.283333333333,25,0,0,0,86|-0.975|3.250|1|3.000
11838,197.3,25,0,0,0,86|-0.900|3.000|1|3.000
11839,197.316666666667,25,0,0,0,86|-0.825|2.750|1|3.000
11840,197.333333333333,25,0,0,0,86|-0.750|2.500|1|3.000
11841,197.35,25,0,0,0,86|-0.675|2.250|1|3.000
11842,197.366666666667,25,0,0,0,86|-0.600|2.000|1|3.000
11843,197.383333333333,25,0,0,0,86|-0.525|1.750|1|3.000
11844,197.4,25,0,0,0,86|-0.450|1.500|1|3.000
11845,197.416666666667,25,0,0,0,86|-0.375|1.250|1|3.000
11846,197.433333333333,25,0,0,0,86|-0.300|1.000|1|3.000
11847,197.45,25,0,0,0,86|-0.225|0.750|1|3.000
11848,197.466666666667,25,0,0,0,86|-0.150|0.500|1|3.000
11849,197.483333333333,25,0,0,0,86|-0.075|0.250|1|3.000
11850,197.5,25,1,1,2,86|0.000|0.000|1|3.000
11851,197.516666666667,0,0,0,0,
11852,197.533333333333,0,0,0,0,
11853,197.55,0,0,0,0,
11854,197.566666666667,0,0,0,0,
11855,197.583333333333,0,0,0,0,
11856,197.6,0,0,0,0,
11857,197.616666666667,0,0,0,0,
11858,197.633333333333,0,0,0,0,
11859,197.65,0,0,0,0,
11860,197.666666666667,0,0,0,0,
11861,197.683333333333,0,0,0,0,
11862,197.7,0,0,0,0,
11863,197.716666666667,0,0,0,0,
11864,197.733333333333,0,0,0,0,
11865,197.75,0,0,0,0,
11866,197.766666666667,0,0,0,0,
11867,197.783333333333,0,0,0,0,
11868,197.8,0,0,0,0,
11869,197.816666666667,25,0,0,0,87|15.000|29.750|1|3.000
11870,197.833333333333,25,0,0,0,87|15.000|29.500|1|3.000
11871,197.85,25,0,0,0,87|14.750|29.250|1|3.000
11872,197.866666666667,25,0,0,0,87|14.500|29.000|1|3.000
11873,197.883333333333,25,0,0,0,87|14.250|28.750|1|3.000
11874,197.9,25,0,0,0,87|14.250|28.500|1|3.000
11875,197.916666666667,25,0,0,0,87|14.250|28.250|1|3.000
11876,197.933333333333,25,0,0,0,87|14.250|28.000|1|3.000
11877,197.95,25,0,0,0,87|14.250|27.750|1|3.000
11878,197.966666666667,25,0,0,0,87|14.000|27.500|1|3.000
11879,197.983333333333,25,0,0,0,87|14.000|27.250|1|3.000
11880,198,25,0,0,0,87|13.750|27.000|1|3.000
11881,198.016666666667,25,0,0,0,87|13.750|26.750|1|3.000
11882,198.033333333333,25,0,0,0,87|13.750|26.500|1|3.000
11883,198.05,25,0,0,0,87|13.500|26.250|1|3.000
11884,198.066666666667,25,0,0,0,87|13.250|26.000|1|3.000
11885,198.083333333333,25,0,0,0,87|13.000|25.750|1|3.000
11886,198.1,25,0,0,0,87|13.000|25.500|1|3.000
11887,198.116666666667,25,0,0,0,87|12.750|25.250|1|3.000
11888,198.133333333333,25,0,0,0,87|12.500|25.000|1|3.000
11889,198.15,25,0,0,0,87|12.250|24.750|1|3.000
11890,198.166666666667,25,0,0,0,87|12.000|24.500|1|3.000
11891,198.183333333333,25,0,0,0,87|11.750|24.250|1|3.000
11892,198.2,25,0,0,0,87|11.750|24.000|1|3.000
11893,198.216666666667,25,0,0,0,87|11.500|23.750|1|3.000
11894,198.233333333333,25,0,0,0,87|11.500|23.500|1|3.000
11895,198.25,25,0,0,0,87|11.250|23.250|1|3.000
11896,198.266666666667,25,0,0,0,87|11.250|23.000|1|3.000
11897,198.283333333333,25,0,0,0,87|11.250|22.750|1|3.000
11898,198.3,25,0,0,0,87|11.000|22.500|1|3.000
11899,198.316666666667,25,0,0,0,87|11.000|22.250|1|3.000
11900,198.333333333333,25,0,0,0,87|11.000|22.000|1|3.000
11901,198.35,25,0,0,0,87|11.000|21.750|1|3.000
11902,198.366666666667,25,0,0,0,87|10.750|21.500|1|3.000
11903,198.383333333333,25,0,0,0,87|10.750|21.250|1|3.000
11904,198.4,25,0,0,0,87|10.500|21.000|1|3.000
11905,198.416666666667,25,0,0,0,87|10.250|20.750|1|3.000
11906,198.433333333333,25,0,0,0,87|10.000|20.500|1|3.000
11907,198.45,25,0,0,0,87|9.750|20.250|1|3.000
11908,198.466666666667,25,0,0,0,87|9.500|20.000|1|3.000
11909,198.483333333333,25,0,0,0,87|9.250|19.750|1|3.000
11910,198.5,25,0,0,0,87|9.000|19.500|1|3.000
11911,198.516666666667,25,0,0,0,87|8.750|19.250|1|3.000
11912,198.533333333333,25,0,0,0,87|8.500|19.000|1|3.000
11913,198.55,25,0,0,0,87|8.500|18.750|1|3.000
11914,198.566666666667,25,0,0,0,87|8.500|18.500|1|3.000
11915,198.583333333333,25,0,0,0,87|8.250|18.250|1|3.000
11916,198.6,25,0,0,0,87|8.250|18.000|1|3.000
11917,198.616666666667,25,0,0,0,87|8.250|17.750|1|3.000
11918,198.633333333333,25,0,0,0,87|8.250|17.500|1|3.000
11919,198.65,25,0,0,0,87|8.000|17.250|1|3.000
11920,198.666666666667,25,0,0,0,87|7.750|17.000|1|3.000
11921,198.683333333333,25,0,0,0,87|7.750|16.750|1|3.000
11922,198.7,25,0,0,0,87|7.750|16.500|1|3.000
11923,198.716666666667,25,0,0,0,87|7.500|16.250|1|3.000
11924,198.733333333333,25,0,0,0,87|7.250|16.000|1|3.000
11925,198.75,25,0,0,0,87|7.250|15.750|1|3.000
11926,198.766666666667,25,0,0,0,87|7.250|15.500|1|3.000
11927,198.783333333333,25,0,0,0,87|7.250|15.250|1|3.000
11928,198.8,25,0,0,0,87|7.000|15.000|1|3.000
11929,198.816666666667,25,0,0,0,87|7.000|14.750|1|3.000
11930,198.833333333333,25,0,0,0,87|7.000|14.500|1|3.000
11931,198.85,25,0,0,0,87|6.750|14.250|1|3.000
11932,198.866666666667,25,0,0,0,87|6.500|14.000|1|3.000
11933,198.883333333333,25,0,0,0,87|6.250|13.750|1|3.000
11934,198.9,25,0,0,0,87|6.250|13.500|1|3.000
11935,198.916666666667,25,0,0,0,87|6.000|13.250|1|3.000
11936,198.933333333333,25,0,0,0,87|5.750|13.000|1|3.000
11937,198.95,25,0,0,0,87|5.750|12.750|1|3.000
11938,198.966666666667,25,0,0,0,87|5.750|12.500|1|3.000
11939,198.983333333333,25,0,0,0,87|5.500|12.250|1|3.000
11940,199,25,0,0,0,87|5.250|12.000|1|3.000
11941,199.016666666667,25,0,0,0,87|5.250|11.750|1|3.000
11942,199.033333333333,25,0,0,0,87|5.000|11.500|1|3.000
11943,199.05,25,0,0,0,87|5.000|11.250|1|3.000
11944,199.066666666667,25,0,0,0,87|4.750|11.000|1|3.000
11945,199.083333333333,25,0,0,0,87|4.750|10.750|1|3.000
11946,199.1,25,0,0,0,87|4.750|10.500|1|3.000
11947,199.116666666667,25,0,0,0,87|4.750|10.250|1|3.000
11948,199.133333333333,25,0,0,0,87|4.750|10.000|1|3.000
11949,199.15,25,0,0,0,87|4.750|9.750|1|3.000
11950,199.166666666667,25,0,0,0,87|4.750|9.500|1|3.000
11951,199.183333333333,25,0,0,0,87|4.750|9.250|1|3.000
11952,199.2,25,0,0,0,87|4.500|9.000|1|3.000
11953,199.216666666667,25,0,0,0,87|4.500|8.750|1|3.000
11954,199.233333333333,25,0,0,0,87|4.500|8.500|1|3.000
11955,199.25,25,0,0,0,87|4.250|8.250|1|3.000
11956,199.266666666667,25,0,0,0,87|4.250|8.000|1|3.000
11957,199.283333333333,25,0,0,0,87|4.000|7.750|1|3.000
11958,199.3,25,0,0,0,87|4.000|7.500|1|3.000
11959,199.316666666667,25,0,0,0,87|3.750|7.250|1|3.000
11960,199.333333333333,25,0,0,0,87|3.500|7.000|1|3.000
11961,199.35,25,0,0,0,87|3.250|6.750|1|3.000
11962,199.366666666667,25,0,0,0,87|3.250|6.500|1|3.000
11963,199.383333333333,25,0,0,0,87|3.000|6.250|1|3.000
11964,199.4,25,0,0,0,87|2.750|6.000|1|3.000
11965,199.416666666667,25,0,0,0,87|2.750|5.750|1|3.000
11966,199.433333333333,25,0,0,0,87|2.750|5.500|1|3.000
11967,199.45,25,0,0,0,87|2.500|5.250|1|3.000
11968,199.466666666667,25,0,0,0,87|2.500|5.000|1|3.000
11969,199.483333333333,25,0,0,0,87|2.500|4.750|1|3.000
11970,199.5,25,0,0,0,87|2.250|4.500|1|3.000
11971,199.516666666667,25,0,0,0,87|2.250|4.250|1|3.000
11972,199.533333333333,25,0,0,0,87|2.000|4.000|1|3.000
11973,199.55,25,0,0,0,87|2.000|3.750|1|3.000
11974,199.566666666667,25,0,0,0,87|1.750|3.500|1|3.000
11975,199.583333333333,25,0,0,0,87|1.500|3.250|1|3.000
11976,199.6,25,0,0,0,87|1.500|3.000|1|3.000
11977,199.616666666667,25,0,0,0,87|1.500|2.750|1|3.000
11978,199.633333333333,25,0,0,0,87|1.500|2.500|1|3.000
11979,199.65,25,0,0,0,87|1.500|2.250|1|3.000
11980,199.666666666667,25,0,0,0,87|1.250|2.000|1|3.000
11981,199.683333333333,25,0,0,0,87|1.000|1.750|1|3.000
11982,199.7,25,0,0,0,87|1.000|1.500|1|3.000
11983,199.716666666667,25,0,0,0,87|0.750|1.250|1|3.000
11984,199.733333333333,25,0,0,0,87|0.750|1.000|1|3.000
11985,199.75,25,0,0,0,87|0.500|0.750|1|3.000
11986,199.766666666667,25,0,0,0,87|0.250|0.500|1|3.000
11987,199.783333333333,25,0,0,0,87|0.000|0.250|1|3.000
11988,199.8,25,1,1.5,4,87|0.000|0.000|1|3.000
11989,199.816666666667,0,0,0,0,
11990,199.833333333333,0,0,0,0,
11991,199.85,0,0,0,0,
11992,199.866666666667,0,0,0,0,
11993,199.883333333333,0,0,0,0,
11994,199.9,0,0,0,0,
11995,199.916666666667,0,0,0,0,
11996,199.933333333333,0,0,0,0,
11997,199.95,0,0,0,0,
11998,199.966666666667,0,0,0,0,
11999,199.983333333333,0,0,0,0,
12000,200,0,0,0,0,
12001,200.016666666667,0,0,0,0,
12002,200.033333333333,0,0,0,0,
12003,200.05,0,0,0,0,
12004,200.066666666667,0,0,0,0,
12005,200.083333333333,0,0,0,0,
12006,200.1,0,0,0,0,
12007,200.116666666667,25,0,0,0,88|12.000|29.750|1|3.000
12008,200.133333333333,25,0,0,0,88|12.000|29.500|1|3.000
12009,200.15,25,0,0,0,88|12.000|29.250|1|3.000
12010,200.166666666667,25,0,0,0,88|12.000|29.000|1|3.000
12011,200.183333333333,25,0,0,0,88|12.000|28.750|1|3.000
12012,200.2,25,0,0,0,88|12.000|28.500|1|3.000
12013,200.216666666667,25,0,0,0,88|12.000|28.250|1|3.000
12014,200.233333333333,25,0,0,0,88|12.000|28.000|1|3.000
12015,200.25,25,0,0,0,88|12.000|27.750|1|3.000
12016,200.266666666667,25,0,0,0,88|12.000|27.500|1|3.000
12017,200.283333333333,25,0,0,0,88|12.000|27.250|1|3.000
12018,200.3,25,0,0,0,88|12.000|27.000|1|3.000
12019,200.316666666667,25,0,0,0,88|12.000|26.750|1|3.000
12020,200.333333333333,25,0,0,0,88|12.000|26.500|1|3.000
12021,200.35,25,0,0,0,88|12.000|26.250|1|3.000
12022,200.366666666667,25,0,0,0,88|12.000|26.000|1|3.000
12023,200.383333333333,25,0,0,0,88|12.000|25.750|1|3.000
12024,200.4,25,0,0,0,88|12.000|25.500|1|3.000
12025,200.416666666667,25,0,0,0,88|12.000|25.250|1|3.000
12026,200.433333333333,25,0,0,0,88|12.000|25.000|1|3.000
12027,200.45,25,0,0,0,88|12.000|24.750|1|3.000
12028,200.466666666667,25,0,0,0,88|12.000|24.500|1|3.000
12029,200.483333333333,25,0,0,0,88|12.000|24.250|1|3.000
12030,200.5,25,0,0,0,88|12.000|24.000|1|3.000
12031,200.516666666667,25,0,0,0,88|12.000|23.750|1|3.000
12032,200.533333333333,25,0,0,0,88|12.000|23.500|1|3.000
12033,200.55,25,0,0,0,88|12.000|23.250|1|3.000
12034,200.566666666667,25,0,0,0,88|12.000|23.000|1|3.000
12035,200.583333333333,25,0,0,0,88|12.000|22.750|1|3.000
12036,200.6,25,0,0,0,88|12.000|22.500|1|3.000
12037,200.616666666667,25,0,0,0,88|12.000|22.250|1|3.000
12038,200.633333333333,25,0,0,0,88|12.000|22.000|1|3.000
12039,200.65,25,0,0,0,88|12.000|21.750|1|3.000
12040,200.666666666667,25,0,0,0,88|12.000|21.500|1|3.000
12041,200.683333333333,25,0,0,0,88|12.000|21.250|1|3.000
12042,200.7,25,0,0,0,88|12.000|21.000|1|3.000
12043,200.716666666667,25,0,0,0,88|12.000|20.750|1|3.000
12044,200.733333333333,25,0,0,0,88|12.000|20.500|1|3.000
12045,200.75,25,0,0,0,88|12.000|20.250|1|3.000
12046,200.766666666667,25,0,0,0,88|12.000|20.000|1|3.000
12047,200.783333333333,25,0,0,0,88|12.000|19.750|1|3.000
12048,200.8,25,0,0,0,88|12.000|19.500|1|3.000
12049,200.816666666667,25,0,0,0,88|12.000|19.250|1|3.000
12050,200.833333333333,25,0,0,0,88|12.000|19.000|1|3.000
12051,200.85,25,0,0,0,88|12.000|18.750|1|3.000
12052,200.866666666667,25,0,0,0,88|12.000|18.500|1|3.000
12053,200.883333333333,25,0,0,0,88|12.000|18.250|1|3.000
12054,200.9,25,0,0,0,88|12.000|18.000|1|3.000
12055,200.916666666667,25,0,0,0,88|12.000|17.750|1|3.000
12056,200.933333333333,25,0,0,0,88|12.000|17.500|1|3.000
12057,200.95,25,0,0,0,88|12.000|17.250|1|3.000
12058,200.966666666667,25,0,0,0,88|12.000|17.000|1|3.000
12059,200.983333333333,25,0,0,0,88|12.000|16.750|1|3.000
12060,201,25,0,0,0,88|12.000|16.500|1|3.000
12061,201.016666666667,25,0,0,0,88|12.000|16.250|1|3.000
12062,201.033333333333,25,0,0,0,88|12.000|16.000|1|3.000
12063,201.05,25,0,0,0,88|12.000|15.750|1|3.000
12064,201.066666666667,25,0,0,0,88|12.000|15.500|1|3.000
12065,201.083333333333,25,0,0,0,88|12.000|15.250|1|3.000
12066,201.1,25,0,0,0,88|12.000|15.000|1|3.000
12067,201.116666666667,25,0,0,0,88|12.000|14.750|1|3.000
12068,201.133333333333,25,0,0,0,88|12.000|14.500|1|3.000
12069,201.15,25,0,0,0,88|12.000|14.250|1|3.000
12070,201.166666666667,25,0,0,0,88|12.000|14.000|1|3.000
12071,201.183333333333,25,0,0,0,88|12.000|13.750|1|3.000
12072,201.2,25,0,0,0,88|12.000|13.500|1|3.000
12073,201.216666666667,25,0,0,0,88|12.000|13.250|1|3.000
12074,201.233333333333,25,0,0,0,88|12.000|13.000|1|3.000
12075,201.25,25,0,0,0,88|12.000|12.750|1|3.000
12076,201.266666666667,25,0,0,0,88|12.000|12.500|1|3.000
12077,201.283333333333,25,0,0,0,88|12.000|12.250|1|3.000
12078,201.3,25,0,0,0,88|12.000|12.000|1|3.000
12079,201.316666666667,25,0,0,0,88|12.000|11.750|1|3.000
12080,201.333333333333,25,0,0,0,88|12.000|11.500|1|3.000
12081,201.35,25,0,0,0,88|12.000|11.250|1|3.000
12082,201.366666666667,25,0,0,0,88|12.000|11.000|1|3.000
12083,201.383333333333,25,0,0,0,88|12.000|10.750|1|3.000
12084,201.4,25,0,0,0,88|12.000|10.500|1|3.000
12085,201.416666666667,25,0,0,0,88|12.000|10.250|1|3.000
12086,201.433333333333,25,0,0,0,88|12.000|10.000|1|3.000
12087,201.45,25,0,0,0,88|12.000|9.750|1|3.000
12088,201.466666666667,25,0,0,0,88|12.000|9.500|1|3.000
12089,201.483333333333,25,0,0,0,88|12.000|9.250|1|3.000
12090,201.5,25,0,0,0,88|12.000|9.000|1|3.000
12091,201.516666666667,25,0,0,0,88|12.000|8.750|1|3.000
12092,201.533333333333,25,0,0,0,88|12.000|8.500|1|3.000
12093,201.55,25,0,0,0,88|12.000|8.250|1|3.000
12094,201.566666666667,25,0,0,0,88|12.000|8.000|1|3.000
12095,201.583333333333,25,0,0,0,88|12.000|7.750|1|3.000
12096,201.6,25,0,0,0,88|12.000|7.500|1|3.000
12097,201.616666666667,25,0,0,0,88|12.000|7.250|1|3.000
12098,201.633333333333,25,0,0,0,88|12.000|7.000|1|3.000
12099,201.65,25,0,0,0,88|12.000|6.750|1|3.000
12100,201.666666666667,25,0,0,0,88|12.000|6.500|1|3.000
12101,201.683333333333,25,0,0,0,88|12.000|6.250|1|3.000
12102,201.7,25,0,0,0,88|12.000|6.000|1|3.000
12103,201.716666666667,25,0,0,0,88|12.000|5.750|1|3.000
12104,201.733333333333,25,0,0,0,88|12.000|5.500|1|3.000
12105,201.75,25,0,0,0,88|12.000|5.250|1|3.000
12106,201.766666666667,25,0,0,0,88|12.000|5.000|1|3.000
12107,201.783333333333,25,0,0,0,88|12.000|4.750|1|3.000
12108,201.8,25,0,0,0,88|12.000|4.500|1|3.000
12109,201.816666666667,25,0,0,0,88|12.000|4.250|1|3.000
12110,201.833333333333,25,0,0,0,88|12.000|4.000|1|3.000
12111,201.85,25,0,0,0,88|12.000|3.750|1|3.000
12112,201.866666666667,25,0,0,0,88|12.000|3.500|1|3.000
12113,201.883333333333,25,0,0,0,88|12.000|3.250|1|3.000
12114,201.9,25,0,0,0,88|12.000|3.000|1|3.000
12115,201.916666666667,25,0,0,0,88|12.000|2.750|1|3.000
12116,201.933333333333,25,0,0,0,88|12.000|2.500|1|3.000
12117,201.95,25,0,0,0,88|12.000|2.250|1|3.000
12118,201.966666666667,25,0,0,0,88|12.000|2.000|1|3.000
12119,201.983333333333,25,0,0,0,88|12.000|1.750|1|3.000
12120,202,25,0,0,0,88|12.000|1.500|1|3.000
12121,202.016666666667,25,0,0,0,88|12.000|1.250|1|3.000
12122,202.033333333333,25,0,0,0,88|12.000|1.000|1|3.000
12123,202.05,25,0,0,0,88|12.000|0.750|1|3.000
12124,202.066666666667,25,0,0,0,88|12.000|0.500|1|3.000
12125,202.083333333333,25,0,0,0,88|12.000|0.250|1|3.000
12126,202.1,25,0,1.5,0,88|12.000|0.000|1|3.000
12127,202.116666666667,0,0,0,0,
12128,202.133333333333,0,0,0,0,
12129,202.15,0,0,0,0,
12130,202.166666666667,0,0,0,0,
12131,202.183333333333,0,0,0,0,
12132,202.2,0,0,0,0,
12133,202.216666666667,0,0,0,0,
12134,202.233333333333,0,0,0,0,
12135,202.25,0,0,0,0,
12136,202.266666666667,0,0,0,0,
12137,202.283333333333,0,0,0,0,
12138,202.3,0,0,0,0,
12139,202.316666666667,0,0,0,0,
12140,202.333333333333,0,0,0,0,
12141,202.35,0,0,0,0,
12142,202.366666666667,0,0,0,0,
12143,202.383333333333,0,0,0,0,
12144,202.4,0,0,0,0,
12145,202.416666666667,25,0,0,0,89|12.000|29.750|1|1.500
12146,202.433333333333,25,0,0,0,89|12.000|29.500|1|1.500
12147,202.45,25,0,0,0,89|12.000|29.250|1|1.500
12148,202.466666666667,25,0,0,0,89|12.000|29.000|1|1.500
12149,202.483333333333,25,0,0,0,89|12.000|28.750|1|1.500
12150,202.5,25,0,0,0,89|12.000|28.500|1|1.500
12151,202.516666666667,25,0,0,0,89|12.000|28.250|1|1.500
12152,202.533333333333,25,0,0,0,89|12.000|28.000|1|1.500
12153,202.55,25,0,0,0,89|12.000|27.750|1|1.500
12154,202.566666666667,25,0,0,0,89|12.000|27.500|1|1.500
12155,202.583333333333,25,0,0,0,89|12.000|27.250|1|1.500
12156,202.6,25,0,0,0,89|12.000|27.000|1|1.500
12157,202.616666666667,25,0,0,0,89|12.000|26.750|1|1.500
12158,202.633333333333,25,0,0,0,89|12.000|26.500|1|1.500
12159,202.65,25,0,0,0,89|12.000|26.250|1|1.500
12160,202.666666666667,25,0,0,0,89|12.000|26.000|1|1.500
12161,202.683333333333,25,0,0,0,89|12.000|25.750|1|1.500
12162,202.7,25,0,0,0,89|12.000|25.500|1|1.500
12163,202.716666666667,25,0,0,0,89|12.000|25.250|1|1.500
12164,202.733333333333,25,0,0,0,89|12.000|25.000|1|1.500
12165,202.75,25,0,0,0,89|12.000|24.750|1|1.500
12166,202.766666666667,25,0,0,0,89|12.000|24.500|1|1.500
12167,202.783333333333,25,0,0,0,89|12.000|24.250|1|1.500
12168,202.8,25,0,0,0,89|12.000|24.000|1|1.500
12169,202.816666666667,25,0,0,0,89|12.000|23.750|1|1.500
12170,202.833333333333,25,0,0,0,89|12.000|23.500|1|1.500
12171,202.85,25,0,0,0,89|12.000|23.250|1|1.500
12172,202.866666666667,25,0,0,0,89|12.000|23.000|1|1.500
12173,202.883333333333,25,0,0,0,89|12.000|22.750|1|1.500
12174,202.9,25,0,0,0,89|12.000|22.500|1|1.500
12175,202.916666666667,25,0,0,0,89|12.000|22.250|1|1.500
12176,202.933333333333,25,0,0,0,89|12.000|22.000|1|1.500
12177,202.95,25,0,0,0,89|12.000|21.750|1|1.500
12178,202.966666666667,25,0,0,0,89|12.000|21.500|1|1.500
12179,202.983333333333,25,0,0,0,89|12.000|21.250|1|1.500
12180,203,25,0,0,0,89|12.000|21.000|1|1.500
12181,203.016666666667,25,0,0,0,89|12.000|20.750|1|1.500
12182,203.033333333333,25,0,0,0,89|12.000|20.500|1|1.500
12183,203.05,25,0,0,0,89|12.000|20.250|1|1.500
12184,203.066666666667,25,0,0,0,89|12.000|20.000|1|1.500
12185,203.083333333333,25,0,0,0,89|12.000|19.750|1|1.500
12186,203.1,25,0,0,0,89|12.000|19.500|1|1.500
12187,203.116666666667,25,0,0,0,89|12.000|19.250|1|1.500
12188,203.133333333333,25,0,0,0,89|12.000|19.000|1|1.500
12189,203.15,25,0,0,0,89|12.000|18.750|1|1.500
12190,203.166666666667,25,0,0,0,89|12.000|18.500|1|1.500
12191,203.183333333333,25,0,0,0,89|12.000|18.250|1|1.500
12192,203.2,25,0,0,0,89|12.000|18.000|1|1.500
12193,203.216666666667,25,0,0,0,89|12.000|17.750|1|1.500
12194,203.233333333333,25,0,0,0,89|12.000|17.500|1|1.500
12195,203.25,25,0,0,0,89|12.000|17.250|1|1.500
12196,203.266666666667,25,0,0,0,89|12.000|17.000|1|1.500
12197,203.283333333333,25,0,0,0,89|12.000|16.750|1|1.500
12198,203.3,25,0,0,0,89|12.000|16.500|1|1.500
12199,203.316666666667,25,0,0,0,89|12.000|16.250|1|1.500
12200,203.333333333333,25,0,0,0,89|12.000|16.000|1|1.500
12201,203.35,25,0,0,0,89|12.000|15.750|1|1.500
12202,203.366666666667,25,0,0,0,89|12.000|15.500|1|1.500
12203,203.383333333333,25,0,0,0,89|12.000|15.250|1|1.500
12204,203.4,25,0,0,0,89|12.000|15.000|1|1.500
12205,203.416666666667,25,0,0,0,89|12.000|14.750|1|1.500
12206,203.433333333333,25,0,0,0,89|12.000|14.500|1|1.500
12207,203.45,25,0,0,0,89|12.000|14.250|1|1.500
12208,203.466666666667,25,0,0,0,89|12.000|14.000|1|1.500
12209,203.483333333333,25,0,0,0,89|12.000|13.750|1|1.500
12210,203.5,25,0,0,0,89|12.000|13.500|1|1.500
12211,203.516666666667,25,0,0,0,89|12.000|13.250|1|1.500
12212,203.533333333333,25,0,0,0,89|12.000|13.000|1|1.500
12213,203.55,25,0,0,0,89|12.000|12.750|1|1.500
12214,203.566666666667,25,0,0,0,89|12.000|12.500|1|1.500
12215,203.583333333333,25,0,0,0,89|12.000|12.250|1|1.500
12216,203.6,25,0,0,0,89|12.000|12.000|1|1.500
12217,203.616666666667,25,0,0,0,89|12.000|11.750|1|1.500
12218,203.633333333333,25,0,0,0,89|12.000|11.500|1|1.500
12219,203.65,25,0,0,0,89|12.000|11.250|1|1.500
12220,203.666666666667,25,0,0,0,89|12.000|11.000|1|1.500
12221,203.683333333333,25,0,0,0,89|12.000|10.750|1|1.500
12222,203.7,25,0,0,0,89|12.000|10.500|1|1.500
12223,203.716666666667,25,0,0,0,89|12.000|10.250|1|1.500
12224,203.733333333333,25,0,0,0,89|12.000|10.000|1|1.500
12225,203.75,25,0,0,0,89|12.000|9.750|1|1.500
12226,203.766666666667,25,0,0,0,89|12.000|9.500|1|1.500
12227,203.783333333333,25,0,0,0,89|12.000|9.250|1|1.500
12228,203.8,25,0,0,0,89|12.000|9.000|1|1.500
12229,203.816666666667,25,0,0,0,89|12.000|8.750|1|1.500
12230,203.833333333333,25,0,0,0,89|12.000|8.500|1|1.500
12231,203.85,25,0,0,0,89|12.000|8.250|1|1.500
12232,203.866666666667,25,0,0,0,89|12.000|8.000|1|1.500
12233,203.883333333333,25,0,0,0,89|12.000|7.750|1|1.500
12234,203.9,25,0,0,0,89|12.000|7.500|1|1.500
12235,203.916666666667,25,0,0,0,89|12.000|7.250|1|1.500
12236,203.933333333333,25,0,0,0,89|12.000|7.000|1|1.500
12237,203.95,25,0,0,0,89|12.000|6.750|1|1.500
12238,203.966666666667,25,0,0,0,89|12.000|6.500|1|1.500
12239,203.983333333333,25,0,0,0,89|12.000|6.250|1|1.500
12240,204,25,0,0,0,89|12.000|6.000|1|1.500
12241,204.016666666667,25,0,0,0,89|12.000|5.750|1|1.500
12242,204.033333333333,25,0,0,0,89|12.000|5.500|1|1.500
12243,204.05,25,0,0,0,89|12.000|5.250|1|1.500
12244,204.066666666667,25,0,0,0,89|12.000|5.000|1|1.500
12245,204.083333333333,25,0,0,0,89|12.000|4.750|1|1.500
12246,204.1,25,0,0,0,89|12.000|4.500|1|1.500
12247,204.116666666667,25,0,0,0,89|12.000|4.250|1|1.500
12248,204.133333333333,25,0,0,0,89|12.000|4.000|1|1.500
12249,204.15,25,0,0,0,89|12.000|3.750|1|1.500
12250,204.166666666667,25,0,0,0,89|12.000|3.500|1|1.500
12251,204.183333333333,25,0,0,0,89|12.000|3.250|1|1.500
12252,204.2,25,0,0,0,89|12.000|3.000|1|1.500
12253,204.216666666667,25,0,0,0,89|12.000|2.750|1|1.500
12254,204.233333333333,25,0,0,0,89|12.000|2.500|1|1.500
12255,204.25,25,0,0,0,89|12.000|2.250|1|1.500
12256,204.266666666667,25,0,0,0,89|12.000|2.000|1|1.500
12257,204.283333333333,25,0,0,0,89|12.000|1.750|1|1.500
12258,204.3,25,0,0,0,89|12.000|1.500|1|1.500
12259,204.316666666667,25,0,0,0,89|12.000|1.250|1|1.500
12260,204.333333333333,25,0,0,0,89|12.000|1.000|1|1.500
12261,204.35,25,0,0,0,89|12.000|0.750|1|1.500
12262,204.366666666667,25,0,0,0,89|12.000|0.500|1|1.500
12263,204.383333333333,25,0,0,0,89|12.000|0.250|1|1.500
12264,204.4,25,0,1.5,0,89|12.000|0.000|1|1.500
12265,204.416666666667,0,0,0,0,
12266,204.433333333333,0,0,0,0,
12267,204.45,0,0,0,0,
12268,204.466666666667,0,0,0,0,
12269,204.483333333333,0,0,0,0,
12270,204.5,0,0,0,0,
12271,204.516666666667,0,0,0,0,
12272,204.533333333333,0,0,0,0,
12273,204.55,0,0,0,0,
12274,204.566666666667,0,0,0,0,
12275,204.583333333333,0,0,0,0,
12276,204.6,0,0,0,0,
12277,204.616666666667,0,0,0,0,
12278,204.633333333333,0,0,0,0,
12279,204.65,0,0,0,0,
12280,204.666666666667,0,0,0,0,
12281,204.683333333333,0,0,0,0,
12282,204.7,0,0,0,0,
12283,204.716666666667,25,0,0,0,90|-12.000|29.750|1|1.500
12284,204.733333333333,25,0,0,0,90|-12.000|29.500|1|1.500
12285,204.75,25,0,0,0,90|-12.000|29.250|1|1.500
12286,204.766666666667,25,0,0,0,90|-12.000|29.000|1|1.500
12287,204.783333333333,25,0,0,0,90|-12.000|28.750|1|1.500
12288,204.8,25,0,0,0,90|-12.000|28.500|1|1.500
12289,204.816666666667,25,0,0,0,90|-12.000|28.250|1|1.500
12290,204.833333333333,25,0,0,0,90|-12.000|28.000|1|1.500
12291,204.85,25,0,0,0,90|-12.000|27.750|1|1.500
12292,204.866666666667,25,0,0,0,90|-12.000|27.500|1|1.500
12293,204.883333333333,25,0,0,0,90|-12.000|27.250|1|1.500
12294,204.9,25,0,0,0,90|-12.000|27.000|1|1.500
12295,204.916666666667,25,0,0,0,90|-12.000|26.750|1|1.500
12296,204.933333333333,25,0,0,0,90|-12.000|26.500|1|1.500
12297,204.95,25,0,0,0,90|-12.000|26.250|1|1.500
12298,204.966666666667,25,0,0,0,90|-12.000|26.000|1|1.500
12299,204.983333333333,25,0,0,0,90|-12.000|25.750|1|1.500
12300,205,25,0,0,0,90|-12.000|25.500|1|1.500
12301,205.016666666667,25,0,0,0,90|-12.000|25.250|1|1.500
12302,205.033333333333,25,0,0,0,90|-12.000|25.000|1|1.500
12303,205.05,25,0,0,0,90|-12.000|24.750|1|1.500
12304,205.066666666667,25,0,0,0,90|-12.000|24.500|1|1.500
12305,205.083333333333,25,0,0,0,90|-12.000|24.250|1|1.500
12306,205.1,25,0,0,0,90|-12.000|24.000|1|1.500
12307,205.116666666667,25,0,0,0,90|-12.000|23.750|1|1.500
12308,205.133333333333,25,0,0,0,90|-12.000|23.500|1|1.500
12309,205.15,25,0,0,0,90|-12.000|23.250|1|1.500
12310,205.166666666667,25,0,0,0,90|-12.000|23.000|1|1.500
12311,205.183333333333,25,0,0,0,90|-12.000|22.750|1|1.500
12312,205.2,25,0,0,0,90|-12.000|22.500|1|1.500
12313,205.216666666667,25,0,0,0,90|-12.000|22.250|1|1.500
12314,205.233333333333,25,0,0,0,90|-12.000|22.000|1|1.500
12315,205.25,25,0,0,0,90|-12.000|21.750|1|1.500
12316,205.266666666667,25,0,0,0,90|-12.000|21.500|1|1.500
12317,205.283333333333,25,0,0,0,90|-12.000|21.250|1|1.500
12318,205.3,25,0,0,0,90|-12.000|21.000|1|1.500
12319,205.316666666667,25,0,0,0,90|-12.000|20.750|1|1.500
12320,205.333333333333,25,0,0,0,90|-12.000|20.500|1|1.500
12321,205.35,25,0,0,0,90|-12.000|20.250|1|1.500
12322,205.366666666667,25,0,0,0,90|-12.000|20.000|1|1.500
12323,205.383333333333,25,0,0,0,90|-12.000|19.750|1|1.500
12324,205.4,25,0,0,0,90|-12.000|19.500|1|1.500
12325,205.416666666667,25,0,0,0,90|-12.000|19.250|1|1.500
12326,205.433333333333,25,0,0,0,90|-12.000|19.000|1|1.500
12327,205.45,25,0,0,0,90|-12.000|18.750|1|1.500
12328,205.466666666667,25,0,0,0,90|-12.000|18.500|1|1.500
12329,205.483333333333,25,0,0,0,90|-12.000|18.250|1|1.500
12330,205.5,25,0,0,0,90|-12.000|18.000|1|1.500
12331,205.516666666667,25,0,0,0,90|-12.000|17.750|1|1.500
12332,205.533333333333,25,0,0,0,90|-12.000|17.500|1|1.500
12333,205.55,25,0,0,0,90|-12.000|17.250|1|1.500
12334,205.566666666667,25,0,0,0,90|-12.000|17.000|1|1.500
12335,205.583333333333,25,0,0,0,90|-12.000|16.750|1|1.500
12336,205.6,25,0,0,0,90|-12.000|16.500|1|1.500
12337,205.616666666667,25,0,0,0,90|-12.000|16.250|1|1.500
12338,205.633333333333,25,0,0,0,90|-12.000|16.000|1|1.500
12339,205.65,25,0,0,0,90|-12.000|15.750|1|1.500
12340,205.666666666667,25,0,0,0,90|-12.000|15.500|1|1.500
12341,205.683333333333,25,0,0,0,90|-12.000|15.250|1|1.500
12342,205.7,25,0,0,0,90|-12.000|15.000|1|1.500
12343,205.716666666667,25,0,0,0,90|-12.000|14.750|1|1.500
12344,205.733333333333,25,0,0,0,90|-12.000|14.500|1|1.500
12345,205.75,25,0,0,0,90|-12.000|14.250|1|1.500
12346,205.766666666667,25,0,0,0,90|-12.000|14.000|1|1.500
12347,205.783333333333,25,0,0,0,90|-12.000|13.750|1|1.500
12348,205.8,25,0,0,0,90|-12.000|13.500|1|1.500
12349,205.816666666667,25,0,0,0,90|-12.000|13.250|1|1.500
12350,205.833333333333,25,0,0,0,90|-12.000|13.000|1|1.500
12351,205.85,25,0,0,0,90|-12.000|12.750|1|1.500
12352,205.866666666667,25,0,0,0,90|-12.000|12.500|1|1.500
12353,205.883333333333,25,0,0,0,90|-12.000|12.250|1|1.500
12354,205.9,25,0,0,0,90|-12.000|12.000|1|1.500
12355,205.916666666667,25,0,0,0,90|-12.000|11.750|1|1.500
12356,205.933333333333,25,0,0,0,90|-12.000|11.500|1|1.500
12357,205.95,25,0,0,0,90|-12.000|11.250|1|1.500
12358,205.966666666667,25,0,0,0,90|-12.000|11.000|1|1.500
12359,205.983333333333,25,0,0,0,90|-12.000|10.750|1|1.500
12360,206,25,0,0,0,90|-12.000|10.500|1|1.500
12361,206.016666666667,25,0,0,0,90|-12.000|10.250|1|1.500
12362,206.033333333333,25,0,0,0,90|-12.000|10.000|1|1.500
12363,206.05,25,0,0,0,90|-12.000|9.750|1|1.500
12364,206.066666666667,25,0,0,0,90|-12.000|9.500|1|1.500
12365,206.083333333333,25,0,0,0,90|-12.000|9.250|1|1.500
12366,206.1,25,0,0,0,90|-12.000|9.000|1|1.500
12367,206.116666666667,25,0,0,0,90|-12.000|8.750|1|1.500
12368,206.133333333333,25,0,0,0,90|-12.000|8.500|1|1.500
12369,206.15,25,0,0,0,90|-12.000|8.250|1|1.500
12370,206.166666666667,25,0,0,0,90|-12.000|8.000|1|1.500
12371,206.183333333333,25,0,0,0,90|-12.000|7.750|1|1.500
12372,206.2,25,0,0,0,90|-12.000|7.500|1|1.500
12373,206.216666666667,25,0,0,0,90|-12.000|7.250|1|1.500
12374,206.233333333333,25,0,0,0,90|-12.000|7.000|1|1.500
12375,206.25,25,0,0,0,90|-12.000|6.750|1|1.500
12376,206.266666666667,25,0,0,0,90|-12.000|6.500|1|1.500
12377,206.283333333333,25,0,0,0,90|-12.000|6.250|1|1.500
12378,206.3,25,0,0,0,90|-12.000|6.000|1|1.500
12379,206.316666666667,25,0,0,0,90|-12.000|5.750|1|1.500
12380,206.333333333333,25,0,0,0,90|-12.000|5.500|1|1.500
12381,206.35,25,0,0,0,90|-12.000|5.250|1|1.500
12382,206.366666666667,25,0,0,0,90|-12.000|5.000|1|1.500
12383,206.383333333333,25,0,0,0,90|-12.000|4.750|1|1.500
12384,206.4,25,0,0,0,90|-12.000|4.500|1|1.500
12385,206.416666666667,25,0,0,0,90|-12.000|4.250|1|1.500
12386,206.433333333333,25,0,0,0,90|-12.000|4.000|1|1.500
12387,206.45,25,0,0,0,90|-12.000|3.750|1|1.500
12388,206.466666666667,25,0,0,0,90|-12.000|3.500|1|1.500
12389,206.483333333333,25,0,0,0,90|-12.000|3.250|1|1.500
12390,206.5,25,0,0,0,90|-12.000|3.000|1|1.500
12391,206.516666666667,25,0,0,0,90|-12.000|2.750|1|1.500
12392,206.533333333333,25,0,0,0,90|-12.000|2.500|1|1.500
12393,206.55,25,0,0,0,90|-12.000|2.250|1|1.500
12394,206.566666666667,25,0,0,0,90|-12.000|2.000|1|1.500
12395,206.583333333333,25,0,0,0,90|-12.000|1.750|1|1.500
12396,206.6,25,0,0,0,90|-12.000|1.500|1|1.500
12397,206.616666666667,25,0,0,0,90|-12.000|1.250|1|1.500
12398,206.633333333333,25,0,0,0,90|-12.000|1.000|1|1.500
12399,206.65,25,0,0,0,90|-12.000|0.750|1|1.500
12400,206.666666666667,25,0,0,0,90|-12.000|0.500|1|1.500
12401,206.683333333333,25,0,0,0,90|-12.000|0.250|1|1.500
12402,206.7,25,0,1.5,0,90|-12.000|0.000|1|1.500
12403,206.716666666667,0,0,0,0,
12404,206.733333333333,0,0,0,0,
12405,206.75,0,0,0,0,
12406,206.766666666667,0,0,0,0,
12407,206.783333333333,0,0,0,0,
12408,206.8,0,0,0,0,
12409,206.816666666667,0,0,0,0,
12410,206.833333333333,0,0,0,0,
12411,206.85,0,0,0,0,
12412,206.866666666667,0,0,0,0,
12413,206.883333333333,0,0,0,0,
12414,206.9,0,0,0,0,
12415,206.916666666667,0,0,0,0,
12416,206.933333333333,0,0,0,0,
12417,206.95,0,0,0,0,
12418,206.966666666667,0,0,0,0,
12419,206.983333333333,0,0,0,0,
12420,207,0,0,0,0,
12421,207.016666666667,25,0,0,0,91|-12.000|29.750|1|1.500
12422,207.033333333333,25,0,0,0,91|-12.000|29.500|1|1.500
12423,207.05,25,0,0,0,91|-12.000|29.250|1|1.500
12424,207.066666666667,25,0,0,0,91|-12.000|29.000|1|1.500
12425,207.083333333333,25,0,0,0,91|-12.000|28.750|1|1.500
12426,207.1,25,0,0,0,91|-12.000|28.500|1|1.500
12427,207.116666666667,25,0,0,0,91|-12.000|28.250|1|1.500
12428,207.133333333333,25,0,0,0,91|-12.000|28.000|1|1.500
12429,207.15,25,0,0,0,91|-12.000|27.750|1|1.500
12430,207.166666666667,25,0,0,0,91|-12.000|27.500|1|1.500
12431,207.183333333333,25,0,0,0,91|-12.000|27.250|1|1.500
12432,207.2,25,0,0,0,91|-12.000|27.000|1|1.500
12433,207.216666666667,25,0,0,0,91|-12.000|26.750|1|1.500
12434,207.233333333333,25,0,0,0,91|-12.000|26.500|1|1.500
12435,207.25,25,0,0,0,91|-12.000|26.250|1|1.500
12436,207.266666666667,25,0,0,0,91|-12.000|26.000|1|1.500
12437,207.283333333333,25,0,0,0,91|-12.000|25.750|1|1.500
12438,207.3,25,0,0,0,91|-12.000|25.500|1|1.500
12439,207.316666666667,25,0,0,0,91|-12.000|25.250|1|1.500
12440,207.333333333333,25,0,0,0,91|-12.000|25.000|1|1.500
12441,207.35,25,0,0,0,91|-12.000|24.750|1|1.500
12442,207.366666666667,25,0,0,0,91|-12.000|24.500|1|1.500
12443,207.383333333333,25,0,0,0,91|-12.000|24.250|1|1.500
12444,207.4,25,0,0,0,91|-12.000|24.000|1|1.500
12445,207.416666666667,25,0,0,0,91|-12.000|23.750|1|1.500
12446,207.433333333333,25,0,0,0,91|-12.000|23.500|1|1.500
12447,207.45,25,0,0,0,91|-12.000|23.250|1|1.500
12448,207.466666666667,25,0,0,0,91|-12.000|23.000|1|1.500
12449,207.483333333333,25,0,0,0,91|-12.000|22.750|1|1.500
12450,207.5,25,0,0,0,91|-12.000|22.500|1|1.500
12451,207.516666666667,25,0,0,0,91|-12.000|22.250|1|1.500
12452,207.533333333333,25,0,0,0,91|-12.000|22.000|1|1.500
12453,207.55,25,0,0,0,91|-12.000|21.750|1|1.500
12454,207.566666666667,25,0,0,0,91|-12.000|21.500|1|1.500
12455,207.583333333333,25,0,0,0,91|-12.000|21.250|1|1.500
12456,207.6,25,0,0,0,91|-12.000|21.000|1|1.500
12457,207.616666666667,25,0,0,0,91|-12.000|20.750|1|1.500
12458,207.633333333333,25,0,0,0,91|-12.000|20.500|1|1.500
12459,207.65,25,0,0,0,91|-12.000|20.250|1|1.500
12460,207.666666666667,25,0,0,0,91|-12.000|20.000|1|1.500
12461,207.683333333333,25,0,0,0,91|-12.000|19.750|1|1.500
12462,207.7,25,0,0,0,91|-12.000|19.500|1|1.500
12463,207.716666666667,25,0,0,0,91|-12.000|19.250|1|1.500
12464,207.733333333333,25,0,0,0,91|-12.000|19.000|1|1.500
12465,207.75,25,0,0,0,91|-12.000|18.750|1|1.500
12466,207.766666666667,25,0,0,0,91|-12.000|18.500|1|1.500
12467,207.783333333333,25,0,0,0,91|-12.000|18.250|1|1.500
12468,207.8,25,0,0,0,91|-12.000|18.000|1|1.500
12469,207.816666666667,25,0,0,0,91|-12.000|17.750|1|1.500
12470,207.833333333333,25,0,0,0,91|-12.000|17.500|1|1.500
12471,207.85,25,0,0,0,91|-12.000|17.250|1|1.500
12472,207.866666666667,25,0,0,0,91|-12.000|17.000|1|1.500
12473,207.883333333333,25,0,0,0,91|-12.000|16.750|1|1.500
12474,207.9,25,0,0,0,91|-12.000|16.500|1|1.500
12475,207.916666666667,25,0,0,0,91|-12.000|16.250|1|1.500
12476,207.933333333333,25,0,0,0,91|-12.000|16.000|1|1.500
12477,207.95,25,0,0,0,91|-12.000|15.750|1|1.500
12478,207.966666666667,25,0,0,0,91|-12.000|15.500|1|1.500
12479,207.983333333333,25,0,0,0,91|-12.000|15.250|1|1.500
12480,208,25,0,0,0,91|-12.000|15.000|1|1.500
12481,208.016666666667,25,0,0,0,91|-12.000|14.750|1|1.500
12482,208.033333333333,25,0,0,0,91|-12.000|14.500|1|1.500
12483,208.05,25,0,0,0,91|-12.000|14.250|1|1.500
12484,208.066666666667,25,0,0,0,91|-12.000|14.000|1|1.500
12485,208.083333333333,25,0,0,0,91|-12.000|13.750|1|1.500
12486,208.1,25,0,0,0,91|-12.000|13.500|1|1.500
12487,208.116666666667,25,0,0,0,91|-12.000|13.250|1|1.500
12488,208.133333333333,25,0,0,0,91|-12.000|13.000|1|1.500
12489,208.15,25,0,0,0,91|-12.000|12.750|1|1.500
12490,208.166666666667,25,0,0,0,91|-12.000|12.500|1|1.500
12491,208.183333333333,25,0,0,0,91|-12.000|12.250|1|1.500
12492,208.2,25,0,0,0,91|-12.000|12.000|1|1.500
12493,208.216666666667,25,0,0,0,91|-12.000|11.750|1|1.500
12494,208.233333333333,25,0,0,0,91|-12.000|11.500|1|1.500
12495,208.25,25,0,0,0,91|-12.000|11.250|1|1.500
12496,208.266666666667,25,0,0,0,91|-12.000|11.000|1|1.500
12497,208.283333333333,25,0,0,0,91|-12.000|10.750|1|1.500
12498,208.3,25,0,0,0,91|-12.000|10.500|1|1.500
12499,208.316666666667,25,0,0,0,91|-12.000|10.250|1|1.500
12500,208.333333333333,25,0,0,0,91|-12.000|10.000|1|1.500
12501,208.35,25,0,0,0,91|-12.000|9.750|1|1.500
12502,208.366666666667,25,0,0,0,91|-12.000|9.500|1|1.500
12503,208.383333333333,25,0,0,0,91|-12.000|9.250|1|1.500
12504,208.4,25,0,0,0,91|-12.000|9.000|1|1.500
12505,208.416666666667,25,0,0,0,91|-12.000|8.750|1|1.500
12506,208.433333333333,25,0,0,0,91|-12.000|8.500|1|1.500
12507,208.45,25,0,0,0,91|-12.000|8.250|1|1.500
12508,208.466666666667,25,0,0,0,91|-12.000|8.000|1|1.500
12509,208.483333333333,25,0,0,0,91|-12.000|7.750|1|1.500
12510,208.5,25,0,0,0,91|-12.000|7.500|1|1.500
12511,208.516666666667,25,0,0,0,91|-12.000|7.250|1|1.500
12512,208.533333333333,25,0,0,0,91|-12.000|7.000|1|1.500
12513,208.55,25,0,0,0,91|-12.000|6.750|1|1.500
12514,208.566666666667,25,0,0,0,91|-12.000|6.500|1|1.500
12515,208.583333333333,25,0,0,0,91|-12.000|6.250|1|1.500
12516,208.6,25,0,0,0,91|-12.000|6.000|1|1.500
12517,208.616666666667,25,0,0,0,91|-12.000|5.750|1|1.500
12518,208.633333333333,25,0,0,0,91|-12.000|5.500|1|1.500
12519,208.65,25,0,0,0,91|-12.000|5.250|1|1.500
12520,208.666666666667,25,0,0,0,91|-12.000|5.000|1|1.500
12521,208.683333333333,25,0,0,0,91|-12.000|4.750|1|1.500
12522,208.7,25,0,0,0,91|-12.000|4.500|1|1.500
12523,208.716666666667,25,0,0,0,91|-12.000|4.250|1|1.500
12524,208.733333333333,25,0,0,0,91|-12.000|4.000|1|1.500
12525,208.75,25,0,0,0,91|-12.000|3.750|1|1.500
12526,208.766666666667,25,0,0,0,91|-12.000|3.500|1|1.500
12527,208.783333333333,25,0,0,0,91|-12.000|3.250|1|1.500
12528,208.8,25,0,0,0,91|-12.000|3.000|1|1.500
12529,208.816666666667,25,0,0,0,91|-12.000|2.750|1|1.500
12530,208.833333333333,25,0,0,0,91|-12.000|2.500|1|1.500
12531,208.85,25,0,0,0,91|-12.000|2.250|1|1.500
12532,208.866666666667,25,0,0,0,91|-12.000|2.000|1|1.500
12533,208.883333333333,25,0,0,0,91|-12.000|1.750|1|1.500
12534,208.9,25,0,0,0,91|-12.000|1.500|1|1.500
12535,208.916666666667,25,0,0,0,91|-12.000|1.250|1|1.500
12536,208.933333333333,25,0,0,0,91|-12.000|1.000|1|1.500
12537,208.95,25,0,0,0,91|-12.000|0.750|1|1.500
12538,208.966666666667,25,0,0,0,91|-12.000|0.500|1|1.500
12539,208.983333333333,25,0,0,0,91|-12.000|0.250|1|1.500
12540,209,25,0,1.5,0,91|-12.000|0.000|1|1.500
12541,209.016666666667,0,0,0,0,
12542,209.033333333333,0,0,0,0,
12543,209.05,0,0,0,0,
12544,209.066666666667,0,0,0,0,
12545,209.083333333333,0,0,0,0,
12546,209.1,0,0,0,0,
12547,209.116666666667,0,0,0,0,
12548,209.133333333333,0,0,0,0,
12549,209.15,0,0,0,0,
12550,209.166666666667,0,0,0,0,
12551,209.183333333333,0,0,0,0,
12552,209.2,0,0,0,0,
12553,209.216666666667,0,0,0,0,
12554,209.233333333333,0,0,0,0,
12555,209.25,0,0,0,0,
12556,209.266666666667,0,0,0,0,
12557,209.283333333333,0,0,0,0,
12558,209.3,0,0,0,0,
12559,209.316666666667,25,0,0,0,92|-5.950|29.750|1|1.500
12560,209.333333333333,25,0,0,0,92|-5.900|29.500|1|1.500
12561,209.35,25,0,0,0,92|-5.850|29.250|1|1.500
12562,209.366666666667,25,0,0,0,92|-5.800|29.000|1|1.500
12563,209.383333333333,25,0,0,0,92|-5.750|28.750|1|1.500
12564,209.4,25,0,0,0,92|-5.700|28.500|1|1.500
12565,209.416666666667,25,0,0,0,92|-5.650|28.250|1|1.500
12566,209.433333333333,25,0,0,0,92|-5.600|28.000|1|1.500
12567,209.45,25,0,0,0,92|-5.550|27.750|1|1.500
12568,209.466666666667,25,0,0,0,92|-5.500|27.500|1|1.500
12569,209.483333333333,25,0,0,0,92|-5.450|27.250|1|1.500
12570,209.5,25,0,0,0,92|-5.400|27.000|1|1.500
12571,209.516666666667,25,0,0,0,92|-5.350|26.750|1|1.500
12572,209.533333333333,25,0,0,0,92|-5.300|26.500|1|1.500
12573,209.55,25,0,0,0,92|-5.250|26.250|1|1.500
12574,209.566666666667,25,0,0,0,92|-5.200|26.000|1|1.500
12575,209.583333333333,25,0,0,0,92|-5.150|25.750|1|1.500
12576,209.6,25,0,0,0,92|-5.100|25.500|1|1.500
12577,209.616666666667,25,0,0,0,92|-5.050|25.250|1|1.500
12578,209.633333333333,25,0,0,0,92|-5.000|25.000|1|1.500
12579,209.65,25,0,0,0,92|-4.950|24.750|1|1.500
12580,209.666666666667,25,0,0,0,92|-4.900|24.500|1|1.500
12581,209.683333333333,25,0,0,0,92|-4.850|24.250|1|1.500
12582,209.7,25,0,0,0,92|-4.800|24.000|1|1.500
12583,209.716666666667,25,0,0,0,92|-4.750|23.750|1|1.500
12584,209.733333333333,25,0,0,0,92|-4.700|23.500|1|1.500
12585,209.75,25,0,0,0,92|-4.650|23.250|1|1.500
12586,209.766666666667,25,0,0,0,92|-4.600|23.000|1|1.500
12587,209.783333333333,25,0,0,0,92|-4.550|22.750|1|1.500
12588,209.8,25,0,0,0,92|-4.500|22.500|1|1.500
12589,209.816666666667,25,0,0,0,92|-4.450|22.250|1|1.500
12590,209.833333333333,25,0,0,0,92|-4.400|22.000|1|1.500
12591,209.85,25,0,0,0,92|-4.350|21.750|1|1.500
12592,209.866666666667,25,0,0,0,92|-4.300|21.500|1|1.500
12593,209.883333333333,25,0,0,0,92|-4.250|21.250|1|1.500
12594,209.9,25,0,0,0,92|-4.200|21.000|1|1.500
12595,209.916666666667,25,0,0,0,92|-4.150|20.750|1|1.500
12596,209.933333333333,25,0,0,0,92|-4.100|20.500|1|1.500
12597,209.95,25,0,0,0,92|-4.050|20.250|1|1.500
12598,209.966666666667,25,0,0,0,92|-4.000|20.000|1|1.500
12599,209.983333333333,25,0,0,0,92|-3.950|19.750|1|1.500
12600,210,25,0,0,0,92|-3.900|19.500|1|1.500
12601,210.016666666667,25,0,0,0,92|-3.850|19.250|1|1.500
12602,210.033333333333,25,0,0,0,92|-3.800|19.000|1|1.500
12603,210.05,25,0,0,0,92|-3.750|18.750|1|1.500
12604,210.066666666667,25,0,0,0,92|-3.700|18.500|1|1.500
12605,210.083333333333,25,0,0,0,92|-3.650|18.250|1|1.500
12606,210.1,25,0,0,0,92|-3.600|18.000|1|1.500
12607,210.116666666667,25,0,0,0,92|-3.550|17.750|1|1.500
12608,210.133333333333,25,0,0,0,92|-3.500|17.500|1|1.500
12609,210.15,25,0,0,0,92|-3.450|17.250|1|1.500
12610,210.166666666667,25,0,0,0,92|-3.400|17.000|1|1.500
12611,210.183333333333,25,0,0,0,92|-3.350|16.750|1|1.500
12612,210.2,25,0,0,0,92|-3.300|16.500|1|1.500
12613,210.216666666667,25,0,0,0,92|-3.250|16.250|1|1.500
12614,210.233333333333,25,0,0,0,92|-3.200|16.000|1|1.500
12615,210.25,25,0,0,0,92|-3.150|15.750|1|1.500
12616,210.266666666667,25,0,0,0,92|-3.100|15.500|1|1.500
12617,210.283333333333,25,0,0,0,92|-3.050|15.250|1|1.500
12618,210.3,25,0,0,0,92|-3.000|15.000|1|1.500
12619,210.316666666667,25,0,0,0,92|-2.950|14.750|1|1.500
12620,210.333333333333,25,0,0,0,92|-2.900|14.500|1|1.500
12621,210.35,25,0,0,0,92|-2.850|14.250|1|1.500
12622,210.366666666667,25,0,0,0,92|-2.800|14.000|1|1.500
12623,210.383333333333,25,0,0,0,92|-2.750|13.750|1|1.500
12624,210.4,25,0,0,0,92|-2.700|13.500|1|1.500
12625,210.416666666667,25,0,0,0,92|-2.650|13.250|1|1.500
12626,210.433333333333,25,0,0,0,92|-2.600|13.000|1|1.500
12627,210.45,25,0,0,0,92|-2.550|12.750|1|1.500
12628,210.466666666667,25,0,0,0,92|-2.500|12.500|1|1.500
12629,210.483333333333,25,0,0,0,92|-2.450|12.250|1|1.500
12630,210.5,25,0,0,0,92|-2.400|12.000|1|1.500
12631,210.516666666667,25,0,0,0,92|-2.350|11.750|1|1.500
12632,210.533333333333,25,0,0,0,92|-2.300|11.500|1|1.500
12633,210.55,25,0,0,0,92|-2.250|11.250|1|1.500
12634,210.566666666667,25,0,0,0,92|-2.200|11.000|1|1.500
12635,210.583333333333,25,0,0,0,92|-2.150|10.750|1|1.500
12636,210.6,25,0,0,0,92|-2.100|10.500|1|1.500
12637,210.616666666667,25,0,0,0,92|-2.050|10.250|1|1.500
12638,210.633333333333,25,0,0,0,92|-2.000|10.000|1|1.500
12639,210.65,25,0,0,0,92|-1.950|9.750|1|1.500
12640,210.666666666667,25,0,0,0,92|-1.900|9.500|1|1.500
12641,210.683333333333,25,0,0,0,92|-1.850|9.250|1|1.500
12642,210.7,25,0,0,0,92|-1.800|9.000|1|1.500
12643,210.716666666667,25,0,0,0,92|-1.750|8.750|1|1.500
12644,210.733333333333,25,0,0,0,92|-1.700|8.500|1|1.500
12645,210.75,25,0,0,0,92|-1.650|8.250|1|1.500
12646,210.766666666667,25,0,0,0,92|-1.600|8.000|1|1.500
12647,210.783333333333,25,0,0,0,92|-1.550|7.750|1|1.500
12648,210.8,25,0,0,0,92|-1.500|7.500|1|1.500
12649,210.816666666667,25,0,0,0,92|-1.450|7.250|1|1.500
12650,210.833333333333,25,0,0,0,92|-1.400|7.000|1|1.500
12651,210.85,25,0,0,0,92|-1.350|6.750|1|1.500
12652,210.866666666667,25,0,0,0,92|-1.300|6.500|1|1.500
12653,210.883333333333,25,0,0,0,92|-1.250|6.250|1|1.500
12654,210.9,25,0,0,0,92|-1.200|6.000|1|1.500
12655,210.916666666667,25,0,0,0,92|-1.150|5.750|1|1.500
12656,210.933333333333,25,0,0,0,92|-1.100|5.500|1|1.500
12657,210.95,25,0,0,0,92|-1.050|5.250|1|1.500
12658,210.966666666667,25,0,0,0,92|-1.000|5.000|1|1.500
12659,210.983333333333,25,0,0,0,92|-0.950|4.750|1|1.500
12660,211,25,0,0,0,92|-0.900|4.500|1|1.500
12661,211.016666666667,25,0,0,0,92|-0.850|4.250|1|1.500
12662,211.033333333333,25,0,0,0,92|-0.800|4.000|1|1.500
12663,211.05,25,0,0,0,92|-0.750|3.750|1|1.500
12664,211.066666666667,25,0,0,0,92|-0.700|3.500|1|1.500
12665,211.083333333333,25,0,0,0,92|-0.650|3.250|1|1.500
12666,211.1,25,0,0,0,92|-0.600|3.000|1|1.500
12667,211.116666666667,25,0,0,0,92|-0.550|2.750|1|1.500
12668,211.133333333333,25,0,0,0,92|-0.500|2.500|1|1.500
12669,211.15,25,0,0,0,92|-0.450|2.250|1|1.500
12670,211.166666666667,25,0,0,0,92|-0.400|2.000|1|1.500
12671,211.183333333333,25,0,0,0,92|-0.350|1.750|1|1.500
12672,211.2,25,0,0,0,92|-0.300|1.500|1|1.500
12673,211.216666666667,25,0,0,0,92|-0.250|1.250|1|1.500
12674,211.233333333333,25,0,0,0,92|-0.200|1.000|1|1.500
12675,211.25,25,0,0,0,92|-0.150|0.750|1|1.500
12676,211.266666666667,25,0,0,0,92|-0.100|0.500|1|1.500
12677,211.283333333333,25,0,0,0,92|-0.050|0.250|1|1.500
12678,211.3,25,1,1,1,92|-0.000|0.000|1|1.500
12679,211.316666666667,0,0,0,0,
12680,211.333333333333,0,0,0,0,
12681,211.35,0,0,0,0,
12682,211.366666666667,0,0,0,0,
12683,211.383333333333,0,0,0,0,
12684,211.4,0,0,0,0,
12685,211.416666666667,0,0,0,0,
12686,211.433333333333,0,0,0,0,
12687,211.45,0,0,0,0,
12688,211.466666666667,0,0,0,0,
12689,211.483333333333,0,0,0,0,
12690,211.5,0,0,0,0,
12691,211.516666666667,0,0,0,0,
12692,211.533333333333,0,0,0,0,
12693,211.55,0,0,0,0,
12694,211.566666666667,0,0,0,0,
12695,211.583333333333,0,0,0,0,
12696,211.6,0,0,0,0,
12697,211.616666666667,25,0,0,0,93|12.000|29.750|1|1.500
12698,211.633333333333,25,0,0,0,93|12.000|29.500|1|1.500
12699,211.65,25,0,0,0,93|12.000|29.250|1|1.500
12700,211.666666666667,25,0,0,0,93|12.000|29.000|1|1.500
12701,211.683333333333,25,0,0,0,93|12.000|28.750|1|1.500
12702,211.7,25,0,0,0,93|12.000|28.500|1|1.500
12703,211.716666666667,25,0,0,0,93|12.000|28.250|1|1.500
12704,211.733333333333,25,0,0,0,93|12.000|28.000|1|1.500
12705,211.75,25,0,0,0,93|12.000|27.750|1|1.500
12706,211.766666666667,25,0,0,0,93|12.000|27.500|1|1.500
12707,211.783333333333,25,0,0,0,93|12.000|27.250|1|1.500
12708,211.8,25,0,0,0,93|12.000|27.000|1|1.500
12709,211.816666666667,25,0,0,0,93|12.000|26.750|1|1.500
12710,211.833333333333,25,0,0,0,93|12.000|26.500|1|1.500
12711,211.85,25,0,0,0,93|12.000|26.250|1|1.500
12712,211.866666666667,25,0,0,0,93|12.000|26.000|1|1.500
12713,211.883333333333,25,0,0,0,93|12.000|25.750|1|1.500
12714,211.9,25,0,0,0,93|12.000|25.500|1|1.500
12715,211.916666666667,25,0,0,0,93|12.000|25.250|1|1.500
12716,211.933333333333,25,0,0,0,93|12.000|25.000|1|1.500
12717,211.95,25,0,0,0,93|12.000|24.750|1|1.500
12718,211.966666666667,25,0,0,0,93|12.000|24.500|1|1.500
12719,211.983333333333,25,0,0,0,93|12.000|24.250|1|1.500
12720,212,25,0,0,0,93|12.000|24.000|1|1.500
12721,212.016666666667,25,0,0,0,93|12.000|23.750|1|1.500
12722,212.033333333333,25,0,0,0,93|12.000|23.500|1|1.500
12723,212.05,25,0,0,0,93|12.000|23.250|1|1.500
12724,212.066666666667,25,0,0,0,93|12.000|23.000|1|1.500
12725,212.083333333333,25,0,0,0,93|12.000|22.750|1|1.500
12726,212.1,25,0,0,0,93|12.000|22.500|1|1.500
12727,212.116666666667,25,0,0,0,93|12.000|22.250|1|1.500
12728,212.133333333333,25,0,0,0,93|12.000|22.000|1|1.500
12729,212.15,25,0,0,0,93|12.000|21.750|1|1.500
12730,212.166666666667,25,0,0,0,93|12.000|21.500|1|1.500
12731,212.183333333333,25,0,0,0,93|12.000|21.250|1|1.500
12732,212.2,25,0,0,0,93|12.000|21.000|1|1.500
12733,212.216666666667,25,0,0,0,93|12.000|20.750|1|1.500
12734,212.233333333333,25,0,0,0,93|12.000|20.500|1|1.500
12735,212.25,25,0,0,0,93|12.000|20.250|1|1.500
12736,212.266666666667,25,0,0,0,93|12.000|20.000|1|1.500
12737,212.283333333333,25,0,0,0,93|12.000|19.750|1|1.500
12738,212.3,25,0,0,0,93|12.000|19.500|1|1.500
12739,212.316666666667,25,0,0,0,93|12.000|19.250|1|1.500
12740,212.333333333333,25,0,0,0,93|12.000|19.000|1|1.500
12741,212.35,25,0,0,0,93|12.000|18.750|1|1.500
12742,212.366666666667,25,0,0,0,93|12.000|18.500|1|1.500
12743,212.383333333333,25,0,0,0,93|12.000|18.250|1|1.500
12744,212.4,25,0,0,0,93|12.000|18.000|1|1.500
12745,212.416666666667,25,0,0,0,93|12.000|17.750|1|1.500
12746,212.433333333333,25,0,0,0,93|12.000|17.500|1|1.500
12747,212.45,25,0,0,0,93|12.000|17.250|1|1.500
12748,212.466666666667,25,0,0,0,93|12.000|17.000|1|1.500
12749,212.483333333333,25,0,0,0,93|12.000|16.750|1|1.500
12750,212.5,25,0,0,0,93|12.000|16.500|1|1.500
12751,212.516666666667,25,0,0,0,93|12.000|16.250|1|1.500
12752,212.533333333333,25,0,0,0,93|12.000|16.000|1|1.500
12753,212.55,25,0,0,0,93|12.000|15.750|1|1.500
12754,212.566666666667,25,0,0,0,93|12.000|15.500|1|1.500
12755,212.583333333333,25,0,0,0,93|12.000|15.250|1|1.500
12756,212.6,25,0,0,0,93|12.000|15.000|1|1.500
12757,212.616666666667,25,0,0,0,93|12.000|14.750|1|1.500
12758,212.633333333333,25,0,0,0,93|12.000|14.500|1|1.500
12759,212.65,25,0,0,0,93|12.000|14.250|1|1.500
12760,212.666666666667,25,0,0,0,93|12.000|14.000|1|1.500
12761,212.683333333333,25,0,0,0,93|12.000|13.750|1|1.500
12762,212.7,25,0,0,0,93|12.000|13.500|1|1.500
12763,212.716666666667,25,0,0,0,93|12.000|13.250|1|1.500
12764,212.733333333333,25,0,0,0,93|12.000|13.000|1|1.500
12765,212.75,25,0,0,0,93|12.000|12.750|1|1.500
12766,212.766666666667,25,0,0,0,93|12.000|12.500|1|1.500
12767,212.783333333333,25,0,0,0,93|12.000|12.250|1|1.500
12768,212.8,25,0,0,0,93|12.000|12.000|1|1.500
12769,212.816666666667,25,0,0,0,93|12.000|11.750|1|1.500
12770,212.833333333333,25,0,0,0,93|12.000|11.500|1|1.500
12771,212.85,25,0,0,0,93|12.000|11.250|1|1.500
12772,212.866666666667,25,0,0,0,93|12.000|11.000|1|1.500
12773,212.883333333333,25,0,0,0,93|12.000|10.750|1|1.500
12774,212.9,25,0,0,0,93|12.000|10.500|1|1.500
12775,212.916666666667,25,0,0,0,93|12.000|10.250|1|1.500
12776,212.933333333333,25,0,0,0,93|12.000|10.000|1|1.500
12777,212.95,25,0,0,0,93|12.000|9.750|1|1.500
12778,212.966666666667,25,0,0,0,93|12.000|9.500|1|1.500
12779,212.983333333333,25,0,0,0,93|12.000|9.250|1|1.500
12780,213,25,0,0,0,93|12.000|9.000|1|1.500
12781,213.016666666667,25,0,0,0,93|12.000|8.750|1|1.500
12782,213.033333333333,25,0,0,0,93|12.000|8.500|1|1.500
12783,213.05,25,0,0,0,93|12.000|8.250|1|1.500
12784,213.066666666667,25,0,0,0,93|12.000|8.000|1|1.500
12785,213.083333333333,25,0,0,0,93|12.000|7.750|1|1.500
12786,213.1,25,0,0,0,93|12.000|7.500|1|1.500
12787,213.116666666667,25,0,0,0,93|12.000|7.250|1|1.500
12788,213.133333333333,25,0,0,0,93|12.000|7.000|1|1.500
12789,213.15,25,0,0,0,93|12.000|6.750|1|1.500
12790,213.166666666667,25,0,0,0,93|12.000|6.500|1|1.500
12791,213.183333333333,25,0,0,0,93|12.000|6.250|1|1.500
12792,213.2,25,0,0,0,93|12.000|6.000|1|1.500
12793,213.216666666667,25,0,0,0,93|12.000|5.750|1|1.500
12794,213.233333333333,25,0,0,0,93|12.000|5.500|1|1.500
12795,213.25,25,0,0,0,93|12.000|5.250|1|1.500
12796,213.266666666667,25,0,0,0,93|12.000|5.000|1|1.500
12797,213.283333333333,25,0,0,0,93|12.000|4.750|1|1.500
12798,213.3,25,0,0,0,93|12.000|4.500|1|1.500
12799,213.316666666667,25,0,0,0,93|12.000|4.250|1|1.500
12800,213.333333333333,25,0,0,0,93|12.000|4.000|1|1.500
12801,213.35,25,0,0,0,93|12.000|3.750|1|1.500
12802,213.366666666667,25,0,0,0,93|12.000|3.500|1|1.500
12803,213.383333333333,25,0,0,0,93|12.000|3.250|1|1.500
12804,213.4,25,0,0,0,93|12.000|3.000|1|1.500
12805,213.416666666667,25,0,0,0,93|12.000|2.750|1|1.500
12806,213.433333333333,25,0,0,0,93|12.000|2.500|1|1.500
12807,213.45,25,0,0,0,93|12.000|2.250|1|1.500
12808,213.466666666667,25,0,0,0,93|12.000|2.000|1|1.500
12809,213.483333333333,25,0,0,0,93|12.000|1.750|1|1.500
12810,213.5,25,0,0,0,93|12.000|1.500|1|1.500
12811,213.516666666667,25,0,0,0,93|12.000|1.250|1|1.500
12812,213.533333333333,25,0,0,0,93|12.000|1.000|1|1.500
12813,213.55,25,0,0,0,93|12.000|0.750|1|1.500
12814,213.566666666667,25,0,0,0,93|12.000|0.500|1|1.500
12815,213.583333333333,25,0,0,0,93|12.000|0.250|1|1.500
12816,213.6,25,0,1.5,0,93|12.000|0.000|1|1.500
12817,213.616666666667,0,0,0,0,
12818,213.633333333333,0,0,0,0,
12819,213.65,0,0,0,0,
12820,213.666666666667,0,0,0,0,
12821,213.683333333333,0,0,0,0,
12822,213.7,0,0,0,0,
12823,213.716666666667,0,0,0,0,
12824,213.733333333333,0,0,0,0,
12825,213.75,0,0,0,0,
12826,213.766666666667,0,0,0,0,
12827,213.783333333333,0,0,0,0,
12828,213.8,0,0,0,0,
12829,213.816666666667,0,0,0,0,
12830,213.833333333333,0,0,0,0,
12831,213.85,0,0,0,0,
12832,213.866666666667,0,0,0,0,
12833,213.883333333333,0,0,0,0,
12834,213.9,0,0,0,0,
12835,213.916666666667,25,0,0,0,94|-6.000|29.750|1|3.000
12836,213.933333333333,25,0,0,0,94|-5.900|29.500|1|3.000
12837,213.95,25,0,0,0,94|-5.900|29.250|1|3.000
12838,213.966666666667,25,0,0,0,94|-5.900|29.000|1|3.000
12839,213.983333333333,25,0,0,0,94|-5.900|28.750|1|3.000
12840,214,25,0,0,0,94|-5.800|28.500|1|3.000
12841,214.016666666667,25,0,0,0,94|-5.800|28.250|1|3.000
12842,214.033333333333,25,0,0,0,94|-5.700|28.000|1|3.000
12843,214.05,25,0,0,0,94|-5.700|27.750|1|3.000
12844,214.066666666667,25,0,0,0,94|-5.600|27.500|1|3.000
12845,214.083333333333,25,0,0,0,94|-5.600|27.250|1|3.000
12846,214.1,25,0,0,0,94|-5.500|27.000|1|3.000
12847,214.116666666667,25,0,0,0,94|-5.500|26.750|1|3.000
12848,214.133333333333,25,0,0,0,94|-5.500|26.500|1|3.000
12849,214.15,25,0,0,0,94|-5.400|26.250|1|3.000
12850,214.166666666667,25,0,0,0,94|-5.300|26.000|1|3.000
12851,214.183333333333,25,0,0,0,94|-5.200|25.750|1|3.000
12852,214.2,25,0,0,0,94|-5.200|25.500|1|3.000
12853,214.216666666667,25,0,0,0,94|-5.200|25.250|1|3.000
12854,214.233333333333,25,0,0,0,94|-5.100|25.000|1|3.000
12855,214.25,25,0,0,0,94|-5.100|24.750|1|3.000
12856,214.266666666667,25,0,0,0,94|-5.100|24.500|1|3.000
12857,214.283333333333,25,0,0,0,94|-5.000|24.250|1|3.000
12858,214.3,25,0,0,0,94|-4.900|24.000|1|3.000
12859,214.316666666667,25,0,0,0,94|-4.800|23.750|1|3.000
12860,214.333333333333,25,0,0,0,94|-4.800|23.500|1|3.000
12861,214.35,25,0,0,0,94|-4.700|23.250|1|3.000
12862,214.366666666667,25,0,0,0,94|-4.600|23.000|1|3.000
12863,214.383333333333,25,0,0,0,94|-4.500|22.750|1|3.000
12864,214.4,25,0,0,0,94|-4.400|22.500|1|3.000
12865,214.416666666667,25,0,0,0,94|-4.400|22.250|1|3.000
12866,214.433333333333,25,0,0,0,94|-4.400|22.000|1|3.000
12867,214.45,25,0,0,0,94|-4.400|21.750|1|3.000
12868,214.466666666667,25,0,0,0,94|-4.400|21.500|1|3.000
12869,214.483333333333,25,0,0,0,94|-4.400|21.250|1|3.000
12870,214.5,25,0,0,0,94|-4.300|21.000|1|3.000
12871,214.516666666667,25,0,0,0,94|-4.300|20.750|1|3.000
12872,214.533333333333,25,0,0,0,94|-4.200|20.500|1|3.000
12873,214.55,25,0,0,0,94|-4.100|20.250|1|3.000
12874,214.566666666667,25,0,0,0,94|-4.000|20.000|1|3.000
12875,214.583333333333,25,0,0,0,94|-4.000|19.750|1|3.000
12876,214.6,25,0,0,0,94|-4.000|19.500|1|3.000
12877,214.616666666667,25,0,0,0,94|-3.900|19.250|1|3.000
12878,214.633333333333,25,0,0,0,94|-3.800|19.000|1|3.000
12879,214.65,25,0,0,0,94|-3.800|18.750|1|3.000
12880,214.666666666667,25,0,0,0,94|-3.700|18.500|1|3.000
12881,214.683333333333,25,0,0,0,94|-3.700|18.250|1|3.000
12882,214.7,25,0,0,0,94|-3.700|18.000|1|3.000
12883,214.716666666667,25,0,0,0,94|-3.600|17.750|1|3.000
12884,214.733333333333,25,0,0,0,94|-3.500|17.500|1|3.000
12885,214.75,25,0,0,0,94|-3.500|17.250|1|3.000
12886,214.766666666667,25,0,0,0,94|-3.500|17.000|1|3.000
12887,214.783333333333,25,0,0,0,94|-3.500|16.750|1|3.000
12888,214.8,25,0,0,0,94|-3.400|16.500|1|3.000
12889,214.816666666667,25,0,0,0,94|-3.400|16.250|1|3.000
12890,214.833333333333,25,0,0,0,94|-3.300|16.000|1|3.000
12891,214.85,25,0,0,0,94|-3.300|15.750|1|3.000
12892,214.866666666667,25,0,0,0,94|-3.300|15.500|1|3.000
12893,214.883333333333,25,0,0,0,94|-3.200|15.250|1|3.000
12894,214.9,25,0,0,0,94|-3.100|15.000|1|3.000
12895,214.916666666667,25,0,0,0,94|-3.100|14.750|1|3.000
12896,214.933333333333,25,0,0,0,94|-3.000|14.500|1|3.000
12897,214.95,25,0,0,0,94|-2.900|14.250|1|3.000
12898,214.966666666667,25,0,0,0,94|-2.900|14.000|1|3.000
12899,214.983333333333,25,0,0,0,94|-2.800|13.750|1|3.000
12900,215,25,0,0,0,94|-2.800|13.500|1|3.000
12901,215.016666666667,25,0,0,0,94|-2.800|13.250|1|3.000
12902,215.033333333333,25,0,0,0,94|-2.800|13.000|1|3.000
12903,215.05,25,0,0,0,94|-2.800|12.750|1|3.000
12904,215.066666666667,25,0,0,0,94|-2.800|12.500|1|3.000
12905,215.083333333333,25,0,0,0,94|-2.700|12.250|1|3.000
12906,215.1,25,0,0,0,94|-2.700|12.000|1|3.000
12907,215.116666666667,25,0,0,0,94|-2.600|11.750|1|3.000
12908,215.133333333333,25,0,0,0,94|-2.600|11.500|1|3.000
12909,215.15,25,0,0,0,94|-2.600|11.250|1|3.000
12910,215.166666666667,25,0,0,0,94|-2.600|11.000|1|3.000
12911,215.183333333333,25,0,0,0,94|-2.500|10.750|1|3.000
12912,215.2,25,0,0,0,94|-2.400|10.500|1|3.000
12913,215.216666666667,25,0,0,0,94|-2.400|10.250|1|3.000
12914,215.233333333333,25,0,0,0,94|-2.400|10.000|1|3.000
12915,215.25,25,0,0,0,94|-2.400|9.750|1|3.000
12916,215.266666666667,25,0,0,0,94|-2.400|9.500|1|3.000
12917,215.283333333333,25,0,0,0,94|-2.300|9.250|1|3.000
12918,215.3,25,0,0,0,94|-2.200|9.000|1|3.000
12919,215.316666666667,25,0,0,0,94|-2.100|8.750|1|3.000
12920,215.333333333333,25,0,0,0,94|-2.000|8.500|1|3.000
12921,215.35,25,0,0,0,94|-1.900|8.250|1|3.000
12922,215.366666666667,25,0,0,0,94|-1.800|8.000|1|3.000
12923,215.383333333333,25,0,0,0,94|-1.800|7.750|1|3.000
12924,215.4,25,0,0,0,94|-1.700|7.500|1|3.000
12925,215.416666666667,25,0,0,0,94|-1.600|7.250|1|3.000
12926,215.433333333333,25,0,0,0,94|-1.500|7.000|1|3.000
12927,215.45,25,0,0,0,94|-1.400|6.750|1|3.000
12928,215.466666666667,25,0,0,0,94|-1.300|6.500|1|3.000
12929,215.483333333333,25,0,0,0,94|-1.300|6.250|1|3.000
12930,215.5,25,0,0,0,94|-1.200|6.000|1|3.000
12931,215.516666666667,25,0,0,0,94|-1.100|5.750|1|3.000
12932,215.533333333333,25,0,0,0,94|-1.000|5.500|1|3.000
12933,215.55,25,0,0,0,94|-0.900|5.250|1|3.000
12934,215.566666666667,25,0,0,0,94|-0.900|5.000|1|3.000
12935,215.583333333333,25,0,0,0,94|-0.900|4.750|1|3.000
12936,215.6,25,0,0,0,94|-0.800|4.500|1|3.000
12937,215.616666666667,25,0,0,0,94|-0.800|4.250|1|3.000
12938,215.633333333333,25,0,0,0,94|-0.700|4.000|1|3.000
12939,215.65,25,0,0,0,94|-0.700|3.750|1|3.000
12940,215.666666666667,25,0,0,0,94|-0.700|3.500|1|3.000
12941,215.683333333333,25,0,0,0,94|-0.700|3.250|1|3.000
12942,215.7,25,0,0,0,94|-0.600|3.000|1|3.000
12943,215.716666666667,25,0,0,0,94|-0.600|2.750|1|3.000
12944,215.733333333333,25,0,0,0,94|-0.500|2.500|1|3.000
12945,215.75,25,0,0,0,94|-0.400|2.250|1|3.000
12946,215.766666666667,25,0,0,0,94|-0.400|2.000|1|3.000
12947,215.783333333333,25,0,0,0,94|-0.400|1.750|1|3.000
12948,215.8,25,0,0,0,94|-0.300|1.500|1|3.000
12949,215.816666666667,25,0,0,0,94|-0.300|1.250|1|3.000
12950,215.833333333333,25,0,0,0,94|-0.300|1.000|1|3.000
12951,215.85,25,0,0,0,94|-0.200|0.750|1|3.000
12952,215.866666666667,25,0,0,0,94|-0.200|0.500|1|3.000
12953,215.883333333333,25,0,0,0,94|-0.100|0.250|1|3.000
12954,215.9,25,1,1,1,94|-0.000|0.000|1|3.000
12955,215.916666666667,0,0,0,0,
12956,215.933333333333,0,0,0,0,
12957,215.95,0,0,0,0,
12958,215.966666666667,0,0,0,0,
12959,215.983333333333,0,0,0,0,
12960,216,0,0,0,0,
12961,216.016666666667,0,0,0,0,
12962,216.033333333333,0,0,0,0,
12963,216.05,0,0,0,0,
12964,216.066666666667,0,0,0,0,
12965,216.083333333333,0,0,0,0,
12966,216.1,0,0,0,0,
12967,216.116666666667,0,0,0,0,
12968,216.133333333333,0,0,0,0,
12969,216.15,0,0,0,0,
12970,216.166666666667,0,0,0,0,
12971,216.183333333333,0,0,0,0,
12972,216.2,0,0,0,0,
12973,216.216666666667,25,0,0,0,95|-6.000|29.750|1|3.000
12974,216.233333333333,25,0,0,0,95|-6.000|29.500|1|3.000
12975,216.25,25,0,0,0,95|-6.000|29.250|1|3.000
12976,216.266666666667,25,0,0,0,95|-6.000|29.000|1|3.000
12977,216.283333333333,25,0,0,0,95|-5.800|28.750|1|3.000
12978,216.3,25,0,0,0,95|-5.800|28.500|1|3.000
12979,216.316666666667,25,0,0,0,95|-5.800|28.250|1|3.000
12980,216.333333333333,25,0,0,0,95|-5.800|28.000|1|3.000
12981,216.35,25,0,0,0,95|-5.800|27.750|1|3.000
12982,216.366666666667,25,0,0,0,95|-5.800|27.500|1|3.000
12983,216.383333333333,25,0,0,0,95|-5.800|27.250|1|3.000
12984,216.4,25,0,0,0,95|-5.800|27.000|1|3.000
12985,216.416666666667,25,0,0,0,95|-5.800|26.750|1|3.000
12986,216.433333333333,25,0,0,0,95|-5.600|26.500|1|3.000
12987,216.45,25,0,0,0,95|-5.600|26.250|1|3.000
12988,216.466666666667,25,0,0,0,95|-5.600|26.000|1|3.000
12989,216.483333333333,25,0,0,0,95|-5.600|25.750|1|3.000
12990,216.5,25,0,0,0,95|-5.600|25.500|1|3.000
12991,216.516666666667,25,0,0,0,95|-5.600|25.250|1|3.000
12992,216.533333333333,25,0,0,0,95|-5.400|25.000|1|3.000
12993,216.55,25,0,0,0,95|-5.400|24.750|1|3.000
12994,216.566666666667,25,0,0,0,95|-5.400|24.500|1|3.000
12995,216.583333333333,25,0,0,0,95|-5.400|24.250|1|3.000
12996,216.6,25,0,0,0,95|-5.200|24.000|1|3.000
12997,216.616666666667,25,0,0,0,95|-5.200|23.750|1|3.000
12998,216.633333333333,25,0,0,0,95|-5.200|23.500|1|3.000
12999,216.65,25,0,0,0,95|-5.200|23.250|1|3.000
13000,216.666666666667,25,0,0,0,95|-5.200|23.000|1|3.000
13001,216.683333333333,25,0,0,0,95|-5.000|22.750|1|3.000
13002,216.7,25,0,0,0,95|-5.000|22.500|1|3.000
13003,216.716666666667,25,0,0,0,95|-5.000|22.250|1|3.000
13004,216.733333333333,25,0,0,0,95|-5.000|22.000|1|3.000
13005,216.75,25,0,0,0,95|-5.000|21.750|1|3.000
13006,216.766666666667,25,0,0,0,95|-5.000|21.500|1|3.000
13007,216.783333333333,25,0,0,0,95|-5.000|21.250|1|3.000
13008,216.8,25,0,0,0,95|-5.000|21.000|1|3.000
13009,216.816666666667,25,0,0,0,95|-5.000|20.750|1|3.000
13010,216.833333333333,25,0,0,0,95|-5.000|20.500|1|3.000
13011,216.85,25,0,0,0,95|-5.000|20.250|1|3.000
13012,216.866666666667,25,0,0,0,95|-5.000|20.000|1|3.000
13013,216.883333333333,25,0,0,0,95|-4.800|19.750|1|3.000
13014,216.9,25,0,0,0,95|-4.800|19.500|1|3.000
13015,216.916666666667,25,0,0,0,95|-4.800|19.250|1|3.000
13016,216.933333333333,25,0,0,0,95|-4.800|19.000|1|3.000
13017,216.95,25,0,0,0,95|-4.800|18.750|1|3.000
13018,216.966666666667,25,0,0,0,95|-4.600|18.500|1|3.000
13019,216.983333333333,25,0,0,0,95|-4.600|18.250|1|3.000
13020,217,25,0,0,0,95|-4.400|18.000|1|3.000
13021,217.016666666667,25,0,0,0,95|-4.200|17.750|1|3.000
13022,217.033333333333,25,0,0,0,95|-4.200|17.500|1|3.000
13023,217.05,25,0,0,0,95|-4.200|17.250|1|3.000
13024,217.066666666667,25,0,0,0,95|-4.200|17.000|1|3.000
13025,217.083333333333,25,0,0,0,95|-4.200|16.750|1|3.000
13026,217.1,25,0,0,0,95|-4.200|16.500|1|3.000
13027,217.116666666667,25,0,0,0,95|-4.200|16.250|1|3.000
13028,217.133333333333,25,0,0,0,95|-4.200|16.000|1|3.000
13029,217.15,25,0,0,0,95|-4.200|15.750|1|3.000
13030,217.166666666667,25,0,0,0,95|-4.200|15.500|1|3.000
13031,217.183333333333,25,0,0,0,95|-4.000|15.250|1|3.000
13032,217.2,25,0,0,0,95|-4.000|15.000|1|3.000
13033,217.216666666667,25,0,0,0,95|-4.000|14.750|1|3.000
13034,217.233333333333,25,0,0,0,95|-4.000|14.500|1|3.000
13035,217.25,25,0,0,0,95|-4.000|14.250|1|3.000
13036,217.266666666667,25,0,0,0,95|-4.000|14.000|1|3.000
13037,217.283333333333,25,0,0,0,95|-4.000|13.750|1|3.000
13038,217.3,25,0,0,0,95|-4.000|13.500|1|3.000
13039,217.316666666667,25,0,0,0,95|-4.000|13.250|1|3.000
13040,217.333333333333,25,0,0,0,95|-3.800|13.000|1|3.000
13041,217.35,25,0,0,0,95|-3.600|12.750|1|3.000
13042,217.366666666667,25,0,0,0,95|-3.600|12.500|1|3.000
13043,217.383333333333,25,0,0,0,95|-3.600|12.250|1|3.000
13044,217.4,25,0,0,0,95|-3.600|12.000|1|3.000
13045,217.416666666667,25,0,0,0,95|-3.600|11.750|1|3.000
13046,217.433333333333,25,0,0,0,95|-3.600|11.500|1|3.000
13047,217.45,25,0,0,0,95|-3.400|11.250|1|3.000
13048,217.466666666667,25,0,0,0,95|-3.200|11.000|1|3.000
13049,217.483333333333,25,0,0,0,95|-3.000|10.750|1|3.000
13050,217.5,25,0,0,0,95|-2.800|10.500|1|3.000
13051,217.516666666667,25,0,0,0,95|-2.600|10.250|1|3.000
13052,217.533333333333,25,0,0,0,95|-2.400|10.000|1|3.000
13053,217.55,25,0,0,0,95|-2.400|9.750|1|3.000
13054,217.566666666667,25,0,0,0,95|-2.400|9.500|1|3.000
13055,217.583333333333,25,0,0,0,95|-2.400|9.250|1|3.000
13056,217.6,25,0,0,0,95|-2.400|9.000|1|3.000
13057,217.616666666667,25,0,0,0,95|-2.200|8.750|1|3.000
13058,217.633333333333,25,0,0,0,95|-2.200|8.500|1|3.000
13059,217.65,25,0,0,0,95|-2.000|8.250|1|3.000
13060,217.666666666667,25,0,0,0,95|-2.000|8.000|1|3.000
13061,217.683333333333,25,0,0,0,95|-2.000|7.750|1|3.000
13062,217.7,25,0,0,0,95|-1.800|7.500|1|3.000
13063,217.716666666667,25,0,0,0,95|-1.800|7.250|1|3.000
13064,217.733333333333,25,0,0,0,95|-1.800|7.000|1|3.000
13065,217.75,25,0,0,0,95|-1.800|6.750|1|3.000
13066,217.766666666667,25,0,0,0,95|-1.800|6.500|1|3.000
13067,217.783333333333,25,0,0,0,95|-1.800|6.250|1|3.000
13068,217.8,25,0,0,0,95|-1.600|6.000|1|3.000
13069,217.816666666667,25,0,0,0,95|-1.600|5.750|1|3.000
13070,217.833333333333,25,0,0,0,95|-1.600|5.500|1|3.000
13071,217.85,25,0,0,0,95|-1.600|5.250|1|3.000
13072,217.866666666667,25,0,0,0,95|-1.600|5.000|1|3.000
13073,217.883333333333,25,0,0,0,95|-1.600|4.750|1|3.000
13074,217.9,25,0,0,0,95|-1.600|4.500|1|3.000
13075,217.916666666667,25,0,0,0,95|-1.600|4.250|1|3.000
13076,217.933333333333,25,0,0,0,95|-1.400|4.000|1|3.000
13077,217.95,25,0,0,0,95|-1.400|3.750|1|3.000
13078,217.966666666667,25,0,0,0,95|-1.400|3.500|1|3.000
13079,217.983333333333,25,0,0,0,95|-1.200|3.250|1|3.000
13080,218,25,0,0,0,95|-1.200|3.000|1|3.000
13081,218.016666666667,25,0,0,0,95|-1.000|2.750|1|3.000
13082,218.033333333333,25,0,0,0,95|-1.000|2.500|1|3.000
13083,218.05,25,0,0,0,95|-1.000|2.250|1|3.000
13084,218.066666666667,25,0,0,0,95|-1.000|2.000|1|3.000
13085,218.083333333333,25,0,0,0,95|-0.800|1.750|1|3.000
13086,218.1,25,0,0,0,95|-0.800|1.500|1|3.000
13087,218.116666666667,25,0,0,0,95|-0.800|1.250|1|3.000
13088,218.133333333333,25,0,0,0,95|-0.600|1.000|1|3.000
13089,218.15,25,0,0,0,95|-0.400|0.750|1|3.000
13090,218.166666666667,25,0,0,0,95|-0.400|0.500|1|3.000
13091,218.183333333333,25,0,0,0,95|-0.200|0.250|1|3.000
13092,218.2,25,1,1,1,95|0.000|0.000|1|3.000
13093,218.216666666667,0,0,0,0,
13094,218.233333333333,0,0,0,0,
13095,218.25,0,0,0,0,
13096,218.266666666667,0,0,0,0,
13097,218.283333333333,0,0,0,0,
13098,218.3,0,0,0,0,
13099,218.316666666667,0,0,0,0,
13100,218.333333333333,0,0,0,0,
13101,218.35,0,0,0,0,
13102,218.366666666667,0,0,0,0,
13103,218.383333333333,0,0,0,0,
13104,218.4,0,0,0,0,
13105,218.416666666667,0,0,0,0,
13106,218.433333333333,0,0,0,0,
13107,218.45,0,0,0,0,
13108,218.466666666667,0,0,0,0,
13109,218.483333333333,0,0,0,0,
13110,218.5,0,0,0,0,
13111,218.516666666667,25,0,0,0,96|15.000|29.750|1|3.000
13112,218.533333333333,25,0,0,0,96|15.000|29.500|1|3.000
13113,218.55,25,0,0,0,96|15.000|29.250|1|3.000
13114,218.566666666667,25,0,0,0,96|15.000|29.000|1|3.000
13115,218.583333333333,25,0,0,0,96|15.000|28.750|1|3.000
13116,218.6,25,0,0,0,96|15.000|28.500|1|3.000
13117,218.616666666667,25,0,0,0,96|15.000|28.250|1|3.000
13118,218.633333333333,25,0,0,0,96|15.000|28.000|1|3.000
13119,218.65,25,0,0,0,96|15.000|27.750|1|3.000
13120,218.666666666667,25,0,0,0,96|15.000|27.500|1|3.000
13121,218.683333333333,25,0,0,0,96|15.000|27.250|1|3.000
13122,218.7,25,0,0,0,96|15.000|27.000|1|3.000
13123,218.716666666667,25,0,0,0,96|15.000|26.750|1|3.000
13124,218.733333333333,25,0,0,0,96|15.000|26.500|1|3.000
13125,218.75,25,0,0,0,96|15.000|26.250|1|3.000
13126,218.766666666667,25,0,0,0,96|15.000|26.000|1|3.000
13127,218.783333333333,25,0,0,0,96|15.000|25.750|1|3.000
13128,218.8,25,0,0,0,96|15.000|25.500|1|3.000
13129,218.816666666667,25,0,0,0,96|15.000|25.250|1|3.000
13130,218.833333333333,25,0,0,0,96|15.000|25.000|1|3.000
13131,218.85,25,0,0,0,96|15.000|24.750|1|3.000
13132,218.866666666667,25,0,0,0,96|15.000|24.500|1|3.000
13133,218.883333333333,25,0,0,0,96|15.000|24.250|1|3.000
13134,218.9,25,0,0,0,96|15.000|24.000|1|3.000
13135,218.916666666667,25,0,0,0,96|15.000|23.750|1|3.000
13136,218.933333333333,25,0,0,0,96|15.000|23.500|1|3.000
13137,218.95,25,0,0,0,96|15.000|23.250|1|3.000
13138,218.966666666667,25,0,0,0,96|15.000|23.000|1|3.000
13139,218.983333333333,25,0,0,0,96|15.000|22.750|1|3.000
13140,219,25,0,0,0,96|15.000|22.500|1|3.000
13141,219.016666666667,25,0,0,0,96|15.000|22.250|1|3.000
13142,219.033333333333,25,0,0,0,96|15.000|22.000|1|3.000
13143,219.05,25,0,0,0,96|15.000|21.750|1|3.000
13144,219.066666666667,25,0,0,0,96|15.000|21.500|1|3.000
13145,219.083333333333,25,0,0,0,96|15.000|21.250|1|3.000
13146,219.1,25,0,0,0,96|15.000|21.000|1|3.000
13147,219.116666666667,25,0,0,0,96|15.000|20.750|1|3.000
13148,219.133333333333,25,0,0,0,96|15.000|20.500|1|3.000
13149,219.15,25,0,0,0,96|15.000|20.250|1|3.000
13150,219.166666666667,25,0,0,0,96|15.000|20.000|1|3.000
13151,219.183333333333,25,0,0,0,96|15.000|19.750|1|3.000
13152,219.2,25,0,0,0,96|15.000|19.500|1|3.000
13153,219.216666666667,25,0,0,0,96|15.000|19.250|1|3.000
13154,219.233333333333,25,0,0,0,96|15.000|19.000|1|3.000
13155,219.25,25,0,0,0,96|15.000|18.750|1|3.000
13156,219.266666666667,25,0,0,0,96|15.000|18.500|1|3.000
13157,219.283333333333,25,0,0,0,96|15.000|18.250|1|3.000
13158,219.3,25,0,0,0,96|15.000|18.000|1|3.000
13159,219.316666666667,25,0,0,0,96|15.000|17.750|1|3.000
13160,219.333333333333,25,0,0,0,96|15.000|17.500|1|3.000
13161,219.35,25,0,0,0,96|15.000|17.250|1|3.000
13162,219.366666666667,25,0,0,0,96|15.000|17.000|1|3.000
13163,219.383333333333,25,0,0,0,96|15.000|16.750|1|3.000
13164,219.4,25,0,0,0,96|15.000|16.500|1|3.000
13165,219.416666666667,25,0,0,0,96|15.000|16.250|1|3.000
13166,219.433333333333,25,0,0,0,96|15.000|16.000|1|3.000
13167,219.45,25,0,0,0,96|15.000|15.750|1|3.000
13168,219.466666666667,25,0,0,0,96|15.000|15.500|1|3.000
13169,219.483333333333,25,0,0,0,96|15.000|15.250|1|3.000
13170,219.5,25,0,0,0,96|15.000|15.000|1|3.000
13171,219.516666666667,25,0,0,0,96|15.000|14.750|1|3.000
13172,219.533333333333,25,0,0,0,96|15.000|14.500|1|3.000
13173,219.55,25,0,0,0,96|15.000|14.250|1|3.000
13174,219.566666666667,25,0,0,0,96|15.000|14.000|1|3.000
13175,219.583333333333,25,0,0,0,96|15.000|13.750|1|3.000
13176,219.6,25,0,0,0,96|15.000|13.500|1|3.000
13177,219.616666666667,25,0,0,0,96|15.000|13.250|1|3.000
13178,219.633333333333,25,0,0,0,96|15.000|13.000|1|3.000
13179,219.65,25,0,0,0,96|15.000|12.750|1|3.000
13180,219.666666666667,25,0,0,0,96|15.000|12.500|1|3.000
13181,219.683333333333,25,0,0,0,96|15.000|12.250|1|3.000
13182,219.7,25,0,0,0,96|15.000|12.000|1|3.000
13183,219.716666666667,25,0,0,0,96|15.000|11.750|1|3.000
13184,219.733333333333,25,0,0,0,96|15.000|11.500|1|3.000
13185,219.75,25,0,0,0,96|15.000|11.250|1|3.000
13186,219.766666666667,25,0,0,0,96|15.000|11.000|1|3.000
13187,219.783333333333,25,0,0,0,96|15.000|10.750|1|3.000
13188,219.8,25,0,0,0,96|15.000|10.500|1|3.000
13189,219.816666666667,25,0,0,0,96|15.000|10.250|1|3.000
13190,219.833333333333,25,0,0,0,96|15.000|10.000|1|3.000
13191,219.85,25,0,0,0,96|15.000|9.750|1|3.000
13192,219.866666666667,25,0,0,0,96|15.000|9.500|1|3.000
13193,219.883333333333,25,0,0,0,96|15.000|9.250|1|3.000
13194,219.9,25,0,0,0,96|15.000|9.000|1|3.000
13195,219.916666666667,25,0,0,0,96|15.000|8.750|1|3.000
13196,219.933333333333,25,0,0,0,96|15.000|8.500|1|3.000
13197,219.95,25,0,0,0,96|15.000|8.250|1|3.000
13198,219.966666666667,25,0,0,0,96|15.000|8.000|1|3.000
13199,219.983333333333,25,0,0,0,96|15.000|7.750|1|3.000
13200,220,25,0,0,0,96|15.000|7.500|1|3.000
13201,220.016666666667,25,0,0,0,96|15.000|7.250|1|3.000
13202,220.033333333333,25,0,0,0,96|15.000|7.000|1|3.000
13203,220.05,25,0,0,0,96|15.000|6.750|1|3.000
13204,220.066666666667,25,0,0,0,96|15.000|6.500|1|3.000
13205,220.083333333333,25,0,0,0,96|15.000|6.250|1|3.000
13206,220.1,25,0,0,0,96|15.000|6.000|1|3.000
13207,220.116666666667,25,0,0,0,96|15.000|5.750|1|3.000
13208,220.133333333333,25,0,0,0,96|15.000|5.500|1|3.000
13209,220.15,25,0,0,0,96|15.000|5.250|1|3.000
13210,220.166666666667,25,0,0,0,96|15.000|5.000|1|3.000
13211,220.183333333333,25,0,0,0,96|15.000|4.750|1|3.000
13212,220.2,25,0,0,0,96|15.000|4.500|1|3.000
13213,220.216666666667,25,0,0,0,96|15.000|4.250|1|3.000
13214,220.233333333333,25,0,0,0,96|15.000|4.000|1|3.000
13215,220.25,25,0,0,0,96|15.000|3.750|1|3.000
13216,220.266666666667,25,0,0,0,96|15.000|3.500|1|3.000
13217,220.283333333333,25,0,0,0,96|15.000|3.250|1|3.000
13218,220.3,25,0,0,0,96|15.000|3.000|1|3.000
13219,220.316666666667,25,0,0,0,96|15.000|2.750|1|3.000
13220,220.333333333333,25,0,0,0,96|15.000|2.500|1|3.000
13221,220.35,25,0,0,0,96|15.000|2.250|1|3.000
13222,220.366666666667,25,0,0,0,96|15.000|2.000|1|3.000
13223,220.383333333333,25,0,0,0,96|15.000|1.750|1|3.000
13224,220.4,25,0,0,0,96|15.000|1.500|1|3.000
13225,220.416666666667,25,0,0,0,96|15.000|1.250|1|3.000
13226,220.433333333333,25,0,0,0,96|15.000|1.000|1|3.000
13227,220.45,25,0,0,0,96|15.000|0.750|1|3.000
13228,220.466666666667,25,0,0,0,96|15.000|0.500|1|3.000
13229,220.483333333333,25,0,0,0,96|15.000|0.250|1|3.000
13230,220.5,25,0,1.5,0,96|15.000|0.000|1|3.000
13231,220.516666666667,0,0,0,0,
13232,220.533333333333,0,0,0,0,
13233,220.55,0,0,0,0,
13234,220.566666666667,0,0,0,0,
13235,220.583333333333,0,0,0,0,
13236,220.6,0,0,0,0,
13237,220.616666666667,0,0,0,0,
13238,220.633333333333,0,0,0,0,
13239,220.65,0,0,0,0,
13240,220.666666666667,0,0,0,0,
13241,220.683333333333,0,0,0,0,
13242,220.7,0,0,0,0,
13243,220.716666666667,0,0,0,0,
13244,220.733333333333,0,0,0,0,
13245,220.75,0,0,0,0,
13246,220.766666666667,0,0,0,0,
13247,220.783333333333,0,0,0,0,
13248,220.8,0,0,0,0,
13249,220.816666666667,25,0,0,0,97|12.000|29.750|1|3.000
13250,220.833333333333,25,0,0,0,97|12.000|29.500|1|3.000
13251,220.85,25,0,0,0,97|12.000|29.250|1|3.000
13252,220.866666666667,25,0,0,0,97|12.000|29.000|1|3.000
13253,220.883333333333,25,0,0,0,97|12.000|28.750|1|3.000
13254,220.9,25,0,0,0,97|12.000|28.500|1|3.000
13255,220.916666666667,25,0,0,0,97|11.600|28.250|1|3.000
13256,220.933333333333,25,0,0,0,97|11.600|28.000|1|3.000
13257,220.95,25,0,0,0,97|11.600|27.750|1|3.000
13258,220.966666666667,25,0,0,0,97|11.600|27.500|1|3.000
13259,220.983333333333,25,0,0,0,97|11.200|27.250|1|3.000
13260,221,25,0,0,0,97|10.800|27.000|1|3.000
13261,221.016666666667,25,0,0,0,97|10.400|26.750|1|3.000
13262,221.033333333333,25,0,0,0,97|10.400|26.500|1|3.000
13263,221.05,25,0,0,0,97|10.400|26.250|1|3.000
13264,221.066666666667,25,0,0,0,97|10.000|26.000|1|3.000
13265,221.083333333333,25,0,0,0,97|10.000|25.750|1|3.000
13266,221.1,25,0,0,0,97|10.000|25.500|1|3.000
13267,221.116666666667,25,0,0,0,97|10.000|25.250|1|3.000
13268,221.133333333333,25,0,0,0,97|10.000|25.000|1|3.000
13269,221.15,25,0,0,0,97|10.000|24.750|1|3.000
13270,221.166666666667,25,0,0,0,97|10.000|24.500|1|3.000
13271,221.183333333333,25,0,0,0,97|10.000|24.250|1|3.000
13272,221.2,25,0,0,0,97|10.000|24.000|1|3.000
13273,221.216666666667,25,0,0,0,97|10.000|23.750|1|3.000
13274,221.233333333333,25,0,0,0,97|10.000|23.500|1|3.000
13275,221.25,25,0,0,0,97|10.000|23.250|1|3.000
13276,221.266666666667,25,0,0,0,97|9.600|23.000|1|3.000
13277,221.283333333333,25,0,0,0,97|9.600|22.750|1|3.000
13278,221.3,25,0,0,0,97|9.600|22.500|1|3.000
13279,221.316666666667,25,0,0,0,97|9.600|22.250|1|3.000
13280,221.333333333333,25,0,0,0,97|9.600|22.000|1|3.000
13281,221.35,25,0,0,0,97|9.600|21.750|1|3.000
13282,221.366666666667,25,0,0,0,97|9.200|21.500|1|3.000
13283,221.383333333333,25,0,0,0,97|9.200|21.250|1|3.000
13284,221.4,25,0,0,0,97|8.800|21.000|1|3.000
13285,221.416666666667,25,0,0,0,97|8.800|20.750|1|3.000
13286,221.433333333333,25,0,0,0,97|8.800|20.500|1|3.000
13287,221.45,25,0,0,0,97|8.800|20.250|1|3.000
13288,221.466666666667,25,0,0,0,97|8.400|20.000|1|3.000
13289,221.483333333333,25,0,0,0,97|8.400|19.750|1|3.000
13290,221.5,25,0,0,0,97|8.400|19.500|1|3.000
13291,221.516666666667,25,0,0,0,97|8.000|19.250|1|3.000
13292,221.533333333333,25,0,0,0,97|8.000|19.000|1|3.000
13293,221.55,25,0,0,0,97|8.000|18.750|1|3.000
13294,221.566666666667,25,0,0,0,97|7.600|18.500|1|3.000
13295,221.583333333333,25,0,0,0,97|7.600|18.250|1|3.000
13296,221.6,25,0,0,0,97|7.600|18.000|1|3.000
13297,221.616666666667,25,0,0,0,97|7.600|17.750|1|3.000
13298,221.633333333333,25,0,0,0,97|7.600|17.500|1|3.000
13299,221.65,25,0,0,0,97|7.600|17.250|1|3.000
13300,221.666666666667,25,0,0,0,97|7.600|17.000|1|3.000
13301,221.683333333333,25,0,0,0,97|7.600|16.750|1|3.000
13302,221.7,25,0,0,0,97|7.600|16.500|1|3.000
13303,221.716666666667,25,0,0,0,97|7.200|16.250|1|3.000
13304,221.733333333333,25,0,0,0,97|7.200|16.000|1|3.000
13305,221.75,25,0,0,0,97|6.800|15.750|1|3.000
13306,221.766666666667,25,0,0,0,97|6.400|15.500|1|3.000
13307,221.783333333333,25,0,0,0,97|6.400|15.250|1|3.000
13308,221.8,25,0,0,0,97|6.400|15.000|1|3.000
13309,221.816666666667,25,0,0,0,97|6.000|14.750|1|3.000
13310,221.833333333333,25,0,0,0,97|5.600|14.500|1|3.000
13311,221.85,25,0,0,0,97|5.600|14.250|1|3.000
13312,221.866666666667,25,0,0,0,97|5.600|14.000|1|3.000
13313,221.883333333333,25,0,0,0,97|5.600|13.750|1|3.000
13314,221.9,25,0,0,0,97|5.600|13.500|1|3.000
13315,221.916666666667,25,0,0,0,97|5.600|13.250|1|3.000
13316,221.933333333333,25,0,0,0,97|5.600|13.000|1|3.000
13317,221.95,25,0,0,0,97|5.600|12.750|1|3.000
13318,221.966666666667,25,0,0,0,97|5.600|12.500|1|3.000
13319,221.983333333333,25,0,0,0,97|5.200|12.250|1|3.000
13320,222,25,0,0,0,97|5.200|12.000|1|3.000
13321,222.016666666667,25,0,0,0,97|4.800|11.750|1|3.000
13322,222.033333333333,25,0,0,0,97|4.800|11.500|1|3.000
13323,222.05,25,0,0,0,97|4.400|11.250|1|3.000
13324,222.066666666667,25,0,0,0,97|4.000|11.000|1|3.000
13325,222.083333333333,25,0,0,0,97|4.000|10.750|1|3.000
13326,222.1,25,0,0,0,97|4.000|10.500|1|3.000
13327,222.116666666667,25,0,0,0,97|4.000|10.250|1|3.000
13328,222.133333333333,25,0,0,0,97|3.600|10.000|1|3.000
13329,222.15,25,0,0,0,97|3.200|9.750|1|3.000
13330,222.166666666667,25,0,0,0,97|3.200|9.500|1|3.000
13331,222.183333333333,25,0,0,0,97|3.200|9.250|1|3.000
13332,222.2,25,0,0,0,97|3.200|9.000|1|3.000
13333,222.216666666667,25,0,0,0,97|3.200|8.750|1|3.000
13334,222.233333333333,25,0,0,0,97|3.200|8.500|1|3.000
13335,222.25,25,0,0,0,97|3.200|8.250|1|3.000
13336,222.266666666667,25,0,0,0,97|3.200|8.000|1|3.000
13337,222.283333333333,25,0,0,0,97|2.800|7.750|1|3.000
13338,222.3,25,0,0,0,97|2.800|7.500|1|3.000
13339,222.316666666667,25,0,0,0,97|2.800|7.250|1|3.000
13340,222.333333333333,25,0,0,0,97|2.800|7.000|1|3.000
13341,222.35,25,0,0,0,97|2.400|6.750|1|3.000
13342,222.366666666667,25,0,0,0,97|2.400|6.500|1|3.000
13343,222.383333333333,25,0,0,0,97|2.400|6.250|1|3.000
13344,222.4,25,0,0,0,97|2.000|6.000|1|3.000
13345,222.416666666667,25,0,0,0,97|2.000|5.750|1|3.000
13346,222.433333333333,25,0,0,0,97|2.000|5.500|1|3.000
13347,222.45,25,0,0,0,97|2.000|5.250|1|3.000
13348,222.466666666667,25,0,0,0,97|2.000|5.000|1|3.000
13349,222.483333333333,25,0,0,0,97|2.000|4.750|1|3.000
13350,222.5,25,0,0,0,97|2.000|4.500|1|3.000
13351,222.516666666667,25,0,0,0,97|2.000|4.250|1|3.000
13352,222.533333333333,25,0,0,0,97|2.000|4.000|1|3.000
13353,222.55,25,0,0,0,97|2.000|3.750|1|3.000
13354,222.566666666667,25,0,0,0,97|2.000|3.500|1|3.000
13355,222.583333333333,25,0,0,0,97|2.000|3.250|1|3.000
13356,222.6,25,0,0,0,97|2.000|3.000|1|3.000
13357,222.616666666667,25,0,0,0,97|1.600|2.750|1|3.000
13358,222.633333333333,25,0,0,0,97|1.200|2.500|1|3.000
13359,222.65,25,0,0,0,97|1.200|2.250|1|3.000
13360,222.666666666667,25,0,0,0,97|0.800|2.000|1|3.000
13361,222.683333333333,25,0,0,0,97|0.800|1.750|1|3.000
13362,222.7,25,0,0,0,97|0.800|1.500|1|3.000
13363,222.716666666667,25,0,0,0,97|0.800|1.250|1|3.000
13364,222.733333333333,25,0,0,0,97|0.400|1.000|1|3.000
13365,222.75,25,0,0,0,97|0.400|0.750|1|3.000
13366,222.766666666667,25,0,0,0,97|-0.000|0.500|1|3.000
13367,222.783333333333,25,0,0,0,97|-0.000|0.250|1|3.000
13368,222.8,25,1,1.5,3,97|-0.000|0.000|1|3.000
13369,222.816666666667,0,0,0,0,
13370,222.833333333333,0,0,0,0,
13371,222.85,0,0,0,0,
13372,222.866666666667,0,0,0,0,
13373,222.883333333333,0,0,0,0,
13374,222.9,0,0,0,0,
13375,222.916666666667,0,0,0,0,
13376,222.933333333333,0,0,0,0,
13377,222.95,0,0,0,0,
13378,222.966666666667,0,0,0,0,
13379,222.983333333333,0,0,0,0,
13380,223,0,0,0,0,
13381,223.016666666667,0,0,0,0,
13382,223.033333333333,0,0,0,0,
13383,223.05,0,0,0,0,
13384,223.066666666667,0,0,0,0,
13385,223.083333333333,0,0,0,0,
13386,223.1,0,0,0,0,
13387,223.116666666667,25,0,0,0,98|5.950|29.750|1|1.500
13388,223.133333333333,25,0,0,0,98|5.900|29.500|1|1.500
13389,223.15,25,0,0,0,98|5.850|29.250|1|1.500
13390,223.166666666667,25,0,0,0,98|5.800|29.000|1|1.500
13391,223.183333333333,25,0,0,0,98|5.750|28.750|1|1.500
13392,223.2,25,0,0,0,98|5.700|28.500|1|1.500
13393,223.216666666667,25,0,0,0,98|5.650|28.250|1|1.500
13394,223.233333333333,25,0,0,0,98|5.600|28.000|1|1.500
13395,223.25,25,0,0,0,98|5.550|27.750|1|1.500
13396,223.266666666667,25,0,0,0,98|5.500|27.500|1|1.500
13397,223.283333333333,25,0,0,0,98|5.450|27.250|1|1.500
13398,223.3,25,0,0,0,98|5.400|27.000|1|1.500
13399,223.316666666667,25,0,0,0,98|5.350|26.750|1|1.500
13400,223.333333333333,25,0,0,0,98|5.300|26.500|1|1.500
13401,223.35,25,0,0,0,98|5.250|26.250|1|1.500
13402,223.366666666667,25,0,0,0,98|5.200|26.000|1|1.500
13403,223.383333333333,25,0,0,0,98|5.150|25.750|1|1.500
13404,223.4,25,0,0,0,98|5.100|25.500|1|1.500
13405,223.416666666667,25,0,0,0,98|5.050|25.250|1|1.500
13406,223.433333333333,25,0,0,0,98|5.000|25.000|1|1.500
13407,223.45,25,0,0,0,98|4.950|24.750|1|1.500
13408,223.466666666667,25,0,0,0,98|4.900|24.500|1|1.500
13409,223.483333333333,25,0,0,0,98|4.850|24.250|1|1.500
13410,223.5,25,0,0,0,98|4.800|24.000|1|1.500
13411,223.516666666667,25,0,0,0,98|4.750|23.750|1|1.500
13412,223.533333333333,25,0,0,0,98|4.700|23.500|1|1.500
13413,223.55,25,0,0,0,98|4.650|23.250|1|1.500
13414,223.566666666667,25,0,0,0,98|4.600|23.000|1|1.500
13415,223.583333333333,25,0,0,0,98|4.550|22.750|1|1.500
13416,223.6,25,0,0,0,98|4.500|22.500|1|1.500
13417,223.616666666667,25,0,0,0,98|4.450|22.250|1|1.500
13418,223.633333333333,25,0,0,0,98|4.400|22.000|1|1.500
13419,223.65,25,0,0,0,98|4.350|21.750|1|1.500
13420,223.666666666667,25,0,0,0,98|4.300|21.500|1|1.500
13421,223.683333333333,25,0,0,0,98|4.250|21.250|1|1.500
13422,223.7,25,0,0,0,98|4.200|21.000|1|1.500
13423,223.716666666667,25,0,0,0,98|4.150|20.750|1|1.500
13424,223.733333333333,25,0,0,0,98|4.100|20.500|1|1.500
13425,223.75,25,0,0,0,98|4.050|20.250|1|1.500
13426,223.766666666667,25,0,0,0,98|4.000|20.000|1|1.500
13427,223.783333333333,25,0,0,0,98|3.950|19.750|1|1.500
13428,223.8,25,0,0,0,98|3.900|19.500|1|1.500
13429,223.816666666667,25,0,0,0,98|3.850|19.250|1|1.500
13430,223.833333333333,25,0,0,0,98|3.800|19.000|1|1.500
13431,223.85,25,0,0,0,98|3.750|18.750|1|1.500
13432,223.866666666667,25,0,0,0,98|3.700|18.500|1|1.500
13433,223.883333333333,25,0,0,0,98|3.650|18.250|1|1.500
13434,223.9,25,0,0,0,98|3.600|18.000|1|1.500
13435,223.916666666667,25,0,0,0,98|3.550|17.750|1|1.500
13436,223.933333333333,25,0,0,0,98|3.500|17.500|1|1.500
13437,223.95,25,0,0,0,98|3.450|17.250|1|1.500
13438,223.966666666667,25,0,0,0,98|3.400|17.000|1|1.500
13439,223.983333333333,25,0,0,0,98|3.350|16.750|1|1.500
13440,224,25,0,0,0,98|3.300|16.500|1|1.500
13441,224.016666666667,25,0,0,0,98|3.250|16.250|1|1.500
13442,224.033333333333,25,0,0,0,98|3.200|16.000|1|1.500
13443,224.05,25,0,0,0,98|3.150|15.750|1|1.500
13444,224.066666666667,25,0,0,0,98|3.100|15.500|1|1.500
13445,224.083333333333,25,0,0,0,98|3.050|15.250|1|1.500
13446,224.1,25,0,0,0,98|3.000|15.000|1|1.500
13447,224.116666666667,25,0,0,0,98|2.950|14.750|1|1.500
13448,224.133333333333,25,0,0,0,98|2.900|14.500|1|1.500
13449,224.15,25,0,0,0,98|2.850|14.250|1|1.500
13450,224.166666666667,25,0,0,0,98|2.800|14.000|1|1.500
13451,224.183333333333,25,0,0,0,98|2.750|13.750|1|1.500
13452,224.2,25,0,0,0,98|2.700|13.500|1|1.500
13453,224.216666666667,25,0,0,0,98|2.650|13.250|1|1.500
13454,224.233333333333,25,0,0,0,98|2.600|13.000|1|1.500
13455,224.25,25,0,0,0,98|2.550|12.750|1|1.500
13456,224.266666666667,25,0,0,0,98|2.500|12.500|1|1.500
13457,224.283333333333,25,0,0,0,98|2.450|12.250|1|1.500
13458,224.3,25,0,0,0,98|2.400|12.000|1|1.500
13459,224.316666666667,25,0,0,0,98|2.350|11.750|1|1.500
13460,224.333333333333,25,0,0,0,98|2.300|11.500|1|1.500
13461,224.35,25,0,0,0,98|2.250|11.250|1|1.500
13462,224.366666666667,25,0,0,0,98|2.200|11.000|1|1.500
13463,224.383333333333,25,0,0,0,98|2.150|10.750|1|1.500
13464,224.4,25,0,0,0,98|2.100|10.500|1|1.500
13465,224.416666666667,25,0,0,0,98|2.050|10.250|1|1.500
13466,224.433333333333,25,0,0,0,98|2.000|10.000|1|1.500
13467,224.45,25,0,0,0,98|1.950|9.750|1|1.500
13468,224.466666666667,25,0,0,0,98|1.900|9.500|1|1.500
13469,224.483333333333,25,0,0,0,98|1.850|9.250|1|1.500
13470,224.5,25,0,0,0,98|1.800|9.000|1|1.500
13471,224.516666666667,25,0,0,0,98|1.750|8.750|1|1.500
13472,224.533333333333,25,0,0,0,98|1.700|8.500|1|1.500
13473,224.55,25,0,0,0,98|1.650|8.250|1|1.500
13474,224.566666666667,25,0,0,0,98|1.600|8.000|1|1.500
13475,224.583333333333,25,0,0,0,98|1.550|7.750|1|1.500
13476,224.6,25,0,0,0,98|1.500|7.500|1|1.500
13477,224.616666666667,25,0,0,0,98|1.450|7.250|1|1.500
13478,224.633333333333,25,0,0,0,98|1.400|7.000|1|1.500
13479,224.65,25,0,0,0,98|1.350|6.750|1|1.500
13480,224.666666666667,25,0,0,0,98|1.300|6.500|1|1.500
13481,224.683333333333,25,0,0,0,98|1.250|6.250|1|1.500
13482,224.7,25,0,0,0,98|1.200|6.000|1|1.500
13483,224.716666666667,25,0,0,0,98|1.150|5.750|1|1.500
13484,224.733333333333,25,0,0,0,98|1.100|5.500|1|1.500
13485,224.75,25,0,0,0,98|1.050|5.250|1|1.500
13486,224.766666666667,25,0,0,0,98|1.000|5.000|1|1.500
13487,224.783333333333,25,0,0,0,98|0.950|4.750|1|1.500
13488,224.8,25,0,0,0,98|0.900|4.500|1|1.500
13489,224.816666666667,25,0,0,0,98|0.850|4.250|1|1.500
13490,224.833333333333,25,0,0,0,98|0.800|4.000|1|1.500
13491,224.85,25,0,0,0,98|0.750|3.750|1|1.500
13492,224.866666666667,25,0,0,0,98|0.700|3.500|1|1.500
13493,224.883333333333,25,0,0,0,98|0.650|3.250|1|1.500
13494,224.9,25,0,0,0,98|0.600|3.000|1|1.500
13495,224.916666666667,25,0,0,0,98|0.550|2.750|1|1.500
13496,224.933333333333,25,0,0,0,98|0.500|2.500|1|1.500
13497,224.95,25,0,0,0,98|0.450|2.250|1|1.500
13498,224.966666666667,25,0,0,0,98|0.400|2.000|1|1.500
13499,224.983333333333,25,0,0,0,98|0.350|1.750|1|1.500
13500,225,25,0,0,0,98|0.300|1.500|1|1.500
13501,225.016666666667,25,0,0,0,98|0.250|1.250|1|1.500
13502,225.033333333333,25,0,0,0,98|0.200|1.000|1|1.500
13503,225.05,25,0,0,0,98|0.150|0.750|1|1.500
13504,225.066666666667,25,0,0,0,98|0.100|0.500|1|1.500
13505,225.083333333333,25,0,0,0,98|0.050|0.250|1|1.500
13506,225.1,25,1,1,1,98|0.000|0.000|1|1.500
13507,225.116666666667,0,0,0,0,
13508,225.133333333333,0,0,0,0,
13509,225.15,0,0,0,0,
13510,225.166666666667,0,0,0,0,
13511,225.183333333333,0,0,0,0,
13512,225.2,0,0,0,0,
13513,225.216666666667,0,0,0,0,
13514,225.233333333333,0,0,0,0,
13515,225.25,0,0,0,0,
13516,225.266666666667,0,0,0,0,
13517,225.283333333333,0,0,0,0,
13518,225.3,0,0,0,0,
13519,225.316666666667,0,0,0,0,
13520,225.333333333333,0,0,0,0,
13521,225.35,0,0,0,0,
13522,225.366666666667,0,0,0,0,
13523,225.383333333333,0,0,0,0,
13524,225.4,0,0,0,0,
13525,225.416666666667,25,0,0,0,99|15.000|29.750|1|1.500
13526,225.433333333333,25,0,0,0,99|15.000|29.500|1|1.500
13527,225.45,25,0,0,0,99|15.000|29.250|1|1.500
13528,225.466666666667,25,0,0,0,99|15.000|29.000|1|1.500
13529,225.483333333333,25,0,0,0,99|15.000|28.750|1|1.500
13530,225.5,25,0,0,0,99|15.000|28.500|1|1.500
13531,225.516666666667,25,0,0,0,99|15.000|28.250|1|1.500
13532,225.533333333333,25,0,0,0,99|15.000|28.000|1|1.500
13533,225.55,25,0,0,0,99|15.000|27.750|1|1.500
13534,225.566666666667,25,0,0,0,99|15.000|27.500|1|1.500
13535,225.583333333333,25,0,0,0,99|15.000|27.250|1|1.500
13536,225.6,25,0,0,0,99|15.000|27.000|1|1.500
13537,225.616666666667,25,0,0,0,99|15.000|26.750|1|1.500
13538,225.633333333333,25,0,0,0,99|15.000|26.500|1|1.500
13539,225.65,25,0,0,0,99|15.000|26.250|1|1.500
13540,225.666666666667,25,0,0,0,99|15.000|26.000|1|1.500
13541,225.683333333333,25,0,0,0,99|15.000|25.750|1|1.500
13542,225.7,25,0,0,0,99|15.000|25.500|1|1.500
13543,225.716666666667,25,0,0,0,99|15.000|25.250|1|1.500
13544,225.733333333333,25,0,0,0,99|15.000|25.000|1|1.500
13545,225.75,25,0,0,0,99|15.000|24.750|1|1.500
13546,225.766666666667,25,0,0,0,99|15.000|24.500|1|1.500
13547,225.783333333333,25,0,0,0,99|15.000|24.250|1|1.500
13548,225.8,25,0,0,0,99|15.000|24.000|1|1.500
13549,225.816666666667,25,0,0,0,99|15.000|23.750|1|1.500
13550,225.833333333333,25,0,0,0,99|15.000|23.500|1|1.500
13551,225.85,25,0,0,0,99|15.000|23.250|1|1.500
13552,225.866666666667,25,0,0,0,99|15.000|23.000|1|1.500
13553,225.883333333333,25,0,0,0,99|15.000|22.750|1|1.500
13554,225.9,25,0,0,0,99|15.000|22.500|1|1.500
13555,225.916666666667,25,0,0,0,99|15.000|22.250|1|1.500
13556,225.933333333333,25,0,0,0,99|15.000|22.000|1|1.500
13557,225.95,25,0,0,0,99|15.000|21.750|1|1.500
13558,225.966666666667,25,0,0,0,99|15.000|21.500|1|1.500
13559,225.983333333333,25,0,0,0,99|15.000|21.250|1|1.500
13560,226,25,0,0,0,99|15.000|21.000|1|1.500
13561,226.016666666667,25,0,0,0,99|15.000|20.750|1|1.500
13562,226.033333333333,25,0,0,0,99|15.000|20.500|1|1.500
13563,226.05,25,0,0,0,99|15.000|20.250|1|1.500
13564,226.066666666667,25,0,0,0,99|15.000|20.000|1|1.500
13565,226.083333333333,25,0,0,0,99|15.000|19.750|1|1.500
13566,226.1,25,0,0,0,99|15.000|19.500|1|1.500
13567,226.116666666667,25,0,0,0,99|15.000|19.250|1|1.500
13568,226.133333333333,25,0,0,0,99|15.000|19.000|1|1.500
13569,226.15,25,0,0,0,99|15.000|18.750|1|1.500
13570,226.166666666667,25,0,0,0,99|15.000|18.500|1|1.500
13571,226.183333333333,25,0,0,0,99|15.000|18.250|1|1.500
13572,226.2,25,0,0,0,99|15.000|18.000|1|1.500
13573,226.216666666667,25,0,0,0,99|15.000|17.750|1|1.500
13574,226.233333333333,25,0,0,0,99|15.000|17.500|1|1.500
13575,226.25,25,0,0,0,99|15.000|17.250|1|1.500
13576,226.266666666667,25,0,0,0,99|15.000|17.000|1|1.500
13577,226.283333333333,25,0,0,0,99|15.000|16.750|1|1.500
13578,226.3,25,0,0,0,99|15.000|16.500|1|1.500
13579,226.316666666667,25,0,0,0,99|15.000|16.250|1|1.500
13580,226.333333333333,25,0,0,0,99|15.000|16.000|1|1.500
13581,226.35,25,0,0,0,99|15.000|15.750|1|1.500
13582,226.366666666667,25,0,0,0,99|15.000|15.500|1|1.500
13583,226.383333333333,25,0,0,0,99|15.000|15.250|1|1.500
13584,226.4,25,0,0,0,99|15.000|15.000|1|1.500
13585,226.416666666667,25,0,0,0,99|15.000|14.750|1|1.500
13586,226.433333333333,25,0,0,0,99|15.000|14.500|1|1.500
13587,226.45,25,0,0,0,99|15.000|14.250|1|1.500
13588,226.466666666667,25,0,0,0,99|15.000|14.000|1|1.500
13589,226.483333333333,25,0,0,0,99|15.000|13.750|1|1.500
13590,226.5,25,0,0,0,99|15.000|13.500|1|1.500
13591,226.516666666667,25,0,0,0,99|15.000|13.250|1|1.500
13592,226.533333333333,25,0,0,0,99|15.000|13.000|1|1.500
13593,226.55,25,0,0,0,99|15.000|12.750|1|1.500
13594,226.566666666667,25,0,0,0,99|15.000|12.500|1|1.500
13595,226.583333333333,25,0,0,0,99|15.000|12.250|1|1.500
13596,226.6,25,0,0,0,99|15.000|12.000|1|1.500
13597,226.616666666667,25,0,0,0,99|15.000|11.750|1|1.500
13598,226.633333333333,25,0,0,0,99|15.000|11.500|1|1.500
13599,226.65,25,0,0,0,99|15.000|11.250|1|1.500
13600,226.666666666667,25,0,0,0,99|15.000|11.000|1|1.500
13601,226.683333333333,25,0,0,0,99|15.000|10.750|1|1.500
13602,226.7,25,0,0,0,99|15.000|10.500|1|1.500
13603,226.716666666667,25,0,0,0,99|15.000|10.250|1|1.500
13604,226.733333333333,25,0,0,0,99|15.000|10.000|1|1.500
13605,226.75,25,0,0,0,99|15.000|9.750|1|1.500
13606,226.766666666667,25,0,0,0,99|15.000|9.500|1|1.500
13607,226.783333333333,25,0,0,0,99|15.000|9.250|1|1.500
13608,226.8,25,0,0,0,99|15.000|9.000|1|1.500
13609,226.816666666667,25,0,0,0,99|15.000|8.750|1|1.500
13610,226.833333333333,25,0,0,0,99|15.000|8.500|1|1.500
13611,226.85,25,0,0,0,99|15.000|8.250|1|1.500
13612,226.866666666667,25,0,0,0,99|15.000|8.000|1|1.500
13613,226.883333333333,25,0,0,0,99|15.000|7.750|1|1.500
13614,226.9,25,0,0,0,99|15.000|7.500|1|1.500
13615,226.916666666667,25,0,0,0,99|15.000|7.250|1|1.500
13616,226.933333333333,25,0,0,0,99|15.000|7.000|1|1.500
13617,226.95,25,0,0,0,99|15.000|6.750|1|1.500
13618,226.966666666667,25,0,0,0,99|15.000|6.500|1|1.500
13619,226.983333333333,25,0,0,0,99|15.000|6.250|1|1.500
13620,227,25,0,0,0,99|15.000|6.000|1|1.500
13621,227.016666666667,25,0,0,0,99|15.000|5.750|1|1.500
13622,227.033333333333,25,0,0,0,99|15.000|5.500|1|1.500
13623,227.05,25,0,0,0,99|15.000|5.250|1|1.500
13624,227.066666666667,25,0,0,0,99|15.000|5.000|1|1.500
13625,227.083333333333,25,0,0,0,99|15.000|4.750|1|1.500
13626,227.1,25,0,0,0,99|15.000|4.500|1|1.500
13627,227.116666666667,25,0,0,0,99|15.000|4.250|1|1.500
13628,227.133333333333,25,0,0,0,99|15.000|4.000|1|1.500
13629,227.15,25,0,0,0,99|15.000|3.750|1|1.500
13630,227.166666666667,25,0,0,0,99|15.000|3.500|1|1.500
13631,227.183333333333,25,0,0,0,99|15.000|3.250|1|1.500
13632,227.2,25,0,0,0,99|15.000|3.000|1|1.500
13633,227.216666666667,25,0,0,0,99|15.000|2.750|1|1.500
13634,227.233333333333,25,0,0,0,99|15.000|2.500|1|1.500
13635,227.25,25,0,0,0,99|15.000|2.250|1|1.500
13636,227.266666666667,25,0,0,0,99|15.000|2.000|1|1.500
13637,227.283333333333,25,0,0,0,99|15.000|1.750|1|1.500
13638,227.3,25,0,0,0,99|15.000|1.500|1|1.500
13639,227.316666666667,25,0,0,0,99|15.000|1.250|1|1.500
13640,227.333333333333,25,0,0,0,99|15.000|1.000|1|1.500
13641,227.35,25,0,0,0,99|15.000|0.750|1|1.500
13642,227.366666666667,25,0,0,0,99|15.000|0.500|1|1.500
13643,227.383333333333,25,0,0,0,99|15.000|0.250|1|1.500
13644,227.4,25,0,1.5,0,99|15.000|0.000|1|1.500
13645,227.416666666667,0,0,0,0,
13646,227.433333333333,0,0,0,0,
13647,227.45,0,0,0,0,
13648,227.466666666667,0,0,0,0,
13649,227.483333333333,0,0,0,0,
13650,227.5,0,0,0,0,
13651,227.516666666667,0,0,0,0,
13652,227.533333333333,0,0,0,0,
13653,227.55,0,0,0,0,
13654,227.566666666667,0,0,0,0,
13655,227.583333333333,0,0,0,0,
13656,227.6,0,0,0,0,
13657,227.616666666667,0,0,0,0,
13658,227.633333333333,0,0,0,0,
13659,227.65,0,0,0,0,
13660,227.666666666667,0,0,0,0,
13661,227.683333333333,0,0,0,0,
13662,227.7,0,0,0,0,
13663,227.716666666667,25,0,0,0,100|-12.000|29.750|1|3.000
13664,227.733333333333,25,0,0,0,100|-12.000|29.500|1|3.000
13665,227.75,25,0,0,0,100|-12.000|29.250|1|3.000
13666,227.766666666667,25,0,0,0,100|-12.000|29.000|1|3.000
13667,227.783333333333,25,0,0,0,100|-12.000|28.750|1|3.000
13668,227.8,25,0,0,0,100|-12.000|28.500|1|3.000
13669,227.816666666667,25,0,0,0,100|-12.000|28.250|1|3.000
13670,227.833333333333,25,0,0,0,100|-12.000|28.000|1|3.000
13671,227.85,25,0,0,0,100|-12.000|27.750|1|3.000
13672,227.866666666667,25,0,0,0,100|-12.000|27.500|1|3.000
13673,227.883333333333,25,0,0,0,100|-12.000|27.250|1|3.000
13674,227.9,25,0,0,0,100|-12.000|27.000|1|3.000
13675,227.916666666667,25,0,0,0,100|-12.000|26.750|1|3.000
13676,227.933333333333,25,0,0,0,100|-12.000|26.500|1|3.000
13677,227.95,25,0,0,0,100|-12.000|26.250|1|3.000
13678,227.966666666667,25,0,0,0,100|-12.000|26.000|1|3.000
13679,227.983333333333,25,0,0,0,100|-12.000|25.750|1|3.000
13680,228,25,0,0,0,100|-12.000|25.500|1|3.000
13681,228.016666666667,25,0,0,0,100|-12.000|25.250|1|3.000
13682,228.033333333333,25,0,0,0,100|-12.000|25.000|1|3.000
13683,228.05,25,0,0,0,100|-12.000|24.750|1|3.000
13684,228.066666666667,25,0,0,0,100|-12.000|24.500|1|3.000
13685,228.083333333333,25,0,0,0,100|-12.000|24.250|1|3.000
13686,228.1,25,0,0,0,100|-12.000|24.000|1|3.000
13687,228.116666666667,25,0,0,0,100|-12.000|23.750|1|3.000
13688,228.133333333333,25,0,0,0,100|-12.000|23.500|1|3.000
13689,228.15,25,0,0,0,100|-12.000|23.250|1|3.000
13690,228.166666666667,25,0,0,0,100|-12.000|23.000|1|3.000
13691,228.183333333333,25,0,0,0,100|-12.000|22.750|1|3.000
13692,228.2,25,0,0,0,100|-12.000|22.500|1|3.000
13693,228.216666666667,25,0,0,0,100|-12.000|22.250|1|3.000
13694,228.233333333333,25,0,0,0,100|-12.000|22.000|1|3.000
13695,228.25,25,0,0,0,100|-12.000|21.750|1|3.000
13696,228.266666666667,25,0,0,0,100|-12.000|21.500|1|3.000
13697,228.283333333333,25,0,0,0,100|-12.000|21.250|1|3.000
13698,228.3,25,0,0,0,100|-12.000|21.000|1|3.000
13699,228.316666666667,25,0,0,0,100|-12.000|20.750|1|3.000
13700,228.333333333333,25,0,0,0,100|-12.000|20.500|1|3.000
13701,228.35,25,0,0,0,100|-12.000|20.250|1|3.000
13702,228.366666666667,25,0,0,0,100|-12.000|20.000|1|3.000
13703,228.383333333333,25,0,0,0,100|-12.000|19.750|1|3.000
13704,228.4,25,0,0,0,100|-12.000|19.500|1|3.000
13705,228.416666666667,25,0,0,0,100|-12.000|19.250|1|3.000
13706,228.433333333333,25,0,0,0,100|-12.000|19.000|1|3.000
13707,228.45,25,0,0,0,100|-12.000|18.750|1|3.000
13708,228.466666666667,25,0,0,0,100|-12.000|18.500|1|3.000
13709,228.483333333333,25,0,0,0,100|-12.000|18.250|1|3.000
13710,228.5,25,0,0,0,100|-12.000|18.000|1|3.000
13711,228.516666666667,25,0,0,0,100|-12.000|17.750|1|3.000
13712,228.533333333333,25,0,0,0,100|-12.000|17.500|1|3.000
13713,228.55,25,0,0,0,100|-12.000|17.250|1|3.000
13714,228.566666666667,25,0,0,0,100|-12.000|17.000|1|3.000
13715,228.583333333333,25,0,0,0,100|-12.000|16.750|1|3.000
13716,228.6,25,0,0,0,100|-12.000|16.500|1|3.000
13717,228.616666666667,25,0,0,0,100|-12.000|16.250|1|3.000
13718,228.633333333333,25,0,0,0,100|-12.000|16.000|1|3.000
13719,228.65,25,0,0,0,100|-12.000|15.750|1|3.000
13720,228.666666666667,25,0,0,0,100|-12.000|15.500|1|3.000
13721,228.683333333333,25,0,0,0,100|-12.000|15.250|1|3.000
13722,228.7,25,0,0,0,100|-12.000|15.000|1|3.000
13723,228.716666666667,25,0,0,0,100|-12.000|14.750|1|3.000
13724,228.733333333333,25,0,0,0,100|-12.000|14.500|1|3.000
13725,228.75,25,0,0,0,100|-12.000|14.250|1|3.000
13726,228.766666666667,25,0,0,0,100|-12.000|14.000|1|3.000
13727,228.783333333333,25,0,0,0,100|-12.000|13.750|1|3.000
13728,228.8,25,0,0,0,100|-12.000|13.500|1|3.000
13729,228.816666666667,25,0,0,0,100|-12.000|13.250|1|3.000
13730,228.833333333333,25,0,0,0,100|-12.000|13.000|1|3.000
13731,228.85,25,0,0,0,100|-12.000|12.750|1|3.000
13732,228.866666666667,25,0,0,0,100|-12.000|12.500|1|3.000
13733,228.883333333333,25,0,0,0,100|-12.000|12.250|1|3.000
13734,228.9,25,0,0,0,100|-12.000|12.000|1|3.000
13735,228.916666666667,25,0,0,0,100|-12.000|11.750|1|3.000
13736,228.933333333333,25,0,0,0,100|-12.000|11.500|1|3.000
13737,228.95,25,0,0,0,100|-12.000|11.250|1|3.000
13738,228.966666666667,25,0,0,0,100|-12.000|11.000|1|3.000
13739,228.983333333333,25,0,0,0,100|-12.000|10.750|1|3.000
13740,229,25,0,0,0,100|-12.000|10.500|1|3.000
13741,229.016666666667,25,0,0,0,100|-12.000|10.250|1|3.000
13742,229.033333333333,25,0,0,0,100|-12.000|10.000|1|3.000
13743,229.05,25,0,0,0,100|-12.000|9.750|1|3.000
13744,229.066666666667,25,0,0,0,100|-12.000|9.500|1|3.000
13745,229.083333333333,25,0,0,0,100|-12.000|9.250|1|3.000
13746,229.1,25,0,0,0,100|-12.000|9.000|1|3.000
13747,229.116666666667,25,0,0,0,100|-12.000|8.750|1|3.000
13748,229.133333333333,25,0,0,0,100|-12.000|8.500|1|3.000
13749,229.15,25,0,0,0,100|-12.000|8.250|1|3.000
13750,229.166666666667,25,0,0,0,100|-12.000|8.000|1|3.000
13751,229.183333333333,25,0,0,0,100|-12.000|7.750|1|3.000
13752,229.2,25,0,0,0,100|-12.000|7.500|1|3.000
13753,229.216666666667,25,0,0,0,100|-12.000|7.250|1|3.000
13754,229.233333333333,25,0,0,0,100|-12.000|7.000|1|3.000
13755,229.25,25,0,0,0,100|-12.000|6.750|1|3.000
13756,229.266666666667,25,0,0,0,100|-12.000|6.500|1|3.000
13757,229.283333333333,25,0,0,0,100|-12.000|6.250|1|3.000
13758,229.3,25,0,0,0,100|-12.000|6.000|1|3.000
13759,229.316666666667,25,0,0,0,100|-12.000|5.750|1|3.000
13760,229.333333333333,25,0,0,0,100|-12.000|5.500|1|3.000
13761,229.35,25,0,0,0,100|-12.000|5.250|1|3.000
13762,229.366666666667,25,0,0,0,100|-12.000|5.000|1|3.000
13763,229.383333333333,25,0,0,0,100|-12.000|4.750|1|3.000
13764,229.4,25,0,0,0,100|-12.000|4.500|1|3.000
13765,229.416666666667,25,0,0,0,100|-12.000|4.250|1|3.000
13766,229.433333333333,25,0,0,0,100|-12.000|4.000|1|3.000
13767,229.45,25,0,0,0,100|-12.000|3.750|1|3.000
13768,229.466666666667,25,0,0,0,100|-12.000|3.500|1|3.000
13769,229.483333333333,25,0,0,0,100|-12.000|3.250|1|3.000
13770,229.5,25,0,0,0,100|-12.000|3.000|1|3.000
13771,229.516666666667,25,0,0,0,100|-12.000|2.750|1|3.000
13772,229.533333333333,25,0,0,0,100|-12.000|2.500|1|3.000
13773,229.55,25,0,0,0,100|-12.000|2.250|1|3.000
13774,229.566666666667,25,0,0,0,100|-12.000|2.000|1|3.000
13775,229.583333333333,25,0,0,0,100|-12.000|1.750|1|3.000
13776,229.6,25,0,0,0,100|-12.000|1.500|1|3.000
13777,229.616666666667,25,0,0,0,100|-12.000|1.250|1|3.000
13778,229.633333333333,25,0,0,0,100|-12.000|1.000|1|3.000
13779,229.65,25,0,0,0,100|-12.000|0.750|1|3.000
13780,229.666666666667,25,0,0,0,100|-12.000|0.500|1|3.000
13781,229.683333333333,25,0,0,0,100|-12.000|0.250|1|3.000
13782,229.7,25,0,1.5,0,100|-12.000|0.000|1|3.000
13783,229.716666666667,0,0,0,0,
13784,229.733333333333,0,0,0,0,
13785,229.75,0,0,0,0,
13786,229.766666666667,0,0,0,0,
13787,229.783333333333,0,0,0,0,
13788,229.8,0,0,0,0,
13789,229.816666666667,0,0,0,0,
13790,229.833333333333,0,0,0,0,
13791,229.85,0,0,0,0,
13792,229.866666666667,0,0,0,0,
13793,229.883333333333,0,0,0,0,
13794,229.9,0,0,0,0,
13795,229.916666666667,0,0,0,0,
13796,229.933333333333,0,0,0,0,
13797,229.95,0,0,0,0,
13798,229.966666666667,0,0,0,0,
13799,229.983333333333,0,0,0,0,
13800,230,0,0,0,0,
13801,230.016666666667,25,0,0,0,101|15.000|29.750|1|3.000
13802,230.033333333333,25,0,0,0,101|15.000|29.500|1|3.000
13803,230.05,25,0,0,0,101|15.000|29.250|1|3.000
13804,230.066666666667,25,0,0,0,101|15.000|29.000|1|3.000
13805,230.083333333333,25,0,0,0,101|15.000|28.750|1|3.000
13806,230.1,25,0,0,0,101|15.000|28.500|1|3.000
13807,230.116666666667,25,0,0,0,101|15.000|28.250|1|3.000
13808,230.133333333333,25,0,0,0,101|15.000|28.000|1|3.000
13809,230.15,25,0,0,0,101|15.000|27.750|1|3.000
13810,230.166666666667,25,0,0,0,101|15.000|27.500|1|3.000
13811,230.183333333333,25,0,0,0,101|15.000|27.250|1|3.000
13812,230.2,25,0,0,0,101|15.000|27.000|1|3.000
13813,230.216666666667,25,0,0,0,101|15.000|26.750|1|3.000
13814,230.233333333333,25,0,0,0,101|15.000|26.500|1|3.000
13815,230.25,25,0,0,0,101|15.000|26.250|1|3.000
13816,230.266666666667,25,0,0,0,101|15.000|26.000|1|3.000
13817,230.283333333333,25,0,0,0,101|15.000|25.750|1|3.000
13818,230.3,25,0,0,0,101|15.000|25.500|1|3.000
13819,230.316666666667,25,0,0,0,101|15.000|25.250|1|3.000
13820,230.333333333333,25,0,0,0,101|15.000|25.000|1|3.000
13821,230.35,25,0,0,0,101|15.000|24.750|1|3.000
13822,230.366666666667,25,0,0,0,101|15.000|24.500|1|3.000
13823,230.383333333333,25,0,0,0,101|15.000|24.250|1|3.000
13824,230.4,25,0,0,0,101|15.000|24.000|1|3.000
13825,230.416666666667,25,0,0,0,101|15.000|23.750|1|3.000
13826,230.433333333333,25,0,0,0,101|15.000|23.500|1|3.000
13827,230.45,25,0,0,0,101|15.000|23.250|1|3.000
13828,230.466666666667,25,0,0,0,101|15.000|23.000|1|3.000
13829,230.483333333333,25,0,0,0,101|15.000|22.750|1|3.000
13830,230.5,25,0,0,0,101|15.000|22.500|1|3.000
13831,230.516666666667,25,0,0,0,101|15.000|22.250|1|3.000
13832,230.533333333333,25,0,0,0,101|15.000|22.000|1|3.000
13833,230.55,25,0,0,0,101|15.000|21.750|1|3.000
13834,230.566666666667,25,0,0,0,101|15.000|21.500|1|3.000
13835,230.583333333333,25,0,0,0,101|15.000|21.250|1|3.000
13836,230.6,25,0,0,0,101|15.000|21.000|1|3.000
13837,230.616666666667,25,0,0,0,101|15.000|20.750|1|3.000
13838,230.633333333333,25,0,0,0,101|15.000|20.500|1|3.000
13839,230.65,25,0,0,0,101|15.000|20.250|1|3.000
13840,230.666666666667,25,0,0,0,101|15.000|20.000|1|3.000
13841,230.683333333333,25,0,0,0,101|15.000|19.750|1|3.000
13842,230.7,25,0,0,0,101|15.000|19.500|1|3.000
13843,230.716666666667,25,0,0,0,101|15.000|19.250|1|3.000
13844,230.733333333333,25,0,0,0,101|15.000|19.000|1|3.000
13845,230.75,25,0,0,0,101|15.000|18.750|1|3.000
13846,230.766666666667,25,0,0,0,101|15.000|18.500|1|3.000
13847,230.783333333333,25,0,0,0,101|15.000|18.250|1|3.000
13848,230.8,25,0,0,0,101|15.000|18.000|1|3.000
13849,230.816666666667,25,0,0,0,101|15.000|17.750|1|3.000
13850,230.833333333333,25,0,0,0,101|15.000|17.500|1|3.000
13851,230.85,25,0,0,0,101|15.000|17.250|1|3.000
13852,230.866666666667,25,0,0,0,101|15.000|17.000|1|3.000
13853,230.883333333333,25,0,0,0,101|15.000|16.750|1|3.000
13854,230.9,25,0,0,0,101|15.000|16.500|1|3.000
13855,230.916666666667,25,0,0,0,101|15.000|16.250|1|3.000
13856,230.933333333333,25,0,0,0,101|15.000|16.000|1|3.000
13857,230.95,25,0,0,0,101|15.000|15.750|1|3.000
13858,230.966666666667,25,0,0,0,101|15.000|15.500|1|3.000
13859,230.983333333333,25,0,0,0,101|15.000|15.250|1|3.000
13860,231,25,0,0,0,101|15.000|15.000|1|3.000
13861,231.016666666667,25,0,0,0,101|15.000|14.750|1|3.000
13862,231.033333333333,25,0,0,0,101|15.000|14.500|1|3.000
13863,231.05,25,0,0,0,101|15.000|14.250|1|3.000
13864,231.066666666667,25,0,0,0,101|15.000|14.000|1|3.000
13865,231.083333333333,25,0,0,0,101|15.000|13.750|1|3.000
13866,231.1,25,0,0,0,101|15.000|13.500|1|3.000
13867,231.116666666667,25,0,0,0,101|15.000|13.250|1|3.000
13868,231.133333333333,25,0,0,0,101|15.000|13.000|1|3.000
13869,231.15,25,0,0,0,101|15.000|12.750|1|3.000
13870,231.166666666667,25,0,0,0,101|15.000|12.500|1|3.000
13871,231.183333333333,25,0,0,0,101|15.000|12.250|1|3.000
13872,231.2,25,0,0,0,101|15.000|12.000|1|3.000
13873,231.216666666667,25,0,0,0,101|15.000|11.750|1|3.000
13874,231.233333333333,25,0,0,0,101|15.000|11.500|1|3.000
13875,231.25,25,0,0,0,101|15.000|11.250|1|3.000
13876,231.266666666667,25,0,0,0,101|15.000|11.000|1|3.000
13877,231.283333333333,25,0,0,0,101|15.000|10.750|1|3.000
13878,231.3,25,0,0,0,101|15.000|10.500|1|3.000
13879,231.316666666667,25,0,0,0,101|15.000|10.250|1|3.000
13880,231.333333333333,25,0,0,0,101|15.000|10.000|1|3.000
13881,231.35,25,0,0,0,101|15.000|9.750|1|3.000
13882,231.366666666667,25,0,0,0,101|15.000|9.500|1|3.000
13883,231.383333333333,25,0,0,0,101|15.000|9.250|1|3.000
13884,231.4,25,0,0,0,101|15.000|9.000|1|3.000
13885,231.416666666667,25,0,0,0,101|15.000|8.750|1|3.000
13886,231.433333333333,25,0,0,0,101|15.000|8.500|1|3.000
13887,231.45,25,0,0,0,101|15.000|8.250|1|3.000
13888,231.466666666667,25,0,0,0,101|15.000|8.000|1|3.000
13889,231.483333333333,25,0,0,0,101|15.000|7.750|1|3.000
13890,231.5,25,0,0,0,101|15.000|7.500|1|3.000
13891,231.516666666667,25,0,0,0,101|15.000|7.250|1|3.000
13892,231.533333333333,25,0,0,0,101|15.000|7.000|1|3.000
13893,231.55,25,0,0,0,101|15.000|6.750|1|3.000
13894,231.566666666667,25,0,0,0,101|15.000|6.500|1|3.000
13895,231.583333333333,25,0,0,0,101|15.000|6.250|1|3.000
13896,231.6,25,0,0,0,101|15.000|6.000|1|3.000
13897,231.616666666667,25,0,0,0,101|15.000|5.750|1|3.000
13898,231.633333333333,25,0,0,0,101|15.000|5.500|1|3.000
13899,231.65,25,0,0,0,101|15.000|5.250|1|3.000
13900,231.666666666667,25,0,0,0,101|15.000|5.000|1|3.000
13901,231.683333333333,25,0,0,0,101|15.000|4.750|1|3.000
13902,231.7,25,0,0,0,101|15.000|4.500|1|3.000
13903,231.716666666667,25,0,0,0,101|15.000|4.250|1|3.000
13904,231.733333333333,25,0,0,0,101|15.000|4.000|1|3.000
13905,231.75,25,0,0,0,101|15.000|3.750|1|3.000
13906,231.766666666667,25,0,0,0,101|15.000|3.500|1|3.000
13907,231.783333333333,25,0,0,0,101|15.000|3.250|1|3.000
13908,231.8,25,0,0,0,101|15.000|3.000|1|3.000
13909,231.816666666667,25,0,0,0,101|15.000|2.750|1|3.000
13910,231.833333333333,25,0,0,0,101|15.000|2.500|1|3.000
13911,231.85,25,0,0,0,101|15.000|2.250|1|3.000
13912,231.866666666667,25,0,0,0,101|15.000|2.000|1|3.000
13913,231.883333333333,25,0,0,0,101|15.000|1.750|1|3.000
13914,231.9,25,0,0,0,101|15.000|1.500|1|3.000
13915,231.916666666667,25,0,0,0,101|15.000|1.250|1|3.000
13916,231.933333333333,25,0,0,0,101|15.000|1.000|1|3.000
13917,231.95,25,0,0,0,101|15.000|0.750|1|3.000
13918,231.966666666667,25,0,0,0,101|15.000|0.500|1|3.000
13919,231.983333333333,25,0,0,0,101|15.000|0.250|1|3.000
13920,232,25,0,1.5,0,101|15.000|0.000|1|3.000
13921,232.016666666667,0,0,0,0,
13922,232.033333333333,0,0,0,0,
13923,232.05,0,0,0,0,
13924,232.066666666667,0,0,0,0,
13925,232.083333333333,0,0,0,0,
13926,232.1,0,0,0,0,
13927,232.116666666667,0,0,0,0,
13928,232.133333333333,0,0,0,0,
13929,232.15,0,0,0,0,
13930,232.166666666667,0,0,0,0,
13931,232.183333333333,0,0,0,0,
13932,232.2,0,0,0,0,
13933,232.216666666667,0,0,0,0,
13934,232.233333333333,0,0,0,0,
13935,232.25,0,0,0,0,
13936,232.266666666667,0,0,0,0,
13937,232.283333333333,0,0,0,0,
13938,232.3,0,0,0,0,
13939,232.316666666667,25,0,0,0,102|15.000|29.750|1|3.000
13940,232.333333333333,25,0,0,0,102|15.000|29.500|1|3.000
13941,232.35,25,0,0,0,102|15.000|29.250|1|3.000
13942,232.366666666667,25,0,0,0,102|15.000|29.000|1|3.000
13943,232.383333333333,25,0,0,0,102|15.000|28.750|1|3.000
13944,232.4,25,0,0,0,102|15.000|28.500|1|3.000
13945,232.416666666667,25,0,0,0,102|15.000|28.250|1|3.000
13946,232.433333333333,25,0,0,0,102|15.000|28.000|1|3.000
13947,232.45,25,0,0,0,102|15.000|27.750|1|3.000
13948,232.466666666667,25,0,0,0,102|15.000|27.500|1|3.000
13949,232.483333333333,25,0,0,0,102|13.750|27.250|1|3.000
13950,232.5,25,0,0,0,102|13.750|27.000|1|3.000
13951,232.516666666667,25,0,0,0,102|13.750|26.750|1|3.000
13952,232.533333333333,25,0,0,0,102|12.500|26.500|1|3.000
13953,232.55,25,0,0,0,102|12.500|26.250|1|3.000
13954,232.566666666667,25,0,0,0,102|12.500|26.000|1|3.000
13955,232.583333333333,25,0,0,0,102|12.500|25.750|1|3.000
13956,232.6,25,0,0,0,102|12.500|25.500|1|3.000
13957,232.616666666667,25,0,0,0,102|12.500|25.250|1|3.000
13958,232.633333333333,25,0,0,0,102|12.500|25.000|1|3.000
13959,232.65,25,0,0,0,102|12.500|24.750|1|3.000
13960,232.666666666667,25,0,0,0,102|12.500|24.500|1|3.000
13961,232.683333333333,25,0,0,0,102|12.500|24.250|1|3.000
13962,232.7,25,0,0,0,102|12.500|24.000|1|3.000
13963,232.716666666667,25,0,0,0,102|12.500|23.750|1|3.000
13964,232.733333333333,25,0,0,0,102|12.500|23.500|1|3.000
13965,232.75,25,0,0,0,102|12.500|23.250|1|3.000
13966,232.766666666667,25,0,0,0,102|12.500|23.000|1|3.000
13967,232.783333333333,25,0,0,0,102|12.500|22.750|1|3.000
13968,232.8,25,0,0,0,102|12.500|22.500|1|3.000
13969,232.816666666667,25,0,0,0,102|12.500|22.250|1|3.000
13970,232.833333333333,25,0,0,0,102|12.500|22.000|1|3.000
13971,232.85,25,0,0,0,102|12.500|21.750|1|3.000
13972,232.866666666667,25,0,0,0,102|12.500|21.500|1|3.000
13973,232.883333333333,25,0,0,0,102|11.250|21.250|1|3.000
13974,232.9,25,0,0,0,102|11.250|21.000|1|3.000
13975,232.916666666667,25,0,0,0,102|11.250|20.750|1|3.000
13976,232.933333333333,25,0,0,0,102|11.250|20.500|1|3.000
13977,232.95,25,0,0,0,102|11.250|20.250|1|3.000
13978,232.966666666667,25,0,0,0,102|10.000|20.000|1|3.000
13979,232.983333333333,25,0,0,0,102|10.000|19.750|1|3.000
13980,233,25,0,0,0,102|10.000|19.500|1|3.000
13981,233.016666666667,25,0,0,0,102|10.000|19.250|1|3.000
13982,233.033333333333,25,0,0,0,102|10.000|19.000|1|3.000
13983,233.05,25,0,0,0,102|10.000|18.750|1|3.000
13984,233.066666666667,25,0,0,0,102|8.750|18.500|1|3.000
13985,233.083333333333,25,0,0,0,102|8.750|18.250|1|3.000
13986,233.1,25,0,0,0,102|8.750|18.000|1|3.000
13987,233.116666666667,25,0,0,0,102|8.750|17.750|1|3.000
13988,233.133333333333,25,0,0,0,102|8.750|17.500|1|3.000
13989,233.15,25,0,0,0,102|8.750|17.250|1|3.000
13990,233.166666666667,25,0,0,0,102|7.500|17.000|1|3.000
13991,233.183333333333,25,0,0,0,102|7.500|16.750|1|3.000
13992,233.2,25,0,0,0,102|7.500|16.500|1|3.000
13993,233.216666666667,25,0,0,0,102|7.500|16.250|1|3.000
13994,233.233333333333,25,0,0,0,102|7.500|16.000|1|3.000
13995,233.25,25,0,0,0,102|7.500|15.750|1|3.000
13996,233.266666666667,25,0,0,0,102|7.500|15.500|1|3.000
13997,233.283333333333,25,0,0,0,102|7.500|15.250|1|3.000
13998,233.3,25,0,0,0,102|6.250|15.000|1|3.000
13999,233.316666666667,25,0,0,0,102|5.000|14.750|1|3.000
14000,233.333333333333,25,0,0,0,102|5.000|14.500|1|3.000
14001,233.35,25,0,0,0,102|5.000|14.250|1|3.000
14002,233.366666666667,25,0,0,0,102|5.000|14.000|1|3.000
14003,233.383333333333,25,0,0,0,102|5.000|13.750|1|3.000
14004,233.4,25,0,0,0,102|5.000|13.500|1|3.000
14005,233.416666666667,25,0,0,0,102|5.000|13.250|1|3.000
14006,233.433333333333,25,0,0,0,102|5.000|13.000|1|3.000
14007,233.45,25,0,0,0,102|5.000|12.750|1|3.000
14008,233.466666666667,25,0,0,0,102|5.000|12.500|1|3.000
14009,233.483333333333,25,0,0,0,102|5.000|12.250|1|3.000
14010,233.5,25,0,0,0,102|5.000|12.000|1|3.000
14011,233.516666666667,25,0,0,0,102|5.000|11.750|1|3.000
14012,233.533333333333,25,0,0,0,102|5.000|11.500|1|3.000
14013,233.55,25,0,0,0,102|5.000|11.250|1|3.000
14014,233.566666666667,25,0,0,0,102|5.000|11.000|1|3.000
14015,233.583333333333,25,0,0,0,102|5.000|10.750|1|3.000
14016,233.6,25,0,0,0,102|5.000|10.500|1|3.000
14017,233.616666666667,25,0,0,0,102|5.000|10.250|1|3.000
14018,233.633333333333,25,0,0,0,102|5.000|10.000|1|3.000
14019,233.65,25,0,0,0,102|5.000|9.750|1|3.000
14020,233.666666666667,25,0,0,0,102|5.000|9.500|1|3.000
14021,233.683333333333,25,0,0,0,102|5.000|9.250|1|3.000
14022,233.7,25,0,0,0,102|5.000|9.000|1|3.000
14023,233.716666666667,25,0,0,0,102|5.000|8.750|1|3.000
14024,233.733333333333,25,0,0,0,102|5.000|8.500|1|3.000
14025,233.75,25,0,0,0,102|3.750|8.250|1|3.000
14026,233.766666666667,25,0,0,0,102|3.750|8.000|1|3.000
14027,233.783333333333,25,0,0,0,102|3.750|7.750|1|3.000
14028,233.8,25,0,0,0,102|3.750|7.500|1|3.000
14029,233.816666666667,25,0,0,0,102|2.500|7.250|1|3.000
14030,233.833333333333,25,0,0,0,102|2.500|7.000|1|3.000
14031,233.85,25,0,0,0,102|2.500|6.750|1|3.000
14032,233.866666666667,25,0,0,0,102|2.500|6.500|1|3.000
14033,233.883333333333,25,0,0,0,102|2.500|6.250|1|3.000
14034,233.9,25,0,0,0,102|2.500|6.000|1|3.000
14035,233.916666666667,25,0,0,0,102|2.500|5.750|1|3.000
14036,233.933333333333,25,0,0,0,102|2.500|5.500|1|3.000
14037,233.95,25,0,0,0,102|2.500|5.250|1|3.000
14038,233.966666666667,25,0,0,0,102|2.500|5.000|1|3.000
14039,233.983333333333,25,0,0,0,102|2.500|4.750|1|3.000
14040,234,25,0,0,0,102|2.500|4.500|1|3.000
14041,234.016666666667,25,0,0,0,102|2.500|4.250|1|3.000
14042,234.033333333333,25,0,0,0,102|2.500|4.000|1|3.000
14043,234.05,25,0,0,0,102|2.500|3.750|1|3.000
14044,234.066666666667,25,0,0,0,102|2.500|3.500|1|3.000
14045,234.083333333333,25,0,0,0,102|2.500|3.250|1|3.000
14046,234.1,25,0,0,0,102|2.500|3.000|1|3.000
14047,234.116666666667,25,0,0,0,102|2.500|2.750|1|3.000
14048,234.133333333333,25,0,0,0,102|2.500|2.500|1|3.000
14049,234.15,25,0,0,0,102|2.500|2.250|1|3.000
14050,234.166666666667,25,0,0,0,102|2.500|2.000|1|3.000
14051,234.183333333333,25,0,0,0,102|2.500|1.750|1|3.000
14052,234.2,25,0,0,0,102|1.250|1.500|1|3.000
14053,234.216666666667,25,0,0,0,102|1.250|1.250|1|3.000
14054,234.233333333333,25,0,0,0,102|0.000|1.000|1|3.000
14055,234.25,25,0,0,0,102|0.000|0.750|1|3.000
14056,234.266666666667,25,0,0,0,102|0.000|0.500|1|3.000
14057,234.283333333333,25,0,0,0,102|0.000|0.250|1|3.000
14058,234.3,25,1,1.5,4,102|0.000|0.000|1|3.000
14059,234.316666666667,0,0,0,0,
14060,234.333333333333,0,0,0,0,
14061,234.35,0,0,0,0,
14062,234.366666666667,0,0,0,0,
14063,234.383333333333,0,0,0,0,
14064,234.4,0,0,0,0,
14065,234.416666666667,0,0,0,0,
14066,234.433333333333,0,0,0,0,
14067,234.45,0,0,0,0,
14068,234.466666666667,0,0,0,0,
14069,234.483333333333,0,0,0,0,
14070,234.5,0,0,0,0,
14071,234.516666666667,0,0,0,0,
14072,234.533333333333,0,0,0,0,
14073,234.55,0,0,0,0,
14074,234.566666666667,0,0,0,0,
14075,234.583333333333,0,0,0,0,
14076,234.6,0,0,0,0,
14077,234.616666666667,25,0,0,0,103|-11.800|29.750|1|1.500
14078,234.633333333333,25,0,0,0,103|-11.600|29.500|1|1.500
14079,234.65,25,0,0,0,103|-11.400|29.250|1|1.500
14080,234.666666666667,25,0,0,0,103|-11.200|29.000|1|1.500
14081,234.683333333333,25,0,0,0,103|-11.200|28.750|1|1.500
14082,234.7,25,0,0,0,103|-11.000|28.500|1|1.500
14083,234.716666666667,25,0,0,0,103|-11.000|28.250|1|1.500
14084,234.733333333333,25,0,0,0,103|-11.000|28.000|1|1.500
14085,234.75,25,0,0,0,103|-11.000|27.750|1|1.500
14086,234.766666666667,25,0,0,0,103|-11.000|27.500|1|1.500
14087,234.783333333333,25,0,0,0,103|-11.000|27.250|1|1.500
14088,234.8,25,0,0,0,103|-11.000|27.000|1|1.500
14089,234.816666666667,25,0,0,0,103|-11.000|26.750|1|1.500
14090,234.833333333333,25,0,0,0,103|-10.800|26.500|1|1.500
14091,234.85,25,0,0,0,103|-10.800|26.250|1|1.500
14092,234.866666666667,25,0,0,0,103|-10.600|26.000|1|1.500
14093,234.883333333333,25,0,0,0,103|-10.400|25.750|1|1.500
14094,234.9,25,0,0,0,103|-10.400|25.500|1|1.500
14095,234.916666666667,25,0,0,0,103|-10.400|25.250|1|1.500
14096,234.933333333333,25,0,0,0,103|-10.400|25.000|1|1.500
14097,234.95,25,0,0,0,103|-10.200|24.750|1|1.500
14098,234.966666666667,25,0,0,0,103|-10.000|24.500|1|1.500
14099,234.983333333333,25,0,0,0,103|-9.800|24.250|1|1.500
14100,235,25,0,0,0,103|-9.800|24.000|1|1.500
14101,235.016666666667,25,0,0,0,103|-9.800|23.750|1|1.500
14102,235.033333333333,25,0,0,0,103|-9.800|23.500|1|1.500
14103,235.05,25,0,0,0,103|-9.800|23.250|1|1.500
14104,235.066666666667,25,0,0,0,103|-9.600|23.000|1|1.500
14105,235.083333333333,25,0,0,0,103|-9.400|22.750|1|1.500
14106,235.1,25,0,0,0,103|-9.400|22.500|1|1.500
14107,235.116666666667,25,0,0,0,103|-9.400|22.250|1|1.500
14108,235.133333333333,25,0,0,0,103|-9.200|22.000|1|1.500
14109,235.15,25,0,0,0,103|-9.000|21.750|1|1.500
14110,235.166666666667,25,0,0,0,103|-8.800|21.500|1|1.500
14111,235.183333333333,25,0,0,0,103|-8.600|21.250|1|1.500
14112,235.2,25,0,0,0,103|-8.400|21.000|1|1.500
14113,235.216666666667,25,0,0,0,103|-8.400|20.750|1|1.500
14114,235.233333333333,25,0,0,0,103|-8.400|20.500|1|1.500
14115,235.25,25,0,0,0,103|-8.400|20.250|1|1.500
14116,235.266666666667,25,0,0,0,103|-8.200|20.000|1|1.500
14117,235.283333333333,25,0,0,0,103|-8.200|19.750|1|1.500
14118,235.3,25,0,0,0,103|-8.000|19.500|1|1.500
14119,235.316666666667,25,0,0,0,103|-7.800|19.250|1|1.500
14120,235.333333333333,25,0,0,0,103|-7.600|19.000|1|1.500
14121,235.35,25,0,0,0,103|-7.400|18.750|1|1.500
14122,235.366666666667,25,0,0,0,103|-7.200|18.500|1|1.500
14123,235.383333333333,25,0,0,0,103|-7.000|18.250|1|1.500
14124,235.4,25,0,0,0,103|-6.800|18.000|1|1.500
14125,235.416666666667,25,0,0,0,103|-6.600|17.750|1|1.500
14126,235.433333333333,25,0,0,0,103|-6.400|17.500|1|1.500
14127,235.45,25,0,0,0,103|-6.200|17.250|1|1.500
14128,235.466666666667,25,0,0,0,103|-6.200|17.000|1|1.500
14129,235.483333333333,25,0,0,0,103|-6.200|16.750|1|1.500
14130,235.5,25,0,0,0,103|-6.200|16.500|1|1.500
14131,235.516666666667,25,0,0,0,103|-6.000|16.250|1|1.500
14132,235.533333333333,25,0,0,0,103|-5.800|16.000|1|1.500
14133,235.55,25,0,0,0,103|-5.600|15.750|1|1.500
14134,235.566666666667,25,0,0,0,103|-5.600|15.500|1|1.500
14135,235.583333333333,25,0,0,0,103|-5.600|15.250|1|1.500
14136,235.6,25,0,0,0,103|-5.600|15.000|1|1.500
14137,235.616666666667,25,0,0,0,103|-5.400|14.750|1|1.500
14138,235.633333333333,25,0,0,0,103|-5.200|14.500|1|1.500
14139,235.65,25,0,0,0,103|-5.200|14.250|1|1.500
14140,235.666666666667,25,0,0,0,103|-5.200|14.000|1|1.500
14141,235.683333333333,25,0,0,0,103|-5.000|13.750|1|1.500
14142,235.7,25,0,0,0,103|-4.800|13.500|1|1.500
14143,235.716666666667,25,0,0,0,103|-4.600|13.250|1|1.500
14144,235.733333333333,25,0,0,0,103|-4.400|13.000|1|1.500
14145,235.75,25,0,0,0,103|-4.400|12.750|1|1.500
14146,235.766666666667,25,0,0,0,103|-4.200|12.500|1|1.500
14147,235.783333333333,25,0,0,0,103|-4.200|12.250|1|1.500
14148,235.8,25,0,0,0,103|-4.000|12.000|1|1.500
14149,235.816666666667,25,0,0,0,103|-4.000|11.750|1|1.500
14150,235.833333333333,25,0,0,0,103|-3.800|11.500|1|1.500
14151,235.85,25,0,0,0,103|-3.600|11.250|1|1.500
14152,235.866666666667,25,0,0,0,103|-3.400|11.000|1|1.500
14153,235.883333333333,25,0,0,0,103|-3.400|10.750|1|1.500
14154,235.9,25,0,0,0,103|-3.400|10.500|1|1.500
14155,235.916666666667,25,0,0,0,103|-3.200|10.250|1|1.500
14156,235.933333333333,25,0,0,0,103|-3.200|10.000|1|1.500
14157,235.95,25,0,0,0,103|-3.000|9.750|1|1.500
14158,235.966666666667,25,0,0,0,103|-3.000|9.500|1|1.500
14159,235.983333333333,25,0,0,0,103|-3.000|9.250|1|1.500
14160,236,25,0,0,0,103|-3.000|9.000|1|1.500
14161,236.016666666667,25,0,0,0,103|-2.800|8.750|1|1.500
14162,236.033333333333,25,0,0,0,103|-2.600|8.500|1|1.500
14163,236.05,25,0,0,0,103|-2.600|8.250|1|1.500
14164,236.066666666667,25,0,0,0,103|-2.400|8.000|1|1.500
14165,236.083333333333,25,0,0,0,103|-2.200|7.750|1|1.500
14166,236.1,25,0,0,0,103|-2.200|7.500|1|1.500
14167,236.116666666667,25,0,0,0,103|-2.200|7.250|1|1.500
14168,236.133333333333,25,0,0,0,103|-2.200|7.000|1|1.500
14169,236.15,25,0,0,0,103|-2.200|6.750|1|1.500
14170,236.166666666667,25,0,0,0,103|-2.000|6.500|1|1.500
14171,236.183333333333,25,0,0,0,103|-1.800|6.250|1|1.500
14172,236.2,25,0,0,0,103|-1.600|6.000|1|1.500
14173,236.216666666667,25,0,0,0,103|-1.400|5.750|1|1.500
14174,236.233333333333,25,0,0,0,103|-1.400|5.500|1|1.500
14175,236.25,25,0,0,0,103|-1.400|5.250|1|1.500
14176,236.266666666667,25,0,0,0,103|-1.400|5.000|1|1.500
14177,236.283333333333,25,0,0,0,103|-1.400|4.750|1|1.500
14178,236.3,25,0,0,0,103|-1.200|4.500|1|1.500
14179,236.316666666667,25,0,0,0,103|-1.200|4.250|1|1.500
14180,236.333333333333,25,0,0,0,103|-1.200|4.000|1|1.500
14181,236.35,25,0,0,0,103|-1.200|3.750|1|1.500
14182,236.366666666667,25,0,0,0,103|-1.200|3.500|1|1.500
14183,236.383333333333,25,0,0,0,103|-1.000|3.250|1|1.500
14184,236.4,25,0,0,0,103|-1.000|3.000|1|1.500
14185,236.416666666667,25,0,0,0,103|-1.000|2.750|1|1.500
14186,236.433333333333,25,0,0,0,103|-0.800|2.500|1|1.500
14187,236.45,25,0,0,0,103|-0.600|2.250|1|1.500
14188,236.466666666667,25,0,0,0,103|-0.600|2.000|1|1.500
14189,236.483333333333,25,0,0,0,103|-0.400|1.750|1|1.500
14190,236.5,25,0,0,0,103|-0.200|1.500|1|1.500
14191,236.516666666667,25,0,0,0,103|-0.200|1.250|1|1.500
14192,236.533333333333,25,0,0,0,103|-0.200|1.000|1|1.500
14193,236.55,25,0,0,0,103|-0.200|0.750|1|1.500
14194,236.566666666667,25,0,0,0,103|-0.200|0.500|1|1.500
14195,236.583333333333,25,0,0,0,103|-0.000|0.250|1|1.500
14196,236.6,25,1,1.5,3,103|-0.000|0.000|1|1.500
14197,236.616666666667,0,0,0,0,
14198,236.633333333333,0,0,0,0,
14199,236.65,0,0,0,0,
14200,236.666666666667,0,0,0,0,
14201,236.683333333333,0,0,0,0,
14202,236.7,0,0,0,0,
14203,236.716666666667,0,0,0,0,
14204,236.733333333333,0,0,0,0,
14205,236.75,0,0,0,0,
14206,236.766666666667,0,0,0,0,
14207,236.783333333333,0,0,0,0,
14208,236.8,0,0,0,0,
14209,236.816666666667,0,0,0,0,
14210,236.833333333333,0,0,0,0,
14211,236.85,0,0,0,0,
14212,236.866666666667,0,0,0,0,
14213,236.883333333333,0,0,0,0,
14214,236.9,0,0,0,0,
14215,236.916666666667,25,0,0,0,104|6.000|29.750|1|1.500
14216,236.933333333333,25,0,0,0,104|6.000|29.500|1|1.500
14217,236.95,25,0,0,0,104|6.000|29.250|1|1.500
14218,236.966666666667,25,0,0,0,104|6.000|29.000|1|1.500
14219,236.983333333333,25,0,0,0,104|6.000|28.750|1|1.500
14220,237,25,0,0,0,104|6.000|28.500|1|1.500
14221,237.016666666667,25,0,0,0,104|6.000|28.250|1|1.500
14222,237.033333333333,25,0,0,0,104|6.000|28.000|1|1.500
14223,237.05,25,0,0,0,104|6.000|27.750|1|1.500
14224,237.066666666667,25,0,0,0,104|6.000|27.500|1|1.500
14225,237.083333333333,25,0,0,0,104|6.000|27.250|1|1.500
14226,237.1,25,0,0,0,104|6.000|27.000|1|1.500
14227,237.116666666667,25,0,0,0,104|6.000|26.750|1|1.500
14228,237.133333333333,25,0,0,0,104|6.000|26.500|1|1.500
14229,237.15,25,0,0,0,104|6.000|26.250|1|1.500
14230,237.166666666667,25,0,0,0,104|6.000|26.000|1|1.500
14231,237.183333333333,25,0,0,0,104|6.000|25.750|1|1.500
14232,237.2,25,0,0,0,104|6.000|25.500|1|1.500
14233,237.216666666667,25,0,0,0,104|6.000|25.250|1|1.500
14234,237.233333333333,25,0,0,0,104|6.000|25.000|1|1.500
14235,237.25,25,0,0,0,104|6.000|24.750|1|1.500
14236,237.266666666667,25,0,0,0,104|6.000|24.500|1|1.500
14237,237.283333333333,25,0,0,0,104|6.000|24.250|1|1.500
14238,237.3,25,0,0,0,104|6.000|24.000|1|1.500
14239,237.316666666667,25,0,0,0,104|6.000|23.750|1|1.500
14240,237.333333333333,25,0,0,0,104|6.000|23.500|1|1.500
14241,237.35,25,0,0,0,104|6.000|23.250|1|1.500
14242,237.366666666667,25,0,0,0,104|6.000|23.000|1|1.500
14243,237.383333333333,25,0,0,0,104|6.000|22.750|1|1.500
14244,237.4,25,0,0,0,104|6.000|22.500|1|1.500
14245,237.416666666667,25,0,0,0,104|6.000|22.250|1|1.500
14246,237.433333333333,25,0,0,0,104|6.000|22.000|1|1.500
14247,237.45,25,0,0,0,104|6.000|21.750|1|1.500
14248,237.466666666667,25,0,0,0,104|6.000|21.500|1|1.500
14249,237.483333333333,25,0,0,0,104|6.000|21.250|1|1.500
14250,237.5,25,0,0,0,104|6.000|21.000|1|1.500
14251,237.516666666667,25,0,0,0,104|6.000|20.750|1|1.500
14252,237.533333333333,25,0,0,0,104|6.000|20.500|1|1.500
14253,237.55,25,0,0,0,104|6.000|20.250|1|1.500
14254,237.566666666667,25,0,0,0,104|6.000|20.000|1|1.500
14255,237.583333333333,25,0,0,0,104|6.000|19.750|1|1.500
14256,237.6,25,0,0,0,104|6.000|19.500|1|1.500
14257,237.616666666667,25,0,0,0,104|6.000|19.250|1|1.500
14258,237.633333333333,25,0,0,0,104|6.000|19.000|1|1.500
14259,237.65,25,0,0,0,104|6.000|18.750|1|1.500
14260,237.666666666667,25,0,0,0,104|6.000|18.500|1|1.500
14261,237.683333333333,25,0,0,0,104|6.000|18.250|1|1.500
14262,237.7,25,0,0,0,104|6.000|18.000|1|1.500
14263,237.716666666667,25,0,0,0,104|6.000|17.750|1|1.500
14264,237.733333333333,25,0,0,0,104|6.000|17.500|1|1.500
14265,237.75,25,0,0,0,104|6.000|17.250|1|1.500
14266,237.766666666667,25,0,0,0,104|6.000|17.000|1|1.500
14267,237.783333333333,25,0,0,0,104|6.000|16.750|1|1.500
14268,237.8,25,0,0,0,104|6.000|16.500|1|1.500
14269,237.816666666667,25,0,0,0,104|6.000|16.250|1|1.500
14270,237.833333333333,25,0,0,0,104|6.000|16.000|1|1.500
14271,237.85,25,0,0,0,104|6.000|15.750|1|1.500
14272,237.866666666667,25,0,0,0,104|6.000|15.500|1|1.500
14273,237.883333333333,25,0,0,0,104|6.000|15.250|1|1.500
14274,237.9,25,0,0,0,104|6.000|15.000|1|1.500
14275,237.916666666667,25,0,0,0,104|6.000|14.750|1|1.500
14276,237.933333333333,25,0,0,0,104|6.000|14.500|1|1.500
14277,237.95,25,0,0,0,104|6.000|14.250|1|1.500
14278,237.966666666667,25,0,0,0,104|6.000|14.000|1|1.500
14279,237.983333333333,25,0,0,0,104|6.000|13.750|1|1.500
14280,238,25,0,0,0,104|6.000|13.500|1|1.500
14281,238.016666666667,25,0,0,0,104|6.000|13.250|1|1.500
14282,238.033333333333,25,0,0,0,104|6.000|13.000|1|1.500
14283,238.05,25,0,0,0,104|6.000|12.750|1|1.500
14284,238.066666666667,25,0,0,0,104|6.000|12.500|1|1.500
14285,238.083333333333,25,0,0,0,104|6.000|12.250|1|1.500
14286,238.1,25,0,0,0,104|6.000|12.000|1|1.500
14287,238.116666666667,25,0,0,0,104|6.000|11.750|1|1.500
14288,238.133333333333,25,0,0,0,104|6.000|11.500|1|1.500
14289,238.15,25,0,0,0,104|6.000|11.250|1|1.500
14290,238.166666666667,25,0,0,0,104|6.000|11.000|1|1.500
14291,238.183333333333,25,0,0,0,104|6.000|10.750|1|1.500
14292,238.2,25,0,0,0,104|6.000|10.500|1|1.500
14293,238.216666666667,25,0,0,0,104|6.000|10.250|1|1.500
14294,238.233333333333,25,0,0,0,104|6.000|10.000|1|1.500
14295,238.25,25,0,0,0,104|6.000|9.750|1|1.500
14296,238.266666666667,25,0,0,0,104|6.000|9.500|1|1.500
14297,238.283333333333,25,0,0,0,104|6.000|9.250|1|1.500
14298,238.3,25,0,0,0,104|6.000|9.000|1|1.500
14299,238.316666666667,25,0,0,0,104|6.000|8.750|1|1.500
14300,238.333333333333,25,0,0,0,104|6.000|8.500|1|1.500
14301,238.35,25,0,0,0,104|6.000|8.250|1|1.500
14302,238.366666666667,25,0,0,0,104|6.000|8.000|1|1.500
14303,238.383333333333,25,0,0,0,104|6.000|7.750|1|1.500
14304,238.4,25,0,0,0,104|6.000|7.500|1|1.500
14305,238.416666666667,25,0,0,0,104|6.000|7.250|1|1.500
14306,238.433333333333,25,0,0,0,104|6.000|7.000|1|1.500
14307,238.45,25,0,0,0,104|6.000|6.750|1|1.500
14308,238.466666666667,25,0,0,0,104|6.000|6.500|1|1.500
14309,238.483333333333,25,0,0,0,104|6.000|6.250|1|1.500
14310,238.5,25,0,0,0,104|6.000|6.000|1|1.500
14311,238.516666666667,25,0,0,0,104|6.000|5.750|1|1.500
14312,238.533333333333,25,0,0,0,104|6.000|5.500|1|1.500
14313,238.55,25,0,0,0,104|6.000|5.250|1|1.500
14314,238.566666666667,25,0,0,0,104|6.000|5.000|1|1.500
14315,238.583333333333,25,0,0,0,104|6.000|4.750|1|1.500
14316,238.6,25,0,0,0,104|6.000|4.500|1|1.500
14317,238.616666666667,25,0,0,0,104|6.000|4.250|1|1.500
14318,238.633333333333,25,0,0,0,104|6.000|4.000|1|1.500
14319,238.65,25,0,0,0,104|6.000|3.750|1|1.500
14320,238.666666666667,25,0,0,0,104|6.000|3.500|1|1.500
14321,238.683333333333,25,0,0,0,104|6.000|3.250|1|1.500
14322,238.7,25,0,0,0,104|6.000|3.000|1|1.500
14323,238.716666666667,25,0,0,0,104|6.000|2.750|1|1.500
14324,238.733333333333,25,0,0,0,104|6.000|2.500|1|1.500
14325,238.75,25,0,0,0,104|6.000|2.250|1|1.500
14326,238.766666666667,25,0,0,0,104|6.000|2.000|1|1.500
14327,238.783333333333,25,0,0,0,104|6.000|1.750|1|1.500
14328,238.8,25,0,0,0,104|6.000|1.500|1|1.500
14329,238.816666666667,25,0,0,0,104|6.000|1.250|1|1.500
14330,238.833333333333,25,0,0,0,104|6.000|1.000|1|1.500
14331,238.85,25,0,0,0,104|6.000|0.750|1|1.500
14332,238.866666666667,25,0,0,0,104|6.000|0.500|1|1.500
14333,238.883333333333,25,0,0,0,104|6.000|0.250|1|1.500
14334,238.9,25,0,1,0,104|6.000|0.000|1|1.500
14335,238.916666666667,0,0,0,0,
14336,238.933333333333,0,0,0,0,
14337,238.95,0,0,0,0,
14338,238.966666666667,0,0,0,0,
14339,238.983333333333,0,0,0,0,
14340,239,0,0,0,0,
14341,239.016666666667,0,0,0,0,
14342,239.033333333333,0,0,0,0,
14343,239.05,0,0,0,0,
14344,239.066666666667,0,0,0,0,
14345,239.083333333333,0,0,0,0,
14346,239.1,0,0,0,0,
14347,239.116666666667,0,0,0,0,
14348,239.133333333333,0,0,0,0,
14349,239.15,0,0,0,0,
14350,239.166666666667,0,0,0,0,
14351,239.183333333333,0,0,0,0,
14352,239.2,0,0,0,0,
14353,239.216666666667,25,0,0,0,105|11.900|29.750|1|3.000
14354,239.233333333333,25,0,0,0,105|11.800|29.500|1|3.000
14355,239.25,25,0,0,0,105|11.700|29.250|1|3.000
14356,239.266666666667,25,0,0,0,105|11.600|29.000|1|3.000
14357,239.283333333333,25,0,0,0,105|11.500|28.750|1|3.000
14358,239.3,25,0,0,0,105|11.400|28.500|1|3.000
14359,239.316666666667,25,0,0,0,105|11.300|28.250|1|3.000
14360,239.333333333333,25,0,0,0,105|11.200|28.000|1|3.000
14361,239.35,25,0,0,0,105|11.100|27.750|1|3.000
14362,239.366666666667,25,0,0,0,105|11.000|27.500|1|3.000
14363,239.383333333333,25,0,0,0,105|10.900|27.250|1|3.000
14364,239.4,25,0,0,0,105|10.800|27.000|1|3.000
14365,239.416666666667,25,0,0,0,105|10.700|26.750|1|3.000
14366,239.433333333333,25,0,0,0,105|10.600|26.500|1|3.000
14367,239.45,25,0,0,0,105|10.500|26.250|1|3.000
14368,239.466666666667,25,0,0,0,105|10.400|26.000|1|3.000
14369,239.483333333333,25,0,0,0,105|10.300|25.750|1|3.000
14370,239.5,25,0,0,0,105|10.200|25.500|1|3.000
14371,239.516666666667,25,0,0,0,105|10.100|25.250|1|3.000
14372,239.533333333333,25,0,0,0,105|10.000|25.000|1|3.000
14373,239.55,25,0,0,0,105|9.900|24.750|1|3.000
14374,239.566666666667,25,0,0,0,105|9.800|24.500|1|3.000
14375,239.583333333333,25,0,0,0,105|9.700|24.250|1|3.000
14376,239.6,25,0,0,0,105|9.600|24.000|1|3.000
14377,239.616666666667,25,0,0,0,105|9.500|23.750|1|3.000
14378,239.633333333333,25,0,0,0,105|9.400|23.500|1|3.000
14379,239.65,25,0,0,0,105|9.300|23.250|1|3.000
14380,239.666666666667,25,0,0,0,105|9.200|23.000|1|3.000
14381,239.683333333333,25,0,0,0,105|9.100|22.750|1|3.000
14382,239.7,25,0,0,0,105|9.000|22.500|1|3.000
14383,239.716666666667,25,0,0,0,105|8.900|22.250|1|3.000
14384,239.733333333333,25,0,0,0,105|8.800|22.000|1|3.000
14385,239.75,25,0,0,0,105|8.700|21.750|1|3.000
14386,239.766666666667,25,0,0,0,105|8.600|21.500|1|3.000
14387,239.783333333333,25,0,0,0,105|8.500|21.250|1|3.000
14388,239.8,25,0,0,0,105|8.400|21.000|1|3.000
14389,239.816666666667,25,0,0,0,105|8.300|20.750|1|3.000
14390,239.833333333333,25,0,0,0,105|8.200|20.500|1|3.000
14391,239.85,25,0,0,0,105|8.100|20.250|1|3.000
14392,239.866666666667,25,0,0,0,105|8.000|20.000|1|3.000
14393,239.883333333333,25,0,0,0,105|7.900|19.750|1|3.000
14394,239.9,25,0,0,0,105|7.800|19.500|1|3.000
14395,239.916666666667,25,0,0,0,105|7.700|19.250|1|3.000
14396,239.933333333333,25,0,0,0,105|7.600|19.000|1|3.000
14397,239.95,25,0,0,0,105|7.500|18.750|1|3.000
14398,239.966666666667,25,0,0,0,105|7.400|18.500|1|3.000
14399,239.983333333333,25,0,0,0,105|7.300|18.250|1|3.000
14400,240,25,0,0,0,105|7.200|18.000|1|3.000
14401,240.016666666667,25,0,0,0,105|7.100|17.750|1|3.000
14402,240.033333333333,25,0,0,0,105|7.000|17.500|1|3.000
14403,240.05,25,0,0,0,105|6.900|17.250|1|3.000
14404,240.066666666667,25,0,0,0,105|6.800|17.000|1|3.000
14405,240.083333333333,25,0,0,0,105|6.700|16.750|1|3.000
14406,240.1,25,0,0,0,105|6.600|16.500|1|3.000
14407,240.116666666667,25,0,0,0,105|6.500|16.250|1|3.000
14408,240.133333333333,25,0,0,0,105|6.400|16.000|1|3.000
14409,240.15,25,0,0,0,105|6.300|15.750|1|3.000
14410,240.166666666667,25,0,0,0,105|6.200|15.500|1|3.000
14411,240.183333333333,25,0,0,0,105|6.100|15.250|1|3.000
14412,240.2,25,0,0,0,105|6.000|15.000|1|3.000
14413,240.216666666667,25,0,0,0,105|5.900|14.750|1|3.000
14414,240.233333333333,25,0,0,0,105|5.800|14.500|1|3.000
14415,240.25,25,0,0,0,105|5.700|14.250|1|3.000
14416,240.266666666667,25,0,0,0,105|5.600|14.000|1|3.000
14417,240.283333333333,25,0,0,0,105|5.500|13.750|1|3.000
14418,240.3,25,0,0,0,105|5.400|13.500|1|3.000
14419,240.316666666667,25,0,0,0,105|5.300|13.250|1|3.000
14420,240.333333333333,25,0,0,0,105|5.200|13.000|1|3.000
14421,240.35,25,0,0,0,105|5.100|12.750|1|3.000
14422,240.366666666667,25,0,0,0,105|5.000|12.500|1|3.000
14423,240.383333333333,25,0,0,0,105|4.900|12.250|1|3.000
14424,240.4,25,0,0,0,105|4.800|12.000|1|3.000
14425,240.416666666667,25,0,0,0,105|4.700|11.750|1|3.000
14426,240.433333333333,25,0,0,0,105|4.600|11.500|1|3.000
14427,240.45,25,0,0,0,105|4.500|11.250|1|3.000
14428,240.466666666667,25,0,0,0,105|4.400|11.000|1|3.000
14429,240.483333333333,25,0,0,0,105|4.300|10.750|1|3.000
14430,240.5,25,0,0,0,105|4.200|10.500|1|3.000
14431,240.516666666667,25,0,0,0,105|4.100|10.250|1|3.000
14432,240.533333333333,25,0,0,0,105|4.000|10.000|1|3.000
14433,240.55,25,0,0,0,105|3.900|9.750|1|3.000
14434,240.566666666667,25,0,0,0,105|3.800|9.500|1|3.000
14435,240.583333333333,25,0,0,0,105|3.700|9.250|1|3.000
14436,240.6,25,0,0,0,105|3.600|9.000|1|3.000
14437,240.616666666667,25,0,0,0,105|3.500|8.750|1|3.000
14438,240.633333333333,25,0,0,0,105|3.400|8.500|1|3.000
14439,240.65,25,0,0,0,105|3.300|8.250|1|3.000
14440,240.666666666667,25,0,0,0,105|3.200|8.000|1|3.000
14441,240.683333333333,25,0,0,0,105|3.100|7.750|1|3.000
14442,240.7,25,0,0,0,105|3.000|7.500|1|3.000
14443,240.716666666667,25,0,0,0,105|2.900|7.250|1|3.000
14444,240.733333333333,25,0,0,0,105|2.800|7.000|1|3.000
14445,240.75,25,0,0,0,105|2.700|6.750|1|3.000
14446,240.766666666667,25,0,0,0,105|2.600|6.500|1|3.000
14447,240.783333333333,25,0,0,0,105|2.500|6.250|1|3.000
14448,240.8,25,0,0,0,105|2.400|6.000|1|3.000
14449,240.816666666667,25,0,0,0,105|2.300|5.750|1|3.000
14450,240.833333333333,25,0,0,0,105|2.200|5.500|1|3.000
14451,240.85,25,0,0,0,105|2.100|5.250|1|3.000
14452,240.866666666667,25,0,0,0,105|2.000|5.000|1|3.000
14453,240.883333333333,25,0,0,0,105|1.900|4.750|1|3.000
14454,240.9,25,0,0,0,105|1.800|4.500|1|3.000
14455,240.916666666667,25,0,0,0,105|1.700|4.250|1|3.000
14456,240.933333333333,25,0,0,0,105|1.600|4.000|1|3.000
14457,240.95,25,0,0,0,105|1.500|3.750|1|3.000
14458,240.966666666667,25,0,0,0,105|1.400|3.500|1|3.000
14459,240.983333333333,25,0,0,0,105|1.300|3.250|1|3.000
14460,241,25,0,0,0,105|1.200|3.000|1|3.000
14461,241.016666666667,25,0,0,0,105|1.100|2.750|1|3.000
14462,241.033333333333,25,0,0,0,105|1.000|2.500|1|3.000
14463,241.05,25,0,0,0,105|0.900|2.250|1|3.000
14464,241.066666666667,25,0,0,0,105|0.800|2.000|1|3.000
14465,241.083333333333,25,0,0,0,105|0.700|1.750|1|3.000
14466,241.1,25,0,0,0,105|0.600|1.500|1|3.000
14467,241.116666666667,25,0,0,0,105|0.500|1.250|1|3.000
14468,241.133333333333,25,0,0,0,105|0.400|1.000|1|3.000
14469,241.15,25,0,0,0,105|0.300|0.750|1|3.000
14470,241.166666666667,25,0,0,0,105|0.200|0.500|1|3.000
14471,241.183333333333,25,0,0,0,105|0.100|0.250|1|3.000
14472,241.2,25,1,1.5,3,105|0.000|0.000|1|3.000
14473,241.216666666667,0,0,0,0,
14474,241.233333333333,0,0,0,0,
14475,241.25,0,0,0,0,
14476,241.266666666667,0,0,0,0,
14477,241.283333333333,0,0,0,0,
14478,241.3,0,0,0,0,
14479,241.316666666667,0,0,0,0,
14480,241.333333333333,0,0,0,0,
14481,241.35,0,0,0,0,
14482,241.366666666667,0,0,0,0,
14483,241.383333333333,0,0,0,0,
14484,241.4,0,0,0,0,
14485,241.416666666667,0,0,0,0,
14486,241.433333333333,0,0,0,0,
14487,241.45,0,0,0,0,
14488,241.466666666667,0,0,0,0,
14489,241.483333333333,0,0,0,0,
14490,241.5,0,0,0,0,
14491,241.516666666667,25,0,0,0,106|-15.000|29.750|1|3.000
14492,241.533333333333,25,0,0,0,106|-15.000|29.500|1|3.000
14493,241.55,25,0,0,0,106|-15.000|29.250|1|3.000
14494,241.566666666667,25,0,0,0,106|-15.000|29.000|1|3.000
14495,241.583333333333,25,0,0,0,106|-15.000|28.750|1|3.000
14496,241.6,25,0,0,0,106|-15.000|28.500|1|3.000
14497,241.616666666667,25,0,0,0,106|-15.000|28.250|1|3.000
14498,241.633333333333,25,0,0,0,106|-15.000|28.000|1|3.000
14499,241.65,25,0,0,0,106|-15.000|27.750|1|3.000
14500,241.666666666667,25,0,0,0,106|-15.000|27.500|1|3.000
14501,241.683333333333,25,0,0,0,106|-15.000|27.250|1|3.000
14502,241.7,25,0,0,0,106|-15.000|27.000|1|3.000
14503,241.716666666667,25,0,0,0,106|-15.000|26.750|1|3.000
14504,241.733333333333,25,0,0,0,106|-15.000|26.500|1|3.000
14505,241.75,25,0,0,0,106|-15.000|26.250|1|3.000
14506,241.766666666667,25,0,0,0,106|-15.000|26.000|1|3.000
14507,241.783333333333,25,0,0,0,106|-15.000|25.750|1|3.000
14508,241.8,25,0,0,0,106|-15.000|25.500|1|3.000
14509,241.816666666667,25,0,0,0,106|-15.000|25.250|1|3.000
14510,241.833333333333,25,0,0,0,106|-15.000|25.000|1|3.000
14511,241.85,25,0,0,0,106|-15.000|24.750|1|3.000
14512,241.866666666667,25,0,0,0,106|-15.000|24.500|1|3.000
14513,241.883333333333,25,0,0,0,106|-15.000|24.250|1|3.000
14514,241.9,25,0,0,0,106|-15.000|24.000|1|3.000
14515,241.916666666667,25,0,0,0,106|-15.000|23.750|1|3.000
14516,241.933333333333,25,0,0,0,106|-15.000|23.500|1|3.000
14517,241.95,25,0,0,0,106|-15.000|23.250|1|3.000
14518,241.966666666667,25,0,0,0,106|-15.000|23.000|1|3.000
14519,241.983333333333,25,0,0,0,106|-15.000|22.750|1|3.000
14520,242,25,0,0,0,106|-15.000|22.500|1|3.000
14521,242.016666666667,25,0,0,0,106|-15.000|22.250|1|3.000
14522,242.033333333333,25,0,0,0,106|-15.000|22.000|1|3.000
14523,242.05,25,0,0,0,106|-15.000|21.750|1|3.000
14524,242.066666666667,25,0,0,0,106|-15.000|21.500|1|3.000
14525,242.083333333333,25,0,0,0,106|-15.000|21.250|1|3.000
14526,242.1,25,0,0,0,106|-15.000|21.000|1|3.000
14527,242.116666666667,25,0,0,0,106|-15.000|20.750|1|3.000
14528,242.133333333333,25,0,0,0,106|-15.000|20.500|1|3.000
14529,242.15,25,0,0,0,106|-15.000|20.250|1|3.000
14530,242.166666666667,25,0,0,0,106|-15.000|20.000|1|3.000
14531,242.183333333333,25,0,0,0,106|-15.000|19.750|1|3.000
14532,242.2,25,0,0,0,106|-15.000|19.500|1|3.000
14533,242.216666666667,25,0,0,0,106|-15.000|19.250|1|3.000
14534,242.233333333333,25,0,0,0,106|-15.000|19.000|1|3.000
14535,242.25,25,0,0,0,106|-15.000|18.750|1|3.000
14536,242.266666666667,25,0,0,0,106|-15.000|18.500|1|3.000
14537,242.283333333333,25,0,0,0,106|-15.000|18.250|1|3.000
14538,242.3,25,0,0,0,106|-15.000|18.000|1|3.000
14539,242.316666666667,25,0,0,0,106|-15.000|17.750|1|3.000
14540,242.333333333333,25,0,0,0,106|-15.000|17.500|1|3.000
14541,242.35,25,0,0,0,106|-15.000|17.250|1|3.000
14542,242.366666666667,25,0,0,0,106|-15.000|17.000|1|3.000
14543,242.383333333333,25,0,0,0,106|-15.000|16.750|1|3.000
14544,242.4,25,0,0,0,106|-15.000|16.500|1|3.000
14545,242.416666666667,25,0,0,0,106|-15.000|16.250|1|3.000
14546,242.433333333333,25,0,0,0,106|-15.000|16.000|1|3.000
14547,242.45,25,0,0,0,106|-15.000|15.750|1|3.000
14548,242.466666666667,25,0,0,0,106|-15.000|15.500|1|3.000
14549,242.483333333333,25,0,0,0,106|-15.000|15.250|1|3.000
14550,242.5,25,0,0,0,106|-15.000|15.000|1|3.000
14551,242.516666666667,25,0,0,0,106|-15.000|14.750|1|3.000
14552,242.533333333333,25,0,0,0,106|-15.000|14.500|1|3.000
14553,242.55,25,0,0,0,106|-15.000|14.250|1|3.000
14554,242.566666666667,25,0,0,0,106|-15.000|14.000|1|3.000
14555,242.583333333333,25,0,0,0,106|-15.000|13.750|1|3.000
14556,242.6,25,0,0,0,106|-15.000|13.500|1|3.000
14557,242.616666666667,25,0,0,0,106|-15.000|13.250|1|3.000
14558,242.633333333333,25,0,0,0,106|-15.000|13.000|1|3.000
14559,242.65,25,0,0,0,106|-15.000|12.750|1|3.000
14560,242.666666666667,25,0,0,0,106|-15.000|12.500|1|3.000
14561,242.683333333333,25,0,0,0,106|-15.000|12.250|1|3.000
14562,242.7,25,0,0,0,106|-15.000|12.000|1|3.000
14563,242.716666666667,25,0,0,0,106|-15.000|11.750|1|3.000
14564,242.733333333333,25,0,0,0,106|-15.000|11.500|1|3.000
14565,242.75,25,0,0,0,106|-15.000|11.250|1|3.000
14566,242.766666666667,25,0,0,0,106|-15.000|11.000|1|3.000
14567,242.783333333333,25,0,0,0,106|-15.000|10.750|1|3.000
14568,242.8,25,0,0,0,106|-15.000|10.500|1|3.000
14569,242.816666666667,25,0,0,0,106|-15.000|10.250|1|3.000
14570,242.833333333333,25,0,0,0,106|-15.000|10.000|1|3.000
14571,242.85,25,0,0,0,106|-15.000|9.750|1|3.000
14572,242.866666666667,25,0,0,0,106|-15.000|9.500|1|3.000
14573,242.883333333333,25,0,0,0,106|-15.000|9.250|1|3.000
14574,242.9,25,0,0,0,106|-15.000|9.000|1|3.000
14575,242.916666666667,25,0,0,0,106|-15.000|8.750|1|3.000
14576,242.933333333333,25,0,0,0,106|-15.000|8.500|1|3.000
14577,242.95,25,0,0,0,106|-15.000|8.250|1|3.000
14578,242.966666666667,25,0,0,0,106|-15.000|8.000|1|3.000
14579,242.983333333333,25,0,0,0,106|-15.000|7.750|1|3.000
14580,243,25,0,0,0,106|-15.000|7.500|1|3.000
14581,243.016666666667,25,0,0,0,106|-15.000|7.250|1|3.000
14582,243.033333333333,25,0,0,0,106|-15.000|7.000|1|3.000
14583,243.05,25,0,0,0,106|-15.000|6.750|1|3.000
14584,243.066666666667,25,0,0,0,106|-15.000|6.500|1|3.000
14585,243.083333333333,25,0,0,0,106|-15.000|6.250|1|3.000
14586,243.1,25,0,0,0,106|-15.000|6.000|1|3.000
14587,243.116666666667,25,0,0,0,106|-15.000|5.750|1|3.000
14588,243.133333333333,25,0,0,0,106|-15.000|5.500|1|3.000
14589,243.15,25,0,0,0,106|-15.000|5.250|1|3.000
14590,243.166666666667,25,0,0,0,106|-15.000|5.000|1|3.000
14591,243.183333333333,25,0,0,0,106|-15.000|4.750|1|3.000
14592,243.2,25,0,0,0,106|-15.000|4.500|1|3.000
14593,243.216666666667,25,0,0,0,106|-15.000|4.250|1|3.000
14594,243.233333333333,25,0,0,0,106|-15.000|4.000|1|3.000
14595,243.25,25,0,0,0,106|-15.000|3.750|1|3.000
14596,243.266666666667,25,0,0,0,106|-15.000|3.500|1|3.000
14597,243.283333333333,25,0,0,0,106|-15.000|3.250|1|3.000
14598,243.3,25,0,0,0,106|-15.000|3.000|1|3.000
14599,243.316666666667,25,0,0,0,106|-15.000|2.750|1|3.000
14600,243.333333333333,25,0,0,0,106|-15.000|2.500|1|3.000
14601,243.35,25,0,0,0,106|-15.000|2.250|1|3.000
14602,243.366666666667,25,0,0,0,106|-15.000|2.000|1|3.000
14603,243.383333333333,25,0,0,0,106|-15.000|1.750|1|3.000
14604,243.4,25,0,0,0,106|-15.000|1.500|1|3.000
14605,243.416666666667,25,0,0,0,106|-15.000|1.250|1|3.000
14606,243.433333333333,25,0,0,0,106|-15.000|1.000|1|3.000
14607,243.45,25,0,0,0,106|-15.000|0.750|1|3.000
14608,243.466666666667,25,0,0,0,106|-15.000|0.500|1|3.000
14609,243.483333333333,25,0,0,0,106|-15.000|0.250|1|3.000
14610,243.5,25,0,1.5,0,106|-15.000|0.000|1|3.000
14611,243.516666666667,0,0,0,0,
14612,243.533333333333,0,0,0,0,
14613,243.55,0,0,0,0,
14614,243.566666666667,0,0,0,0,
14615,243.583333333333,0,0,0,0,
14616,243.6,0,0,0,0,
14617,243.616666666667,0,0,0,0,
14618,243.633333333333,0,0,0,0,
14619,243.65,0,0,0,0,
14620,243.666666666667,0,0,0,0,
14621,243.683333333333,0,0,0,0,
14622,243.7,0,0,0,0,
14623,243.716666666667,0,0,0,0,
14624,243.733333333333,0,0,0,0,
14625,243.75,0,0,0,0,
14626,243.766666666667,0,0,0,0,
14627,243.783333333333,0,0,0,0,
14628,243.8,0,0,0,0,
14629,243.816666666667,25,0,0,0,107|-12.000|29.750|1|3.000
14630,243.833333333333,25,0,0,0,107|-12.000|29.500|1|3.000
14631,243.85,25,0,0,0,107|-12.000|29.250|1|3.000
14632,243.866666666667,25,0,0,0,107|-12.000|29.000|1|3.000
14633,243.883333333333,25,0,0,0,107|-12.000|28.750|1|3.000
14634,243.9,25,0,0,0,107|-12.000|28.500|1|3.000
14635,243.916666666667,25,0,0,0,107|-12.000|28.250|1|3.000
14636,243.933333333333,25,0,0,0,107|-12.000|28.000|1|3.000
14637,243.95,25,0,0,0,107|-12.000|27.750|1|3.000
14638,243.966666666667,25,0,0,0,107|-12.000|27.500|1|3.000
14639,243.983333333333,25,0,0,0,107|-12.000|27.250|1|3.000
14640,244,25,0,0,0,107|-12.000|27.000|1|3.000
14641,244.016666666667,25,0,0,0,107|-12.000|26.750|1|3.000
14642,244.033333333333,25,0,0,0,107|-12.000|26.500|1|3.000
14643,244.05,25,0,0,0,107|-12.000|26.250|1|3.000
14644,244.066666666667,25,0,0,0,107|-12.000|26.000|1|3.000
14645,244.083333333333,25,0,0,0,107|-12.000|25.750|1|3.000
14646,244.1,25,0,0,0,107|-12.000|25.500|1|3.000
14647,244.116666666667,25,0,0,0,107|-12.000|25.250|1|3.000
14648,244.133333333333,25,0,0,0,107|-12.000|25.000|1|3.000
14649,244.15,25,0,0,0,107|-12.000|24.750|1|3.000
14650,244.166666666667,25,0,0,0,107|-12.000|24.500|1|3.000
14651,244.183333333333,25,0,0,0,107|-12.000|24.250|1|3.000
14652,244.2,25,0,0,0,107|-12.000|24.000|1|3.000
14653,244.216666666667,25,0,0,0,107|-12.000|23.750|1|3.000
14654,244.233333333333,25,0,0,0,107|-12.000|23.500|1|3.000
14655,244.25,25,0,0,0,107|-12.000|23.250|1|3.000
14656,244.266666666667,25,0,0,0,107|-12.000|23.000|1|3.000
14657,244.283333333333,25,0,0,0,107|-12.000|22.750|1|3.000
14658,244.3,25,0,0,0,107|-12.000|22.500|1|3.000
14659,244.316666666667,25,0,0,0,107|-12.000|22.250|1|3.000
14660,244.333333333333,25,0,0,0,107|-12.000|22.000|1|3.000
14661,244.35,25,0,0,0,107|-12.000|21.750|1|3.000
14662,244.366666666667,25,0,0,0,107|-12.000|21.500|1|3.000
14663,244.383333333333,25,0,0,0,107|-12.000|21.250|1|3.000
14664,244.4,25,0,0,0,107|-12.000|21.000|1|3.000
14665,244.416666666667,25,0,0,0,107|-12.000|20.750|1|3.000
14666,244.433333333333,25,0,0,0,107|-12.000|20.500|1|3.000
14667,244.45,25,0,0,0,107|-12.000|20.250|1|3.000
14668,244.466666666667,25,0,0,0,107|-12.000|20.000|1|3.000
14669,244.483333333333,25,0,0,0,107|-12.000|19.750|1|3.000
14670,244.5,25,0,0,0,107|-12.000|19.500|1|3.000
14671,244.516666666667,25,0,0,0,107|-12.000|19.250|1|3.000
14672,244.533333333333,25,0,0,0,107|-12.000|19.000|1|3.000
14673,244.55,25,0,0,0,107|-12.000|18.750|1|3.000
14674,244.566666666667,25,0,0,0,107|-12.000|18.500|1|3.000
14675,244.583333333333,25,0,0,0,107|-12.000|18.250|1|3.000
14676,244.6,25,0,0,0,107|-12.000|18.000|1|3.000
14677,244.616666666667,25,0,0,0,107|-12.000|17.750|1|3.000
14678,244.633333333333,25,0,0,0,107|-12.000|17.500|1|3.000
14679,244.65,25,0,0,0,107|-12.000|17.250|1|3.000
14680,244.666666666667,25,0,0,0,107|-12.000|17.000|1|3.000
14681,244.683333333333,25,0,0,0,107|-12.000|16.750|1|3.000
14682,244.7,25,0,0,0,107|-12.000|16.500|1|3.000
14683,244.716666666667,25,0,0,0,107|-12.000|16.250|1|3.000
14684,244.733333333333,25,0,0,0,107|-12.000|16.000|1|3.000
14685,244.75,25,0,0,0,107|-12.000|15.750|1|3.000
14686,244.766666666667,25,0,0,0,107|-12.000|15.500|1|3.000
14687,244.783333333333,25,0,0,0,107|-12.000|15.250|1|3.000
14688,244.8,25,0,0,0,107|-12.000|15.000|1|3.000
14689,244.816666666667,25,0,0,0,107|-12.000|14.750|1|3.000
14690,244.833333333333,25,0,0,0,107|-12.000|14.500|1|3.000
14691,244.85,25,0,0,0,107|-12.000|14.250|1|3.000
14692,244.866666666667,25,0,0,0,107|-12.000|14.000|1|3.000
14693,244.883333333333,25,0,0,0,107|-12.000|13.750|1|3.000
14694,244.9,25,0,0,0,107|-12.000|13.500|1|3.000
14695,244.916666666667,25,0,0,0,107|-12.000|13.250|1|3.000
14696,244.933333333333,25,0,0,0,107|-12.000|13.000|1|3.000
14697,244.95,25,0,0,0,107|-12.000|12.750|1|3.000
14698,244.966666666667,25,0,0,0,107|-12.000|12.500|1|3.000
14699,244.983333333333,25,0,0,0,107|-12.000|12.250|1|3.000
14700,245,25,0,0,0,107|-12.000|12.000|1|3.000
14701,245.016666666667,25,0,0,0,107|-12.000|11.750|1|3.000
14702,245.033333333333,25,0,0,0,107|-12.000|11.500|1|3.000
14703,245.05,25,0,0,0,107|-12.000|11.250|1|3.000
14704,245.066666666667,25,0,0,0,107|-12.000|11.000|1|3.000
14705,245.083333333333,25,0,0,0,107|-12.000|10.750|1|3.000
14706,245.1,25,0,0,0,107|-12.000|10.500|1|3.000
14707,245.116666666667,25,0,0,0,107|-12.000|10.250|1|3.000
14708,245.133333333333,25,0,0,0,107|-12.000|10.000|1|3.000
14709,245.15,25,0,0,0,107|-12.000|9.750|1|3.000
14710,245.166666666667,25,0,0,0,107|-12.000|9.500|1|3.000
14711,245.183333333333,25,0,0,0,107|-12.000|9.250|1|3.000
14712,245.2,25,0,0,0,107|-12.000|9.000|1|3.000
14713,245.216666666667,25,0,0,0,107|-12.000|8.750|1|3.000
14714,245.233333333333,25,0,0,0,107|-12.000|8.500|1|3.000
14715,245.25,25,0,0,0,107|-12.000|8.250|1|3.000
14716,245.266666666667,25,0,0,0,107|-12.000|8.000|1|3.000
14717,245.283333333333,25,0,0,0,107|-12.000|7.750|1|3.000
14718,245.3,25,0,0,0,107|-12.000|7.500|1|3.000
14719,245.316666666667,25,0,0,0,107|-12.000|7.250|1|3.000
14720,245.333333333333,25,0,0,0,107|-12.000|7.000|1|3.000
14721,245.35,25,0,0,0,107|-12.000|6.750|1|3.000
14722,245.366666666667,25,0,0,0,107|-12.000|6.500|1|3.000
14723,245.383333333333,25,0,0,0,107|-12.000|6.250|1|3.000
14724,245.4,25,0,0,0,107|-12.000|6.000|1|3.000
14725,245.416666666667,25,0,0,0,107|-12.000|5.750|1|3.000
14726,245.433333333333,25,0,0,0,107|-12.000|5.500|1|3.000
14727,245.45,25,0,0,0,107|-12.000|5.250|1|3.000
14728,245.466666666667,25,0,0,0,107|-12.000|5.000|1|3.000
14729,245.483333333333,25,0,0,0,107|-12.000|4.750|1|3.000
14730,245.5,25,0,0,0,107|-12.000|4.500|1|3.000
14731,245.516666666667,25,0,0,0,107|-12.000|4.250|1|3.000
14732,245.533333333333,25,0,0,0,107|-12.000|4.000|1|3.000
14733,245.55,25,0,0,0,107|-12.000|3.750|1|3.000
14734,245.566666666667,25,0,0,0,107|-12.000|3.500|1|3.000
14735,245.583333333333,25,0,0,0,107|-12.000|3.250|1|3.000
14736,245.6,25,0,0,0,107|-12.000|3.000|1|3.000
14737,245.616666666667,25,0,0,0,107|-12.000|2.750|1|3.000
14738,245.633333333333,25,0,0,0,107|-12.000|2.500|1|3.000
14739,245.65,25,0,0,0,107|-12.000|2.250|1|3.000
14740,245.666666666667,25,0,0,0,107|-12.000|2.000|1|3.000
14741,245.683333333333,25,0,0,0,107|-12.000|1.750|1|3.000
14742,245.7,25,0,0,0,107|-12.000|1.500|1|3.000
14743,245.716666666667,25,0,0,0,107|-12.000|1.250|1|3.000
14744,245.733333333333,25,0,0,0,107|-12.000|1.000|1|3.000
14745,245.75,25,0,0,0,107|-12.000|0.750|1|3.000
14746,245.766666666667,25,0,0,0,107|-12.000|0.500|1|3.000
14747,245.783333333333,25,0,0,0,107|-12.000|0.250|1|3.000
14748,245.8,25,0,1.5,0,107|-12.000|0.000|1|3.000
14749,245.816666666667,0,0,0,0,
14750,245.833333333333,0,0,0,0,
14751,245.85,0,0,0,0,
14752,245.866666666667,0,0,0,0,
14753,245.883333333333,0,0,0,0,
14754,245.9,0,0,0,0,
14755,245.916666666667,0,0,0,0,
14756,245.933333333333,0,0,0,0,
14757,245.95,0,0,0,0,
14758,245.966666666667,0,0,0,0,
14759,245.983333333333,0,0,0,0,
14760,246,0,0,0,0,
14761,246.016666666667,0,0,0,0,
14762,246.033333333333,0,0,0,0,
14763,246.05,0,0,0,0,
14764,246.066666666667,0,0,0,0,
14765,246.083333333333,0,0,0,0,
14766,246.1,0,0,0,0,
14767,246.116666666667,25,0,0,0,108|-8.850|29.750|1|3.000
14768,246.133333333333,25,0,0,0,108|-8.700|29.500|1|3.000
14769,246.15,25,0,0,0,108|-8.700|29.250|1|3.000
14770,246.166666666667,25,0,0,0,108|-8.700|29.000|1|3.000
14771,246.183333333333,25,0,0,0,108|-8.700|28.750|1|3.000
14772,246.2,25,0,0,0,108|-8.700|28.500|1|3.000
14773,246.216666666667,25,0,0,0,108|-8.700|28.250|1|3.000
14774,246.233333333333,25,0,0,0,108|-8.550|28.000|1|3.000
14775,246.25,25,0,0,0,108|-8.550|27.750|1|3.000
14776,246.266666666667,25,0,0,0,108|-8.400|27.500|1|3.000
14777,246.283333333333,25,0,0,0,108|-8.250|27.250|1|3.000
14778,246.3,25,0,0,0,108|-8.250|27.000|1|3.000
14779,246.316666666667,25,0,0,0,108|-8.100|26.750|1|3.000
14780,246.333333333333,25,0,0,0,108|-8.100|26.500|1|3.000
14781,246.35,25,0,0,0,108|-8.100|26.250|1|3.000
14782,246.366666666667,25,0,0,0,108|-7.950|26.000|1|3.000
14783,246.383333333333,25,0,0,0,108|-7.800|25.750|1|3.000
14784,246.4,25,0,0,0,108|-7.650|25.500|1|3.000
14785,246.416666666667,25,0,0,0,108|-7.650|25.250|1|3.000
14786,246.433333333333,25,0,0,0,108|-7.500|25.000|1|3.000
14787,246.45,25,0,0,0,108|-7.350|24.750|1|3.000
14788,246.466666666667,25,0,0,0,108|-7.200|24.500|1|3.000
14789,246.483333333333,25,0,0,0,108|-7.050|24.250|1|3.000
14790,246.5,25,0,0,0,108|-6.900|24.000|1|3.000
14791,246.516666666667,25,0,0,0,108|-6.750|23.750|1|3.000
14792,246.533333333333,25,0,0,0,108|-6.600|23.500|1|3.000
14793,246.55,25,0,0,0,108|-6.450|23.250|1|3.000
14794,246.566666666667,25,0,0,0,108|-6.450|23.000|1|3.000
14795,246.583333333333,25,0,0,0,108|-6.300|22.750|1|3.000
14796,246.6,25,0,0,0,108|-6.300|22.500|1|3.000
14797,246.616666666667,25,0,0,0,108|-6.300|22.250|1|3.000
14798,246.633333333333,25,0,0,0,108|-6.150|22.000|1|3.000
14799,246.65,25,0,0,0,108|-6.000|21.750|1|3.000
14800,246.666666666667,25,0,0,0,108|-6.000|21.500|1|3.000
14801,246.683333333333,25,0,0,0,108|-5.850|21.250|1|3.000
14802,246.7,25,0,0,0,108|-5.700|21.000|1|3.000
14803,246.716666666667,25,0,0,0,108|-5.700|20.750|1|3.000
14804,246.733333333333,25,0,0,0,108|-5.550|20.500|1|3.000
14805,246.75,25,0,0,0,108|-5.550|20.250|1|3.000
14806,246.766666666667,25,0,0,0,108|-5.550|20.000|1|3.000
14807,246.783333333333,25,0,0,0,108|-5.550|19.750|1|3.000
14808,246.8,25,0,0,0,108|-5.400|19.500|1|3.000
14809,246.816666666667,25,0,0,0,108|-5.250|19.250|1|3.000
14810,246.833333333333,25,0,0,0,108|-5.250|19.000|1|3.000
14811,246.85,25,0,0,0,108|-5.100|18.750|1|3.000
14812,246.866666666667,25,0,0,0,108|-5.100|18.500|1|3.000
14813,246.883333333333,25,0,0,0,108|-5.100|18.250|1|3.000
14814,246.9,25,0,0,0,108|-5.100|18.000|1|3.000
14815,246.916666666667,25,0,0,0,108|-4.950|17.750|1|3.000
14816,246.933333333333,25,0,0,0,108|-4.800|17.500|1|3.000
14817,246.95,25,0,0,0,108|-4.650|17.250|1|3.000
14818,246.966666666667,25,0,0,0,108|-4.650|17.000|1|3.000
14819,246.983333333333,25,0,0,0,108|-4.650|16.750|1|3.000
14820,247,25,0,0,0,108|-4.650|16.500|1|3.000
14821,247.016666666667,25,0,0,0,108|-4.650|16.250|1|3.000
14822,247.033333333333,25,0,0,0,108|-4.500|16.000|1|3.000
14823,247.05,25,0,0,0,108|-4.500|15.750|1|3.000
14824,247.066666666667,25,0,0,0,108|-4.500|15.500|1|3.000
14825,247.083333333333,25,0,0,0,108|-4.350|15.250|1|3.000
14826,247.1,25,0,0,0,108|-4.350|15.000|1|3.000
14827,247.116666666667,25,0,0,0,108|-4.200|14.750|1|3.000
14828,247.133333333333,25,0,0,0,108|-4.050|14.500|1|3.000
14829,247.15,25,0,0,0,108|-4.050|14.250|1|3.000
14830,247.166666666667,25,0,0,0,108|-3.900|14.000|1|3.000
14831,247.183333333333,25,0,0,0,108|-3.900|13.750|1|3.000
14832,247.2,25,0,0,0,108|-3.900|13.500|1|3.000
14833,247.216666666667,25,0,0,0,108|-3.900|13.250|1|3.000
14834,247.233333333333,25,0,0,0,108|-3.900|13.000|1|3.000
14835,247.25,25,0,0,0,108|-3.900|12.750|1|3.000
14836,247.266666666667,25,0,0,0,108|-3.900|12.500|1|3.000
14837,247.283333333333,25,0,0,0,108|-3.750|12.250|1|3.000
14838,247.3,25,0,0,0,108|-3.600|12.000|1|3.000
14839,247.316666666667,25,0,0,0,108|-3.600|11.750|1|3.000
14840,247.333333333333,25,0,0,0,108|-3.450|11.500|1|3.000
14841,247.35,25,0,0,0,108|-3.300|11.250|1|3.000
14842,247.366666666667,25,0,0,0,108|-3.150|11.000|1|3.000
14843,247.383333333333,25,0,0,0,108|-3.150|10.750|1|3.000
14844,247.4,25,0,0,0,108|-3.150|10.500|1|3.000
14845,247.416666666667,25,0,0,0,108|-3.150|10.250|1|3.000
14846,247.433333333333,25,0,0,0,108|-3.000|10.000|1|3.000
14847,247.45,25,0,0,0,108|-2.850|9.750|1|3.000
14848,247.466666666667,25,0,0,0,108|-2.850|9.500|1|3.000
14849,247.483333333333,25,0,0,0,108|-2.850|9.250|1|3.000
14850,247.5,25,0,0,0,108|-2.850|9.000|1|3.000
14851,247.516666666667,25,0,0,0,108|-2.700|8.750|1|3.000
14852,247.533333333333,25,0,0,0,108|-2.550|8.500|1|3.000
14853,247.55,25,0,0,0,108|-2.550|8.250|1|3.000
14854,247.566666666667,25,0,0,0,108|-2.550|8.000|1|3.000
14855,247.583333333333,25,0,0,0,108|-2.550|7.750|1|3.000
14856,247.6,25,0,0,0,108|-2.400|7.500|1|3.000
14857,247.616666666667,25,0,0,0,108|-2.400|7.250|1|3.000
14858,247.633333333333,25,0,0,0,108|-2.250|7.000|1|3.000
14859,247.65,25,0,0,0,108|-2.250|6.750|1|3.000
14860,247.666666666667,25,0,0,0,108|-2.100|6.500|1|3.000
14861,247.683333333333,25,0,0,0,108|-1.950|6.250|1|3.000
14862,247.7,25,0,0,0,108|-1.800|6.000|1|3.000
14863,247.716666666667,25,0,0,0,108|-1.800|5.750|1|3.000
14864,247.733333333333,25,0,0,0,108|-1.800|5.500|1|3.000
14865,247.75,25,0,0,0,108|-1.650|5.250|1|3.000
14866,247.766666666667,25,0,0,0,108|-1.500|5.000|1|3.000
14867,247.783333333333,25,0,0,0,108|-1.350|4.750|1|3.000
14868,247.8,25,0,0,0,108|-1.350|4.500|1|3.000
14869,247.816666666667,25,0,0,0,108|-1.350|4.250|1|3.000
14870,247.833333333333,25,0,0,0,108|-1.200|4.000|1|3.000
14871,247.85,25,0,0,0,108|-1.050|3.750|1|3.000
14872,247.866666666667,25,0,0,0,108|-0.900|3.500|1|3.000
14873,247.883333333333,25,0,0,0,108|-0.900|3.250|1|3.000
14874,247.9,25,0,0,0,108|-0.900|3.000|1|3.000
14875,247.916666666667,25,0,0,0,108|-0.750|2.750|1|3.000
14876,247.933333333333,25,0,0,0,108|-0.600|2.500|1|3.000
14877,247.95,25,0,0,0,108|-0.600|2.250|1|3.000
14878,247.966666666667,25,0,0,0,108|-0.450|2.000|1|3.000
14879,247.983333333333,25,0,0,0,108|-0.300|1.750|1|3.000
14880,248,25,0,0,0,108|-0.300|1.500|1|3.000
14881,248.016666666667,25,0,0,0,108|-0.150|1.250|1|3.000
14882,248.033333333333,25,0,0,0,108|-0.150|1.000|1|3.000
14883,248.05,25,0,0,0,108|-0.150|0.750|1|3.000
14884,248.066666666667,25,0,0,0,108|-0.150|0.500|1|3.000
14885,248.083333333333,25,0,0,0,108|0.000|0.250|1|3.000
14886,248.1,25,1,1,2,108|0.000|0.000|1|3.000
14887,248.116666666667,0,0,0,0,
14888,248.133333333333,0,0,0,0,
14889,248.15,0,0,0,0,
14890,248.166666666667,0,0,0,0,
14891,248.183333333333,0,0,0,0,
14892,248.2,0,0,0,0,
14893,248.216666666667,0,0,0,0,
14894,248.233333333333,0,0,0,0,
14895,248.25,0,0,0,0,
14896,248.266666666667,0,0,0,0,
14897,248.283333333333,0,0,0,0,
14898,248.3,0,0,0,0,
14899,248.316666666667,0,0,0,0,
14900,248.333333333333,0,0,0,0,
14901,248.35,0,0,0,0,
14902,248.366666666667,0,0,0,0,
14903,248.383333333333,0,0,0,0,
14904,248.4,0,0,0,0,
14905,248.416666666667,25,0,0,0,109|6.000|29.750|1|1.500
14906,248.433333333333,25,0,0,0,109|5.800|29.500|1|1.500
14907,248.45,25,0,0,0,109|5.800|29.250|1|1.500
14908,248.466666666667,25,0,0,0,109|5.800|29.000|1|1.500
14909,248.483333333333,25,0,0,0,109|5.800|28.750|1|1.500
14910,248.5,25,0,0,0,109|5.800|28.500|1|1.500
14911,248.516666666667,25,0,0,0,109|5.800|28.250|1|1.500
14912,248.533333333333,25,0,0,0,109|5.600|28.000|1|1.500
14913,248.55,25,0,0,0,109|5.600|27.750|1|1.500
14914,248.566666666667,25,0,0,0,109|5.600|27.500|1|1.500
14915,248.583333333333,25,0,0,0,109|5.600|27.250|1|1.500
14916,248.6,25,0,0,0,109|5.600|27.000|1|1.500
14917,248.616666666667,25,0,0,0,109|5.600|26.750|1|1.500
14918,248.633333333333,25,0,0,0,109|5.400|26.500|1|1.500
14919,248.65,25,0,0,0,109|5.400|26.250|1|1.500
14920,248.666666666667,25,0,0,0,109|5.200|26.000|1|1.500
14921,248.683333333333,25,0,0,0,109|5.200|25.750|1|1.500
14922,248.7,25,0,0,0,109|5.200|25.500|1|1.500
14923,248.716666666667,25,0,0,0,109|5.000|25.250|1|1.500
14924,248.733333333333,25,0,0,0,109|5.000|25.000|1|1.500
14925,248.75,25,0,0,0,109|5.000|24.750|1|1.500
14926,248.766666666667,25,0,0,0,109|5.000|24.500|1|1.500
14927,248.783333333333,25,0,0,0,109|5.000|24.250|1|1.500
14928,248.8,25,0,0,0,109|5.000|24.000|1|1.500
14929,248.816666666667,25,0,0,0,109|5.000|23.750|1|1.500
14930,248.833333333333,25,0,0,0,109|5.000|23.500|1|1.500
14931,248.85,25,0,0,0,109|5.000|23.250|1|1.500
14932,248.866666666667,25,0,0,0,109|5.000|23.000|1|1.500
14933,248.883333333333,25,0,0,0,109|5.000|22.750|1|1.500
14934,248.9,25,0,0,0,109|5.000|22.500|1|1.500
14935,248.916666666667,25,0,0,0,109|4.800|22.250|1|1.500
14936,248.933333333333,25,0,0,0,109|4.800|22.000|1|1.500
14937,248.95,25,0,0,0,109|4.800|21.750|1|1.500
14938,248.966666666667,25,0,0,0,109|4.600|21.500|1|1.500
14939,248.983333333333,25,0,0,0,109|4.600|21.250|1|1.500
14940,249,25,0,0,0,109|4.600|21.000|1|1.500
14941,249.016666666667,25,0,0,0,109|4.600|20.750|1|1.500
14942,249.033333333333,25,0,0,0,109|4.600|20.500|1|1.500
14943,249.05,25,0,0,0,109|4.600|20.250|1|1.500
14944,249.066666666667,25,0,0,0,109|4.600|20.000|1|1.500
14945,249.083333333333,25,0,0,0,109|4.600|19.750|1|1.500
14946,249.1,25,0,0,0,109|4.600|19.500|1|1.500
14947,249.116666666667,25,0,0,0,109|4.600|19.250|1|1.500
14948,249.133333333333,25,0,0,0,109|4.600|19.000|1|1.500
14949,249.15,25,0,0,0,109|4.600|18.750|1|1.500
14950,249.166666666667,25,0,0,0,109|4.400|18.500|1|1.500
14951,249.183333333333,25,0,0,0,109|4.400|18.250|1|1.500
14952,249.2,25,0,0,0,109|4.400|18.000|1|1.500
14953,249.216666666667,25,0,0,0,109|4.200|17.750|1|1.500
14954,249.233333333333,25,0,0,0,109|4.200|17.500|1|1.500
14955,249.25,25,0,0,0,109|4.200|17.250|1|1.500
14956,249.266666666667,25,0,0,0,109|4.200|17.000|1|1.500
14957,249.283333333333,25,0,0,0,109|4.000|16.750|1|1.500
14958,249.3,25,0,0,0,109|4.000|16.500|1|1.500
14959,249.316666666667,25,0,0,0,109|4.000|16.250|1|1.500
14960,249.333333333333,25,0,0,0,109|3.800|16.000|1|1.500
14961,249.35,25,0,0,0,109|3.600|15.750|1|1.500
14962,249.366666666667,25,0,0,0,109|3.400|15.500|1|1.500
14963,249.383333333333,25,0,0,0,109|3.400|15.250|1|1.500
14964,249.4,25,0,0,0,109|3.400|15.000|1|1.500
14965,249.416666666667,25,0,0,0,109|3.400|14.750|1|1.500
14966,249.433333333333,25,0,0,0,109|3.400|14.500|1|1.500
14967,249.45,25,0,0,0,109|3.200|14.250|1|1.500
14968,249.466666666667,25,0,0,0,109|3.200|14.000|1|1.500
14969,249.483333333333,25,0,0,0,109|3.200|13.750|1|1.500
14970,249.5,25,0,0,0,109|3.000|13.500|1|1.500
14971,249.516666666667,25,0,0,0,109|3.000|13.250|1|1.500
14972,249.533333333333,25,0,0,0,109|3.000|13.000|1|1.500
14973,249.55,25,0,0,0,109|2.800|12.750|1|1.500
14974,249.566666666667,25,0,0,0,109|2.800|12.500|1|1.500
14975,249.583333333333,25,0,0,0,109|2.800|12.250|1|1.500
14976,249.6,25,0,0,0,109|2.800|12.000|1|1.500
14977,249.616666666667,25,0,0,0,109|2.800|11.750|1|1.500
14978,249.633333333333,25,0,0,0,109|2.600|11.500|1|1.500
14979,249.65,25,0,0,0,109|2.600|11.250|1|1.500
14980,249.666666666667,25,0,0,0,109|2.600|11.000|1|1.500
14981,249.683333333333,25,0,0,0,109|2.600|10.750|1|1.500
14982,249.7,25,0,0,0,109|2.400|10.500|1|1.500
14983,249.716666666667,25,0,0,0,109|2.200|10.250|1|1.500
14984,249.733333333333,25,0,0,0,109|2.200|10.000|1|1.500
14985,249.75,25,0,0,0,109|2.200|9.750|1|1.500
14986,249.766666666667,25,0,0,0,109|2.200|9.500|1|1.500
14987,249.783333333333,25,0,0,0,109|2.200|9.250|1|1.500
14988,249.8,25,0,0,0,109|2.200|9.000|1|1.500
14989,249.816666666667,25,0,0,0,109|2.200|8.750|1|1.500
14990,249.833333333333,25,0,0,0,109|2.200|8.500|1|1.500
14991,249.85,25,0,0,0,109|2.200|8.250|1|1.500
14992,249.866666666667,25,0,0,0,109|2.200|8.000|1|1.500
14993,249.883333333333,25,0,0,0,109|2.000|7.750|1|1.500
14994,249.9,25,0,0,0,109|2.000|7.500|1|1.500
14995,249.916666666667,25,0,0,0,109|2.000|7.250|1|1.500
14996,249.933333333333,25,0,0,0,109|2.000|7.000|1|1.500
14997,249.95,25,0,0,0,109|2.000|6.750|1|1.500
14998,249.966666666667,25,0,0,0,109|2.000|6.500|1|1.500
14999,249.983333333333,25,0,0,0,109|2.000|6.250|1|1.500
15000,250,25,0,0,0,109|2.000|6.000|1|1.500
15001,250.016666666667,25,0,0,0,109|2.000|5.750|1|1.500
15002,250.033333333333,25,0,0,0,109|2.000|5.500|1|1.500
15003,250.05,25,0,0,0,109|1.800|5.250|1|1.500
15004,250.066666666667,25,0,0,0,109|1.600|5.000|1|1.500
15005,250.083333333333,25,0,0,0,109|1.400|4.750|1|1.500
15006,250.1,25,0,0,0,109|1.200|4.500|1|1.500
15007,250.116666666667,25,0,0,0,109|1.200|4.250|1|1.500
15008,250.133333333333,25,0,0,0,109|1.200|4.000|1|1.500
15009,250.15,25,0,0,0,109|1.200|3.750|1|1.500
15010,250.166666666667,25,0,0,0,109|1.200|3.500|1|1.500
15011,250.183333333333,25,0,0,0,109|1.000|3.250|1|1.500
15012,250.2,25,0,0,0,109|1.000|3.000|1|1.500
15013,250.216666666667,25,0,0,0,109|1.000|2.750|1|1.500
15014,250.233333333333,25,0,0,0,109|0.800|2.500|1|1.500
15015,250.25,25,0,0,0,109|0.800|2.250|1|1.500
15016,250.266666666667,25,0,0,0,109|0.600|2.000|1|1.500
15017,250.283333333333,25,0,0,0,109|0.600|1.750|1|1.500
15018,250.3,25,0,0,0,109|0.600|1.500|1|1.500
15019,250.316666666667,25,0,0,0,109|0.600|1.250|1|1.500
15020,250.333333333333,25,0,0,0,109|0.400|1.000|1|1.500
15021,250.35,25,0,0,0,109|0.200|0.750|1|1.500
15022,250.366666666667,25,0,0,0,109|0.200|0.500|1|1.500
15023,250.383333333333,25,0,0,0,109|-0.000|0.250|1|1.500
15024,250.4,25,1,1,1,109|-0.000|0.000|1|1.500
15025,250.416666666667,0,0,0,0,
15026,250.433333333333,0,0,0,0,
15027,250.45,0,0,0,0,
15028,250.466666666667,0,0,0,0,
15029,250.483333333333,0,0,0,0,
15030,250.5,0,0,0,0,
15031,250.516666666667,0,0,0,0,
15032,250.533333333333,0,0,0,0,
15033,250.55,0,0,0,0,
15034,250.566666666667,0,0,0,0,
15035,250.583333333333,0,0,0,0,
15036,250.6,0,0,0,0,
15037,250.616666666667,0,0,0,0,
15038,250.633333333333,0,0,0,0,
15039,250.65,0,0,0,0,
15040,250.666666666667,0,0,0,0,
15041,250.683333333333,0,0,0,0,
15042,250.7,0,0,0,0,
15043,250.716666666667,25,0,0,0,110|5.950|29.750|1|3.000
15044,250.733333333333,25,0,0,0,110|5.900|29.500|1|3.000
15045,250.75,25,0,0,0,110|5.850|29.250|1|3.000
15046,250.766666666667,25,0,0,0,110|5.800|29.000|1|3.000
15047,250.783333333333,25,0,0,0,110|5.750|28.750|1|3.000
15048,250.8,25,0,0,0,110|5.700|28.500|1|3.000
15049,250.816666666667,25,0,0,0,110|5.650|28.250|1|3.000
15050,250.833333333333,25,0,0,0,110|5.600|28.000|1|3.000
15051,250.85,25,0,0,0,110|5.550|27.750|1|3.000
15052,250.866666666667,25,0,0,0,110|5.500|27.500|1|3.000
15053,250.883333333333,25,0,0,0,110|5.450|27.250|1|3.000
15054,250.9,25,0,0,0,110|5.400|27.000|1|3.000
15055,250.916666666667,25,0,0,0,110|5.350|26.750|1|3.000
15056,250.933333333333,25,0,0,0,110|5.300|26.500|1|3.000
15057,250.95,25,0,0,0,110|5.250|26.250|1|3.000
15058,250.966666666667,25,0,0,0,110|5.200|26.000|1|3.000
15059,250.983333333333,25,0,0,0,110|5.150|25.750|1|3.000
15060,251,25,0,0,0,110|5.100|25.500|1|3.000
15061,251.016666666667,25,0,0,0,110|5.050|25.250|1|3.000
15062,251.033333333333,25,0,0,0,110|5.000|25.000|1|3.000
15063,251.05,25,0,0,0,110|4.950|24.750|1|3.000
15064,251.066666666667,25,0,0,0,110|4.900|24.500|1|3.000
15065,251.083333333333,25,0,0,0,110|4.850|24.250|1|3.000
15066,251.1,25,0,0,0,110|4.800|24.000|1|3.000
15067,251.116666666667,25,0,0,0,110|4.750|23.750|1|3.000
15068,251.133333333333,25,0,0,0,110|4.700|23.500|1|3.000
15069,251.15,25,0,0,0,110|4.650|23.250|1|3.000
15070,251.166666666667,25,0,0,0,110|4.600|23.000|1|3.000
15071,251.183333333333,25,0,0,0,110|4.550|22.750|1|3.000
15072,251.2,25,0,0,0,110|4.500|22.500|1|3.000
15073,251.216666666667,25,0,0,0,110|4.450|22.250|1|3.000
15074,251.233333333333,25,0,0,0,110|4.400|22.000|1|3.000
15075,251.25,25,0,0,0,110|4.350|21.750|1|3.000
15076,251.266666666667,25,0,0,0,110|4.300|21.500|1|3.000
15077,251.283333333333,25,0,0,0,110|4.250|21.250|1|3.000
15078,251.3,25,0,0,0,110|4.200|21.000|1|3.000
15079,251.316666666667,25,0,0,0,110|4.150|20.750|1|3.000
15080,251.333333333333,25,0,0,0,110|4.100|20.500|1|3.000
15081,251.35,25,0,0,0,110|4.050|20.250|1|3.000
15082,251.366666666667,25,0,0,0,110|4.000|20.000|1|3.000
15083,251.383333333333,25,0,0,0,110|3.950|19.750|1|3.000
15084,251.4,25,0,0,0,110|3.900|19.500|1|3.000
15085,251.416666666667,25,0,0,0,110|3.850|19.250|1|3.000
15086,251.433333333333,25,0,0,0,110|3.800|19.000|1|3.000
15087,251.45,25,0,0,0,110|3.750|18.750|1|3.000
15088,251.466666666667,25,0,0,0,110|3.700|18.500|1|3.000
15089,251.483333333333,25,0,0,0,110|3.650|18.250|1|3.000
15090,251.5,25,0,0,0,110|3.600|18.000|1|3.000
15091,251.516666666667,25,0,0,0,110|3.550|17.750|1|3.000
15092,251.533333333333,25,0,0,0,110|3.500|17.500|1|3.000
15093,251.55,25,0,0,0,110|3.450|17.250|1|3.000
15094,251.566666666667,25,0,0,0,110|3.400|17.000|1|3.000
15095,251.583333333333,25,0,0,0,110|3.350|16.750|1|3.000
15096,251.6,25,0,0,0,110|3.300|16.500|1|3.000
15097,251.616666666667,25,0,0,0,110|3.250|16.250|1|3.000
15098,251.633333333333,25,0,0,0,110|3.200|16.000|1|3.000
15099,251.65,25,0,0,0,110|3.150|15.750|1|3.000
15100,251.666666666667,25,0,0,0,110|3.100|15.500|1|3.000
15101,251.683333333333,25,0,0,0,110|3.050|15.250|1|3.000
15102,251.7,25,0,0,0,110|3.000|15.000|1|3.000
15103,251.716666666667,25,0,0,0,110|2.950|14.750|1|3.000
15104,251.733333333333,25,0,0,0,110|2.900|14.500|1|3.000
15105,251.75,25,0,0,0,110|2.850|14.250|1|3.000
15106,251.766666666667,25,0,0,0,110|2.800|14.000|1|3.000
15107,251.783333333333,25,0,0,0,110|2.750|13.750|1|3.000
15108,251.8,25,0,0,0,110|2.700|13.500|1|3.000
15109,251.816666666667,25,0,0,0,110|2.650|13.250|1|3.000
15110,251.833333333333,25,0,0,0,110|2.600|13.000|1|3.000
15111,251.85,25,0,0,0,110|2.550|12.750|1|3.000
15112,251.866666666667,25,0,0,0,110|2.500|12.500|1|3.000
15113,251.883333333333,25,0,0,0,110|2.450|12.250|1|3.000
15114,251.9,25,0,0,0,110|2.400|12.000|1|3.000
15115,251.916666666667,25,0,0,0,110|2.350|11.750|1|3.000
15116,251.933333333333,25,0,0,0,110|2.300|11.500|1|3.000
15117,251.95,25,0,0,0,110|2.250|11.250|1|3.000
15118,251.966666666667,25,0,0,0,110|2.200|11.000|1|3.000
15119,251.983333333333,25,0,0,0,110|2.150|10.750|1|3.000
15120,252,25,0,0,0,110|2.100|10.500|1|3.000
15121,252.016666666667,25,0,0,0,110|2.050|10.250|1|3.000
15122,252.033333333333,25,0,0,0,110|2.000|10.000|1|3.000
15123,252.05,25,0,0,0,110|1.950|9.750|1|3.000
15124,252.066666666667,25,0,0,0,110|1.900|9.500|1|3.000
15125,252.083333333333,25,0,0,0,110|1.850|9.250|1|3.000
15126,252.1,25,0,0,0,110|1.800|9.000|1|3.000
15127,252.116666666667,25,0,0,0,110|1.750|8.750|1|3.000
15128,252.133333333333,25,0,0,0,110|1.700|8.500|1|3.000
15129,252.15,25,0,0,0,110|1.650|8.250|1|3.000
15130,252.166666666667,25,0,0,0,110|1.600|8.000|1|3.000
15131,252.183333333333,25,0,0,0,110|1.550|7.750|1|3.000
15132,252.2,25,0,0,0,110|1.500|7.500|1|3.000
15133,252.216666666667,25,0,0,0,110|1.450|7.250|1|3.000
15134,252.233333333333,25,0,0,0,110|1.400|7.000|1|3.000
15135,252.25,25,0,0,0,110|1.350|6.750|1|3.000
15136,252.266666666667,25,0,0,0,110|1.300|6.500|1|3.000
15137,252.283333333333,25,0,0,0,110|1.250|6.250|1|3.000
15138,252.3,25,0,0,0,110|1.200|6.000|1|3.000
15139,252.316666666667,25,0,0,0,110|1.150|5.750|1|3.000
15140,252.333333333333,25,0,0,0,110|1.100|5.500|1|3.000
15141,252.35,25,0,0,0,110|1.050|5.250|1|3.000
15142,252.366666666667,25,0,0,0,110|1.000|5.000|1|3.000
15143,252.383333333333,25,0,0,0,110|0.950|4.750|1|3.000
15144,252.4,25,0,0,0,110|0.900|4.500|1|3.000
15145,252.416666666667,25,0,0,0,110|0.850|4.250|1|3.000
15146,252.433333333333,25,0,0,0,110|0.800|4.000|1|3.000
15147,252.45,25,0,0,0,110|0.750|3.750|1|3.000
15148,252.466666666667,25,0,0,0,110|0.700|3.500|1|3.000
15149,252.483333333333,25,0,0,0,110|0.650|3.250|1|3.000
15150,252.5,25,0,0,0,110|0.600|3.000|1|3.000
15151,252.516666666667,25,0,0,0,110|0.550|2.750|1|3.000
15152,252.533333333333,25,0,0,0,110|0.500|2.500|1|3.000
15153,252.55,25,0,0,0,110|0.450|2.250|1|3.000
15154,252.566666666667,25,0,0,0,110|0.400|2.000|1|3.000
15155,252.583333333333,25,0,0,0,110|0.350|1.750|1|3.000
15156,252.6,25,0,0,0,110|0.300|1.500|1|3.000
15157,252.616666666667,25,0,0,0,110|0.250|1.250|1|3.000
15158,252.633333333333,25,0,0,0,110|0.200|1.000|1|3.000
15159,252.65,25,0,0,0,110|0.150|0.750|1|3.000
15160,252.666666666667,25,0,0,0,110|0.100|0.500|1|3.000
15161,252.683333333333,25,0,0,0,110|0.050|0.250|1|3.000
15162,252.7,25,1,1,1,110|0.000|0.000|1|3.000
15163,252.716666666667,0,0,0,0,
15164,252.733333333333,0,0,0,0,
15165,252.75,0,0,0,0,
15166,252.766666666667,0,0,0,0,
15167,252.783333333333,0,0,0,0,
15168,252.8,0,0,0,0,
15169,252.816666666667,0,0,0,0,
15170,252.833333333333,0,0,0,0,
15171,252.85,0,0,0,0,
15172,252.866666666667,0,0,0,0,
15173,252.883333333333,0,0,0,0,
15174,252.9,0,0,0,0,
15175,252.916666666667,0,0,0,0,
15176,252.933333333333,0,0,0,0,
15177,252.95,0,0,0,0,
15178,252.966666666667,0,0,0,0,
15179,252.983333333333,0,0,0,0,
15180,253,0,0,0,0,
15181,253.016666666667,25,0,0,0,111|-12.000|29.750|1|3.000
15182,253.033333333333,25,0,0,0,111|-12.000|29.500|1|3.000
15183,253.05,25,0,0,0,111|-12.000|29.250|1|3.000
15184,253.066666666667,25,0,0,0,111|-12.000|29.000|1|3.000
15185,253.083333333333,25,0,0,0,111|-12.000|28.750|1|3.000
15186,253.1,25,0,0,0,111|-12.000|28.500|1|3.000
15187,253.116666666667,25,0,0,0,111|-12.000|28.250|1|3.000
15188,253.133333333333,25,0,0,0,111|-12.000|28.000|1|3.000
15189,253.15,25,0,0,0,111|-12.000|27.750|1|3.000
15190,253.166666666667,25,0,0,0,111|-12.000|27.500|1|3.000
15191,253.183333333333,25,0,0,0,111|-12.000|27.250|1|3.000
15192,253.2,25,0,0,0,111|-12.000|27.000|1|3.000
15193,253.216666666667,25,0,0,0,111|-12.000|26.750|1|3.000
15194,253.233333333333,25,0,0,0,111|-12.000|26.500|1|3.000
15195,253.25,25,0,0,0,111|-12.000|26.250|1|3.000
15196,253.266666666667,25,0,0,0,111|-12.000|26.000|1|3.000
15197,253.283333333333,25,0,0,0,111|-12.000|25.750|1|3.000
15198,253.3,25,0,0,0,111|-12.000|25.500|1|3.000
15199,253.316666666667,25,0,0,0,111|-12.000|25.250|1|3.000
15200,253.333333333333,25,0,0,0,111|-12.000|25.000|1|3.000
15201,253.35,25,0,0,0,111|-12.000|24.750|1|3.000
15202,253.366666666667,25,0,0,0,111|-12.000|24.500|1|3.000
15203,253.383333333333,25,0,0,0,111|-12.000|24.250|1|3.000
15204,253.4,25,0,0,0,111|-12.000|24.000|1|3.000
15205,253.416666666667,25,0,0,0,111|-12.000|23.750|1|3.000
15206,253.433333333333,25,0,0,0,111|-12.000|23.500|1|3.000
15207,253.45,25,0,0,0,111|-12.000|23.250|1|3.000
15208,253.466666666667,25,0,0,0,111|-12.000|23.000|1|3.000
15209,253.483333333333,25,0,0,0,111|-12.000|22.750|1|3.000
15210,253.5,25,0,0,0,111|-12.000|22.500|1|3.000
15211,253.516666666667,25,0,0,0,111|-12.000|22.250|1|3.000
15212,253.533333333333,25,0,0,0,111|-12.000|22.000|1|3.000
15213,253.55,25,0,0,0,111|-12.000|21.750|1|3.000
15214,253.566666666667,25,0,0,0,111|-12.000|21.500|1|3.000
15215,253.583333333333,25,0,0,0,111|-12.000|21.250|1|3.000
15216,253.6,25,0,0,0,111|-12.000|21.000|1|3.000
15217,253.616666666667,25,0,0,0,111|-12.000|20.750|1|3.000
15218,253.633333333333,25,0,0,0,111|-12.000|20.500|1|3.000
15219,253.65,25,0,0,0,111|-12.000|20.250|1|3.000
15220,253.666666666667,25,0,0,0,111|-12.000|20.000|1|3.000
15221,253.683333333333,25,0,0,0,111|-12.000|19.750|1|3.000
15222,253.7,25,0,0,0,111|-12.000|19.500|1|3.000
15223,253.716666666667,25,0,0,0,111|-12.000|19.250|1|3.000
15224,253.733333333333,25,0,0,0,111|-12.000|19.000|1|3.000
15225,253.75,25,0,0,0,111|-12.000|18.750|1|3.000
15226,253.766666666667,25,0,0,0,111|-12.000|18.500|1|3.000
15227,253.783333333333,25,0,0,0,111|-12.000|18.250|1|3.000
15228,253.8,25,0,0,0,111|-12.000|18.000|1|3.000
15229,253.816666666667,25,0,0,0,111|-12.000|17.750|1|3.000
15230,253.833333333333,25,0,0,0,111|-12.000|17.500|1|3.000
15231,253.85,25,0,0,0,111|-12.000|17.250|1|3.000
15232,253.866666666667,25,0,0,0,111|-12.000|17.000|1|3.000
15233,253.883333333333,25,0,0,0,111|-12.000|16.750|1|3.000
15234,253.9,25,0,0,0,111|-12.000|16.500|1|3.000
15235,253.916666666667,25,0,0,0,111|-12.000|16.250|1|3.000
15236,253.933333333333,25,0,0,0,111|-12.000|16.000|1|3.000
15237,253.95,25,0,0,0,111|-12.000|15.750|1|3.000
15238,253.966666666667,25,0,0,0,111|-12.000|15.500|1|3.000
15239,253.983333333333,25,0,0,0,111|-12.000|15.250|1|3.000
15240,254,25,0,0,0,111|-12.000|15.000|1|3.000
15241,254.016666666667,25,0,0,0,111|-12.000|14.750|1|3.000
15242,254.033333333333,25,0,0,0,111|-12.000|14.500|1|3.000
15243,254.05,25,0,0,0,111|-12.000|14.250|1|3.000
15244,254.066666666667,25,0,0,0,111|-12.000|14.000|1|3.000
15245,254.083333333333,25,0,0,0,111|-12.000|13.750|1|3.000
15246,254.1,25,0,0,0,111|-12.000|13.500|1|3.000
15247,254.116666666667,25,0,0,0,111|-12.000|13.250|1|3.000
15248,254.133333333333,25,0,0,0,111|-12.000|13.000|1|3.000
15249,254.15,25,0,0,0,111|-12.000|12.750|1|3.000
15250,254.166666666667,25,0,0,0,111|-12.000|12.500|1|3.000
15251,254.183333333333,25,0,0,0,111|-12.000|12.250|1|3.000
15252,254.2,25,0,0,0,111|-12.000|12.000|1|3.000
15253,254.216666666667,25,0,0,0,111|-12.000|11.750|1|3.000
15254,254.233333333333,25,0,0,0,111|-12.000|11.500|1|3.000
15255,254.25,25,0,0,0,111|-12.000|11.250|1|3.000
15256,254.266666666667,25,0,0,0,111|-12.000|11.000|1|3.000
15257,254.283333333333,25,0,0,0,111|-12.000|10.750|1|3.000
15258,254.3,25,0,0,0,111|-12.000|10.500|1|3.000
15259,254.316666666667,25,0,0,0,111|-12.000|10.250|1|3.000
15260,254.333333333333,25,0,0,0,111|-12.000|10.000|1|3.000
15261,254.35,25,0,0,0,111|-12.000|9.750|1|3.000
15262,254.366666666667,25,0,0,0,111|-12.000|9.500|1|3.000
15263,254.383333333333,25,0,0,0,111|-12.000|9.250|1|3.000
15264,254.4,25,0,0,0,111|-12.000|9.000|1|3.000
15265,254.416666666667,25,0,0,0,111|-12.000|8.750|1|3.000
15266,254.433333333333,25,0,0,0,111|-12.000|8.500|1|3.000
15267,254.45,25,0,0,0,111|-12.000|8.250|1|3.000
15268,254.466666666667,25,0,0,0,111|-12.000|8.000|1|3.000
15269,254.483333333333,25,0,0,0,111|-12.000|7.750|1|3.000
15270,254.5,25,0,0,0,111|-12.000|7.500|1|3.000
15271,254.516666666667,25,0,0,0,111|-12.000|7.250|1|3.000
15272,254.533333333333,25,0,0,0,111|-12.000|7.000|1|3.000
15273,254.55,25,0,0,0,111|-12.000|6.750|1|3.000
15274,254.566666666667,25,0,0,0,111|-12.000|6.500|1|3.000
15275,254.583333333333,25,0,0,0,111|-12.000|6.250|1|3.000
15276,254.6,25,0,0,0,111|-12.000|6.000|1|3.000
15277,254.616666666667,25,0,0,0,111|-12.000|5.750|1|3.000
15278,254.633333333333,25,0,0,0,111|-12.000|5.500|1|3.000
15279,254.65,25,0,0,0,111|-12.000|5.250|1|3.000
15280,254.666666666667,25,0,0,0,111|-12.000|5.000|1|3.000
15281,254.683333333333,25,0,0,0,111|-12.000|4.750|1|3.000
15282,254.7,25,0,0,0,111|-12.000|4.500|1|3.000
15283,254.716666666667,25,0,0,0,111|-12.000|4.250|1|3.000
15284,254.733333333333,25,0,0,0,111|-12.000|4.000|1|3.000
15285,254.75,25,0,0,0,111|-12.000|3.750|1|3.000
15286,254.766666666667,25,0,0,0,111|-12.000|3.500|1|3.000
15287,254.783333333333,25,0,0,0,111|-12.000|3.250|1|3.000
15288,254.8,25,0,0,0,111|-12.000|3.000|1|3.000
15289,254.816666666667,25,0,0,0,111|-12.000|2.750|1|3.000
15290,254.833333333333,25,0,0,0,111|-12.000|2.500|1|3.000
15291,254.85,25,0,0,0,111|-12.000|2.250|1|3.000
15292,254.866666666667,25,0,0,0,111|-12.000|2.000|1|3.000
15293,254.883333333333,25,0,0,0,111|-12.000|1.750|1|3.000
15294,254.9,25,0,0,0,111|-12.000|1.500|1|3.000
15295,254.916666666667,25,0,0,0,111|-12.000|1.250|1|3.000
15296,254.933333333333,25,0,0,0,111|-12.000|1.000|1|3.000
15297,254.95,25,0,0,0,111|-12.000|0.750|1|3.000
15298,254.966666666667,25,0,0,0,111|-12.000|0.500|1|3.000
15299,254.983333333333,25,0,0,0,111|-12.000|0.250|1|3.000
15300,255,25,0,1.5,0,111|-12.000|0.000|1|3.000
15301,255.016666666667,0,0,0,0,
15302,255.033333333333,0,0,0,0,
15303,255.05,0,0,0,0,
15304,255.066666666667,0,0,0,0,
15305,255.083333333333,0,0,0,0,
15306,255.1,0,0,0,0,
15307,255.116666666667,0,0,0,0,
15308,255.133333333333,0,0,0,0,
15309,255.15,0,0,0,0,
15310,255.166666666667,0,0,0,0,
15311,255.183333333333,0,0,0,0,
15312,255.2,0,0,0,0,
15313,255.216666666667,0,0,0,0,
15314,255.233333333333,0,0,0,0,
15315,255.25,0,0,0,0,
15316,255.266666666667,0,0,0,0,
15317,255.283333333333,0,0,0,0,
15318,255.3,0,0,0,0,
15319,255.316666666667,25,0,0,0,112|-6.000|29.750|1|1.500
15320,255.333333333333,25,0,0,0,112|-6.000|29.500|1|1.500
15321,255.35,25,0,0,0,112|-6.000|29.250|1|1.500
15322,255.366666666667,25,0,0,0,112|-6.000|29.000|1|1.500
15323,255.383333333333,25,0,0,0,112|-6.000|28.750|1|1.500
15324,255.4,25,0,0,0,112|-6.000|28.500|1|1.500
15325,255.416666666667,25,0,0,0,112|-6.000|28.250|1|1.500
15326,255.433333333333,25,0,0,0,112|-6.000|28.000|1|1.500
15327,255.45,25,0,0,0,112|-6.000|27.750|1|1.500
15328,255.466666666667,25,0,0,0,112|-6.000|27.500|1|1.500
15329,255.483333333333,25,0,0,0,112|-6.000|27.250|1|1.500
15330,255.5,25,0,0,0,112|-6.000|27.000|1|1.500
15331,255.516666666667,25,0,0,0,112|-6.000|26.750|1|1.500
15332,255.533333333333,25,0,0,0,112|-6.000|26.500|1|1.500
15333,255.55,25,0,0,0,112|-6.000|26.250|1|1.500
15334,255.566666666667,25,0,0,0,112|-6.000|26.000|1|1.500
15335,255.583333333333,25,0,0,0,112|-6.000|25.750|1|1.500
15336,255.6,25,0,0,0,112|-6.000|25.500|1|1.500
15337,255.616666666667,25,0,0,0,112|-6.000|25.250|1|1.500
15338,255.633333333333,25,0,0,0,112|-6.000|25.000|1|1.500
15339,255.65,25,0,0,0,112|-6.000|24.750|1|1.500
15340,255.666666666667,25,0,0,0,112|-6.000|24.500|1|1.500
15341,255.683333333333,25,0,0,0,112|-6.000|24.250|1|1.500
15342,255.7,25,0,0,0,112|-6.000|24.000|1|1.500
15343,255.716666666667,25,0,0,0,112|-6.000|23.750|1|1.500
15344,255.733333333333,25,0,0,0,112|-6.000|23.500|1|1.500
15345,255.75,25,0,0,0,112|-6.000|23.250|1|1.500
15346,255.766666666667,25,0,0,0,112|-6.000|23.000|1|1.500
15347,255.783333333333,25,0,0,0,112|-6.000|22.750|1|1.500
15348,255.8,25,0,0,0,112|-6.000|22.500|1|1.500
15349,255.816666666667,25,0,0,0,112|-6.000|22.250|1|1.500
15350,255.833333333333,25,0,0,0,112|-6.000|22.000|1|1.500
15351,255.85,25,0,0,0,112|-6.000|21.750|1|1.500
15352,255.866666666667,25,0,0,0,112|-6.000|21.500|1|1.500
15353,255.883333333333,25,0,0,0,112|-6.000|21.250|1|1.500
15354,255.9,25,0,0,0,112|-6.000|21.000|1|1.500
15355,255.916666666667,25,0,0,0,112|-6.000|20.750|1|1.500
15356,255.933333333333,25,0,0,0,112|-6.000|20.500|1|1.500
15357,255.95,25,0,0,0,112|-6.000|20.250|1|1.500
15358,255.966666666667,25,0,0,0,112|-6.000|20.000|1|1.500
15359,255.983333333333,25,0,0,0,112|-6.000|19.750|1|1.500
15360,256,25,0,0,0,112|-6.000|19.500|1|1.500
15361,256.016666666667,25,0,0,0,112|-6.000|19.250|1|1.500
15362,256.033333333333,25,0,0,0,112|-6.000|19.000|1|1.500
15363,256.05,25,0,0,0,112|-6.000|18.750|1|1.500
15364,256.066666666667,25,0,0,0,112|-6.000|18.500|1|1.500
15365,256.083333333333,25,0,0,0,112|-6.000|18.250|1|1.500
15366,256.1,25,0,0,0,112|-6.000|18.000|1|1.500
15367,256.116666666667,25,0,0,0,112|-6.000|17.750|1|1.500
15368,256.133333333333,25,0,0,0,112|-6.000|17.500|1|1.500
15369,256.15,25,0,0,0,112|-6.000|17.250|1|1.500
15370,256.166666666667,25,0,0,0,112|-6.000|17.000|1|1.500
15371,256.183333333333,25,0,0,0,112|-6.000|16.750|1|1.500
15372,256.2,25,0,0,0,112|-6.000|16.500|1|1.500
15373,256.216666666667,25,0,0,0,112|-6.000|16.250|1|1.500
15374,256.233333333333,25,0,0,0,112|-6.000|16.000|1|1.500
15375,256.25,25,0,0,0,112|-6.000|15.750|1|1.500
15376,256.266666666667,25,0,0,0,112|-6.000|15.500|1|1.500
15377,256.283333333333,25,0,0,0,112|-6.000|15.250|1|1.500
15378,256.3,25,0,0,0,112|-6.000|15.000|1|1.500
15379,256.316666666667,25,0,0,0,112|-6.000|14.750|1|1.500
15380,256.333333333333,25,0,0,0,112|-6.000|14.500|1|1.500
15381,256.35,25,0,0,0,112|-6.000|14.250|1|1.500
15382,256.366666666667,25,0,0,0,112|-6.000|14.000|1|1.500
15383,256.383333333333,25,0,0,0,112|-6.000|13.750|1|1.500
15384,256.4,25,0,0,0,112|-6.000|13.500|1|1.500
15385,256.416666666667,25,0,0,0,112|-6.000|13.250|1|1.500
15386,256.433333333333,25,0,0,0,112|-6.000|13.000|1|1.500
15387,256.45,25,0,0,0,112|-6.000|12.750|1|1.500
15388,256.466666666667,25,0,0,0,112|-6.000|12.500|1|1.500
15389,256.483333333333,25,0,0,0,112|-6.000|12.250|1|1.500
15390,256.5,25,0,0,0,112|-6.000|12.000|1|1.500
15391,256.516666666667,25,0,0,0,112|-6.000|11.750|1|1.500
15392,256.533333333333,25,0,0,0,112|-6.000|11.500|1|1.500
15393,256.55,25,0,0,0,112|-6.000|11.250|1|1.500
15394,256.566666666667,25,0,0,0,112|-6.000|11.000|1|1.500
15395,256.583333333333,25,0,0,0,112|-6.000|10.750|1|1.500
15396,256.6,25,0,0,0,112|-6.000|10.500|1|1.500
15397,256.616666666667,25,0,0,0,112|-6.000|10.250|1|1.500
15398,256.633333333333,25,0,0,0,112|-6.000|10.000|1|1.500
15399,256.65,25,0,0,0,112|-6.000|9.750|1|1.500
15400,256.666666666667,25,0,0,0,112|-6.000|9.500|1|1.500
15401,256.683333333333,25,0,0,0,112|-6.000|9.250|1|1.500
15402,256.7,25,0,0,0,112|-6.000|9.000|1|1.500
15403,256.716666666667,25,0,0,0,112|-6.000|8.750|1|1.500
15404,256.733333333333,25,0,0,0,112|-6.000|8.500|1|1.500
15405,256.75,25,0,0,0,112|-6.000|8.250|1|1.500
15406,256.766666666667,25,0,0,0,112|-6.000|8.000|1|1.500
15407,256.783333333333,25,0,0,0,112|-6.000|7.750|1|1.500
15408,256.8,25,0,0,0,112|-6.000|7.500|1|1.500
15409,256.816666666667,25,0,0,0,112|-6.000|7.250|1|1.500
15410,256.833333333333,25,0,0,0,112|-6.000|7.000|1|1.500
15411,256.85,25,0,0,0,112|-6.000|6.750|1|1.500
15412,256.866666666667,25,0,0,0,112|-6.000|6.500|1|1.500
15413,256.883333333333,25,0,0,0,112|-6.000|6.250|1|1.500
15414,256.9,25,0,0,0,112|-6.000|6.000|1|1.500
15415,256.916666666667,25,0,0,0,112|-6.000|5.750|1|1.500
15416,256.933333333333,25,0,0,0,112|-6.000|5.500|1|1.500
15417,256.95,25,0,0,0,112|-6.000|5.250|1|1.500
15418,256.966666666667,25,0,0,0,112|-6.000|5.000|1|1.500
15419,256.983333333333,25,0,0,0,112|-6.000|4.750|1|1.500
15420,257,25,0,0,0,112|-6.000|4.500|1|1.500
15421,257.016666666667,25,0,0,0,112|-6.000|4.250|1|1.500
15422,257.033333333333,25,0,0,0,112|-6.000|4.000|1|1.500
15423,257.05,25,0,0,0,112|-6.000|3.750|1|1.500
15424,257.066666666667,25,0,0,0,112|-6.000|3.500|1|1.500
15425,257.083333333333,25,0,0,0,112|-6.000|3.250|1|1.500
15426,257.1,25,0,0,0,112|-6.000|3.000|1|1.500
15427,257.116666666667,25,0,0,0,112|-6.000|2.750|1|1.500
15428,257.133333333333,25,0,0,0,112|-6.000|2.500|1|1.500
15429,257.15,25,0,0,0,112|-6.000|2.250|1|1.500
15430,257.166666666667,25,0,0,0,112|-6.000|2.000|1|1.500
15431,257.183333333333,25,0,0,0,112|-6.000|1.750|1|1.500
15432,257.2,25,0,0,0,112|-6.000|1.500|1|1.500
15433,257.216666666667,25,0,0,0,112|-6.000|1.250|1|1.500
15434,257.233333333333,25,0,0,0,112|-6.000|1.000|1|1.500
15435,257.25,25,0,0,0,112|-6.000|0.750|1|1.500
15436,257.266666666667,25,0,0,0,112|-6.000|0.500|1|1.500
15437,257.283333333333,25,0,0,0,112|-6.000|0.250|1|1.500
15438,257.3,25,0,1,0,112|-6.000|0.000|1|1.500
15439,257.316666666667,0,0,0,0,
15440,257.333333333333,0,0,0,0,
15441,257.35,0,0,0,0,
15442,257.366666666667,0,0,0,0,
15443,257.383333333333,0,0,0,0,
15444,257.4,0,0,0,0,
15445,257.416666666667,0,0,0,0,
15446,257.433333333333,0,0,0,0,
15447,257.45,0,0,0,0,
15448,257.466666666667,0,0,0,0,
15449,257.483333333333,0,0,0,0,
15450,257.5,0,0,0,0,
15451,257.516666666667,0,0,0,0,
15452,257.533333333333,0,0,0,0,
15453,257.55,0,0,0,0,
15454,257.566666666667,0,0,0,0,
15455,257.583333333333,0,0,0,0,
15456,257.6,0,0,0,0,
