frame_idx,t_global_s,linear_velocity,reward_state,slot_1
1,0.0166666666666667,30,0,1|-12.000|89.500|1
2,0.0333333333333333,30,0,1|-12.000|89.000|1
3,0.05,30,0,1|-12.000|88.500|1
4,0.0666666666666667,30,0,1|-12.000|88.000|1
5,0.0833333333333333,30,0,1|-12.000|87.500|1
6,0.1,30,0,1|-12.000|87.000|1
7,0.116666666666667,30,0,1|-12.000|86.500|1
8,0.133333333333333,30,0,1|-12.000|86.000|1
9,0.15,30,0,1|-12.000|85.500|1
10,0.166666666666667,30,0,1|-12.000|85.000|1
11,0.183333333333333,30,0,1|-11.333|84.500|1
12,0.2,30,0,1|-11.333|84.000|1
13,0.216666666666667,30,0,1|-11.333|83.500|1
14,0.233333333333333,30,0,1|-11.333|83.000|1
15,0.25,30,0,1|-11.333|82.500|1
16,0.266666666666667,30,0,1|-11.333|82.000|1
17,0.283333333333333,30,0,1|-11.333|81.500|1
18,0.3,30,0,1|-11.333|81.000|1
19,0.316666666666667,30,0,1|-11.333|80.500|1
20,0.333333333333333,30,0,1|-11.333|80.000|1
21,0.35,30,0,1|-11.333|79.500|1
22,0.366666666666667,30,0,1|-10.667|79.000|1
23,0.383333333333333,30,0,1|-10.667|78.500|1
24,0.4,30,0,1|-10.667|78.000|1
25,0.416666666666667,30,0,1|-10.667|77.500|1
26,0.433333333333333,30,0,1|-10.667|77.000|1
27,0.45,30,0,1|-10.667|76.500|1
28,0.466666666666667,30,0,1|-10.000|76.000|1
29,0.483333333333333,30,0,1|-10.000|75.500|1
30,0.5,30,0,1|-9.333|75.000|1
31,0.516666666666667,30,0,1|-8.667|74.500|1
32,0.533333333333333,30,0,1|-8.667|74.000|1
33,0.55,30,0,1|-8.667|73.500|1
34,0.566666666666667,30,0,1|-8.667|73.000|1
35,0.583333333333333,30,0,1|-8.667|72.500|1
36,0.6,30,0,1|-8.667|72.000|1
37,0.616666666666667,30,0,1|-8.667|71.500|1
38,0.633333333333333,30,0,1|-8.667|71.000|1
39,0.65,30,0,1|-8.667|70.500|1
40,0.666666666666667,30,0,1|-8.667|70.000|1
41,0.683333333333333,30,0,1|-8.667|69.500|1
42,0.7,30,0,1|-8.667|69.000|1
43,0.716666666666667,30,0,1|-8.667|68.500|1
44,0.733333333333333,30,0,1|-8.667|68.000|1
45,0.75,30,0,1|-8.667|67.500|1
46,0.766666666666667,30,0,1|-8.667|67.000|1
47,0.783333333333333,30,0,1|-8.667|66.500|1
48,0.8,30,0,1|-8.667|66.000|1
49,0.816666666666667,30,0,1|-8.667|65.500|1
50,0.833333333333333,30,0,1|-8.667|65.000|1
51,0.85,30,0,1|-8.667|64.500|1
52,0.866666666666667,30,0,1|-8.667|64.000|1
53,0.883333333333333,30,0,1|-8.667|63.500|1
54,0.9,30,0,1|-8.667|63.000|1
55,0.916666666666667,30,0,1|-8.667|62.500|1
56,0.933333333333333,30,0,1|-8.667|62.000|1
57,0.95,30,0,1|-8.667|61.500|1
58,0.966666666666667,30,0,1|-8.667|61.000|1
59,0.983333333333333,30,0,1|-8.667|60.500|1
60,1,30,0,1|-8.000|60.000|1
61,1.01666666666667,30,0,1|-8.000|59.500|1
62,1.03333333333333,30,0,1|-8.000|59.000|1
63,1.05,30,0,1|-8.000|58.500|1
64,1.06666666666667,30,0,1|-8.000|58.000|1
65,1.08333333333333,30,0,1|-7.333|57.500|1
66,1.1,30,0,1|-7.333|57.000|1
67,1.11666666666667,30,0,1|-7.333|56.500|1
68,1.13333333333333,30,0,1|-7.333|56.000|1
69,1.15,30,0,1|-7.333|55.500|1
70,1.16666666666667,30,0,1|-6.667|55.000|1
71,1.18333333333333,30,0,1|-6.667|54.500|1
72,1.2,30,0,1|-6.667|54.000|1
73,1.21666666666667,30,0,1|-6.667|53.500|1
74,1.23333333333333,30,0,1|-6.000|53.000|1
75,1.25,30,0,1|-6.000|52.500|1
76,1.26666666666667,30,0,1|-6.000|52.000|1
77,1.28333333333333,30,0,1|-6.000|51.500|1
78,1.3,30,0,1|-6.000|51.000|1
79,1.31666666666667,30,0,1|-6.000|50.500|1
80,1.33333333333333,30,0,1|-6.000|50.000|1
81,1.35,30,0,1|-6.000|49.500|1
82,1.36666666666667,30,0,1|-6.000|49.000|1
83,1.38333333333333,30,0,1|-6.000|48.500|1
84,1.4,30,0,1|-6.000|48.000|1
85,1.41666666666667,30,0,1|-6.000|47.500|1
86,1.43333333333333,30,0,1|-6.000|47.000|1
87,1.45,30,0,1|-6.000|46.500|1
88,1.46666666666667,30,0,1|-6.000|46.000|1
89,1.48333333333333,30,0,1|-6.000|45.500|1
90,1.5,30,0,1|-6.000|45.000|1
91,1.51666666666667,30,0,1|-6.000|44.500|1
92,1.53333333333333,30,0,1|-6.000|44.000|1
93,1.55,30,0,1|-6.000|43.500|1
94,1.56666666666667,30,0,1|-6.000|43.000|1
95,1.58333333333333,30,0,1|-6.000|42.500|1
96,1.6,30,0,1|-6.000|42.000|1
97,1.61666666666667,30,0,1|-6.000|41.500|1
98,1.63333333333333,30,0,1|-6.000|41.000|1
99,1.65,30,0,1|-5.333|40.500|1
100,1.66666666666667,30,0,1|-5.333|40.000|1
101,1.68333333333333,30,0,1|-4.667|39.500|1
102,1.7,30,0,1|-4.667|39.000|1
103,1.71666666666667,30,0,1|-4.667|38.500|1
104,1.73333333333333,30,0,1|-4.667|38.000|1
105,1.75,30,0,1|-4.667|37.500|1
106,1.76666666666667,30,0,1|-4.667|37.000|1
107,1.78333333333333,30,0,1|-4.667|36.500|1
108,1.8,30,0,1|-4.667|36.000|1
109,1.81666666666667,30,0,1|-4.667|35.500|1
110,1.83333333333333,30,0,1|-4.667|35.000|1
111,1.85,30,0,1|-4.667|34.500|1
112,1.86666666666667,30,0,1|-4.000|34.000|1
113,1.88333333333333,30,0,1|-4.000|33.500|1
114,1.9,30,0,1|-3.333|33.000|1
115,1.91666666666667,30,0,1|-3.333|32.500|1
116,1.93333333333333,30,0,1|-3.333|32.000|1
117,1.95,30,0,1|-3.333|31.500|1
118,1.96666666666667,30,0,1|-3.333|31.000|1
119,1.98333333333333,30,0,1|-3.333|30.500|1
120,2,30,0,1|-3.333|30.000|1
121,2.01666666666667,30,0,1|-3.333|29.500|1
122,2.03333333333333,30,0,1|-3.333|29.000|1
123,2.05,30,0,1|-2.667|28.500|1
124,2.06666666666667,30,0,1|-2.667|28.000|1
125,2.08333333333333,30,0,1|-2.667|27.500|1
126,2.1,30,0,1|-2.667|27.000|1
127,2.11666666666667,30,0,1|-2.667|26.500|1
128,2.13333333333333,30,0,1|-2.667|26.000|1
129,2.15,30,0,1|-2.667|25.500|1
130,2.16666666666667,30,0,1|-2.667|25.000|1
131,2.18333333333333,30,0,1|-2.667|24.500|1
132,2.2,30,0,1|-2.667|24.000|1
133,2.21666666666667,30,0,1|-2.667|23.500|1
134,2.23333333333333,30,0,1|-2.667|23.000|1
135,2.25,30,0,1|-2.000|22.500|1
136,2.26666666666667,30,0,1|-2.000|22.000|1
137,2.28333333333333,30,0,1|-2.000|21.500|1
138,2.3,30,0,1|-2.000|21.000|1
139,2.31666666666667,30,0,1|-2.000|20.500|1
140,2.33333333333333,30,0,1|-2.000|20.000|1
141,2.35,30,0,1|-2.000|19.500|1
142,2.36666666666667,30,0,1|-2.000|19.000|1
143,2.38333333333333,30,0,1|-2.000|18.500|1
144,2.4,30,0,1|-2.000|18.000|1
145,2.41666666666667,30,0,1|-2.000|17.500|1
146,2.43333333333333,30,0,1|-2.000|17.000|1
147,2.45,30,0,1|-2.000|16.500|1
148,2.46666666666667,30,0,1|-2.000|16.000|1
149,2.48333333333333,30,0,1|-2.000|15.500|1
150,2.5,30,0,1|-2.000|15.000|1
151,2.51666666666667,30,0,1|-2.000|14.500|1
152,2.53333333333333,30,0,1|-2.000|14.000|1
153,2.55,30,0,1|-1.333|13.500|1
154,2.56666666666667,30,0,1|-1.333|13.000|1
155,2.58333333333333,30,0,1|-1.333|12.500|1
156,2.6,30,0,1|-1.333|12.000|1
157,2.61666666666667,30,0,1|-1.333|11.500|1
158,2.63333333333333,30,0,1|-1.333|11.000|1
159,2.65,30,0,1|-1.333|10.500|1
160,2.66666666666667,30,0,1|-1.333|10.000|1
161,2.68333333333333,30,0,1|-1.333|9.500|1
162,2.7,30,0,1|-1.333|9.000|1
163,2.71666666666667,30,0,1|-1.333|8.500|1
164,2.73333333333333,30,0,1|-1.333|8.000|1
165,2.75,30,0,1|-1.333|7.500|1
166,2.76666666666667,30,0,1|-1.333|7.000|1
167,2.78333333333333,30,0,1|-1.333|6.500|1
168,2.8,30,0,1|-1.333|6.000|1
169,2.81666666666667,30,0,1|-0.667|5.500|1
170,2.83333333333333,30,0,1|-0.667|5.000|1
171,2.85,30,0,1|-0.667|4.500|1
172,2.86666666666667,30,0,1|-0.667|4.000|1
173,2.88333333333333,30,0,1|-0.667|3.500|1
174,2.9,30,0,1|-0.667|3.000|1
175,2.91666666666667,30,0,1|-0.667|2.500|1
176,2.93333333333333,30,0,1|-0.000|2.000|1
177,2.95,30,0,1|-0.000|1.500|1
178,2.96666666666667,30,0,1|-0.000|1.000|1
179,2.98333333333333,30,0,1|-0.000|0.500|1
180,3,30,1,1|-0.000|0.000|1
181,3.01666666666667,30,0,2|6.000|89.500|1
182,3.03333333333333,30,0,2|5.867|89.000|1
183,3.05,30,0,2|5.867|88.500|1
184,3.06666666666667,30,0,2|5.867|88.000|1
185,3.08333333333333,30,0,2|5.733|87.500|1
186,3.1,30,0,2|5.733|87.000|1
187,3.11666666666667,30,0,2|5.733|86.500|1
188,3.13333333333333,30,0,2|5.733|86.000|1
189,3.15,30,0,2|5.733|85.500|1
190,3.16666666666667,30,0,2|5.600|85.000|1
191,3.18333333333333,30,0,2|5.600|84.500|1
192,3.2,30,0,2|5.600|84.000|1
193,3.21666666666667,30,0,2|5.600|83.500|1
194,3.23333333333333,30,0,2|5.600|83.000|1
195,3.25,30,0,2|5.600|82.500|1
196,3.26666666666667,30,0,2|5.600|82.000|1
197,3.28333333333333,30,0,2|5.467|81.500|1
198,3.3,30,0,2|5.333|81.000|1
199,3.31666666666667,30,0,2|5.333|80.500|1
200,3.33333333333333,30,0,2|5.333|80.000|1
201,3.35,30,0,2|5.200|79.500|1
202,3.36666666666667,30,0,2|5.067|79.000|1
203,3.38333333333333,30,0,2|5.067|78.500|1
204,3.4,30,0,2|5.067|78.000|1
205,3.41666666666667,30,0,2|5.067|77.500|1
206,3.43333333333333,30,0,2|4.933|77.000|1
207,3.45,30,0,2|4.800|76.500|1
208,3.46666666666667,30,0,2|4.800|76.000|1
209,3.48333333333333,30,0,2|4.800|75.500|1
210,3.5,30,0,2|4.800|75.000|1
211,3.51666666666667,30,0,2|4.800|74.500|1
212,3.53333333333333,30,0,2|4.800|74.000|1
213,3.55,30,0,2|4.800|73.500|1
214,3.56666666666667,30,0,2|4.800|73.000|1
215,3.58333333333333,30,0,2|4.800|72.500|1
216,3.6,30,0,2|4.800|72.000|1
217,3.61666666666667,30,0,2|4.800|71.500|1
218,3.63333333333333,30,0,2|4.800|71.000|1
219,3.65,30,0,2|4.800|70.500|1
220,3.66666666666667,30,0,2|4.667|70.000|1
221,3.68333333333333,30,0,2|4.667|69.500|1
222,3.7,30,0,2|4.533|69.000|1
223,3.71666666666667,30,0,2|4.400|68.500|1
224,3.73333333333333,30,0,2|4.400|68.000|1
225,3.75,30,0,2|4.400|67.500|1
226,3.76666666666667,30,0,2|4.400|67.000|1
227,3.78333333333333,30,0,2|4.267|66.500|1
228,3.8,30,0,2|4.133|66.000|1
229,3.81666666666667,30,0,2|4.000|65.500|1
230,3.83333333333333,30,0,2|4.000|65.000|1
231,3.85,30,0,2|3.867|64.500|1
232,3.86666666666667,30,0,2|3.867|64.000|1
233,3.88333333333333,30,0,2|3.867|63.500|1
234,3.9,30,0,2|3.867|63.000|1
235,3.91666666666667,30,0,2|3.867|62.500|1
236,3.93333333333333,30,0,2|3.867|62.000|1
237,3.95,30,0,2|3.867|61.500|1
238,3.96666666666667,30,0,2|3.733|61.000|1
239,3.98333333333333,30,0,2|3.733|60.500|1
240,4,30,0,2|3.600|60.000|1
241,4.01666666666667,30,0,2|3.600|59.500|1
242,4.03333333333333,30,0,2|3.600|59.000|1
243,4.05,30,0,2|3.467|58.500|1
244,4.06666666666667,30,0,2|3.467|58.000|1
245,4.08333333333333,30,0,2|3.467|57.500|1
246,4.1,30,0,2|3.467|57.000|1
247,4.11666666666667,30,0,2|3.467|56.500|1
248,4.13333333333333,30,0,2|3.467|56.000|1
249,4.15,30,0,2|3.467|55.500|1
250,4.16666666666667,30,0,2|3.467|55.000|1
251,4.18333333333333,30,0,2|3.467|54.500|1
252,4.2,30,0,2|3.467|54.000|1
253,4.21666666666667,30,0,2|3.467|53.500|1
254,4.23333333333333,30,0,2|3.467|53.000|1
255,4.25,30,0,2|3.467|52.500|1
256,4.26666666666667,30,0,2|3.333|52.000|1
257,4.28333333333333,30,0,2|3.333|51.500|1
258,4.3,30,0,2|3.333|51.000|1
259,4.31666666666667,30,0,2|3.333|50.500|1
260,4.33333333333333,30,0,2|3.333|50.000|1
261,4.35,30,0,2|3.200|49.500|1
262,4.36666666666667,30,0,2|3.200|49.000|1
263,4.38333333333333,30,0,2|3.200|48.500|1
264,4.4,30,0,2|3.067|48.000|1
265,4.41666666666667,30,0,2|3.067|47.500|1
266,4.43333333333333,30,0,2|3.067|47.000|1
267,4.45,30,0,2|3.067|46.500|1
268,4.46666666666667,30,0,2|3.067|46.000|1
269,4.48333333333333,30,0,2|3.067|45.500|1
270,4.5,30,0,2|3.067|45.000|1
271,4.51666666666667,30,0,2|3.067|44.500|1
272,4.53333333333333,30,0,2|3.067|44.000|1
273,4.55,30,0,2|3.067|43.500|1
274,4.56666666666667,30,0,2|2.933|43.000|1
275,4.58333333333333,30,0,2|2.933|42.500|1
276,4.6,30,0,2|2.933|42.000|1
277,4.61666666666667,30,0,2|2.933|41.500|1
278,4.63333333333333,30,0,2|2.933|41.000|1
279,4.65,30,0,2|2.933|40.500|1
280,4.66666666666667,30,0,2|2.933|40.000|1
281,4.68333333333333,30,0,2|2.933|39.500|1
282,4.7,30,0,2|2.800|39.000|1
283,4.71666666666667,30,0,2|2.800|38.500|1
284,4.73333333333333,30,0,2|2.667|38.000|1
285,4.75,30,0,2|2.667|37.500|1
286,4.76666666666667,30,0,2|2.667|37.000|1
287,4.78333333333333,30,0,2|2.667|36.500|1
288,4.8,30,0,2|2.667|36.000|1
289,4.81666666666667,30,0,2|2.533|35.500|1
290,4.83333333333333,30,0,2|2.533|35.000|1
291,4.85,30,0,2|2.400|34.500|1
292,4.86666666666667,30,0,2|2.400|34.000|1
293,4.88333333333333,30,0,2|2.400|33.500|1
294,4.9,30,0,2|2.400|33.000|1
295,4.91666666666667,30,0,2|2.400|32.500|1
296,4.93333333333333,30,0,2|2.267|32.000|1
297,4.95,30,0,2|2.133|31.500|1
298,4.96666666666667,30,0,2|2.000|31.000|1
299,4.98333333333333,30,0,2|2.000|30.500|1
300,5,30,0,2|2.000|30.000|1
301,5.01666666666667,30,0,2|1.867|29.500|1
302,5.03333333333333,30,0,2|1.867|29.000|1
303,5.05,30,0,2|1.867|28.500|1
304,5.06666666666667,30,0,2|1.733|28.000|1
305,5.08333333333333,30,0,2|1.733|27.500|1
306,5.1,30,0,2|1.600|27.000|1
307,5.11666666666667,30,0,2|1.600|26.500|1
308,5.13333333333333,30,0,2|1.600|26.000|1
309,5.15,30,0,2|1.600|25.500|1
310,5.16666666666667,30,0,2|1.467|25.000|1
311,5.18333333333333,30,0,2|1.467|24.500|1
312,5.2,30,0,2|1.467|24.000|1
313,5.21666666666667,30,0,2|1.467|23.500|1
314,5.23333333333333,30,0,2|1.467|23.000|1
315,5.25,30,0,2|1.467|22.500|1
316,5.26666666666667,30,0,2|1.467|22.000|1
317,5.28333333333333,30,0,2|1.467|21.500|1
318,5.3,30,0,2|1.467|21.000|1
319,5.31666666666667,30,0,2|1.467|20.500|1
320,5.33333333333333,30,0,2|1.467|20.000|1
321,5.35,30,0,2|1.467|19.500|1
322,5.36666666666667,30,0,2|1.467|19.000|1
323,5.38333333333333,30,0,2|1.467|18.500|1
324,5.4,30,0,2|1.467|18.000|1
325,5.41666666666667,30,0,2|1.333|17.500|1
326,5.43333333333333,30,0,2|1.333|17.000|1
327,5.45,30,0,2|1.333|16.500|1
328,5.46666666666667,30,0,2|1.200|16.000|1
329,5.48333333333333,30,0,2|1.200|15.500|1
330,5.5,30,0,2|1.200|15.000|1
331,5.51666666666667,30,0,2|1.200|14.500|1
332,5.53333333333333,30,0,2|1.200|14.000|1
333,5.55,30,0,2|1.067|13.500|1
334,5.56666666666667,30,0,2|0.933|13.000|1
335,5.58333333333333,30,0,2|0.933|12.500|1
336,5.6,30,0,2|0.800|12.000|1
337,5.61666666666667,30,0,2|0.800|11.500|1
338,5.63333333333333,30,0,2|0.800|11.000|1
339,5.65,30,0,2|0.800|10.500|1
340,5.66666666666667,30,0,2|0.667|10.000|1
341,5.68333333333333,30,0,2|0.667|9.500|1
342,5.7,30,0,2|0.667|9.000|1
343,5.71666666666667,30,0,2|0.667|8.500|1
344,5.73333333333333,30,0,2|0.667|8.000|1
345,5.75,30,0,2|0.667|7.500|1
346,5.76666666666667,30,0,2|0.667|7.000|1
347,5.78333333333333,30,0,2|0.533|6.500|1
348,5.8,30,0,2|0.533|6.000|1
349,5.81666666666667,30,0,2|0.533|5.500|1
350,5.83333333333333,30,0,2|0.533|5.000|1
351,5.85,30,0,2|0.533|4.500|1
352,5.86666666666667,30,0,2|0.400|4.000|1
353,5.88333333333333,30,0,2|0.267|3.500|1
354,5.9,30,0,2|0.267|3.000|1
355,5.91666666666667,30,0,2|0.133|2.500|1
356,5.93333333333333,30,0,2|0.133|2.000|1
357,5.95,30,0,2|0.133|1.500|1
358,5.96666666666667,30,0,2|0.133|1.000|1
359,5.98333333333333,30,0,2|0.133|0.500|1
360,6,30,1,2|-0.000|0.000|1
361,6.01666666666667,30,0,3|-14.917|89.500|1
362,6.03333333333333,30,0,3|-14.833|89.000|1
363,6.05,30,0,3|-14.750|88.500|1
364,6.06666666666667,30,0,3|-14.667|88.000|1
365,6.08333333333333,30,0,3|-14.583|87.500|1
366,6.1,30,0,3|-14.500|87.000|1
367,6.11666666666667,30,0,3|-14.417|86.500|1
368,6.13333333333333,30,0,3|-14.333|86.000|1
369,6.15,30,0,3|-14.250|85.500|1
370,6.16666666666667,30,0,3|-14.167|85.000|1
371,6.18333333333333,30,0,3|-14.083|84.500|1
372,6.2,30,0,3|-14.000|84.000|1
373,6.21666666666667,30,0,3|-13.917|83.500|1
374,6.23333333333333,30,0,3|-13.833|83.000|1
375,6.25,30,0,3|-13.750|82.500|1
376,6.26666666666667,30,0,3|-13.667|82.000|1
377,6.28333333333333,30,0,3|-13.583|81.500|1
378,6.3,30,0,3|-13.500|81.000|1
379,6.31666666666667,30,0,3|-13.417|80.500|1
380,6.33333333333333,30,0,3|-13.333|80.000|1
381,6.35,30,0,3|-13.250|79.500|1
382,6.36666666666667,30,0,3|-13.167|79.000|1
383,6.38333333333333,30,0,3|-13.083|78.500|1
384,6.4,30,0,3|-13.000|78.000|1
385,6.41666666666667,30,0,3|-12.917|77.500|1
386,6.43333333333333,30,0,3|-12.833|77.000|1
387,6.45,30,0,3|-12.750|76.500|1
388,6.46666666666667,30,0,3|-12.667|76.000|1
389,6.48333333333333,30,0,3|-12.583|75.500|1
390,6.5,30,0,3|-12.500|75.000|1
391,6.51666666666667,30,0,3|-12.417|74.500|1
392,6.53333333333333,30,0,3|-12.333|74.000|1
393,6.55,30,0,3|-12.250|73.500|1
394,6.56666666666667,30,0,3|-12.167|73.000|1
395,6.58333333333333,30,0,3|-12.083|72.500|1
396,6.6,30,0,3|-12.000|72.000|1
397,6.61666666666667,30,0,3|-11.917|71.500|1
398,6.63333333333333,30,0,3|-11.833|71.000|1
399,6.65,30,0,3|-11.750|70.500|1
400,6.66666666666667,30,0,3|-11.667|70.000|1
401,6.68333333333333,30,0,3|-11.583|69.500|1
402,6.7,30,0,3|-11.500|69.000|1
403,6.71666666666667,30,0,3|-11.417|68.500|1
404,6.73333333333333,30,0,3|-11.333|68.000|1
405,6.75,30,0,3|-11.250|67.500|1
406,6.76666666666667,30,0,3|-11.167|67.000|1
407,6.78333333333333,30,0,3|-11.083|66.500|1
408,6.8,30,0,3|-11.000|66.000|1
409,6.81666666666667,30,0,3|-10.917|65.500|1
410,6.83333333333333,30,0,3|-10.833|65.000|1
411,6.85,30,0,3|-10.750|64.500|1
412,6.86666666666667,30,0,3|-10.667|64.000|1
413,6.88333333333333,30,0,3|-10.583|63.500|1
414,6.9,30,0,3|-10.500|63.000|1
415,6.91666666666667,30,0,3|-10.417|62.500|1
416,6.93333333333333,30,0,3|-10.333|62.000|1
417,6.95,30,0,3|-10.250|61.500|1
418,6.96666666666667,30,0,3|-10.167|61.000|1
419,6.98333333333333,30,0,3|-10.083|60.500|1
420,7,30,0,3|-10.000|60.000|1
421,7.01666666666667,30,0,3|-9.917|59.500|1
422,7.03333333333333,30,0,3|-9.833|59.000|1
423,7.05,30,0,3|-9.750|58.500|1
424,7.06666666666667,30,0,3|-9.667|58.000|1
425,7.08333333333333,30,0,3|-9.583|57.500|1
426,7.1,30,0,3|-9.500|57.000|1
427,7.11666666666667,30,0,3|-9.417|56.500|1
428,7.13333333333333,30,0,3|-9.333|56.000|1
429,7.15,30,0,3|-9.250|55.500|1
430,7.16666666666667,30,0,3|-9.167|55.000|1
431,7.18333333333333,30,0,3|-9.083|54.500|1
432,7.2,30,0,3|-9.000|54.000|1
433,7.21666666666667,30,0,3|-8.917|53.500|1
434,7.23333333333333,30,0,3|-8.833|53.000|1
435,7.25,30,0,3|-8.750|52.500|1
436,7.26666666666667,30,0,3|-8.667|52.000|1
437,7.28333333333333,30,0,3|-8.583|51.500|1
438,7.3,30,0,3|-8.500|51.000|1
439,7.31666666666667,30,0,3|-8.417|50.500|1
440,7.33333333333333,30,0,3|-8.333|50.000|1
441,7.35,30,0,3|-8.250|49.500|1
442,7.36666666666667,30,0,3|-8.167|49.000|1
443,7.38333333333333,30,0,3|-8.083|48.500|1
444,7.4,30,0,3|-8.000|48.000|1
445,7.41666666666667,30,0,3|-7.917|47.500|1
446,7.43333333333333,30,0,3|-7.833|47.000|1
447,7.45,30,0,3|-7.750|46.500|1
448,7.46666666666667,30,0,3|-7.667|46.000|1
449,7.48333333333333,30,0,3|-7.583|45.500|1
450,7.5,30,0,3|-7.500|45.000|1
451,7.51666666666667,30,0,3|-7.417|44.500|1
452,7.53333333333333,30,0,3|-7.333|44.000|1
453,7.55,30,0,3|-7.250|43.500|1
454,7.56666666666667,30,0,3|-7.167|43.000|1
455,7.58333333333333,30,0,3|-7.083|42.500|1
456,7.6,30,0,3|-7.000|42.000|1
457,7.61666666666667,30,0,3|-6.917|41.500|1
458,7.63333333333333,30,0,3|-6.833|41.000|1
459,7.65,30,0,3|-6.750|40.500|1
460,7.66666666666667,30,0,3|-6.667|40.000|1
461,7.68333333333333,30,0,3|-6.583|39.500|1
462,7.7,30,0,3|-6.500|39.000|1
463,7.71666666666667,30,0,3|-6.417|38.500|1
464,7.73333333333333,30,0,3|-6.333|38.000|1
465,7.75,30,0,3|-6.250|37.500|1
466,7.76666666666667,30,0,3|-6.167|37.000|1
467,7.78333333333333,30,0,3|-6.083|36.500|1
468,7.8,30,0,3|-6.000|36.000|1
469,7.81666666666667,30,0,3|-5.917|35.500|1
470,7.83333333333333,30,0,3|-5.833|35.000|1
471,7.85,30,0,3|-5.750|34.500|1
472,7.86666666666667,30,0,3|-5.667|34.000|1
473,7.88333333333333,30,0,3|-5.583|33.500|1
474,7.9,30,0,3|-5.500|33.000|1
475,7.91666666666667,30,0,3|-5.417|32.500|1
476,7.93333333333333,30,0,3|-5.333|32.000|1
477,7.95,30,0,3|-5.250|31.500|1
478,7.96666666666667,30,0,3|-5.167|31.000|1
479,7.98333333333333,30,0,3|-5.083|30.500|1
480,8,30,0,3|-5.000|30.000|1
481,8.01666666666667,30,0,3|-4.917|29.500|1
482,8.03333333333333,30,0,3|-4.833|29.000|1
483,8.05,30,0,3|-4.750|28.500|1
484,8.06666666666667,30,0,3|-4.667|28.000|1
485,8.08333333333333,30,0,3|-4.583|27.500|1
486,8.1,30,0,3|-4.500|27.000|1
487,8.11666666666667,30,0,3|-4.417|26.500|1
488,8.13333333333333,30,0,3|-4.333|26.000|1
489,8.15,30,0,3|-4.250|25.500|1
490,8.16666666666667,30,0,3|-4.167|25.000|1
491,8.18333333333333,30,0,3|-4.083|24.500|1
492,8.2,30,0,3|-4.000|24.000|1
493,8.21666666666667,30,0,3|-3.917|23.500|1
494,8.23333333333333,30,0,3|-3.833|23.000|1
495,8.25,30,0,3|-3.750|22.500|1
496,8.26666666666667,30,0,3|-3.667|22.000|1
497,8.28333333333333,30,0,3|-3.583|21.500|1
498,8.3,30,0,3|-3.500|21.000|1
499,8.31666666666667,30,0,3|-3.417|20.500|1
500,8.33333333333333,30,0,3|-3.333|20.000|1
501,8.35,30,0,3|-3.250|19.500|1
502,8.36666666666667,30,0,3|-3.167|19.000|1
503,8.38333333333333,30,0,3|-3.083|18.500|1
504,8.4,30,0,3|-3.000|18.000|1
505,8.41666666666667,30,0,3|-2.917|17.500|1
506,8.43333333333333,30,0,3|-2.833|17.000|1
507,8.45,30,0,3|-2.750|16.500|1
508,8.46666666666667,30,0,3|-2.667|16.000|1
509,8.48333333333333,30,0,3|-2.583|15.500|1
510,8.5,30,0,3|-2.500|15.000|1
511,8.51666666666667,30,0,3|-2.417|14.500|1
512,8.53333333333333,30,0,3|-2.333|14.000|1
513,8.55,30,0,3|-2.250|13.500|1
514,8.56666666666667,30,0,3|-2.167|13.000|1
515,8.58333333333333,30,0,3|-2.083|12.500|1
516,8.6,30,0,3|-2.000|12.000|1
517,8.61666666666667,30,0,3|-1.917|11.500|1
518,8.63333333333333,30,0,3|-1.833|11.000|1
519,8.65,30,0,3|-1.750|10.500|1
520,8.66666666666667,30,0,3|-1.667|10.000|1
521,8.68333333333333,30,0,3|-1.583|9.500|1
522,8.7,30,0,3|-1.500|9.000|1
523,8.71666666666667,30,0,3|-1.417|8.500|1
524,8.73333333333333,30,0,3|-1.333|8.000|1
525,8.75,30,0,3|-1.250|7.500|1
526,8.76666666666667,30,0,3|-1.167|7.000|1
527,8.78333333333333,30,0,3|-1.083|6.500|1
528,8.8,30,0,3|-1.000|6.000|1
529,8.81666666666667,30,0,3|-0.917|5.500|1
530,8.83333333333333,30,0,3|-0.833|5.000|1
531,8.85,30,0,3|-0.750|4.500|1
532,8.86666666666667,30,0,3|-0.667|4.000|1
533,8.88333333333333,30,0,3|-0.583|3.500|1
534,8.9,30,0,3|-0.500|3.000|1
535,8.91666666666667,30,0,3|-0.417|2.500|1
536,8.93333333333333,30,0,3|-0.333|2.000|1
537,8.95,30,0,3|-0.250|1.500|1
538,8.96666666666667,30,0,3|-0.167|1.000|1
539,8.98333333333333,30,0,3|-0.083|0.500|1
540,9,30,1,3|0.000|0.000|1
541,9.01666666666667,30,0,4|15.000|89.500|1
542,9.03333333333333,30,0,4|15.000|89.000|1
543,9.05,30,0,4|15.000|88.500|1
544,9.06666666666667,30,0,4|15.000|88.000|1
545,9.08333333333333,30,0,4|15.000|87.500|1
546,9.1,30,0,4|15.000|87.000|1
547,9.11666666666667,30,0,4|15.000|86.500|1
548,9.13333333333333,30,0,4|15.000|86.000|1
549,9.15,30,0,4|15.000|85.500|1
550,9.16666666666667,30,0,4|15.000|85.000|1
551,9.18333333333333,30,0,4|15.000|84.500|1
552,9.2,30,0,4|15.000|84.000|1
553,9.21666666666667,30,0,4|15.000|83.500|1
554,9.23333333333333,30,0,4|15.000|83.000|1
555,9.25,30,0,4|15.000|82.500|1
556,9.26666666666667,30,0,4|15.000|82.000|1
557,9.28333333333333,30,0,4|15.000|81.500|1
558,9.3,30,0,4|15.000|81.000|1
559,9.31666666666667,30,0,4|15.000|80.500|1
560,9.33333333333333,30,0,4|15.000|80.000|1
561,9.35,30,0,4|15.000|79.500|1
562,9.36666666666667,30,0,4|15.000|79.000|1
563,9.38333333333333,30,0,4|15.000|78.500|1
564,9.4,30,0,4|15.000|78.000|1
565,9.41666666666667,30,0,4|15.000|77.500|1
566,9.43333333333333,30,0,4|15.000|77.000|1
567,9.45,30,0,4|15.000|76.500|1
568,9.46666666666667,30,0,4|15.000|76.000|1
569,9.48333333333333,30,0,4|15.000|75.500|1
570,9.5,30,0,4|15.000|75.000|1
571,9.51666666666667,30,0,4|15.000|74.500|1
572,9.53333333333333,30,0,4|15.000|74.000|1
573,9.55,30,0,4|15.000|73.500|1
574,9.56666666666667,30,0,4|15.000|73.000|1
575,9.58333333333333,30,0,4|15.000|72.500|1
576,9.6,30,0,4|15.000|72.000|1
577,9.61666666666667,30,0,4|15.000|71.500|1
578,9.63333333333333,30,0,4|15.000|71.000|1
579,9.65,30,0,4|15.000|70.500|1
580,9.66666666666667,30,0,4|15.000|70.000|1
581,9.68333333333333,30,0,4|15.000|69.500|1
582,9.7,30,0,4|15.000|69.000|1
583,9.71666666666667,30,0,4|15.000|68.500|1
584,9.73333333333333,30,0,4|15.000|68.000|1
585,9.75,30,0,4|15.000|67.500|1
586,9.76666666666667,30,0,4|15.000|67.000|1
587,9.78333333333333,30,0,4|15.000|66.500|1
588,9.8,30,0,4|15.000|66.000|1
589,9.81666666666667,30,0,4|15.000|65.500|1
590,9.83333333333333,30,0,4|15.000|65.000|1
591,9.85,30,0,4|15.000|64.500|1
592,9.86666666666667,30,0,4|15.000|64.000|1
593,9.88333333333333,30,0,4|15.000|63.500|1
594,9.9,30,0,4|15.000|63.000|1
595,9.91666666666667,30,0,4|15.000|62.500|1
596,9.93333333333333,30,0,4|15.000|62.000|1
597,9.95,30,0,4|15.000|61.500|1
598,9.96666666666667,30,0,4|15.000|61.000|1
599,9.98333333333333,30,0,4|15.000|60.500|1
600,10,30,0,4|15.000|60.000|1
601,10.0166666666667,30,0,4|15.000|59.500|1
602,10.0333333333333,30,0,4|15.000|59.000|1
603,10.05,30,0,4|15.000|58.500|1
604,10.0666666666667,30,0,4|15.000|58.000|1
605,10.0833333333333,30,0,4|15.000|57.500|1
606,10.1,30,0,4|15.000|57.000|1
607,10.1166666666667,30,0,4|15.000|56.500|1
608,10.1333333333333,30,0,4|15.000|56.000|1
609,10.15,30,0,4|15.000|55.500|1
610,10.1666666666667,30,0,4|15.000|55.000|1
611,10.1833333333333,30,0,4|15.000|54.500|1
612,10.2,30,0,4|15.000|54.000|1
613,10.2166666666667,30,0,4|15.000|53.500|1
614,10.2333333333333,30,0,4|15.000|53.000|1
615,10.25,30,0,4|15.000|52.500|1
616,10.2666666666667,30,0,4|15.000|52.000|1
617,10.2833333333333,30,0,4|15.000|51.500|1
618,10.3,30,0,4|15.000|51.000|1
619,10.3166666666667,30,0,4|15.000|50.500|1
620,10.3333333333333,30,0,4|15.000|50.000|1
621,10.35,30,0,4|15.000|49.500|1
622,10.3666666666667,30,0,4|15.000|49.000|1
623,10.3833333333333,30,0,4|15.000|48.500|1
624,10.4,30,0,4|15.000|48.000|1
625,10.4166666666667,30,0,4|15.000|47.500|1
626,10.4333333333333,30,0,4|15.000|47.000|1
627,10.45,30,0,4|15.000|46.500|1
628,10.4666666666667,30,0,4|15.000|46.000|1
629,10.4833333333333,30,0,4|15.000|45.500|1
630,10.5,30,0,4|15.000|45.000|1
631,10.5166666666667,30,0,4|15.000|44.500|1
632,10.5333333333333,30,0,4|15.000|44.000|1
633,10.55,30,0,4|15.000|43.500|1
634,10.5666666666667,30,0,4|15.000|43.000|1
635,10.5833333333333,30,0,4|15.000|42.500|1
636,10.6,30,0,4|15.000|42.000|1
637,10.6166666666667,30,0,4|15.000|41.500|1
638,10.6333333333333,30,0,4|15.000|41.000|1
639,10.65,30,0,4|15.000|40.500|1
640,10.6666666666667,30,0,4|15.000|40.000|1
641,10.6833333333333,30,0,4|15.000|39.500|1
642,10.7,30,0,4|15.000|39.000|1
643,10.7166666666667,30,0,4|15.000|38.500|1
644,10.7333333333333,30,0,4|15.000|38.000|1
645,10.75,30,0,4|15.000|37.500|1
646,10.7666666666667,30,0,4|15.000|37.000|1
647,10.7833333333333,30,0,4|15.000|36.500|1
648,10.8,30,0,4|15.000|36.000|1
649,10.8166666666667,30,0,4|15.000|35.500|1
650,10.8333333333333,30,0,4|15.000|35.000|1
651,10.85,30,0,4|15.000|34.500|1
652,10.8666666666667,30,0,4|15.000|34.000|1
653,10.8833333333333,30,0,4|15.000|33.500|1
654,10.9,30,0,4|15.000|33.000|1
655,10.9166666666667,30,0,4|15.000|32.500|1
656,10.9333333333333,30,0,4|15.000|32.000|1
657,10.95,30,0,4|15.000|31.500|1
658,10.9666666666667,30,0,4|15.000|31.000|1
659,10.9833333333333,30,0,4|15.000|30.500|1
660,11,30,0,4|15.000|30.000|1
661,11.0166666666667,30,0,4|15.000|29.500|1
662,11.0333333333333,30,0,4|15.000|29.000|1
663,11.05,30,0,4|15.000|28.500|1
664,11.0666666666667,30,0,4|15.000|28.000|1
665,11.0833333333333,30,0,4|15.000|27.500|1
666,11.1,30,0,4|15.000|27.000|1
667,11.1166666666667,30,0,4|15.000|26.500|1
668,11.1333333333333,30,0,4|15.000|26.000|1
669,11.15,30,0,4|15.000|25.500|1
670,11.1666666666667,30,0,4|15.000|25.000|1
671,11.1833333333333,30,0,4|15.000|24.500|1
672,11.2,30,0,4|15.000|24.000|1
673,11.2166666666667,30,0,4|15.000|23.500|1
674,11.2333333333333,30,0,4|15.000|23.000|1
675,11.25,30,0,4|15.000|22.500|1
676,11.2666666666667,30,0,4|15.000|22.000|1
677,11.2833333333333,30,0,4|15.000|21.500|1
678,11.3,30,0,4|15.000|21.000|1
679,11.3166666666667,30,0,4|15.000|20.500|1
680,11.3333333333333,30,0,4|15.000|20.000|1
681,11.35,30,0,4|15.000|19.500|1
682,11.3666666666667,30,0,4|15.000|19.000|1
683,11.3833333333333,30,0,4|15.000|18.500|1
684,11.4,30,0,4|15.000|18.000|1
685,11.4166666666667,30,0,4|15.000|17.500|1
686,11.4333333333333,30,0,4|15.000|17.000|1
687,11.45,30,0,4|15.000|16.500|1
688,11.4666666666667,30,0,4|15.000|16.000|1
689,11.4833333333333,30,0,4|15.000|15.500|1
690,11.5,30,0,4|15.000|15.000|1
691,11.5166666666667,30,0,4|15.000|14.500|1
692,11.5333333333333,30,0,4|15.000|14.000|1
693,11.55,30,0,4|15.000|13.500|1
694,11.5666666666667,30,0,4|15.000|13.000|1
695,11.5833333333333,30,0,4|15.000|12.500|1
696,11.6,30,0,4|15.000|12.000|1
697,11.6166666666667,30,0,4|15.000|11.500|1
698,11.6333333333333,30,0,4|15.000|11.000|1
699,11.65,30,0,4|15.000|10.500|1
700,11.6666666666667,30,0,4|15.000|10.000|1
701,11.6833333333333,30,0,4|15.000|9.500|1
702,11.7,30,0,4|15.000|9.000|1
703,11.7166666666667,30,0,4|15.000|8.500|1
704,11.7333333333333,30,0,4|15.000|8.000|1
705,11.75,30,0,4|15.000|7.500|1
706,11.7666666666667,30,0,4|15.000|7.000|1
707,11.7833333333333,30,0,4|15.000|6.500|1
708,11.8,30,0,4|15.000|6.000|1
709,11.8166666666667,30,0,4|15.000|5.500|1
710,11.8333333333333,30,0,4|15.000|5.000|1
711,11.85,30,0,4|15.000|4.500|1
712,11.8666666666667,30,0,4|15.000|4.000|1
713,11.8833333333333,30,0,4|15.000|3.500|1
714,11.9,30,0,4|15.000|3.000|1
715,11.9166666666667,30,0,4|15.000|2.500|1
716,11.9333333333333,30,0,4|15.000|2.000|1
717,11.95,30,0,4|15.000|1.500|1
718,11.9666666666667,30,0,4|15.000|1.000|1
719,11.9833333333333,30,0,4|15.000|0.500|1
720,12,30,0,4|15.000|0.000|1
721,12.0166666666667,30,0,5|12.000|89.500|1
722,12.0333333333333,30,0,5|12.000|89.000|1
723,12.05,30,0,5|11.867|88.500|1
724,12.0666666666667,30,0,5|11.867|88.000|1
725,12.0833333333333,30,0,5|11.867|87.500|1
726,12.1,30,0,5|11.733|87.000|1
727,12.1166666666667,30,0,5|11.733|86.500|1
728,12.1333333333333,30,0,5|11.600|86.000|1
729,12.15,30,0,5|11.467|85.500|1
730,12.1666666666667,30,0,5|11.333|85.000|1
731,12.1833333333333,30,0,5|11.333|84.500|1
732,12.2,30,0,5|11.200|84.000|1
733,12.2166666666667,30,0,5|11.200|83.500|1
734,12.2333333333333,30,0,5|11.067|83.000|1
735,12.25,30,0,5|10.933|82.500|1
736,12.2666666666667,30,0,5|10.933|82.000|1
737,12.2833333333333,30,0,5|10.800|81.500|1
738,12.3,30,0,5|10.667|81.000|1
739,12.3166666666667,30,0,5|10.667|80.500|1
740,12.3333333333333,30,0,5|10.533|80.000|1
741,12.35,30,0,5|10.533|79.500|1
742,12.3666666666667,30,0,5|10.533|79.000|1
743,12.3833333333333,30,0,5|10.400|78.500|1
744,12.4,30,0,5|10.400|78.000|1
745,12.4166666666667,30,0,5|10.400|77.500|1
746,12.4333333333333,30,0,5|10.400|77.000|1
747,12.45,30,0,5|10.267|76.500|1
748,12.4666666666667,30,0,5|10.133|76.000|1
749,12.4833333333333,30,0,5|10.133|75.500|1
750,12.5,30,0,5|10.000|75.000|1
751,12.5166666666667,30,0,5|10.000|74.500|1
752,12.5333333333333,30,0,5|9.867|74.000|1
753,12.55,30,0,5|9.867|73.500|1
754,12.5666666666667,30,0,5|9.867|73.000|1
755,12.5833333333333,30,0,5|9.733|72.500|1
756,12.6,30,0,5|9.600|72.000|1
757,12.6166666666667,30,0,5|9.600|71.500|1
758,12.6333333333333,30,0,5|9.600|71.000|1
759,12.65,30,0,5|9.600|70.500|1
760,12.6666666666667,30,0,5|9.600|70.000|1
761,12.6833333333333,30,0,5|9.467|69.500|1
762,12.7,30,0,5|9.467|69.000|1
763,12.7166666666667,30,0,5|9.333|68.500|1
764,12.7333333333333,30,0,5|9.333|68.000|1
765,12.75,30,0,5|9.200|67.500|1
766,12.7666666666667,30,0,5|9.200|67.000|1
767,12.7833333333333,30,0,5|9.067|66.500|1
768,12.8,30,0,5|8.933|66.000|1
769,12.8166666666667,30,0,5|8.933|65.500|1
770,12.8333333333333,30,0,5|8.933|65.000|1
771,12.85,30,0,5|8.800|64.500|1
772,12.8666666666667,30,0,5|8.667|64.000|1
773,12.8833333333333,30,0,5|8.533|63.500|1
774,12.9,30,0,5|8.533|63.000|1
775,12.9166666666667,30,0,5|8.400|62.500|1
776,12.9333333333333,30,0,5|8.267|62.000|1
777,12.95,30,0,5|8.267|61.500|1
778,12.9666666666667,30,0,5|8.267|61.000|1
779,12.9833333333333,30,0,5|8.267|60.500|1
780,13,30,0,5|8.133|60.000|1
781,13.0166666666667,30,0,5|8.000|59.500|1
782,13.0333333333333,30,0,5|8.000|59.000|1
783,13.05,30,0,5|8.000|58.500|1
784,13.0666666666667,30,0,5|7.867|58.000|1
785,13.0833333333333,30,0,5|7.867|57.500|1
786,13.1,30,0,5|7.867|57.000|1
787,13.1166666666667,30,0,5|7.867|56.500|1
788,13.1333333333333,30,0,5|7.867|56.000|1
789,13.15,30,0,5|7.867|55.500|1
790,13.1666666666667,30,0,5|7.867|55.000|1
791,13.1833333333333,30,0,5|7.867|54.500|1
792,13.2,30,0,5|7.733|54.000|1
793,13.2166666666667,30,0,5|7.600|53.500|1
794,13.2333333333333,30,0,5|7.467|53.000|1
795,13.25,30,0,5|7.333|52.500|1
796,13.2666666666667,30,0,5|7.333|52.000|1
797,13.2833333333333,30,0,5|7.200|51.500|1
798,13.3,30,0,5|7.200|51.000|1
799,13.3166666666667,30,0,5|7.067|50.500|1
800,13.3333333333333,30,0,5|7.067|50.000|1
801,13.35,30,0,5|6.933|49.500|1
802,13.3666666666667,30,0,5|6.800|49.000|1
803,13.3833333333333,30,0,5|6.800|48.500|1
804,13.4,30,0,5|6.800|48.000|1
805,13.4166666666667,30,0,5|6.800|47.500|1
806,13.4333333333333,30,0,5|6.800|47.000|1
807,13.45,30,0,5|6.667|46.500|1
808,13.4666666666667,30,0,5|6.667|46.000|1
809,13.4833333333333,30,0,5|6.667|45.500|1
810,13.5,30,0,5|6.533|45.000|1
811,13.5166666666667,30,0,5|6.533|44.500|1
812,13.5333333333333,30,0,5|6.400|44.000|1
813,13.55,30,0,5|6.267|43.500|1
814,13.5666666666667,30,0,5|6.133|43.000|1
815,13.5833333333333,30,0,5|6.133|42.500|1
816,13.6,30,0,5|6.000|42.000|1
817,13.6166666666667,30,0,5|6.000|41.500|1
818,13.6333333333333,30,0,5|5.867|41.000|1
819,13.65,30,0,5|5.733|40.500|1
820,13.6666666666667,30,0,5|5.733|40.000|1
821,13.6833333333333,30,0,5|5.600|39.500|1
822,13.7,30,0,5|5.600|39.000|1
823,13.7166666666667,30,0,5|5.600|38.500|1
824,13.7333333333333,30,0,5|5.467|38.000|1
825,13.75,30,0,5|5.333|37.500|1
826,13.7666666666667,30,0,5|5.200|37.000|1
827,13.7833333333333,30,0,5|5.067|36.500|1
828,13.8,30,0,5|4.933|36.000|1
829,13.8166666666667,30,0,5|4.800|35.500|1
830,13.8333333333333,30,0,5|4.667|35.000|1
831,13.85,30,0,5|4.667|34.500|1
832,13.8666666666667,30,0,5|4.667|34.000|1
833,13.8833333333333,30,0,5|4.667|33.500|1
834,13.9,30,0,5|4.533|33.000|1
835,13.9166666666667,30,0,5|4.400|32.500|1
836,13.9333333333333,30,0,5|4.400|32.000|1
837,13.95,30,0,5|4.400|31.500|1
838,13.9666666666667,30,0,5|4.400|31.000|1
839,13.9833333333333,30,0,5|4.267|30.500|1
840,14,30,0,5|4.267|30.000|1
841,14.0166666666667,30,0,5|4.267|29.500|1
842,14.0333333333333,30,0,5|4.133|29.000|1
843,14.05,30,0,5|4.133|28.500|1
844,14.0666666666667,30,0,5|4.000|28.000|1
845,14.0833333333333,30,0,5|3.867|27.500|1
846,14.1,30,0,5|3.733|27.000|1
847,14.1166666666667,30,0,5|3.733|26.500|1
848,14.1333333333333,30,0,5|3.733|26.000|1
849,14.15,30,0,5|3.733|25.500|1
850,14.1666666666667,30,0,5|3.733|25.000|1
851,14.1833333333333,30,0,5|3.733|24.500|1
852,14.2,30,0,5|3.733|24.000|1
853,14.2166666666667,30,0,5|3.600|23.500|1
854,14.2333333333333,30,0,5|3.600|23.000|1
855,14.25,30,0,5|3.600|22.500|1
856,14.2666666666667,30,0,5|3.467|22.000|1
857,14.2833333333333,30,0,5|3.467|21.500|1
858,14.3,30,0,5|3.333|21.000|1
859,14.3166666666667,30,0,5|3.333|20.500|1
860,14.3333333333333,30,0,5|3.200|20.000|1
861,14.35,30,0,5|3.067|19.500|1
862,14.3666666666667,30,0,5|3.067|19.000|1
863,14.3833333333333,30,0,5|2.933|18.500|1
864,14.4,30,0,5|2.800|18.000|1
865,14.4166666666667,30,0,5|2.667|17.500|1
866,14.4333333333333,30,0,5|2.667|17.000|1
867,14.45,30,0,5|2.533|16.500|1
868,14.4666666666667,30,0,5|2.400|16.000|1
869,14.4833333333333,30,0,5|2.267|15.500|1
870,14.5,30,0,5|2.133|15.000|1
871,14.5166666666667,30,0,5|2.133|14.500|1
872,14.5333333333333,30,0,5|2.000|14.000|1
873,14.55,30,0,5|1.867|13.500|1
874,14.5666666666667,30,0,5|1.733|13.000|1
875,14.5833333333333,30,0,5|1.600|12.500|1
876,14.6,30,0,5|1.467|12.000|1
877,14.6166666666667,30,0,5|1.333|11.500|1
878,14.6333333333333,30,0,5|1.200|11.000|1
879,14.65,30,0,5|1.200|10.500|1
880,14.6666666666667,30,0,5|1.067|10.000|1
881,14.6833333333333,30,0,5|0.933|9.500|1
882,14.7,30,0,5|0.933|9.000|1
883,14.7166666666667,30,0,5|0.933|8.500|1
884,14.7333333333333,30,0,5|0.933|8.000|1
885,14.75,30,0,5|0.933|7.500|1
886,14.7666666666667,30,0,5|0.933|7.000|1
887,14.7833333333333,30,0,5|0.933|6.500|1
888,14.8,30,0,5|0.933|6.000|1
889,14.8166666666667,30,0,5|0.800|5.500|1
890,14.8333333333333,30,0,5|0.800|5.000|1
891,14.85,30,0,5|0.667|4.500|1
892,14.8666666666667,30,0,5|0.667|4.000|1
893,14.8833333333333,30,0,5|0.667|3.500|1
894,14.9,30,0,5|0.533|3.000|1
895,14.9166666666667,30,0,5|0.400|2.500|1
896,14.9333333333333,30,0,5|0.400|2.000|1
897,14.95,30,0,5|0.267|1.500|1
898,14.9666666666667,30,0,5|0.267|1.000|1
899,14.9833333333333,30,0,5|0.133|0.500|1
900,15,30,1,5|0.000|0.000|1
901,15.0166666666667,30,0,6|9.000|89.500|1
902,15.0333333333333,30,0,6|9.000|89.000|1
903,15.05,30,0,6|9.000|88.500|1
904,15.0666666666667,30,0,6|8.900|88.000|1
905,15.0833333333333,30,0,6|8.800|87.500|1
906,15.1,30,0,6|8.800|87.000|1
907,15.1166666666667,30,0,6|8.800|86.500|1
908,15.1333333333333,30,0,6|8.700|86.000|1
909,15.15,30,0,6|8.600|85.500|1
910,15.1666666666667,30,0,6|8.500|85.000|1
911,15.1833333333333,30,0,6|8.500|84.500|1
912,15.2,30,0,6|8.500|84.000|1
913,15.2166666666667,30,0,6|8.500|83.500|1
914,15.2333333333333,30,0,6|8.500|83.000|1
915,15.25,30,0,6|8.400|82.500|1
916,15.2666666666667,30,0,6|8.300|82.000|1
917,15.2833333333333,30,0,6|8.300|81.500|1
918,15.3,30,0,6|8.300|81.000|1
919,15.3166666666667,30,0,6|8.200|80.500|1
920,15.3333333333333,30,0,6|8.100|80.000|1
921,15.35,30,0,6|8.100|79.500|1
922,15.3666666666667,30,0,6|8.100|79.000|1
923,15.3833333333333,30,0,6|8.100|78.500|1
924,15.4,30,0,6|8.000|78.000|1
925,15.4166666666667,30,0,6|7.900|77.500|1
926,15.4333333333333,30,0,6|7.900|77.000|1
927,15.45,30,0,6|7.900|76.500|1
928,15.4666666666667,30,0,6|7.800|76.000|1
929,15.4833333333333,30,0,6|7.700|75.500|1
930,15.5,30,0,6|7.700|75.000|1
931,15.5166666666667,30,0,6|7.600|74.500|1
932,15.5333333333333,30,0,6|7.600|74.000|1
933,15.55,30,0,6|7.500|73.500|1
934,15.5666666666667,30,0,6|7.400|73.000|1
935,15.5833333333333,30,0,6|7.400|72.500|1
936,15.6,30,0,6|7.300|72.000|1
937,15.6166666666667,30,0,6|7.300|71.500|1
938,15.6333333333333,30,0,6|7.200|71.000|1
939,15.65,30,0,6|7.200|70.500|1
940,15.6666666666667,30,0,6|7.200|70.000|1
941,15.6833333333333,30,0,6|7.100|69.500|1
942,15.7,30,0,6|7.000|69.000|1
943,15.7166666666667,30,0,6|6.900|68.500|1
944,15.7333333333333,30,0,6|6.900|68.000|1
945,15.75,30,0,6|6.900|67.500|1
946,15.7666666666667,30,0,6|6.800|67.000|1
947,15.7833333333333,30,0,6|6.800|66.500|1
948,15.8,30,0,6|6.800|66.000|1
949,15.8166666666667,30,0,6|6.700|65.500|1
950,15.8333333333333,30,0,6|6.600|65.000|1
951,15.85,30,0,6|6.600|64.500|1
952,15.8666666666667,30,0,6|6.600|64.000|1
953,15.8833333333333,30,0,6|6.500|63.500|1
954,15.9,30,0,6|6.500|63.000|1
955,15.9166666666667,30,0,6|6.500|62.500|1
956,15.9333333333333,30,0,6|6.400|62.000|1
957,15.95,30,0,6|6.300|61.500|1
958,15.9666666666667,30,0,6|6.300|61.000|1
959,15.9833333333333,30,0,6|6.200|60.500|1
960,16,30,0,6|6.200|60.000|1
961,16.0166666666667,30,0,6|6.200|59.500|1
962,16.0333333333333,30,0,6|6.200|59.000|1
963,16.05,30,0,6|6.100|58.500|1
964,16.0666666666667,30,0,6|6.000|58.000|1
965,16.0833333333333,30,0,6|6.000|57.500|1
966,16.1,30,0,6|5.900|57.000|1
967,16.1166666666667,30,0,6|5.900|56.500|1
968,16.1333333333333,30,0,6|5.800|56.000|1
969,16.15,30,0,6|5.700|55.500|1
970,16.1666666666667,30,0,6|5.600|55.000|1
971,16.1833333333333,30,0,6|5.600|54.500|1
972,16.2,30,0,6|5.600|54.000|1
973,16.2166666666667,30,0,6|5.600|53.500|1
974,16.2333333333333,30,0,6|5.600|53.000|1
975,16.25,30,0,6|5.500|52.500|1
976,16.2666666666667,30,0,6|5.400|52.000|1
977,16.2833333333333,30,0,6|5.400|51.500|1
978,16.3,30,0,6|5.400|51.000|1
979,16.3166666666667,30,0,6|5.400|50.500|1
980,16.3333333333333,30,0,6|5.400|50.000|1
981,16.35,30,0,6|5.300|49.500|1
982,16.3666666666667,30,0,6|5.300|49.000|1
983,16.3833333333333,30,0,6|5.300|48.500|1
984,16.4,30,0,6|5.300|48.000|1
985,16.4166666666667,30,0,6|5.300|47.500|1
986,16.4333333333333,30,0,6|5.200|47.000|1
987,16.45,30,0,6|5.100|46.500|1
988,16.4666666666667,30,0,6|5.100|46.000|1
989,16.4833333333333,30,0,6|5.100|45.500|1
990,16.5,30,0,6|5.000|45.000|1
991,16.5166666666667,30,0,6|4.900|44.500|1
992,16.5333333333333,30,0,6|4.900|44.000|1
993,16.55,30,0,6|4.800|43.500|1
994,16.5666666666667,30,0,6|4.700|43.000|1
995,16.5833333333333,30,0,6|4.600|42.500|1
996,16.6,30,0,6|4.500|42.000|1
997,16.6166666666667,30,0,6|4.400|41.500|1
998,16.6333333333333,30,0,6|4.300|41.000|1
999,16.65,30,0,6|4.300|40.500|1
1000,16.6666666666667,30,0,6|4.300|40.000|1
1001,16.6833333333333,30,0,6|4.300|39.500|1
1002,16.7,30,0,6|4.300|39.000|1
1003,16.7166666666667,30,0,6|4.200|38.500|1
1004,16.7333333333333,30,0,6|4.100|38.000|1
1005,16.75,30,0,6|4.000|37.500|1
1006,16.7666666666667,30,0,6|3.900|37.000|1
1007,16.7833333333333,30,0,6|3.900|36.500|1
1008,16.8,30,0,6|3.900|36.000|1
1009,16.8166666666667,30,0,6|3.800|35.500|1
1010,16.8333333333333,30,0,6|3.700|35.000|1
1011,16.85,30,0,6|3.600|34.500|1
1012,16.8666666666667,30,0,6|3.500|34.000|1
1013,16.8833333333333,30,0,6|3.400|33.500|1
1014,16.9,30,0,6|3.400|33.000|1
1015,16.9166666666667,30,0,6|3.300|32.500|1
1016,16.9333333333333,30,0,6|3.300|32.000|1
1017,16.95,30,0,6|3.300|31.500|1
1018,16.9666666666667,30,0,6|3.200|31.000|1
1019,16.9833333333333,30,0,6|3.200|30.500|1
1020,17,30,0,6|3.200|30.000|1
1021,17.0166666666667,30,0,6|3.200|29.500|1
1022,17.0333333333333,30,0,6|3.100|29.000|1
1023,17.05,30,0,6|3.100|28.500|1
1024,17.0666666666667,30,0,6|3.100|28.000|1
1025,17.0833333333333,30,0,6|3.100|27.500|1
1026,17.1,30,0,6|3.100|27.000|1
1027,17.1166666666667,30,0,6|3.000|26.500|1
1028,17.1333333333333,30,0,6|3.000|26.000|1
1029,17.15,30,0,6|2.900|25.500|1
1030,17.1666666666667,30,0,6|2.800|25.000|1
1031,17.1833333333333,30,0,6|2.800|24.500|1
1032,17.2,30,0,6|2.800|24.000|1
1033,17.2166666666667,30,0,6|2.700|23.500|1
1034,17.2333333333333,30,0,6|2.600|23.000|1
1035,17.25,30,0,6|2.500|22.500|1
1036,17.2666666666667,30,0,6|2.400|22.000|1
1037,17.2833333333333,30,0,6|2.300|21.500|1
1038,17.3,30,0,6|2.300|21.000|1
1039,17.3166666666667,30,0,6|2.200|20.500|1
1040,17.3333333333333,30,0,6|2.200|20.000|1
1041,17.35,30,0,6|2.200|19.500|1
1042,17.3666666666667,30,0,6|2.200|19.000|1
1043,17.3833333333333,30,0,6|2.100|18.500|1
1044,17.4,30,0,6|2.100|18.000|1
1045,17.4166666666667,30,0,6|2.000|17.500|1
1046,17.4333333333333,30,0,6|2.000|17.000|1
1047,17.45,30,0,6|2.000|16.500|1
1048,17.4666666666667,30,0,6|2.000|16.000|1
1049,17.4833333333333,30,0,6|1.900|15.500|1
1050,17.5,30,0,6|1.900|15.000|1
1051,17.5166666666667,30,0,6|1.800|14.500|1
1052,17.5333333333333,30,0,6|1.800|14.000|1
1053,17.55,30,0,6|1.700|13.500|1
1054,17.5666666666667,30,0,6|1.600|13.000|1
1055,17.5833333333333,30,0,6|1.500|12.500|1
1056,17.6,30,0,6|1.500|12.000|1
1057,17.6166666666667,30,0,6|1.500|11.500|1
1058,17.6333333333333,30,0,6|1.400|11.000|1
1059,17.65,30,0,6|1.300|10.500|1
1060,17.6666666666667,30,0,6|1.200|10.000|1
1061,17.6833333333333,30,0,6|1.100|9.500|1
1062,17.7,30,0,6|1.000|9.000|1
1063,17.7166666666667,30,0,6|0.900|8.500|1
1064,17.7333333333333,30,0,6|0.900|8.000|1
1065,17.75,30,0,6|0.800|7.500|1
1066,17.7666666666667,30,0,6|0.700|7.000|1
1067,17.7833333333333,30,0,6|0.600|6.500|1
1068,17.8,30,0,6|0.500|6.000|1
1069,17.8166666666667,30,0,6|0.400|5.500|1
1070,17.8333333333333,30,0,6|0.400|5.000|1
1071,17.85,30,0,6|0.300|4.500|1
1072,17.8666666666667,30,0,6|0.300|4.000|1
1073,17.8833333333333,30,0,6|0.300|3.500|1
1074,17.9,30,0,6|0.300|3.000|1
1075,17.9166666666667,30,0,6|0.200|2.500|1
1076,17.9333333333333,30,0,6|0.100|2.000|1
1077,17.95,30,0,6|0.100|1.500|1
1078,17.9666666666667,30,0,6|0.000|1.000|1
1079,17.9833333333333,30,0,6|0.000|0.500|1
1080,18,30,1,6|0.000|0.000|1
1081,18.0166666666667,30,0,7|14.917|89.500|1
1082,18.0333333333333,30,0,7|14.833|89.000|1
1083,18.05,30,0,7|14.750|88.500|1
1084,18.0666666666667,30,0,7|14.667|88.000|1
1085,18.0833333333333,30,0,7|14.583|87.500|1
1086,18.1,30,0,7|14.500|87.000|1
1087,18.1166666666667,30,0,7|14.417|86.500|1
1088,18.1333333333333,30,0,7|14.333|86.000|1
1089,18.15,30,0,7|14.250|85.500|1
1090,18.1666666666667,30,0,7|14.167|85.000|1
1091,18.1833333333333,30,0,7|14.083|84.500|1
1092,18.2,30,0,7|14.000|84.000|1
1093,18.2166666666667,30,0,7|13.917|83.500|1
1094,18.2333333333333,30,0,7|13.833|83.000|1
1095,18.25,30,0,7|13.750|82.500|1
1096,18.2666666666667,30,0,7|13.667|82.000|1
1097,18.2833333333333,30,0,7|13.583|81.500|1
1098,18.3,30,0,7|13.500|81.000|1
1099,18.3166666666667,30,0,7|13.417|80.500|1
1100,18.3333333333333,30,0,7|13.333|80.000|1
1101,18.35,30,0,7|13.250|79.500|1
1102,18.3666666666667,30,0,7|13.167|79.000|1
1103,18.3833333333333,30,0,7|13.083|78.500|1
1104,18.4,30,0,7|13.000|78.000|1
1105,18.4166666666667,30,0,7|12.917|77.500|1
1106,18.4333333333333,30,0,7|12.833|77.000|1
1107,18.45,30,0,7|12.750|76.500|1
1108,18.4666666666667,30,0,7|12.667|76.000|1
1109,18.4833333333333,30,0,7|12.583|75.500|1
1110,18.5,30,0,7|12.500|75.000|1
1111,18.5166666666667,30,0,7|12.417|74.500|1
1112,18.5333333333333,30,0,7|12.333|74.000|1
1113,18.55,30,0,7|12.250|73.500|1
1114,18.5666666666667,30,0,7|12.167|73.000|1
1115,18.5833333333333,30,0,7|12.083|72.500|1
1116,18.6,30,0,7|12.000|72.000|1
1117,18.6166666666667,30,0,7|11.917|71.500|1
1118,18.6333333333333,30,0,7|11.833|71.000|1
1119,18.65,30,0,7|11.750|70.500|1
1120,18.6666666666667,30,0,7|11.667|70.000|1
1121,18.6833333333333,30,0,7|11.583|69.500|1
1122,18.7,30,0,7|11.500|69.000|1
1123,18.7166666666667,30,0,7|11.417|68.500|1
1124,18.7333333333333,30,0,7|11.333|68.000|1
1125,18.75,30,0,7|11.250|67.500|1
1126,18.7666666666667,30,0,7|11.167|67.000|1
1127,18.7833333333333,30,0,7|11.083|66.500|1
1128,18.8,30,0,7|11.000|66.000|1
1129,18.8166666666667,30,0,7|10.917|65.500|1
1130,18.8333333333333,30,0,7|10.833|65.000|1
1131,18.85,30,0,7|10.750|64.500|1
1132,18.8666666666667,30,0,7|10.667|64.000|1
1133,18.8833333333333,30,0,7|10.583|63.500|1
1134,18.9,30,0,7|10.500|63.000|1
1135,18.9166666666667,30,0,7|10.417|62.500|1
1136,18.9333333333333,30,0,7|10.333|62.000|1
1137,18.95,30,0,7|10.250|61.500|1
1138,18.9666666666667,30,0,7|10.167|61.000|1
1139,18.9833333333333,30,0,7|10.083|60.500|1
1140,19,30,0,7|10.000|60.000|1
1141,19.0166666666667,30,0,7|9.917|59.500|1
1142,19.0333333333333,30,0,7|9.833|59.000|1
1143,19.05,30,0,7|9.750|58.500|1
1144,19.0666666666667,30,0,7|9.667|58.000|1
1145,19.0833333333333,30,0,7|9.583|57.500|1
1146,19.1,30,0,7|9.500|57.000|1
1147,19.1166666666667,30,0,7|9.417|56.500|1
1148,19.1333333333333,30,0,7|9.333|56.000|1
1149,19.15,30,0,7|9.250|55.500|1
1150,19.1666666666667,30,0,7|9.167|55.000|1
1151,19.1833333333333,30,0,7|9.083|54.500|1
1152,19.2,30,0,7|9.000|54.000|1
1153,19.2166666666667,30,0,7|8.917|53.500|1
1154,19.2333333333333,30,0,7|8.833|53.000|1
1155,19.25,30,0,7|8.750|52.500|1
1156,19.2666666666667,30,0,7|8.667|52.000|1
1157,19.2833333333333,30,0,7|8.583|51.500|1
1158,19.3,30,0,7|8.500|51.000|1
1159,19.3166666666667,30,0,7|8.417|50.500|1
1160,19.3333333333333,30,0,7|8.333|50.000|1
1161,19.35,30,0,7|8.250|49.500|1
1162,19.3666666666667,30,0,7|8.167|49.000|1
1163,19.3833333333333,30,0,7|8.083|48.500|1
1164,19.4,30,0,7|8.000|48.000|1
1165,19.4166666666667,30,0,7|7.917|47.500|1
1166,19.4333333333333,30,0,7|7.833|47.000|1
1167,19.45,30,0,7|7.750|46.500|1
1168,19.4666666666667,30,0,7|7.667|46.000|1
1169,19.4833333333333,30,0,7|7.583|45.500|1
1170,19.5,30,0,7|7.500|45.000|1
1171,19.5166666666667,30,0,7|7.417|44.500|1
1172,19.5333333333333,30,0,7|7.333|44.000|1
1173,19.55,30,0,7|7.250|43.500|1
1174,19.5666666666667,30,0,7|7.167|43.000|1
1175,19.5833333333333,30,0,7|7.083|42.500|1
1176,19.6,30,0,7|7.000|42.000|1
1177,19.6166666666667,30,0,7|6.917|41.500|1
1178,19.6333333333333,30,0,7|6.833|41.000|1
1179,19.65,30,0,7|6.750|40.500|1
1180,19.6666666666667,30,0,7|6.667|40.000|1
1181,19.6833333333333,30,0,7|6.583|39.500|1
1182,19.7,30,0,7|6.500|39.000|1
1183,19.7166666666667,30,0,7|6.417|38.500|1
1184,19.7333333333333,30,0,7|6.333|38.000|1
1185,19.75,30,0,7|6.250|37.500|1
1186,19.7666666666667,30,0,7|6.167|37.000|1
1187,19.7833333333333,30,0,7|6.083|36.500|1
1188,19.8,30,0,7|6.000|36.000|1
1189,19.8166666666667,30,0,7|5.917|35.500|1
1190,19.8333333333333,30,0,7|5.833|35.000|1
1191,19.85,30,0,7|5.750|34.500|1
1192,19.8666666666667,30,0,7|5.667|34.000|1
1193,19.8833333333333,30,0,7|5.583|33.500|1
1194,19.9,30,0,7|5.500|33.000|1
1195,19.9166666666667,30,0,7|5.417|32.500|1
1196,19.9333333333333,30,0,7|5.333|32.000|1
1197,19.95,30,0,7|5.250|31.500|1
1198,19.9666666666667,30,0,7|5.167|31.000|1
1199,19.9833333333333,30,0,7|5.083|30.500|1
1200,20,30,0,7|5.000|30.000|1
1201,20.0166666666667,30,0,7|4.917|29.500|1
1202,20.0333333333333,30,0,7|4.833|29.000|1
1203,20.05,30,0,7|4.750|28.500|1
1204,20.0666666666667,30,0,7|4.667|28.000|1
1205,20.0833333333333,30,0,7|4.583|27.500|1
1206,20.1,30,0,7|4.500|27.000|1
1207,20.1166666666667,30,0,7|4.417|26.500|1
1208,20.1333333333333,30,0,7|4.333|26.000|1
1209,20.15,30,0,7|4.250|25.500|1
1210,20.1666666666667,30,0,7|4.167|25.000|1
1211,20.1833333333333,30,0,7|4.083|24.500|1
1212,20.2,30,0,7|4.000|24.000|1
1213,20.2166666666667,30,0,7|3.917|23.500|1
1214,20.2333333333333,30,0,7|3.833|23.000|1
1215,20.25,30,0,7|3.750|22.500|1
1216,20.2666666666667,30,0,7|3.667|22.000|1
1217,20.2833333333333,30,0,7|3.583|21.500|1
1218,20.3,30,0,7|3.500|21.000|1
1219,20.3166666666667,30,0,7|3.417|20.500|1
1220,20.3333333333333,30,0,7|3.333|20.000|1
1221,20.35,30,0,7|3.250|19.500|1
1222,20.3666666666667,30,0,7|3.167|19.000|1
1223,20.3833333333333,30,0,7|3.083|18.500|1
1224,20.4,30,0,7|3.000|18.000|1
1225,20.4166666666667,30,0,7|2.917|17.500|1
1226,20.4333333333333,30,0,7|2.833|17.000|1
1227,20.45,30,0,7|2.750|16.500|1
1228,20.4666666666667,30,0,7|2.667|16.000|1
1229,20.4833333333333,30,0,7|2.583|15.500|1
1230,20.5,30,0,7|2.500|15.000|1
1231,20.5166666666667,30,0,7|2.417|14.500|1
1232,20.5333333333333,30,0,7|2.333|14.000|1
1233,20.55,30,0,7|2.250|13.500|1
1234,20.5666666666667,30,0,7|2.167|13.000|1
1235,20.5833333333333,30,0,7|2.083|12.500|1
1236,20.6,30,0,7|2.000|12.000|1
1237,20.6166666666667,30,0,7|1.917|11.500|1
1238,20.6333333333333,30,0,7|1.833|11.000|1
1239,20.65,30,0,7|1.750|10.500|1
1240,20.6666666666667,30,0,7|1.667|10.000|1
1241,20.6833333333333,30,0,7|1.583|9.500|1
1242,20.7,30,0,7|1.500|9.000|1
1243,20.7166666666667,30,0,7|1.417|8.500|1
1244,20.7333333333333,30,0,7|1.333|8.000|1
1245,20.75,30,0,7|1.250|7.500|1
1246,20.7666666666667,30,0,7|1.167|7.000|1
1247,20.7833333333333,30,0,7|1.083|6.500|1
1248,20.8,30,0,7|1.000|6.000|1
1249,20.8166666666667,30,0,7|0.917|5.500|1
1250,20.8333333333333,30,0,7|0.833|5.000|1
1251,20.85,30,0,7|0.750|4.500|1
1252,20.8666666666667,30,0,7|0.667|4.000|1
1253,20.8833333333333,30,0,7|0.583|3.500|1
1254,20.9,30,0,7|0.500|3.000|1
1255,20.9166666666667,30,0,7|0.417|2.500|1
1256,20.9333333333333,30,0,7|0.333|2.000|1
1257,20.95,30,0,7|0.250|1.500|1
1258,20.9666666666667,30,0,7|0.167|1.000|1
1259,20.9833333333333,30,0,7|0.083|0.500|1
1260,21,30,1,7|-0.000|0.000|1
1261,21.0166666666667,30,0,8|-9.000|89.500|1
1262,21.0333333333333,30,0,8|-8.900|89.000|1
1263,21.05,30,0,8|-8.800|88.500|1
1264,21.0666666666667,30,0,8|-8.700|88.000|1
1265,21.0833333333333,30,0,8|-8.700|87.500|1
1266,21.1,30,0,8|-8.700|87.000|1
1267,21.1166666666667,30,0,8|-8.700|86.500|1
1268,21.1333333333333,30,0,8|-8.600|86.000|1
1269,21.15,30,0,8|-8.500|85.500|1
1270,21.1666666666667,30,0,8|-8.400|85.000|1
1271,21.1833333333333,30,0,8|-8.300|84.500|1
1272,21.2,30,0,8|-8.200|84.000|1
1273,21.2166666666667,30,0,8|-8.100|83.500|1
1274,21.2333333333333,30,0,8|-8.100|83.000|1
1275,21.25,30,0,8|-8.100|82.500|1
1276,21.2666666666667,30,0,8|-8.100|82.000|1
1277,21.2833333333333,30,0,8|-8.100|81.500|1
1278,21.3,30,0,8|-8.000|81.000|1
1279,21.3166666666667,30,0,8|-8.000|80.500|1
1280,21.3333333333333,30,0,8|-7.900|80.000|1
1281,21.35,30,0,8|-7.800|79.500|1
1282,21.3666666666667,30,0,8|-7.800|79.000|1
1283,21.3833333333333,30,0,8|-7.800|78.500|1
1284,21.4,30,0,8|-7.700|78.000|1
1285,21.4166666666667,30,0,8|-7.600|77.500|1
1286,21.4333333333333,30,0,8|-7.500|77.000|1
1287,21.45,30,0,8|-7.500|76.500|1
1288,21.4666666666667,30,0,8|-7.400|76.000|1
1289,21.4833333333333,30,0,8|-7.300|75.500|1
1290,21.5,30,0,8|-7.200|75.000|1
1291,21.5166666666667,30,0,8|-7.200|74.500|1
1292,21.5333333333333,30,0,8|-7.100|74.000|1
1293,21.55,30,0,8|-7.000|73.500|1
1294,21.5666666666667,30,0,8|-6.900|73.000|1
1295,21.5833333333333,30,0,8|-6.900|72.500|1
1296,21.6,30,0,8|-6.800|72.000|1
1297,21.6166666666667,30,0,8|-6.800|71.500|1
1298,21.6333333333333,30,0,8|-6.700|71.000|1
1299,21.65,30,0,8|-6.700|70.500|1
1300,21.6666666666667,30,0,8|-6.700|70.000|1
1301,21.6833333333333,30,0,8|-6.700|69.500|1
1302,21.7,30,0,8|-6.700|69.000|1
1303,21.7166666666667,30,0,8|-6.600|68.500|1
1304,21.7333333333333,30,0,8|-6.600|68.000|1
1305,21.75,30,0,8|-6.600|67.500|1
1306,21.7666666666667,30,0,8|-6.500|67.000|1
1307,21.7833333333333,30,0,8|-6.500|66.500|1
1308,21.8,30,0,8|-6.500|66.000|1
1309,21.8166666666667,30,0,8|-6.400|65.500|1
1310,21.8333333333333,30,0,8|-6.300|65.000|1
1311,21.85,30,0,8|-6.300|64.500|1
1312,21.8666666666667,30,0,8|-6.200|64.000|1
1313,21.8833333333333,30,0,8|-6.200|63.500|1
1314,21.9,30,0,8|-6.100|63.000|1
1315,21.9166666666667,30,0,8|-6.000|62.500|1
1316,21.9333333333333,30,0,8|-5.900|62.000|1
1317,21.95,30,0,8|-5.900|61.500|1
1318,21.9666666666667,30,0,8|-5.800|61.000|1
1319,21.9833333333333,30,0,8|-5.800|60.500|1
1320,22,30,0,8|-5.800|60.000|1
1321,22.0166666666667,30,0,8|-5.800|59.500|1
1322,22.0333333333333,30,0,8|-5.700|59.000|1
1323,22.05,30,0,8|-5.700|58.500|1
1324,22.0666666666667,30,0,8|-5.700|58.000|1
1325,22.0833333333333,30,0,8|-5.700|57.500|1
1326,22.1,30,0,8|-5.700|57.000|1
1327,22.1166666666667,30,0,8|-5.600|56.500|1
1328,22.1333333333333,30,0,8|-5.600|56.000|1
1329,22.15,30,0,8|-5.600|55.500|1
1330,22.1666666666667,30,0,8|-5.500|55.000|1
1331,22.1833333333333,30,0,8|-5.400|54.500|1
1332,22.2,30,0,8|-5.300|54.000|1
1333,22.2166666666667,30,0,8|-5.200|53.500|1
1334,22.2333333333333,30,0,8|-5.100|53.000|1
1335,22.25,30,0,8|-5.100|52.500|1
1336,22.2666666666667,30,0,8|-5.100|52.000|1
1337,22.2833333333333,30,0,8|-5.000|51.500|1
1338,22.3,30,0,8|-4.900|51.000|1
1339,22.3166666666667,30,0,8|-4.800|50.500|1
1340,22.3333333333333,30,0,8|-4.800|50.000|1
1341,22.35,30,0,8|-4.700|49.500|1
1342,22.3666666666667,30,0,8|-4.700|49.000|1
1343,22.3833333333333,30,0,8|-4.700|48.500|1
1344,22.4,30,0,8|-4.700|48.000|1
1345,22.4166666666667,30,0,8|-4.600|47.500|1
1346,22.4333333333333,30,0,8|-4.500|47.000|1
1347,22.45,30,0,8|-4.400|46.500|1
1348,22.4666666666667,30,0,8|-4.400|46.000|1
1349,22.4833333333333,30,0,8|-4.300|45.500|1
1350,22.5,30,0,8|-4.300|45.000|1
1351,22.5166666666667,30,0,8|-4.300|44.500|1
1352,22.5333333333333,30,0,8|-4.300|44.000|1
1353,22.55,30,0,8|-4.300|43.500|1
1354,22.5666666666667,30,0,8|-4.200|43.000|1
1355,22.5833333333333,30,0,8|-4.100|42.500|1
1356,22.6,30,0,8|-4.100|42.000|1
1357,22.6166666666667,30,0,8|-4.000|41.500|1
1358,22.6333333333333,30,0,8|-3.900|41.000|1
1359,22.65,30,0,8|-3.900|40.500|1
1360,22.6666666666667,30,0,8|-3.900|40.000|1
1361,22.6833333333333,30,0,8|-3.800|39.500|1
1362,22.7,30,0,8|-3.800|39.000|1
1363,22.7166666666667,30,0,8|-3.800|38.500|1
1364,22.7333333333333,30,0,8|-3.800|38.000|1
1365,22.75,30,0,8|-3.700|37.500|1
1366,22.7666666666667,30,0,8|-3.600|37.000|1
1367,22.7833333333333,30,0,8|-3.600|36.500|1
1368,22.8,30,0,8|-3.600|36.000|1
1369,22.8166666666667,30,0,8|-3.500|35.500|1
1370,22.8333333333333,30,0,8|-3.500|35.000|1
1371,22.85,30,0,8|-3.400|34.500|1
1372,22.8666666666667,30,0,8|-3.400|34.000|1
1373,22.8833333333333,30,0,8|-3.400|33.500|1
1374,22.9,30,0,8|-3.400|33.000|1
1375,22.9166666666667,30,0,8|-3.300|32.500|1
1376,22.9333333333333,30,0,8|-3.200|32.000|1
1377,22.95,30,0,8|-3.200|31.500|1
1378,22.9666666666667,30,0,8|-3.100|31.000|1
1379,22.9833333333333,30,0,8|-3.100|30.500|1
1380,23,30,0,8|-3.100|30.000|1
1381,23.0166666666667,30,0,8|-3.100|29.500|1
1382,23.0333333333333,30,0,8|-3.100|29.000|1
1383,23.05,30,0,8|-3.000|28.500|1
1384,23.0666666666667,30,0,8|-3.000|28.000|1
1385,23.0833333333333,30,0,8|-2.900|27.500|1
1386,23.1,30,0,8|-2.900|27.000|1
1387,23.1166666666667,30,0,8|-2.900|26.500|1
1388,23.1333333333333,30,0,8|-2.800|26.000|1
1389,23.15,30,0,8|-2.700|25.500|1
1390,23.1666666666667,30,0,8|-2.600|25.000|1
1391,23.1833333333333,30,0,8|-2.500|24.500|1
1392,23.2,30,0,8|-2.400|24.000|1
1393,23.2166666666667,30,0,8|-2.300|23.500|1
1394,23.2333333333333,30,0,8|-2.300|23.000|1
1395,23.25,30,0,8|-2.200|22.500|1
1396,23.2666666666667,30,0,8|-2.100|22.000|1
1397,23.2833333333333,30,0,8|-2.000|21.500|1
1398,23.3,30,0,8|-2.000|21.000|1
1399,23.3166666666667,30,0,8|-2.000|20.500|1
1400,23.3333333333333,30,0,8|-2.000|20.000|1
1401,23.35,30,0,8|-1.900|19.500|1
1402,23.3666666666667,30,0,8|-1.900|19.000|1
1403,23.3833333333333,30,0,8|-1.900|18.500|1
1404,23.4,30,0,8|-1.900|18.000|1
1405,23.4166666666667,30,0,8|-1.800|17.500|1
1406,23.4333333333333,30,0,8|-1.800|17.000|1
1407,23.45,30,0,8|-1.700|16.500|1
1408,23.4666666666667,30,0,8|-1.600|16.000|1
1409,23.4833333333333,30,0,8|-1.500|15.500|1
1410,23.5,30,0,8|-1.500|15.000|1
1411,23.5166666666667,30,0,8|-1.500|14.500|1
1412,23.5333333333333,30,0,8|-1.500|14.000|1
1413,23.55,30,0,8|-1.500|13.500|1
1414,23.5666666666667,30,0,8|-1.400|13.000|1
1415,23.5833333333333,30,0,8|-1.400|12.500|1
1416,23.6,30,0,8|-1.300|12.000|1
1417,23.6166666666667,30,0,8|-1.300|11.500|1
1418,23.6333333333333,30,0,8|-1.300|11.000|1
1419,23.65,30,0,8|-1.200|10.500|1
1420,23.6666666666667,30,0,8|-1.200|10.000|1
1421,23.6833333333333,30,0,8|-1.100|9.500|1
1422,23.7,30,0,8|-1.100|9.000|1
1423,23.7166666666667,30,0,8|-1.100|8.500|1
1424,23.7333333333333,30,0,8|-1.000|8.000|1
1425,23.75,30,0,8|-1.000|7.500|1
1426,23.7666666666667,30,0,8|-1.000|7.000|1
1427,23.7833333333333,30,0,8|-1.000|6.500|1
1428,23.8,30,0,8|-0.900|6.000|1
1429,23.8166666666667,30,0,8|-0.800|5.500|1
1430,23.8333333333333,30,0,8|-0.700|5.000|1
1431,23.85,30,0,8|-0.600|4.500|1
1432,23.8666666666667,30,0,8|-0.500|4.000|1
1433,23.8833333333333,30,0,8|-0.500|3.500|1
1434,23.9,30,0,8|-0.500|3.000|1
1435,23.9166666666667,30,0,8|-0.400|2.500|1
1436,23.9333333333333,30,0,8|-0.300|2.000|1
1437,23.95,30,0,8|-0.300|1.500|1
1438,23.9666666666667,30,0,8|-0.200|1.000|1
1439,23.9833333333333,30,0,8|-0.100|0.500|1
1440,24,30,1,8|-0.000|0.000|1
1441,24.0166666666667,30,0,9|15.000|89.500|1
1442,24.0333333333333,30,0,9|14.667|89.000|1
1443,24.05,30,0,9|14.667|88.500|1
1444,24.0666666666667,30,0,9|14.667|88.000|1
1445,24.0833333333333,30,0,9|14.667|87.500|1
1446,24.1,30,0,9|14.667|87.000|1
1447,24.1166666666667,30,0,9|14.333|86.500|1
1448,24.1333333333333,30,0,9|14.333|86.000|1
1449,24.15,30,0,9|14.000|85.500|1
1450,24.1666666666667,30,0,9|14.000|85.000|1
1451,24.1833333333333,30,0,9|14.000|84.500|1
1452,24.2,30,0,9|13.667|84.000|1
1453,24.2166666666667,30,0,9|13.333|83.500|1
1454,24.2333333333333,30,0,9|13.333|83.000|1
1455,24.25,30,0,9|13.333|82.500|1
1456,24.2666666666667,30,0,9|13.333|82.000|1
1457,24.2833333333333,30,0,9|13.333|81.500|1
1458,24.3,30,0,9|13.000|81.000|1
1459,24.3166666666667,30,0,9|13.000|80.500|1
1460,24.3333333333333,30,0,9|13.000|80.000|1
1461,24.35,30,0,9|12.667|79.500|1
1462,24.3666666666667,30,0,9|12.667|79.000|1
1463,24.3833333333333,30,0,9|12.333|78.500|1
1464,24.4,30,0,9|12.333|78.000|1
1465,24.4166666666667,30,0,9|12.333|77.500|1
1466,24.4333333333333,30,0,9|12.333|77.000|1
1467,24.45,30,0,9|12.333|76.500|1
1468,24.4666666666667,30,0,9|12.333|76.000|1
1469,24.4833333333333,30,0,9|12.333|75.500|1
1470,24.5,30,0,9|12.333|75.000|1
1471,24.5166666666667,30,0,9|12.333|74.500|1
1472,24.5333333333333,30,0,9|12.333|74.000|1
1473,24.55,30,0,9|12.000|73.500|1
1474,24.5666666666667,30,0,9|12.000|73.000|1
1475,24.5833333333333,30,0,9|12.000|72.500|1
1476,24.6,30,0,9|12.000|72.000|1
1477,24.6166666666667,30,0,9|12.000|71.500|1
1478,24.6333333333333,30,0,9|12.000|71.000|1
1479,24.65,30,0,9|12.000|70.500|1
1480,24.6666666666667,30,0,9|11.667|70.000|1
1481,24.6833333333333,30,0,9|11.667|69.500|1
1482,24.7,30,0,9|11.333|69.000|1
1483,24.7166666666667,30,0,9|11.333|68.500|1
1484,24.7333333333333,30,0,9|11.333|68.000|1
1485,24.75,30,0,9|11.333|67.500|1
1486,24.7666666666667,30,0,9|11.333|67.000|1
1487,24.7833333333333,30,0,9|11.000|66.500|1
1488,24.8,30,0,9|11.000|66.000|1
1489,24.8166666666667,30,0,9|11.000|65.500|1
1490,24.8333333333333,30,0,9|11.000|65.000|1
1491,24.85,30,0,9|11.000|64.500|1
1492,24.8666666666667,30,0,9|10.667|64.000|1
1493,24.8833333333333,30,0,9|10.667|63.500|1
1494,24.9,30,0,9|10.667|63.000|1
1495,24.9166666666667,30,0,9|10.333|62.500|1
1496,24.9333333333333,30,0,9|10.333|62.000|1
1497,24.95,30,0,9|10.333|61.500|1
1498,24.9666666666667,30,0,9|10.000|61.000|1
1499,24.9833333333333,30,0,9|9.667|60.500|1
1500,25,30,0,9|9.667|60.000|1
1501,25.0166666666667,30,0,9|9.667|59.500|1
1502,25.0333333333333,30,0,9|9.667|59.000|1
1503,25.05,30,0,9|9.667|58.500|1
1504,25.0666666666667,30,0,9|9.667|58.000|1
1505,25.0833333333333,30,0,9|9.667|57.500|1
1506,25.1,30,0,9|9.667|57.000|1
1507,25.1166666666667,30,0,9|9.667|56.500|1
1508,25.1333333333333,30,0,9|9.667|56.000|1
1509,25.15,30,0,9|9.667|55.500|1
1510,25.1666666666667,30,0,9|9.333|55.000|1
1511,25.1833333333333,30,0,9|9.333|54.500|1
1512,25.2,30,0,9|9.333|54.000|1
1513,25.2166666666667,30,0,9|9.000|53.500|1
1514,25.2333333333333,30,0,9|9.000|53.000|1
1515,25.25,30,0,9|9.000|52.500|1
1516,25.2666666666667,30,0,9|9.000|52.000|1
1517,25.2833333333333,30,0,9|9.000|51.500|1
1518,25.3,30,0,9|9.000|51.000|1
1519,25.3166666666667,30,0,9|9.000|50.500|1
1520,25.3333333333333,30,0,9|9.000|50.000|1
1521,25.35,30,0,9|9.000|49.500|1
1522,25.3666666666667,30,0,9|8.667|49.000|1
1523,25.3833333333333,30,0,9|8.667|48.500|1
1524,25.4,30,0,9|8.667|48.000|1
1525,25.4166666666667,30,0,9|8.667|47.500|1
1526,25.4333333333333,30,0,9|8.667|47.000|1
1527,25.45,30,0,9|8.333|46.500|1
1528,25.4666666666667,30,0,9|8.333|46.000|1
1529,25.4833333333333,30,0,9|8.333|45.500|1
1530,25.5,30,0,9|8.333|45.000|1
1531,25.5166666666667,30,0,9|8.333|44.500|1
1532,25.5333333333333,30,0,9|8.000|44.000|1
1533,25.55,30,0,9|8.000|43.500|1
1534,25.5666666666667,30,0,9|8.000|43.000|1
1535,25.5833333333333,30,0,9|8.000|42.500|1
1536,25.6,30,0,9|7.667|42.000|1
1537,25.6166666666667,30,0,9|7.333|41.500|1
1538,25.6333333333333,30,0,9|7.333|41.000|1
1539,25.65,30,0,9|7.000|40.500|1
1540,25.6666666666667,30,0,9|7.000|40.000|1
1541,25.6833333333333,30,0,9|7.000|39.500|1
1542,25.7,30,0,9|6.667|39.000|1
1543,25.7166666666667,30,0,9|6.667|38.500|1
1544,25.7333333333333,30,0,9|6.667|38.000|1
1545,25.75,30,0,9|6.667|37.500|1
1546,25.7666666666667,30,0,9|6.667|37.000|1
1547,25.7833333333333,30,0,9|6.333|36.500|1
1548,25.8,30,0,9|6.333|36.000|1
1549,25.8166666666667,30,0,9|6.000|35.500|1
1550,25.8333333333333,30,0,9|6.000|35.000|1
1551,25.85,30,0,9|6.000|34.500|1
1552,25.8666666666667,30,0,9|6.000|34.000|1
1553,25.8833333333333,30,0,9|6.000|33.500|1
1554,25.9,30,0,9|6.000|33.000|1
1555,25.9166666666667,30,0,9|6.000|32.500|1
1556,25.9333333333333,30,0,9|6.000|32.000|1
1557,25.95,30,0,9|6.000|31.500|1
1558,25.9666666666667,30,0,9|6.000|31.000|1
1559,25.9833333333333,30,0,9|5.667|30.500|1
1560,26,30,0,9|5.667|30.000|1
1561,26.0166666666667,30,0,9|5.333|29.500|1
1562,26.0333333333333,30,0,9|5.333|29.000|1
1563,26.05,30,0,9|5.333|28.500|1
1564,26.0666666666667,30,0,9|5.333|28.000|1
1565,26.0833333333333,30,0,9|5.000|27.500|1
1566,26.1,30,0,9|5.000|27.000|1
1567,26.1166666666667,30,0,9|5.000|26.500|1
1568,26.1333333333333,30,0,9|5.000|26.000|1
1569,26.15,30,0,9|4.667|25.500|1
1570,26.1666666666667,30,0,9|4.333|25.000|1
1571,26.1833333333333,30,0,9|4.333|24.500|1
1572,26.2,30,0,9|4.000|24.000|1
1573,26.2166666666667,30,0,9|4.000|23.500|1
1574,26.2333333333333,30,0,9|4.000|23.000|1
1575,26.25,30,0,9|4.000|22.500|1
1576,26.2666666666667,30,0,9|4.000|22.000|1
1577,26.2833333333333,30,0,9|4.000|21.500|1
1578,26.3,30,0,9|4.000|21.000|1
1579,26.3166666666667,30,0,9|4.000|20.500|1
1580,26.3333333333333,30,0,9|3.667|20.000|1
1581,26.35,30,0,9|3.667|19.500|1
1582,26.3666666666667,30,0,9|3.667|19.000|1
1583,26.3833333333333,30,0,9|3.667|18.500|1
1584,26.4,30,0,9|3.667|18.000|1
1585,26.4166666666667,30,0,9|3.667|17.500|1
1586,26.4333333333333,30,0,9|3.667|17.000|1
1587,26.45,30,0,9|3.667|16.500|1
1588,26.4666666666667,30,0,9|3.667|16.000|1
1589,26.4833333333333,30,0,9|3.667|15.500|1
1590,26.5,30,0,9|3.667|15.000|1
1591,26.5166666666667,30,0,9|3.667|14.500|1
1592,26.5333333333333,30,0,9|3.333|14.000|1
1593,26.55,30,0,9|3.000|13.500|1
1594,26.5666666666667,30,0,9|3.000|13.000|1
1595,26.5833333333333,30,0,9|3.000|12.500|1
1596,26.6,30,0,9|2.667|12.000|1
1597,26.6166666666667,30,0,9|2.333|11.500|1
1598,26.6333333333333,30,0,9|2.333|11.000|1
1599,26.65,30,0,9|2.333|10.500|1
1600,26.6666666666667,30,0,9|2.333|10.000|1
1601,26.6833333333333,30,0,9|2.333|9.500|1
1602,26.7,30,0,9|2.000|9.000|1
1603,26.7166666666667,30,0,9|1.667|8.500|1
1604,26.7333333333333,30,0,9|1.333|8.000|1
1605,26.75,30,0,9|1.000|7.500|1
1606,26.7666666666667,30,0,9|0.667|7.000|1
1607,26.7833333333333,30,0,9|0.667|6.500|1
1608,26.8,30,0,9|0.667|6.000|1
1609,26.8166666666667,30,0,9|0.667|5.500|1
1610,26.8333333333333,30,0,9|0.333|5.000|1
1611,26.85,30,0,9|0.333|4.500|1
1612,26.8666666666667,30,0,9|0.333|4.000|1
1613,26.8833333333333,30,0,9|0.333|3.500|1
1614,26.9,30,0,9|0.333|3.000|1
1615,26.9166666666667,30,0,9|0.333|2.500|1
1616,26.9333333333333,30,0,9|0.333|2.000|1
1617,26.95,30,0,9|0.333|1.500|1
1618,26.9666666666667,30,0,9|0.333|1.000|1
1619,26.9833333333333,30,0,9|0.333|0.500|1
1620,27,30,1,9|-0.000|0.000|1
1621,27.0166666666667,30,0,10|6.000|89.500|1
1622,27.0333333333333,30,0,10|6.000|89.000|1
1623,27.05,30,0,10|6.000|88.500|1
1624,27.0666666666667,30,0,10|5.667|88.000|1
1625,27.0833333333333,30,0,10|5.667|87.500|1
1626,27.1,30,0,10|5.667|87.000|1
1627,27.1166666666667,30,0,10|5.667|86.500|1
1628,27.1333333333333,30,0,10|5.667|86.000|1
1629,27.15,30,0,10|5.667|85.500|1
1630,27.1666666666667,30,0,10|5.667|85.000|1
1631,27.1833333333333,30,0,10|5.667|84.500|1
1632,27.2,30,0,10|5.333|84.000|1
1633,27.2166666666667,30,0,10|5.333|83.500|1
1634,27.2333333333333,30,0,10|5.333|83.000|1
1635,27.25,30,0,10|5.333|82.500|1
1636,27.2666666666667,30,0,10|5.000|82.000|1
1637,27.2833333333333,30,0,10|5.000|81.500|1
1638,27.3,30,0,10|5.000|81.000|1
1639,27.3166666666667,30,0,10|5.000|80.500|1
1640,27.3333333333333,30,0,10|5.000|80.000|1
1641,27.35,30,0,10|5.000|79.500|1
1642,27.3666666666667,30,0,10|5.000|79.000|1
1643,27.3833333333333,30,0,10|5.000|78.500|1
1644,27.4,30,0,10|5.000|78.000|1
1645,27.4166666666667,30,0,10|5.000|77.500|1
1646,27.4333333333333,30,0,10|5.000|77.000|1
1647,27.45,30,0,10|5.000|76.500|1
1648,27.4666666666667,30,0,10|5.000|76.000|1
1649,27.4833333333333,30,0,10|5.000|75.500|1
1650,27.5,30,0,10|5.000|75.000|1
1651,27.5166666666667,30,0,10|5.000|74.500|1
1652,27.5333333333333,30,0,10|5.000|74.000|1
1653,27.55,30,0,10|5.000|73.500|1
1654,27.5666666666667,30,0,10|5.000|73.000|1
1655,27.5833333333333,30,0,10|5.000|72.500|1
1656,27.6,30,0,10|5.000|72.000|1
1657,27.6166666666667,30,0,10|5.000|71.500|1
1658,27.6333333333333,30,0,10|5.000|71.000|1
1659,27.65,30,0,10|5.000|70.500|1
1660,27.6666666666667,30,0,10|5.000|70.000|1
1661,27.6833333333333,30,0,10|5.000|69.500|1
1662,27.7,30,0,10|5.000|69.000|1
1663,27.7166666666667,30,0,10|5.000|68.500|1
1664,27.7333333333333,30,0,10|5.000|68.000|1
1665,27.75,30,0,10|5.000|67.500|1
1666,27.7666666666667,30,0,10|5.000|67.000|1
1667,27.7833333333333,30,0,10|5.000|66.500|1
1668,27.8,30,0,10|5.000|66.000|1
1669,27.8166666666667,30,0,10|4.667|65.500|1
1670,27.8333333333333,30,0,10|4.667|65.000|1
1671,27.85,30,0,10|4.667|64.500|1
1672,27.8666666666667,30,0,10|4.667|64.000|1
1673,27.8833333333333,30,0,10|4.667|63.500|1
1674,27.9,30,0,10|4.667|63.000|1
1675,27.9166666666667,30,0,10|4.333|62.500|1
1676,27.9333333333333,30,0,10|4.000|62.000|1
1677,27.95,30,0,10|4.000|61.500|1
1678,27.9666666666667,30,0,10|4.000|61.000|1
1679,27.9833333333333,30,0,10|4.000|60.500|1
1680,28,30,0,10|4.000|60.000|1
1681,28.0166666666667,30,0,10|4.000|59.500|1
1682,28.0333333333333,30,0,10|3.667|59.000|1
1683,28.05,30,0,10|3.667|58.500|1
1684,28.0666666666667,30,0,10|3.333|58.000|1
1685,28.0833333333333,30,0,10|3.333|57.500|1
1686,28.1,30,0,10|3.333|57.000|1
1687,28.1166666666667,30,0,10|3.333|56.500|1
1688,28.1333333333333,30,0,10|3.333|56.000|1
1689,28.15,30,0,10|3.333|55.500|1
1690,28.1666666666667,30,0,10|3.000|55.000|1
1691,28.1833333333333,30,0,10|3.000|54.500|1
1692,28.2,30,0,10|3.000|54.000|1
1693,28.2166666666667,30,0,10|3.000|53.500|1
1694,28.2333333333333,30,0,10|3.000|53.000|1
1695,28.25,30,0,10|3.000|52.500|1
1696,28.2666666666667,30,0,10|3.000|52.000|1
1697,28.2833333333333,30,0,10|2.667|51.500|1
1698,28.3,30,0,10|2.667|51.000|1
1699,28.3166666666667,30,0,10|2.667|50.500|1
1700,28.3333333333333,30,0,10|2.667|50.000|1
1701,28.35,30,0,10|2.667|49.500|1
1702,28.3666666666667,30,0,10|2.667|49.000|1
1703,28.3833333333333,30,0,10|2.333|48.500|1
1704,28.4,30,0,10|2.333|48.000|1
1705,28.4166666666667,30,0,10|2.333|47.500|1
1706,28.4333333333333,30,0,10|2.000|47.000|1
1707,28.45,30,0,10|2.000|46.500|1
1708,28.4666666666667,30,0,10|2.000|46.000|1
1709,28.4833333333333,30,0,10|2.000|45.500|1
1710,28.5,30,0,10|2.000|45.000|1
1711,28.5166666666667,30,0,10|2.000|44.500|1
1712,28.5333333333333,30,0,10|2.000|44.000|1
1713,28.55,30,0,10|2.000|43.500|1
1714,28.5666666666667,30,0,10|2.000|43.000|1
1715,28.5833333333333,30,0,10|2.000|42.500|1
1716,28.6,30,0,10|2.000|42.000|1
1717,28.6166666666667,30,0,10|1.667|41.500|1
1718,28.6333333333333,30,0,10|1.667|41.000|1
1719,28.65,30,0,10|1.667|40.500|1
1720,28.6666666666667,30,0,10|1.667|40.000|1
1721,28.6833333333333,30,0,10|1.667|39.500|1
1722,28.7,30,0,10|1.667|39.000|1
1723,28.7166666666667,30,0,10|1.667|38.500|1
1724,28.7333333333333,30,0,10|1.667|38.000|1
1725,28.75,30,0,10|1.667|37.500|1
1726,28.7666666666667,30,0,10|1.667|37.000|1
1727,28.7833333333333,30,0,10|1.333|36.500|1
1728,28.8,30,0,10|1.333|36.000|1
1729,28.8166666666667,30,0,10|1.333|35.500|1
1730,28.8333333333333,30,0,10|1.333|35.000|1
1731,28.85,30,0,10|1.333|34.500|1
1732,28.8666666666667,30,0,10|1.333|34.000|1
1733,28.8833333333333,30,0,10|1.333|33.500|1
1734,28.9,30,0,10|1.333|33.000|1
1735,28.9166666666667,30,0,10|1.333|32.500|1
1736,28.9333333333333,30,0,10|1.333|32.000|1
1737,28.95,30,0,10|1.333|31.500|1
1738,28.9666666666667,30,0,10|1.333|31.000|1
1739,28.9833333333333,30,0,10|1.333|30.500|1
1740,29,30,0,10|1.333|30.000|1
1741,29.0166666666667,30,0,10|1.333|29.500|1
1742,29.0333333333333,30,0,10|1.333|29.000|1
1743,29.05,30,0,10|1.333|28.500|1
1744,29.0666666666667,30,0,10|1.333|28.000|1
1745,29.0833333333333,30,0,10|1.333|27.500|1
1746,29.1,30,0,10|1.333|27.000|1
1747,29.1166666666667,30,0,10|1.333|26.500|1
1748,29.1333333333333,30,0,10|1.333|26.000|1
1749,29.15,30,0,10|1.333|25.500|1
1750,29.1666666666667,30,0,10|1.333|25.000|1
1751,29.1833333333333,30,0,10|1.333|24.500|1
1752,29.2,30,0,10|1.333|24.000|1
1753,29.2166666666667,30,0,10|1.333|23.500|1
1754,29.2333333333333,30,0,10|1.333|23.000|1
1755,29.25,30,0,10|1.333|22.500|1
1756,29.2666666666667,30,0,10|1.333|22.000|1
1757,29.2833333333333,30,0,10|1.000|21.500|1
1758,29.3,30,0,10|1.000|21.000|1
1759,29.3166666666667,30,0,10|1.000|20.500|1
1760,29.3333333333333,30,0,10|1.000|20.000|1
1761,29.35,30,0,10|1.000|19.500|1
1762,29.3666666666667,30,0,10|1.000|19.000|1
1763,29.3833333333333,30,0,10|1.000|18.500|1
1764,29.4,30,0,10|1.000|18.000|1
1765,29.4166666666667,30,0,10|0.667|17.500|1
1766,29.4333333333333,30,0,10|0.667|17.000|1
1767,29.45,30,0,10|0.667|16.500|1
1768,29.4666666666667,30,0,10|0.667|16.000|1
1769,29.4833333333333,30,0,10|0.667|15.500|1
1770,29.5,30,0,10|0.667|15.000|1
1771,29.5166666666667,30,0,10|0.667|14.500|1
1772,29.5333333333333,30,0,10|0.667|14.000|1
1773,29.55,30,0,10|0.667|13.500|1
1774,29.5666666666667,30,0,10|0.667|13.000|1
1775,29.5833333333333,30,0,10|0.667|12.500|1
1776,29.6,30,0,10|0.667|12.000|1
1777,29.6166666666667,30,0,10|0.667|11.500|1
1778,29.6333333333333,30,0,10|0.333|11.000|1
1779,29.65,30,0,10|0.333|10.500|1
1780,29.6666666666667,30,0,10|0.333|10.000|1
1781,29.6833333333333,30,0,10|0.333|9.500|1
1782,29.7,30,0,10|0.333|9.000|1
1783,29.7166666666667,30,0,10|0.333|8.500|1
1784,29.7333333333333,30,0,10|0.333|8.000|1
1785,29.75,30,0,10|0.333|7.500|1
1786,29.7666666666667,30,0,10|0.333|7.000|1
1787,29.7833333333333,30,0,10|0.000|6.500|1
1788,29.8,30,0,10|0.000|6.000|1
1789,29.8166666666667,30,0,10|0.000|5.500|1
1790,29.8333333333333,30,0,10|0.000|5.000|1
1791,29.85,30,0,10|0.000|4.500|1
1792,29.8666666666667,30,0,10|0.000|4.000|1
1793,29.8833333333333,30,0,10|0.000|3.500|1
1794,29.9,30,0,10|0.000|3.000|1
1795,29.9166666666667,30,0,10|0.000|2.500|1
1796,29.9333333333333,30,0,10|0.000|2.000|1
1797,29.95,30,0,10|0.000|1.500|1
1798,29.9666666666667,30,0,10|0.000|1.000|1
1799,29.9833333333333,30,0,10|0.000|0.500|1
1800,30,30,1,10|0.000|0.000|1
1801,30.0166666666667,30,0,11|-15.000|89.500|1
1802,30.0333333333333,30,0,11|-15.000|89.000|1
1803,30.05,30,0,11|-15.000|88.500|1
1804,30.0666666666667,30,0,11|-15.000|88.000|1
1805,30.0833333333333,30,0,11|-15.000|87.500|1
1806,30.1,30,0,11|-15.000|87.000|1
1807,30.1166666666667,30,0,11|-15.000|86.500|1
1808,30.1333333333333,30,0,11|-15.000|86.000|1
1809,30.15,30,0,11|-15.000|85.500|1
1810,30.1666666666667,30,0,11|-15.000|85.000|1
1811,30.1833333333333,30,0,11|-15.000|84.500|1
1812,30.2,30,0,11|-15.000|84.000|1
1813,30.2166666666667,30,0,11|-15.000|83.500|1
1814,30.2333333333333,30,0,11|-15.000|83.000|1
1815,30.25,30,0,11|-15.000|82.500|1
1816,30.2666666666667,30,0,11|-15.000|82.000|1
1817,30.2833333333333,30,0,11|-15.000|81.500|1
1818,30.3,30,0,11|-15.000|81.000|1
1819,30.3166666666667,30,0,11|-15.000|80.500|1
1820,30.3333333333333,30,0,11|-15.000|80.000|1
1821,30.35,30,0,11|-15.000|79.500|1
1822,30.3666666666667,30,0,11|-15.000|79.000|1
1823,30.3833333333333,30,0,11|-15.000|78.500|1
1824,30.4,30,0,11|-15.000|78.000|1
1825,30.4166666666667,30,0,11|-15.000|77.500|1
1826,30.4333333333333,30,0,11|-15.000|77.000|1
1827,30.45,30,0,11|-15.000|76.500|1
1828,30.4666666666667,30,0,11|-15.000|76.000|1
1829,30.4833333333333,30,0,11|-15.000|75.500|1
1830,30.5,30,0,11|-15.000|75.000|1
1831,30.5166666666667,30,0,11|-15.000|74.500|1
1832,30.5333333333333,30,0,11|-15.000|74.000|1
1833,30.55,30,0,11|-15.000|73.500|1
1834,30.5666666666667,30,0,11|-15.000|73.000|1
1835,30.5833333333333,30,0,11|-15.000|72.500|1
1836,30.6,30,0,11|-15.000|72.000|1
1837,30.6166666666667,30,0,11|-15.000|71.500|1
1838,30.6333333333333,30,0,11|-15.000|71.000|1
1839,30.65,30,0,11|-15.000|70.500|1
1840,30.6666666666667,30,0,11|-15.000|70.000|1
1841,30.6833333333333,30,0,11|-15.000|69.500|1
1842,30.7,30,0,11|-15.000|69.000|1
1843,30.7166666666667,30,0,11|-15.000|68.500|1
1844,30.7333333333333,30,0,11|-15.000|68.000|1
1845,30.75,30,0,11|-15.000|67.500|1
1846,30.7666666666667,30,0,11|-15.000|67.000|1
1847,30.7833333333333,30,0,11|-15.000|66.500|1
1848,30.8,30,0,11|-15.000|66.000|1
1849,30.8166666666667,30,0,11|-15.000|65.500|1
1850,30.8333333333333,30,0,11|-15.000|65.000|1
1851,30.85,30,0,11|-15.000|64.500|1
1852,30.8666666666667,30,0,11|-15.000|64.000|1
1853,30.8833333333333,30,0,11|-15.000|63.500|1
1854,30.9,30,0,11|-15.000|63.000|1
1855,30.9166666666667,30,0,11|-15.000|62.500|1
1856,30.9333333333333,30,0,11|-15.000|62.000|1
1857,30.95,30,0,11|-15.000|61.500|1
1858,30.9666666666667,30,0,11|-15.000|61.000|1
1859,30.9833333333333,30,0,11|-15.000|60.500|1
1860,31,30,0,11|-15.000|60.000|1
1861,31.0166666666667,30,0,11|-15.000|59.500|1
1862,31.0333333333333,30,0,11|-15.000|59.000|1
1863,31.05,30,0,11|-15.000|58.500|1
1864,31.0666666666667,30,0,11|-15.000|58.000|1
1865,31.0833333333333,30,0,11|-15.000|57.500|1
1866,31.1,30,0,11|-15.000|57.000|1
1867,31.1166666666667,30,0,11|-15.000|56.500|1
1868,31.1333333333333,30,0,11|-15.000|56.000|1
1869,31.15,30,0,11|-15.000|55.500|1
1870,31.1666666666667,30,0,11|-15.000|55.000|1
1871,31.1833333333333,30,0,11|-15.000|54.500|1
1872,31.2,30,0,11|-15.000|54.000|1
1873,31.2166666666667,30,0,11|-15.000|53.500|1
1874,31.2333333333333,30,0,11|-15.000|53.000|1
1875,31.25,30,0,11|-15.000|52.500|1
1876,31.2666666666667,30,0,11|-15.000|52.000|1
1877,31.2833333333333,30,0,11|-15.000|51.500|1
1878,31.3,30,0,11|-15.000|51.000|1
1879,31.3166666666667,30,0,11|-15.000|50.500|1
1880,31.3333333333333,30,0,11|-15.000|50.000|1
1881,31.35,30,0,11|-15.000|49.500|1
1882,31.3666666666667,30,0,11|-15.000|49.000|1
1883,31.3833333333333,30,0,11|-15.000|48.500|1
1884,31.4,30,0,11|-15.000|48.000|1
1885,31.4166666666667,30,0,11|-15.000|47.500|1
1886,31.4333333333333,30,0,11|-15.000|47.000|1
1887,31.45,30,0,11|-15.000|46.500|1
1888,31.4666666666667,30,0,11|-15.000|46.000|1
1889,31.4833333333333,30,0,11|-15.000|45.500|1
1890,31.5,30,0,11|-15.000|45.000|1
1891,31.5166666666667,30,0,11|-15.000|44.500|1
1892,31.5333333333333,30,0,11|-15.000|44.000|1
1893,31.55,30,0,11|-15.000|43.500|1
1894,31.5666666666667,30,0,11|-15.000|43.000|1
1895,31.5833333333333,30,0,11|-15.000|42.500|1
1896,31.6,30,0,11|-15.000|42.000|1
1897,31.6166666666667,30,0,11|-15.000|41.500|1
1898,31.6333333333333,30,0,11|-15.000|41.000|1
1899,31.65,30,0,11|-15.000|40.500|1
1900,31.6666666666667,30,0,11|-15.000|40.000|1
1901,31.6833333333333,30,0,11|-15.000|39.500|1
1902,31.7,30,0,11|-15.000|39.000|1
1903,31.7166666666667,30,0,11|-15.000|38.500|1
1904,31.7333333333333,30,0,11|-15.000|38.000|1
1905,31.75,30,0,11|-15.000|37.500|1
1906,31.7666666666667,30,0,11|-15.000|37.000|1
1907,31.7833333333333,30,0,11|-15.000|36.500|1
1908,31.8,30,0,11|-15.000|36.000|1
1909,31.8166666666667,30,0,11|-15.000|35.500|1
1910,31.8333333333333,30,0,11|-15.000|35.000|1
1911,31.85,30,0,11|-15.000|34.500|1
1912,31.8666666666667,30,0,11|-15.000|34.000|1
1913,31.8833333333333,30,0,11|-15.000|33.500|1
1914,31.9,30,0,11|-15.000|33.000|1
1915,31.9166666666667,30,0,11|-15.000|32.500|1
1916,31.9333333333333,30,0,11|-15.000|32.000|1
1917,31.95,30,0,11|-15.000|31.500|1
1918,31.9666666666667,30,0,11|-15.000|31.000|1
1919,31.9833333333333,30,0,11|-15.000|30.500|1
1920,32,30,0,11|-15.000|30.000|1
1921,32.0166666666667,30,0,11|-15.000|29.500|1
1922,32.0333333333333,30,0,11|-15.000|29.000|1
1923,32.05,30,0,11|-15.000|28.500|1
1924,32.0666666666667,30,0,11|-15.000|28.000|1
1925,32.0833333333333,30,0,11|-15.000|27.500|1
1926,32.1,30,0,11|-15.000|27.000|1
1927,32.1166666666667,30,0,11|-15.000|26.500|1
1928,32.1333333333333,30,0,11|-15.000|26.000|1
1929,32.15,30,0,11|-15.000|25.500|1
1930,32.1666666666667,30,0,11|-15.000|25.000|1
1931,32.1833333333333,30,0,11|-15.000|24.500|1
1932,32.2,30,0,11|-15.000|24.000|1
1933,32.2166666666667,30,0,11|-15.000|23.500|1
1934,32.2333333333333,30,0,11|-15.000|23.000|1
1935,32.25,30,0,11|-15.000|22.500|1
1936,32.2666666666667,30,0,11|-15.000|22.000|1
1937,32.2833333333333,30,0,11|-15.000|21.500|1
1938,32.3,30,0,11|-15.000|21.000|1
1939,32.3166666666667,30,0,11|-15.000|20.500|1
1940,32.3333333333333,30,0,11|-15.000|20.000|1
1941,32.35,30,0,11|-15.000|19.500|1
1942,32.3666666666667,30,0,11|-15.000|19.000|1
1943,32.3833333333333,30,0,11|-15.000|18.500|1
1944,32.4,30,0,11|-15.000|18.000|1
1945,32.4166666666667,30,0,11|-15.000|17.500|1
1946,32.4333333333333,30,0,11|-15.000|17.000|1
1947,32.45,30,0,11|-15.000|16.500|1
1948,32.4666666666667,30,0,11|-15.000|16.000|1
1949,32.4833333333333,30,0,11|-15.000|15.500|1
1950,32.5,30,0,11|-15.000|15.000|1
1951,32.5166666666667,30,0,11|-15.000|14.500|1
1952,32.5333333333333,30,0,11|-15.000|14.000|1
1953,32.55,30,0,11|-15.000|13.500|1
1954,32.5666666666667,30,0,11|-15.000|13.000|1
1955,32.5833333333333,30,0,11|-15.000|12.500|1
1956,32.6,30,0,11|-15.000|12.000|1
1957,32.6166666666667,30,0,11|-15.000|11.500|1
1958,32.6333333333333,30,0,11|-15.000|11.000|1
1959,32.65,30,0,11|-15.000|10.500|1
1960,32.6666666666667,30,0,11|-15.000|10.000|1
1961,32.6833333333333,30,0,11|-15.000|9.500|1
1962,32.7,30,0,11|-15.000|9.000|1
1963,32.7166666666667,30,0,11|-15.000|8.500|1
1964,32.7333333333333,30,0,11|-15.000|8.000|1
1965,32.75,30,0,11|-15.000|7.500|1
1966,32.7666666666667,30,0,11|-15.000|7.000|1
1967,32.7833333333333,30,0,11|-15.000|6.500|1
1968,32.8,30,0,11|-15.000|6.000|1
1969,32.8166666666667,30,0,11|-15.000|5.500|1
1970,32.8333333333333,30,0,11|-15.000|5.000|1
1971,32.85,30,0,11|-15.000|4.500|1
1972,32.8666666666667,30,0,11|-15.000|4.000|1
1973,32.8833333333333,30,0,11|-15.000|3.500|1
1974,32.9,30,0,11|-15.000|3.000|1
1975,32.9166666666667,30,0,11|-15.000|2.500|1
1976,32.9333333333333,30,0,11|-15.000|2.000|1
1977,32.95,30,0,11|-15.000|1.500|1
1978,32.9666666666667,30,0,11|-15.000|1.000|1
1979,32.9833333333333,30,0,11|-15.000|0.500|1
1980,33,30,0,11|-15.000|0.000|1
1981,33.0166666666667,30,0,12|-14.833|89.500|1
1982,33.0333333333333,30,0,12|-14.667|89.000|1
1983,33.05,30,0,12|-14.667|88.500|1
1984,33.0666666666667,30,0,12|-14.667|88.000|1
1985,33.0833333333333,30,0,12|-14.500|87.500|1
1986,33.1,30,0,12|-14.500|87.000|1
1987,33.1166666666667,30,0,12|-14.333|86.500|1
1988,33.1333333333333,30,0,12|-14.333|86.000|1
1989,33.15,30,0,12|-14.167|85.500|1
1990,33.1666666666667,30,0,12|-14.000|85.000|1
1991,33.1833333333333,30,0,12|-14.000|84.500|1
1992,33.2,30,0,12|-14.000|84.000|1
1993,33.2166666666667,30,0,12|-13.833|83.500|1
1994,33.2333333333333,30,0,12|-13.667|83.000|1
1995,33.25,30,0,12|-13.667|82.500|1
1996,33.2666666666667,30,0,12|-13.667|82.000|1
1997,33.2833333333333,30,0,12|-13.500|81.500|1
1998,33.3,30,0,12|-13.500|81.000|1
1999,33.3166666666667,30,0,12|-13.500|80.500|1
2000,33.3333333333333,30,0,12|-13.333|80.000|1
2001,33.35,30,0,12|-13.167|79.500|1
2002,33.3666666666667,30,0,12|-13.000|79.000|1
2003,33.3833333333333,30,0,12|-13.000|78.500|1
2004,33.4,30,0,12|-13.000|78.000|1
2005,33.4166666666667,30,0,12|-13.000|77.500|1
2006,33.4333333333333,30,0,12|-12.833|77.000|1
2007,33.45,30,0,12|-12.833|76.500|1
2008,33.4666666666667,30,0,12|-12.667|76.000|1
2009,33.4833333333333,30,0,12|-12.500|75.500|1
2010,33.5,30,0,12|-12.333|75.000|1
2011,33.5166666666667,30,0,12|-12.167|74.500|1
2012,33.5333333333333,30,0,12|-12.000|74.000|1
2013,33.55,30,0,12|-12.000|73.500|1
2014,33.5666666666667,30,0,12|-11.833|73.000|1
2015,33.5833333333333,30,0,12|-11.833|72.500|1
2016,33.6,30,0,12|-11.833|72.000|1
2017,33.6166666666667,30,0,12|-11.833|71.500|1
2018,33.6333333333333,30,0,12|-11.833|71.000|1
2019,33.65,30,0,12|-11.667|70.500|1
2020,33.6666666666667,30,0,12|-11.667|70.000|1
2021,33.6833333333333,30,0,12|-11.667|69.500|1
2022,33.7,30,0,12|-11.500|69.000|1
2023,33.7166666666667,30,0,12|-11.500|68.500|1
2024,33.7333333333333,30,0,12|-11.333|68.000|1
2025,33.75,30,0,12|-11.167|67.500|1
2026,33.7666666666667,30,0,12|-11.167|67.000|1
2027,33.7833333333333,30,0,12|-11.167|66.500|1
2028,33.8,30,0,12|-11.000|66.000|1
2029,33.8166666666667,30,0,12|-10.833|65.500|1
2030,33.8333333333333,30,0,12|-10.833|65.000|1
2031,33.85,30,0,12|-10.833|64.500|1
2032,33.8666666666667,30,0,12|-10.667|64.000|1
2033,33.8833333333333,30,0,12|-10.667|63.500|1
2034,33.9,30,0,12|-10.500|63.000|1
2035,33.9166666666667,30,0,12|-10.333|62.500|1
2036,33.9333333333333,30,0,12|-10.167|62.000|1
2037,33.95,30,0,12|-10.000|61.500|1
2038,33.9666666666667,30,0,12|-10.000|61.000|1
2039,33.9833333333333,30,0,12|-10.000|60.500|1
2040,34,30,0,12|-9.833|60.000|1
2041,34.0166666666667,30,0,12|-9.667|59.500|1
2042,34.0333333333333,30,0,12|-9.500|59.000|1
2043,34.05,30,0,12|-9.500|58.500|1
2044,34.0666666666667,30,0,12|-9.333|58.000|1
2045,34.0833333333333,30,0,12|-9.333|57.500|1
2046,34.1,30,0,12|-9.333|57.000|1
2047,34.1166666666667,30,0,12|-9.167|56.500|1
2048,34.1333333333333,30,0,12|-9.167|56.000|1
2049,34.15,30,0,12|-9.000|55.500|1
2050,34.1666666666667,30,0,12|-8.833|55.000|1
2051,34.1833333333333,30,0,12|-8.667|54.500|1
2052,34.2,30,0,12|-8.667|54.000|1
2053,34.2166666666667,30,0,12|-8.667|53.500|1
2054,34.2333333333333,30,0,12|-8.667|53.000|1
2055,34.25,30,0,12|-8.667|52.500|1
2056,34.2666666666667,30,0,12|-8.500|52.000|1
2057,34.2833333333333,30,0,12|-8.500|51.500|1
2058,34.3,30,0,12|-8.333|51.000|1
2059,34.3166666666667,30,0,12|-8.167|50.500|1
2060,34.3333333333333,30,0,12|-8.000|50.000|1
2061,34.35,30,0,12|-8.000|49.500|1
2062,34.3666666666667,30,0,12|-7.833|49.000|1
2063,34.3833333333333,30,0,12|-7.833|48.500|1
2064,34.4,30,0,12|-7.667|48.000|1
2065,34.4166666666667,30,0,12|-7.667|47.500|1
2066,34.4333333333333,30,0,12|-7.667|47.000|1
2067,34.45,30,0,12|-7.667|46.500|1
2068,34.4666666666667,30,0,12|-7.667|46.000|1
2069,34.4833333333333,30,0,12|-7.667|45.500|1
2070,34.5,30,0,12|-7.667|45.000|1
2071,34.5166666666667,30,0,12|-7.500|44.500|1
2072,34.5333333333333,30,0,12|-7.333|44.000|1
2073,34.55,30,0,12|-7.167|43.500|1
2074,34.5666666666667,30,0,12|-7.167|43.000|1
2075,34.5833333333333,30,0,12|-7.000|42.500|1
2076,34.6,30,0,12|-6.833|42.000|1
2077,34.6166666666667,30,0,12|-6.667|41.500|1
2078,34.6333333333333,30,0,12|-6.500|41.000|1
2079,34.65,30,0,12|-6.333|40.500|1
2080,34.6666666666667,30,0,12|-6.167|40.000|1
2081,34.6833333333333,30,0,12|-6.167|39.500|1
2082,34.7,30,0,12|-6.167|39.000|1
2083,34.7166666666667,30,0,12|-6.167|38.500|1
2084,34.7333333333333,30,0,12|-6.000|38.000|1
2085,34.75,30,0,12|-5.833|37.500|1
2086,34.7666666666667,30,0,12|-5.833|37.000|1
2087,34.7833333333333,30,0,12|-5.833|36.500|1
2088,34.8,30,0,12|-5.833|36.000|1
2089,34.8166666666667,30,0,12|-5.833|35.500|1
2090,34.8333333333333,30,0,12|-5.833|35.000|1
2091,34.85,30,0,12|-5.667|34.500|1
2092,34.8666666666667,30,0,12|-5.500|34.000|1
2093,34.8833333333333,30,0,12|-5.333|33.500|1
2094,34.9,30,0,12|-5.167|33.000|1
2095,34.9166666666667,30,0,12|-5.000|32.500|1
2096,34.9333333333333,30,0,12|-5.000|32.000|1
2097,34.95,30,0,12|-4.833|31.500|1
2098,34.9666666666667,30,0,12|-4.667|31.000|1
2099,34.9833333333333,30,0,12|-4.667|30.500|1
2100,35,30,0,12|-4.667|30.000|1
2101,35.0166666666667,30,0,12|-4.500|29.500|1
2102,35.0333333333333,30,0,12|-4.333|29.000|1
2103,35.05,30,0,12|-4.333|28.500|1
2104,35.0666666666667,30,0,12|-4.333|28.000|1
2105,35.0833333333333,30,0,12|-4.333|27.500|1
2106,35.1,30,0,12|-4.167|27.000|1
2107,35.1166666666667,30,0,12|-4.000|26.500|1
2108,35.1333333333333,30,0,12|-4.000|26.000|1
2109,35.15,30,0,12|-4.000|25.500|1
2110,35.1666666666667,30,0,12|-3.833|25.000|1
2111,35.1833333333333,30,0,12|-3.833|24.500|1
2112,35.2,30,0,12|-3.667|24.000|1
2113,35.2166666666667,30,0,12|-3.500|23.500|1
2114,35.2333333333333,30,0,12|-3.500|23.000|1
2115,35.25,30,0,12|-3.500|22.500|1
2116,35.2666666666667,30,0,12|-3.333|22.000|1
2117,35.2833333333333,30,0,12|-3.167|21.500|1
2118,35.3,30,0,12|-3.167|21.000|1
2119,35.3166666666667,30,0,12|-3.000|20.500|1
2120,35.3333333333333,30,0,12|-2.833|20.000|1
2121,35.35,30,0,12|-2.667|19.500|1
2122,35.3666666666667,30,0,12|-2.667|19.000|1
2123,35.3833333333333,30,0,12|-2.667|18.500|1
2124,35.4,30,0,12|-2.667|18.000|1
2125,35.4166666666667,30,0,12|-2.500|17.500|1
2126,35.4333333333333,30,0,12|-2.500|17.000|1
2127,35.45,30,0,12|-2.333|16.500|1
2128,35.4666666666667,30,0,12|-2.333|16.000|1
2129,35.4833333333333,30,0,12|-2.167|15.500|1
2130,35.5,30,0,12|-2.167|15.000|1
2131,35.5166666666667,30,0,12|-2.000|14.500|1
2132,35.5333333333333,30,0,12|-1.833|14.000|1
2133,35.55,30,0,12|-1.833|13.500|1
2134,35.5666666666667,30,0,12|-1.667|13.000|1
2135,35.5833333333333,30,0,12|-1.667|12.500|1
2136,35.6,30,0,12|-1.500|12.000|1
2137,35.6166666666667,30,0,12|-1.500|11.500|1
2138,35.6333333333333,30,0,12|-1.333|11.000|1
2139,35.65,30,0,12|-1.333|10.500|1
2140,35.6666666666667,30,0,12|-1.167|10.000|1
2141,35.6833333333333,30,0,12|-1.167|9.500|1
2142,35.7,30,0,12|-1.167|9.000|1
2143,35.7166666666667,30,0,12|-1.000|8.500|1
2144,35.7333333333333,30,0,12|-1.000|8.000|1
2145,35.75,30,0,12|-1.000|7.500|1
2146,35.7666666666667,30,0,12|-1.000|7.000|1
2147,35.7833333333333,30,0,12|-0.833|6.500|1
2148,35.8,30,0,12|-0.833|6.000|1
2149,35.8166666666667,30,0,12|-0.833|5.500|1
2150,35.8333333333333,30,0,12|-0.667|5.000|1
2151,35.85,30,0,12|-0.500|4.500|1
2152,35.8666666666667,30,0,12|-0.500|4.000|1
2153,35.8833333333333,30,0,12|-0.500|3.500|1
2154,35.9,30,0,12|-0.333|3.000|1
2155,35.9166666666667,30,0,12|-0.167|2.500|1
2156,35.9333333333333,30,0,12|-0.167|2.000|1
2157,35.95,30,0,12|-0.167|1.500|1
2158,35.9666666666667,30,0,12|-0.167|1.000|1
2159,35.9833333333333,30,0,12|-0.167|0.500|1
2160,36,30,1,12|-0.000|0.000|1
2161,36.0166666666667,30,0,13|6.000|89.500|1
2162,36.0333333333333,30,0,13|6.000|89.000|1
2163,36.05,30,0,13|6.000|88.500|1
2164,36.0666666666667,30,0,13|6.000|88.000|1
2165,36.0833333333333,30,0,13|6.000|87.500|1
2166,36.1,30,0,13|6.000|87.000|1
2167,36.1166666666667,30,0,13|6.000|86.500|1
2168,36.1333333333333,30,0,13|6.000|86.000|1
2169,36.15,30,0,13|6.000|85.500|1
2170,36.1666666666667,30,0,13|6.000|85.000|1
2171,36.1833333333333,30,0,13|6.000|84.500|1
2172,36.2,30,0,13|6.000|84.000|1
2173,36.2166666666667,30,0,13|6.000|83.500|1
2174,36.2333333333333,30,0,13|6.000|83.000|1
2175,36.25,30,0,13|6.000|82.500|1
2176,36.2666666666667,30,0,13|6.000|82.000|1
2177,36.2833333333333,30,0,13|6.000|81.500|1
2178,36.3,30,0,13|6.000|81.000|1
2179,36.3166666666667,30,0,13|6.000|80.500|1
2180,36.3333333333333,30,0,13|6.000|80.000|1
2181,36.35,30,0,13|6.000|79.500|1
2182,36.3666666666667,30,0,13|6.000|79.000|1
2183,36.3833333333333,30,0,13|6.000|78.500|1
2184,36.4,30,0,13|6.000|78.000|1
2185,36.4166666666667,30,0,13|6.000|77.500|1
2186,36.4333333333333,30,0,13|6.000|77.000|1
2187,36.45,30,0,13|6.000|76.500|1
2188,36.4666666666667,30,0,13|6.000|76.000|1
2189,36.4833333333333,30,0,13|6.000|75.500|1
2190,36.5,30,0,13|6.000|75.000|1
2191,36.5166666666667,30,0,13|6.000|74.500|1
2192,36.5333333333333,30,0,13|6.000|74.000|1
2193,36.55,30,0,13|6.000|73.500|1
2194,36.5666666666667,30,0,13|6.000|73.000|1
2195,36.5833333333333,30,0,13|6.000|72.500|1
2196,36.6,30,0,13|6.000|72.000|1
2197,36.6166666666667,30,0,13|6.000|71.500|1
2198,36.6333333333333,30,0,13|6.000|71.000|1
2199,36.65,30,0,13|6.000|70.500|1
2200,36.6666666666667,30,0,13|6.000|70.000|1
2201,36.6833333333333,30,0,13|6.000|69.500|1
2202,36.7,30,0,13|6.000|69.000|1
2203,36.7166666666667,30,0,13|6.000|68.500|1
2204,36.7333333333333,30,0,13|6.000|68.000|1
2205,36.75,30,0,13|6.000|67.500|1
2206,36.7666666666667,30,0,13|6.000|67.000|1
2207,36.7833333333333,30,0,13|6.000|66.500|1
2208,36.8,30,0,13|6.000|66.000|1
2209,36.8166666666667,30,0,13|6.000|65.500|1
2210,36.8333333333333,30,0,13|6.000|65.000|1
2211,36.85,30,0,13|6.000|64.500|1
2212,36.8666666666667,30,0,13|6.000|64.000|1
2213,36.8833333333333,30,0,13|6.000|63.500|1
2214,36.9,30,0,13|6.000|63.000|1
2215,36.9166666666667,30,0,13|6.000|62.500|1
2216,36.9333333333333,30,0,13|6.000|62.000|1
2217,36.95,30,0,13|6.000|61.500|1
2218,36.9666666666667,30,0,13|6.000|61.000|1
2219,36.9833333333333,30,0,13|6.000|60.500|1
2220,37,30,0,13|6.000|60.000|1
2221,37.0166666666667,30,0,13|6.000|59.500|1
2222,37.0333333333333,30,0,13|6.000|59.000|1
2223,37.05,30,0,13|6.000|58.500|1
2224,37.0666666666667,30,0,13|6.000|58.000|1
2225,37.0833333333333,30,0,13|6.000|57.500|1
2226,37.1,30,0,13|6.000|57.000|1
2227,37.1166666666667,30,0,13|6.000|56.500|1
2228,37.1333333333333,30,0,13|6.000|56.000|1
2229,37.15,30,0,13|6.000|55.500|1
2230,37.1666666666667,30,0,13|6.000|55.000|1
2231,37.1833333333333,30,0,13|6.000|54.500|1
2232,37.2,30,0,13|6.000|54.000|1
2233,37.2166666666667,30,0,13|6.000|53.500|1
2234,37.2333333333333,30,0,13|6.000|53.000|1
2235,37.25,30,0,13|6.000|52.500|1
2236,37.2666666666667,30,0,13|6.000|52.000|1
2237,37.2833333333333,30,0,13|6.000|51.500|1
2238,37.3,30,0,13|6.000|51.000|1
2239,37.3166666666667,30,0,13|6.000|50.500|1
2240,37.3333333333333,30,0,13|6.000|50.000|1
2241,37.35,30,0,13|6.000|49.500|1
2242,37.3666666666667,30,0,13|6.000|49.000|1
2243,37.3833333333333,30,0,13|6.000|48.500|1
2244,37.4,30,0,13|6.000|48.000|1
2245,37.4166666666667,30,0,13|6.000|47.500|1
2246,37.4333333333333,30,0,13|6.000|47.000|1
2247,37.45,30,0,13|6.000|46.500|1
2248,37.4666666666667,30,0,13|6.000|46.000|1
2249,37.4833333333333,30,0,13|6.000|45.500|1
2250,37.5,30,0,13|6.000|45.000|1
2251,37.5166666666667,30,0,13|6.000|44.500|1
2252,37.5333333333333,30,0,13|6.000|44.000|1
2253,37.55,30,0,13|6.000|43.500|1
2254,37.5666666666667,30,0,13|6.000|43.000|1
2255,37.5833333333333,30,0,13|6.000|42.500|1
2256,37.6,30,0,13|6.000|42.000|1
2257,37.6166666666667,30,0,13|6.000|41.500|1
2258,37.6333333333333,30,0,13|6.000|41.000|1
2259,37.65,30,0,13|6.000|40.500|1
2260,37.6666666666667,30,0,13|6.000|40.000|1
2261,37.6833333333333,30,0,13|6.000|39.500|1
2262,37.7,30,0,13|6.000|39.000|1
2263,37.7166666666667,30,0,13|6.000|38.500|1
2264,37.7333333333333,30,0,13|6.000|38.000|1
2265,37.75,30,0,13|6.000|37.500|1
2266,37.7666666666667,30,0,13|6.000|37.000|1
2267,37.7833333333333,30,0,13|6.000|36.500|1
2268,37.8,30,0,13|6.000|36.000|1
2269,37.8166666666667,30,0,13|6.000|35.500|1
2270,37.8333333333333,30,0,13|6.000|35.000|1
2271,37.85,30,0,13|6.000|34.500|1
2272,37.8666666666667,30,0,13|6.000|34.000|1
2273,37.8833333333333,30,0,13|6.000|33.500|1
2274,37.9,30,0,13|6.000|33.000|1
2275,37.9166666666667,30,0,13|6.000|32.500|1
2276,37.9333333333333,30,0,13|6.000|32.000|1
2277,37.95,30,0,13|6.000|31.500|1
2278,37.9666666666667,30,0,13|6.000|31.000|1
2279,37.9833333333333,30,0,13|6.000|30.500|1
2280,38,30,0,13|6.000|30.000|1
2281,38.0166666666667,30,0,13|6.000|29.500|1
2282,38.0333333333333,30,0,13|6.000|29.000|1
2283,38.05,30,0,13|6.000|28.500|1
2284,38.0666666666667,30,0,13|6.000|28.000|1
2285,38.0833333333333,30,0,13|6.000|27.500|1
2286,38.1,30,0,13|6.000|27.000|1
2287,38.1166666666667,30,0,13|6.000|26.500|1
2288,38.1333333333333,30,0,13|6.000|26.000|1
2289,38.15,30,0,13|6.000|25.500|1
2290,38.1666666666667,30,0,13|6.000|25.000|1
2291,38.1833333333333,30,0,13|6.000|24.500|1
2292,38.2,30,0,13|6.000|24.000|1
2293,38.2166666666667,30,0,13|6.000|23.500|1
2294,38.2333333333333,30,0,13|6.000|23.000|1
2295,38.25,30,0,13|6.000|22.500|1
2296,38.2666666666667,30,0,13|6.000|22.000|1
2297,38.2833333333333,30,0,13|6.000|21.500|1
2298,38.3,30,0,13|6.000|21.000|1
2299,38.3166666666667,30,0,13|6.000|20.500|1
2300,38.3333333333333,30,0,13|6.000|20.000|1
2301,38.35,30,0,13|6.000|19.500|1
2302,38.3666666666667,30,0,13|6.000|19.000|1
2303,38.3833333333333,30,0,13|6.000|18.500|1
2304,38.4,30,0,13|6.000|18.000|1
2305,38.4166666666667,30,0,13|6.000|17.500|1
2306,38.4333333333333,30,0,13|6.000|17.000|1
2307,38.45,30,0,13|6.000|16.500|1
2308,38.4666666666667,30,0,13|6.000|16.000|1
2309,38.4833333333333,30,0,13|6.000|15.500|1
2310,38.5,30,0,13|6.000|15.000|1
2311,38.5166666666667,30,0,13|6.000|14.500|1
2312,38.5333333333333,30,0,13|6.000|14.000|1
2313,38.55,30,0,13|6.000|13.500|1
2314,38.5666666666667,30,0,13|6.000|13.000|1
2315,38.5833333333333,30,0,13|6.000|12.500|1
2316,38.6,30,0,13|6.000|12.000|1
2317,38.6166666666667,30,0,13|6.000|11.500|1
2318,38.6333333333333,30,0,13|6.000|11.000|1
2319,38.65,30,0,13|6.000|10.500|1
2320,38.6666666666667,30,0,13|6.000|10.000|1
2321,38.6833333333333,30,0,13|6.000|9.500|1
2322,38.7,30,0,13|6.000|9.000|1
2323,38.7166666666667,30,0,13|6.000|8.500|1
2324,38.7333333333333,30,0,13|6.000|8.000|1
2325,38.75,30,0,13|6.000|7.500|1
2326,38.7666666666667,30,0,13|6.000|7.000|1
2327,38.7833333333333,30,0,13|6.000|6.500|1
2328,38.8,30,0,13|6.000|6.000|1
2329,38.8166666666667,30,0,13|6.000|5.500|1
2330,38.8333333333333,30,0,13|6.000|5.000|1
2331,38.85,30,0,13|6.000|4.500|1
2332,38.8666666666667,30,0,13|6.000|4.000|1
2333,38.8833333333333,30,0,13|6.000|3.500|1
2334,38.9,30,0,13|6.000|3.000|1
2335,38.9166666666667,30,0,13|6.000|2.500|1
2336,38.9333333333333,30,0,13|6.000|2.000|1
2337,38.95,30,0,13|6.000|1.500|1
2338,38.9666666666667,30,0,13|6.000|1.000|1
2339,38.9833333333333,30,0,13|6.000|0.500|1
2340,39,30,0,13|6.000|0.000|1
2341,39.0166666666667,30,0,14|-9.000|89.500|1
2342,39.0333333333333,30,0,14|-9.000|89.000|1
2343,39.05,30,0,14|-9.000|88.500|1
2344,39.0666666666667,30,0,14|-8.500|88.000|1
2345,39.0833333333333,30,0,14|-8.500|87.500|1
2346,39.1,30,0,14|-8.500|87.000|1
2347,39.1166666666667,30,0,14|-8.500|86.500|1
2348,39.1333333333333,30,0,14|-8.500|86.000|1
2349,39.15,30,0,14|-8.500|85.500|1
2350,39.1666666666667,30,0,14|-8.500|85.000|1
2351,39.1833333333333,30,0,14|-8.500|84.500|1
2352,39.2,30,0,14|-8.500|84.000|1
2353,39.2166666666667,30,0,14|-8.500|83.500|1
2354,39.2333333333333,30,0,14|-8.500|83.000|1
2355,39.25,30,0,14|-8.500|82.500|1
2356,39.2666666666667,30,0,14|-8.500|82.000|1
2357,39.2833333333333,30,0,14|-8.500|81.500|1
2358,39.3,30,0,14|-8.500|81.000|1
2359,39.3166666666667,30,0,14|-8.500|80.500|1
2360,39.3333333333333,30,0,14|-8.500|80.000|1
2361,39.35,30,0,14|-8.500|79.500|1
2362,39.3666666666667,30,0,14|-8.500|79.000|1
2363,39.3833333333333,30,0,14|-8.500|78.500|1
2364,39.4,30,0,14|-8.500|78.000|1
2365,39.4166666666667,30,0,14|-8.500|77.500|1
2366,39.4333333333333,30,0,14|-8.500|77.000|1
2367,39.45,30,0,14|-8.500|76.500|1
2368,39.4666666666667,30,0,14|-8.500|76.000|1
2369,39.4833333333333,30,0,14|-8.500|75.500|1
2370,39.5,30,0,14|-8.000|75.000|1
2371,39.5166666666667,30,0,14|-8.000|74.500|1
2372,39.5333333333333,30,0,14|-8.000|74.000|1
2373,39.55,30,0,14|-8.000|73.500|1
2374,39.5666666666667,30,0,14|-8.000|73.000|1
2375,39.5833333333333,30,0,14|-7.500|72.500|1
2376,39.6,30,0,14|-7.500|72.000|1
2377,39.6166666666667,30,0,14|-7.500|71.500|1
2378,39.6333333333333,30,0,14|-7.500|71.000|1
2379,39.65,30,0,14|-7.500|70.500|1
2380,39.6666666666667,30,0,14|-7.500|70.000|1
2381,39.6833333333333,30,0,14|-7.000|69.500|1
2382,39.7,30,0,14|-7.000|69.000|1
2383,39.7166666666667,30,0,14|-7.000|68.500|1
2384,39.7333333333333,30,0,14|-7.000|68.000|1
2385,39.75,30,0,14|-7.000|67.500|1
2386,39.7666666666667,30,0,14|-7.000|67.000|1
2387,39.7833333333333,30,0,14|-7.000|66.500|1
2388,39.8,30,0,14|-7.000|66.000|1
2389,39.8166666666667,30,0,14|-7.000|65.500|1
2390,39.8333333333333,30,0,14|-7.000|65.000|1
2391,39.85,30,0,14|-7.000|64.500|1
2392,39.8666666666667,30,0,14|-7.000|64.000|1
2393,39.8833333333333,30,0,14|-7.000|63.500|1
2394,39.9,30,0,14|-7.000|63.000|1
2395,39.9166666666667,30,0,14|-7.000|62.500|1
2396,39.9333333333333,30,0,14|-7.000|62.000|1
2397,39.95,30,0,14|-7.000|61.500|1
2398,39.9666666666667,30,0,14|-7.000|61.000|1
2399,39.9833333333333,30,0,14|-7.000|60.500|1
2400,40,30,0,14|-6.500|60.000|1
2401,40.0166666666667,30,0,14|-6.500|59.500|1
2402,40.0333333333333,30,0,14|-6.500|59.000|1
2403,40.05,30,0,14|-6.500|58.500|1
2404,40.0666666666667,30,0,14|-6.500|58.000|1
2405,40.0833333333333,30,0,14|-6.500|57.500|1
2406,40.1,30,0,14|-6.000|57.000|1
2407,40.1166666666667,30,0,14|-5.500|56.500|1
2408,40.1333333333333,30,0,14|-5.500|56.000|1
2409,40.15,30,0,14|-5.500|55.500|1
2410,40.1666666666667,30,0,14|-5.500|55.000|1
2411,40.1833333333333,30,0,14|-5.000|54.500|1
2412,40.2,30,0,14|-5.000|54.000|1
2413,40.2166666666667,30,0,14|-5.000|53.500|1
2414,40.2333333333333,30,0,14|-5.000|53.000|1
2415,40.25,30,0,14|-5.000|52.500|1
2416,40.2666666666667,30,0,14|-5.000|52.000|1
2417,40.2833333333333,30,0,14|-5.000|51.500|1
2418,40.3,30,0,14|-5.000|51.000|1
2419,40.3166666666667,30,0,14|-5.000|50.500|1
2420,40.3333333333333,30,0,14|-5.000|50.000|1
2421,40.35,30,0,14|-4.500|49.500|1
2422,40.3666666666667,30,0,14|-4.500|49.000|1
2423,40.3833333333333,30,0,14|-4.500|48.500|1
2424,40.4,30,0,14|-4.500|48.000|1
2425,40.4166666666667,30,0,14|-4.500|47.500|1
2426,40.4333333333333,30,0,14|-4.500|47.000|1
2427,40.45,30,0,14|-4.000|46.500|1
2428,40.4666666666667,30,0,14|-4.000|46.000|1
2429,40.4833333333333,30,0,14|-4.000|45.500|1
2430,40.5,30,0,14|-4.000|45.000|1
2431,40.5166666666667,30,0,14|-4.000|44.500|1
2432,40.5333333333333,30,0,14|-4.000|44.000|1
2433,40.55,30,0,14|-4.000|43.500|1
2434,40.5666666666667,30,0,14|-4.000|43.000|1
2435,40.5833333333333,30,0,14|-4.000|42.500|1
2436,40.6,30,0,14|-4.000|42.000|1
2437,40.6166666666667,30,0,14|-4.000|41.500|1
2438,40.6333333333333,30,0,14|-4.000|41.000|1
2439,40.65,30,0,14|-4.000|40.500|1
2440,40.6666666666667,30,0,14|-4.000|40.000|1
2441,40.6833333333333,30,0,14|-4.000|39.500|1
2442,40.7,30,0,14|-4.000|39.000|1
2443,40.7166666666667,30,0,14|-3.500|38.500|1
2444,40.7333333333333,30,0,14|-3.500|38.000|1
2445,40.75,30,0,14|-3.500|37.500|1
2446,40.7666666666667,30,0,14|-3.500|37.000|1
2447,40.7833333333333,30,0,14|-3.500|36.500|1
2448,40.8,30,0,14|-3.500|36.000|1
2449,40.8166666666667,30,0,14|-3.500|35.500|1
2450,40.8333333333333,30,0,14|-3.500|35.000|1
2451,40.85,30,0,14|-3.500|34.500|1
2452,40.8666666666667,30,0,14|-3.500|34.000|1
2453,40.8833333333333,30,0,14|-3.500|33.500|1
2454,40.9,30,0,14|-3.500|33.000|1
2455,40.9166666666667,30,0,14|-3.500|32.500|1
2456,40.9333333333333,30,0,14|-3.500|32.000|1
2457,40.95,30,0,14|-3.000|31.500|1
2458,40.9666666666667,30,0,14|-3.000|31.000|1
2459,40.9833333333333,30,0,14|-3.000|30.500|1
2460,41,30,0,14|-3.000|30.000|1
2461,41.0166666666667,30,0,14|-2.500|29.500|1
2462,41.0333333333333,30,0,14|-2.500|29.000|1
2463,41.05,30,0,14|-2.000|28.500|1
2464,41.0666666666667,30,0,14|-2.000|28.000|1
2465,41.0833333333333,30,0,14|-2.000|27.500|1
2466,41.1,30,0,14|-2.000|27.000|1
2467,41.1166666666667,30,0,14|-2.000|26.500|1
2468,41.1333333333333,30,0,14|-2.000|26.000|1
2469,41.15,30,0,14|-2.000|25.500|1
2470,41.1666666666667,30,0,14|-2.000|25.000|1
2471,41.1833333333333,30,0,14|-2.000|24.500|1
2472,41.2,30,0,14|-2.000|24.000|1
2473,41.2166666666667,30,0,14|-2.000|23.500|1
2474,41.2333333333333,30,0,14|-2.000|23.000|1
2475,41.25,30,0,14|-2.000|22.500|1
2476,41.2666666666667,30,0,14|-2.000|22.000|1
2477,41.2833333333333,30,0,14|-2.000|21.500|1
2478,41.3,30,0,14|-2.000|21.000|1
2479,41.3166666666667,30,0,14|-2.000|20.500|1
2480,41.3333333333333,30,0,14|-2.000|20.000|1
2481,41.35,30,0,14|-2.000|19.500|1
2482,41.3666666666667,30,0,14|-2.000|19.000|1
2483,41.3833333333333,30,0,14|-2.000|18.500|1
2484,41.4,30,0,14|-2.000|18.000|1
2485,41.4166666666667,30,0,14|-2.000|17.500|1
2486,41.4333333333333,30,0,14|-2.000|17.000|1
2487,41.45,30,0,14|-2.000|16.500|1
2488,41.4666666666667,30,0,14|-2.000|16.000|1
2489,41.4833333333333,30,0,14|-1.500|15.500|1
2490,41.5,30,0,14|-1.500|15.000|1
2491,41.5166666666667,30,0,14|-1.500|14.500|1
2492,41.5333333333333,30,0,14|-1.500|14.000|1
2493,41.55,30,0,14|-1.500|13.500|1
2494,41.5666666666667,30,0,14|-1.500|13.000|1
2495,41.5833333333333,30,0,14|-1.500|12.500|1
2496,41.6,30,0,14|-1.500|12.000|1
2497,41.6166666666667,30,0,14|-1.500|11.500|1
2498,41.6333333333333,30,0,14|-1.500|11.000|1
2499,41.65,30,0,14|-1.000|10.500|1
2500,41.6666666666667,30,0,14|-0.500|10.000|1
2501,41.6833333333333,30,0,14|-0.500|9.500|1
2502,41.7,30,0,14|-0.500|9.000|1
2503,41.7166666666667,30,0,14|-0.500|8.500|1
2504,41.7333333333333,30,0,14|-0.500|8.000|1
2505,41.75,30,0,14|-0.500|7.500|1
2506,41.7666666666667,30,0,14|-0.500|7.000|1
2507,41.7833333333333,30,0,14|-0.500|6.500|1
2508,41.8,30,0,14|-0.500|6.000|1
2509,41.8166666666667,30,0,14|-0.500|5.500|1
2510,41.8333333333333,30,0,14|-0.500|5.000|1
2511,41.85,30,0,14|-0.500|4.500|1
2512,41.8666666666667,30,0,14|0.000|4.000|1
2513,41.8833333333333,30,0,14|0.000|3.500|1
2514,41.9,30,0,14|0.000|3.000|1
2515,41.9166666666667,30,0,14|0.000|2.500|1
2516,41.9333333333333,30,0,14|0.000|2.000|1
2517,41.95,30,0,14|0.000|1.500|1
2518,41.9666666666667,30,0,14|0.000|1.000|1
2519,41.9833333333333,30,0,14|0.000|0.500|1
2520,42,30,1,14|0.000|0.000|1
2521,42.0166666666667,30,0,15|-9.000|89.500|1
2522,42.0333333333333,30,0,15|-9.000|89.000|1
2523,42.05,30,0,15|-9.000|88.500|1
2524,42.0666666666667,30,0,15|-9.000|88.000|1
2525,42.0833333333333,30,0,15|-9.000|87.500|1
2526,42.1,30,0,15|-9.000|87.000|1
2527,42.1166666666667,30,0,15|-9.000|86.500|1
2528,42.1333333333333,30,0,15|-9.000|86.000|1
2529,42.15,30,0,15|-9.000|85.500|1
2530,42.1666666666667,30,0,15|-9.000|85.000|1
2531,42.1833333333333,30,0,15|-9.000|84.500|1
2532,42.2,30,0,15|-9.000|84.000|1
2533,42.2166666666667,30,0,15|-9.000|83.500|1
2534,42.2333333333333,30,0,15|-9.000|83.000|1
2535,42.25,30,0,15|-9.000|82.500|1
2536,42.2666666666667,30,0,15|-9.000|82.000|1
2537,42.2833333333333,30,0,15|-9.000|81.500|1
2538,42.3,30,0,15|-9.000|81.000|1
2539,42.3166666666667,30,0,15|-9.000|80.500|1
2540,42.3333333333333,30,0,15|-9.000|80.000|1
2541,42.35,30,0,15|-9.000|79.500|1
2542,42.3666666666667,30,0,15|-9.000|79.000|1
2543,42.3833333333333,30,0,15|-9.000|78.500|1
2544,42.4,30,0,15|-9.000|78.000|1
2545,42.4166666666667,30,0,15|-9.000|77.500|1
2546,42.4333333333333,30,0,15|-9.000|77.000|1
2547,42.45,30,0,15|-9.000|76.500|1
2548,42.4666666666667,30,0,15|-9.000|76.000|1
2549,42.4833333333333,30,0,15|-9.000|75.500|1
2550,42.5,30,0,15|-9.000|75.000|1
2551,42.5166666666667,30,0,15|-9.000|74.500|1
2552,42.5333333333333,30,0,15|-9.000|74.000|1
2553,42.55,30,0,15|-9.000|73.500|1
2554,42.5666666666667,30,0,15|-9.000|73.000|1
2555,42.5833333333333,30,0,15|-9.000|72.500|1
2556,42.6,30,0,15|-9.000|72.000|1
2557,42.6166666666667,30,0,15|-9.000|71.500|1
2558,42.6333333333333,30,0,15|-9.000|71.000|1
2559,42.65,30,0,15|-9.000|70.500|1
2560,42.6666666666667,30,0,15|-9.000|70.000|1
2561,42.6833333333333,30,0,15|-9.000|69.500|1
2562,42.7,30,0,15|-9.000|69.000|1
2563,42.7166666666667,30,0,15|-9.000|68.500|1
2564,42.7333333333333,30,0,15|-9.000|68.000|1
2565,42.75,30,0,15|-9.000|67.500|1
2566,42.7666666666667,30,0,15|-9.000|67.000|1
2567,42.7833333333333,30,0,15|-9.000|66.500|1
2568,42.8,30,0,15|-9.000|66.000|1
2569,42.8166666666667,30,0,15|-9.000|65.500|1
2570,42.8333333333333,30,0,15|-9.000|65.000|1
2571,42.85,30,0,15|-9.000|64.500|1
2572,42.8666666666667,30,0,15|-9.000|64.000|1
2573,42.8833333333333,30,0,15|-9.000|63.500|1
2574,42.9,30,0,15|-9.000|63.000|1
2575,42.9166666666667,30,0,15|-9.000|62.500|1
2576,42.9333333333333,30,0,15|-9.000|62.000|1
2577,42.95,30,0,15|-9.000|61.500|1
2578,42.9666666666667,30,0,15|-9.000|61.000|1
2579,42.9833333333333,30,0,15|-9.000|60.500|1
2580,43,30,0,15|-9.000|60.000|1
2581,43.0166666666667,30,0,15|-9.000|59.500|1
2582,43.0333333333333,30,0,15|-9.000|59.000|1
2583,43.05,30,0,15|-9.000|58.500|1
2584,43.0666666666667,30,0,15|-9.000|58.000|1
2585,43.0833333333333,30,0,15|-9.000|57.500|1
2586,43.1,30,0,15|-9.000|57.000|1
2587,43.1166666666667,30,0,15|-9.000|56.500|1
2588,43.1333333333333,30,0,15|-9.000|56.000|1
2589,43.15,30,0,15|-9.000|55.500|1
2590,43.1666666666667,30,0,15|-9.000|55.000|1
2591,43.1833333333333,30,0,15|-9.000|54.500|1
2592,43.2,30,0,15|-9.000|54.000|1
2593,43.2166666666667,30,0,15|-9.000|53.500|1
2594,43.2333333333333,30,0,15|-9.000|53.000|1
2595,43.25,30,0,15|-9.000|52.500|1
2596,43.2666666666667,30,0,15|-9.000|52.000|1
2597,43.2833333333333,30,0,15|-9.000|51.500|1
2598,43.3,30,0,15|-9.000|51.000|1
2599,43.3166666666667,30,0,15|-9.000|50.500|1
2600,43.3333333333333,30,0,15|-9.000|50.000|1
2601,43.35,30,0,15|-9.000|49.500|1
2602,43.3666666666667,30,0,15|-9.000|49.000|1
2603,43.3833333333333,30,0,15|-9.000|48.500|1
2604,43.4,30,0,15|-9.000|48.000|1
2605,43.4166666666667,30,0,15|-9.000|47.500|1
2606,43.4333333333333,30,0,15|-9.000|47.000|1
2607,43.45,30,0,15|-9.000|46.500|1
2608,43.4666666666667,30,0,15|-9.000|46.000|1
2609,43.4833333333333,30,0,15|-9.000|45.500|1
2610,43.5,30,0,15|-9.000|45.000|1
2611,43.5166666666667,30,0,15|-9.000|44.500|1
2612,43.5333333333333,30,0,15|-9.000|44.000|1
2613,43.55,30,0,15|-9.000|43.500|1
2614,43.5666666666667,30,0,15|-9.000|43.000|1
2615,43.5833333333333,30,0,15|-9.000|42.500|1
2616,43.6,30,0,15|-9.000|42.000|1
2617,43.6166666666667,30,0,15|-9.000|41.500|1
2618,43.6333333333333,30,0,15|-9.000|41.000|1
2619,43.65,30,0,15|-9.000|40.500|1
2620,43.6666666666667,30,0,15|-9.000|40.000|1
2621,43.6833333333333,30,0,15|-9.000|39.500|1
2622,43.7,30,0,15|-9.000|39.000|1
2623,43.7166666666667,30,0,15|-9.000|38.500|1
2624,43.7333333333333,30,0,15|-9.000|38.000|1
2625,43.75,30,0,15|-9.000|37.500|1
2626,43.7666666666667,30,0,15|-9.000|37.000|1
2627,43.7833333333333,30,0,15|-9.000|36.500|1
2628,43.8,30,0,15|-9.000|36.000|1
2629,43.8166666666667,30,0,15|-9.000|35.500|1
2630,43.8333333333333,30,0,15|-9.000|35.000|1
2631,43.85,30,0,15|-9.000|34.500|1
2632,43.8666666666667,30,0,15|-9.000|34.000|1
2633,43.8833333333333,30,0,15|-9.000|33.500|1
2634,43.9,30,0,15|-9.000|33.000|1
2635,43.9166666666667,30,0,15|-9.000|32.500|1
2636,43.9333333333333,30,0,15|-9.000|32.000|1
2637,43.95,30,0,15|-9.000|31.500|1
2638,43.9666666666667,30,0,15|-9.000|31.000|1
2639,43.9833333333333,30,0,15|-9.000|30.500|1
2640,44,30,0,15|-9.000|30.000|1
2641,44.0166666666667,30,0,15|-9.000|29.500|1
2642,44.0333333333333,30,0,15|-9.000|29.000|1
2643,44.05,30,0,15|-9.000|28.500|1
2644,44.0666666666667,30,0,15|-9.000|28.000|1
2645,44.0833333333333,30,0,15|-9.000|27.500|1
2646,44.1,30,0,15|-9.000|27.000|1
2647,44.1166666666667,30,0,15|-9.000|26.500|1
2648,44.1333333333333,30,0,15|-9.000|26.000|1
2649,44.15,30,0,15|-9.000|25.500|1
2650,44.1666666666667,30,0,15|-9.000|25.000|1
2651,44.1833333333333,30,0,15|-9.000|24.500|1
2652,44.2,30,0,15|-9.000|24.000|1
2653,44.2166666666667,30,0,15|-9.000|23.500|1
2654,44.2333333333333,30,0,15|-9.000|23.000|1
2655,44.25,30,0,15|-9.000|22.500|1
2656,44.2666666666667,30,0,15|-9.000|22.000|1
2657,44.2833333333333,30,0,15|-9.000|21.500|1
2658,44.3,30,0,15|-9.000|21.000|1
2659,44.3166666666667,30,0,15|-9.000|20.500|1
2660,44.3333333333333,30,0,15|-9.000|20.000|1
2661,44.35,30,0,15|-9.000|19.500|1
2662,44.3666666666667,30,0,15|-9.000|19.000|1
2663,44.3833333333333,30,0,15|-9.000|18.500|1
2664,44.4,30,0,15|-9.000|18.000|1
2665,44.4166666666667,30,0,15|-9.000|17.500|1
2666,44.4333333333333,30,0,15|-9.000|17.000|1
2667,44.45,30,0,15|-9.000|16.500|1
2668,44.4666666666667,30,0,15|-9.000|16.000|1
2669,44.4833333333333,30,0,15|-9.000|15.500|1
2670,44.5,30,0,15|-9.000|15.000|1
2671,44.5166666666667,30,0,15|-9.000|14.500|1
2672,44.5333333333333,30,0,15|-9.000|14.000|1
2673,44.55,30,0,15|-9.000|13.500|1
2674,44.5666666666667,30,0,15|-9.000|13.000|1
2675,44.5833333333333,30,0,15|-9.000|12.500|1
2676,44.6,30,0,15|-9.000|12.000|1
2677,44.6166666666667,30,0,15|-9.000|11.500|1
2678,44.6333333333333,30,0,15|-9.000|11.000|1
2679,44.65,30,0,15|-9.000|10.500|1
2680,44.6666666666667,30,0,15|-9.000|10.000|1
2681,44.6833333333333,30,0,15|-9.000|9.500|1
2682,44.7,30,0,15|-9.000|9.000|1
2683,44.7166666666667,30,0,15|-9.000|8.500|1
2684,44.7333333333333,30,0,15|-9.000|8.000|1
2685,44.75,30,0,15|-9.000|7.500|1
2686,44.7666666666667,30,0,15|-9.000|7.000|1
2687,44.7833333333333,30,0,15|-9.000|6.500|1
2688,44.8,30,0,15|-9.000|6.000|1
2689,44.8166666666667,30,0,15|-9.000|5.500|1
2690,44.8333333333333,30,0,15|-9.000|5.000|1
2691,44.85,30,0,15|-9.000|4.500|1
2692,44.8666666666667,30,0,15|-9.000|4.000|1
2693,44.8833333333333,30,0,15|-9.000|3.500|1
2694,44.9,30,0,15|-9.000|3.000|1
2695,44.9166666666667,30,0,15|-9.000|2.500|1
2696,44.9333333333333,30,0,15|-9.000|2.000|1
2697,44.95,30,0,15|-9.000|1.500|1
2698,44.9666666666667,30,0,15|-9.000|1.000|1
2699,44.9833333333333,30,0,15|-9.000|0.500|1
2700,45,30,0,15|-9.000|0.000|1
2701,45.0166666666667,30,0,16|-11.933|89.500|1
2702,45.0333333333333,30,0,16|-11.867|89.000|1
2703,45.05,30,0,16|-11.800|88.500|1
2704,45.0666666666667,30,0,16|-11.733|88.000|1
2705,45.0833333333333,30,0,16|-11.667|87.500|1
2706,45.1,30,0,16|-11.600|87.000|1
2707,45.1166666666667,30,0,16|-11.533|86.500|1
2708,45.1333333333333,30,0,16|-11.467|86.000|1
2709,45.15,30,0,16|-11.400|85.500|1
2710,45.1666666666667,30,0,16|-11.333|85.000|1
2711,45.1833333333333,30,0,16|-11.267|84.500|1
2712,45.2,30,0,16|-11.200|84.000|1
2713,45.2166666666667,30,0,16|-11.133|83.500|1
2714,45.2333333333333,30,0,16|-11.067|83.000|1
2715,45.25,30,0,16|-11.000|82.500|1
2716,45.2666666666667,30,0,16|-10.933|82.000|1
2717,45.2833333333333,30,0,16|-10.867|81.500|1
2718,45.3,30,0,16|-10.800|81.000|1
2719,45.3166666666667,30,0,16|-10.733|80.500|1
2720,45.3333333333333,30,0,16|-10.667|80.000|1
2721,45.35,30,0,16|-10.600|79.500|1
2722,45.3666666666667,30,0,16|-10.533|79.000|1
2723,45.3833333333333,30,0,16|-10.467|78.500|1
2724,45.4,30,0,16|-10.400|78.000|1
2725,45.4166666666667,30,0,16|-10.333|77.500|1
2726,45.4333333333333,30,0,16|-10.267|77.000|1
2727,45.45,30,0,16|-10.200|76.500|1
2728,45.4666666666667,30,0,16|-10.133|76.000|1
2729,45.4833333333333,30,0,16|-10.067|75.500|1
2730,45.5,30,0,16|-10.000|75.000|1
2731,45.5166666666667,30,0,16|-9.933|74.500|1
2732,45.5333333333333,30,0,16|-9.867|74.000|1
2733,45.55,30,0,16|-9.800|73.500|1
2734,45.5666666666667,30,0,16|-9.733|73.000|1
2735,45.5833333333333,30,0,16|-9.667|72.500|1
2736,45.6,30,0,16|-9.600|72.000|1
2737,45.6166666666667,30,0,16|-9.533|71.500|1
2738,45.6333333333333,30,0,16|-9.467|71.000|1
2739,45.65,30,0,16|-9.400|70.500|1
2740,45.6666666666667,30,0,16|-9.333|70.000|1
2741,45.6833333333333,30,0,16|-9.267|69.500|1
2742,45.7,30,0,16|-9.200|69.000|1
2743,45.7166666666667,30,0,16|-9.133|68.500|1
2744,45.7333333333333,30,0,16|-9.067|68.000|1
2745,45.75,30,0,16|-9.000|67.500|1
2746,45.7666666666667,30,0,16|-8.933|67.000|1
2747,45.7833333333333,30,0,16|-8.867|66.500|1
2748,45.8,30,0,16|-8.800|66.000|1
2749,45.8166666666667,30,0,16|-8.733|65.500|1
2750,45.8333333333333,30,0,16|-8.667|65.000|1
2751,45.85,30,0,16|-8.600|64.500|1
2752,45.8666666666667,30,0,16|-8.533|64.000|1
2753,45.8833333333333,30,0,16|-8.467|63.500|1
2754,45.9,30,0,16|-8.400|63.000|1
2755,45.9166666666667,30,0,16|-8.333|62.500|1
2756,45.9333333333333,30,0,16|-8.267|62.000|1
2757,45.95,30,0,16|-8.200|61.500|1
2758,45.9666666666667,30,0,16|-8.133|61.000|1
2759,45.9833333333333,30,0,16|-8.067|60.500|1
2760,46,30,0,16|-8.000|60.000|1
2761,46.0166666666667,30,0,16|-7.933|59.500|1
2762,46.0333333333333,30,0,16|-7.867|59.000|1
2763,46.05,30,0,16|-7.800|58.500|1
2764,46.0666666666667,30,0,16|-7.733|58.000|1
2765,46.0833333333333,30,0,16|-7.667|57.500|1
2766,46.1,30,0,16|-7.600|57.000|1
2767,46.1166666666667,30,0,16|-7.533|56.500|1
2768,46.1333333333333,30,0,16|-7.467|56.000|1
2769,46.15,30,0,16|-7.400|55.500|1
2770,46.1666666666667,30,0,16|-7.333|55.000|1
2771,46.1833333333333,30,0,16|-7.267|54.500|1
2772,46.2,30,0,16|-7.200|54.000|1
2773,46.2166666666667,30,0,16|-7.133|53.500|1
2774,46.2333333333333,30,0,16|-7.067|53.000|1
2775,46.25,30,0,16|-7.000|52.500|1
2776,46.2666666666667,30,0,16|-6.933|52.000|1
2777,46.2833333333333,30,0,16|-6.867|51.500|1
2778,46.3,30,0,16|-6.800|51.000|1
2779,46.3166666666667,30,0,16|-6.733|50.500|1
2780,46.3333333333333,30,0,16|-6.667|50.000|1
2781,46.35,30,0,16|-6.600|49.500|1
2782,46.3666666666667,30,0,16|-6.533|49.000|1
2783,46.3833333333333,30,0,16|-6.467|48.500|1
2784,46.4,30,0,16|-6.400|48.000|1
2785,46.4166666666667,30,0,16|-6.333|47.500|1
2786,46.4333333333333,30,0,16|-6.267|47.000|1
2787,46.45,30,0,16|-6.200|46.500|1
2788,46.4666666666667,30,0,16|-6.133|46.000|1
2789,46.4833333333333,30,0,16|-6.067|45.500|1
2790,46.5,30,0,16|-6.000|45.000|1
2791,46.5166666666667,30,0,16|-5.933|44.500|1
2792,46.5333333333333,30,0,16|-5.867|44.000|1
2793,46.55,30,0,16|-5.800|43.500|1
2794,46.5666666666667,30,0,16|-5.733|43.000|1
2795,46.5833333333333,30,0,16|-5.667|42.500|1
2796,46.6,30,0,16|-5.600|42.000|1
2797,46.6166666666667,30,0,16|-5.533|41.500|1
2798,46.6333333333333,30,0,16|-5.467|41.000|1
2799,46.65,30,0,16|-5.400|40.500|1
2800,46.6666666666667,30,0,16|-5.333|40.000|1
2801,46.6833333333333,30,0,16|-5.267|39.500|1
2802,46.7,30,0,16|-5.200|39.000|1
2803,46.7166666666667,30,0,16|-5.133|38.500|1
2804,46.7333333333333,30,0,16|-5.067|38.000|1
2805,46.75,30,0,16|-5.000|37.500|1
2806,46.7666666666667,30,0,16|-4.933|37.000|1
2807,46.7833333333333,30,0,16|-4.867|36.500|1
2808,46.8,30,0,16|-4.800|36.000|1
2809,46.8166666666667,30,0,16|-4.733|35.500|1
2810,46.8333333333333,30,0,16|-4.667|35.000|1
2811,46.85,30,0,16|-4.600|34.500|1
2812,46.8666666666667,30,0,16|-4.533|34.000|1
2813,46.8833333333333,30,0,16|-4.467|33.500|1
2814,46.9,30,0,16|-4.400|33.000|1
2815,46.9166666666667,30,0,16|-4.333|32.500|1
2816,46.9333333333333,30,0,16|-4.267|32.000|1
2817,46.95,30,0,16|-4.200|31.500|1
2818,46.9666666666667,30,0,16|-4.133|31.000|1
2819,46.9833333333333,30,0,16|-4.067|30.500|1
2820,47,30,0,16|-4.000|30.000|1
2821,47.0166666666667,30,0,16|-3.933|29.500|1
2822,47.0333333333333,30,0,16|-3.867|29.000|1
2823,47.05,30,0,16|-3.800|28.500|1
2824,47.0666666666667,30,0,16|-3.733|28.000|1
2825,47.0833333333333,30,0,16|-3.667|27.500|1
2826,47.1,30,0,16|-3.600|27.000|1
2827,47.1166666666667,30,0,16|-3.533|26.500|1
2828,47.1333333333333,30,0,16|-3.467|26.000|1
2829,47.15,30,0,16|-3.400|25.500|1
2830,47.1666666666667,30,0,16|-3.333|25.000|1
2831,47.1833333333333,30,0,16|-3.267|24.500|1
2832,47.2,30,0,16|-3.200|24.000|1
2833,47.2166666666667,30,0,16|-3.133|23.500|1
2834,47.2333333333333,30,0,16|-3.067|23.000|1
2835,47.25,30,0,16|-3.000|22.500|1
2836,47.2666666666667,30,0,16|-2.933|22.000|1
2837,47.2833333333333,30,0,16|-2.867|21.500|1
2838,47.3,30,0,16|-2.800|21.000|1
2839,47.3166666666667,30,0,16|-2.733|20.500|1
2840,47.3333333333333,30,0,16|-2.667|20.000|1
2841,47.35,30,0,16|-2.600|19.500|1
2842,47.3666666666667,30,0,16|-2.533|19.000|1
2843,47.3833333333333,30,0,16|-2.467|18.500|1
2844,47.4,30,0,16|-2.400|18.000|1
2845,47.4166666666667,30,0,16|-2.333|17.500|1
2846,47.4333333333333,30,0,16|-2.267|17.000|1
2847,47.45,30,0,16|-2.200|16.500|1
2848,47.4666666666667,30,0,16|-2.133|16.000|1
2849,47.4833333333333,30,0,16|-2.067|15.500|1
2850,47.5,30,0,16|-2.000|15.000|1
2851,47.5166666666667,30,0,16|-1.933|14.500|1
2852,47.5333333333333,30,0,16|-1.867|14.000|1
2853,47.55,30,0,16|-1.800|13.500|1
2854,47.5666666666667,30,0,16|-1.733|13.000|1
2855,47.5833333333333,30,0,16|-1.667|12.500|1
2856,47.6,30,0,16|-1.600|12.000|1
2857,47.6166666666667,30,0,16|-1.533|11.500|1
2858,47.6333333333333,30,0,16|-1.467|11.000|1
2859,47.65,30,0,16|-1.400|10.500|1
2860,47.6666666666667,30,0,16|-1.333|10.000|1
2861,47.6833333333333,30,0,16|-1.267|9.500|1
2862,47.7,30,0,16|-1.200|9.000|1
2863,47.7166666666667,30,0,16|-1.133|8.500|1
2864,47.7333333333333,30,0,16|-1.067|8.000|1
2865,47.75,30,0,16|-1.000|7.500|1
2866,47.7666666666667,30,0,16|-0.933|7.000|1
2867,47.7833333333333,30,0,16|-0.867|6.500|1
2868,47.8,30,0,16|-0.800|6.000|1
2869,47.8166666666667,30,0,16|-0.733|5.500|1
2870,47.8333333333333,30,0,16|-0.667|5.000|1
2871,47.85,30,0,16|-0.600|4.500|1
2872,47.8666666666667,30,0,16|-0.533|4.000|1
2873,47.8833333333333,30,0,16|-0.467|3.500|1
2874,47.9,30,0,16|-0.400|3.000|1
2875,47.9166666666667,30,0,16|-0.333|2.500|1
2876,47.9333333333333,30,0,16|-0.267|2.000|1
2877,47.95,30,0,16|-0.200|1.500|1
2878,47.9666666666667,30,0,16|-0.133|1.000|1
2879,47.9833333333333,30,0,16|-0.067|0.500|1
2880,48,30,1,16|-0.000|0.000|1
2881,48.0166666666667,30,0,17|-11.867|89.500|1
2882,48.0333333333333,30,0,17|-11.733|89.000|1
2883,48.05,30,0,17|-11.600|88.500|1
2884,48.0666666666667,30,0,17|-11.600|88.000|1
2885,48.0833333333333,30,0,17|-11.600|87.500|1
2886,48.1,30,0,17|-11.600|87.000|1
2887,48.1166666666667,30,0,17|-11.467|86.500|1
2888,48.1333333333333,30,0,17|-11.333|86.000|1
2889,48.15,30,0,17|-11.200|85.500|1
2890,48.1666666666667,30,0,17|-11.067|85.000|1
2891,48.1833333333333,30,0,17|-11.067|84.500|1
2892,48.2,30,0,17|-10.933|84.000|1
2893,48.2166666666667,30,0,17|-10.800|83.500|1
2894,48.2333333333333,30,0,17|-10.667|83.000|1
2895,48.25,30,0,17|-10.533|82.500|1
2896,48.2666666666667,30,0,17|-10.400|82.000|1
2897,48.2833333333333,30,0,17|-10.400|81.500|1
2898,48.3,30,0,17|-10.400|81.000|1
2899,48.3166666666667,30,0,17|-10.400|80.500|1
2900,48.3333333333333,30,0,17|-10.267|80.000|1
2901,48.35,30,0,17|-10.267|79.500|1
2902,48.3666666666667,30,0,17|-10.133|79.000|1
2903,48.3833333333333,30,0,17|-10.000|78.500|1
2904,48.4,30,0,17|-9.867|78.000|1
2905,48.4166666666667,30,0,17|-9.867|77.500|1
2906,48.4333333333333,30,0,17|-9.733|77.000|1
2907,48.45,30,0,17|-9.600|76.500|1
2908,48.4666666666667,30,0,17|-9.467|76.000|1
2909,48.4833333333333,30,0,17|-9.467|75.500|1
2910,48.5,30,0,17|-9.467|75.000|1
2911,48.5166666666667,30,0,17|-9.333|74.500|1
2912,48.5333333333333,30,0,17|-9.200|74.000|1
2913,48.55,30,0,17|-9.200|73.500|1
2914,48.5666666666667,30,0,17|-9.067|73.000|1
2915,48.5833333333333,30,0,17|-8.933|72.500|1
2916,48.6,30,0,17|-8.800|72.000|1
2917,48.6166666666667,30,0,17|-8.800|71.500|1
2918,48.6333333333333,30,0,17|-8.800|71.000|1
2919,48.65,30,0,17|-8.667|70.500|1
2920,48.6666666666667,30,0,17|-8.533|70.000|1
2921,48.6833333333333,30,0,17|-8.533|69.500|1
2922,48.7,30,0,17|-8.400|69.000|1
2923,48.7166666666667,30,0,17|-8.267|68.500|1
2924,48.7333333333333,30,0,17|-8.267|68.000|1
2925,48.75,30,0,17|-8.267|67.500|1
2926,48.7666666666667,30,0,17|-8.133|67.000|1
2927,48.7833333333333,30,0,17|-8.133|66.500|1
2928,48.8,30,0,17|-8.133|66.000|1
2929,48.8166666666667,30,0,17|-8.133|65.500|1
2930,48.8333333333333,30,0,17|-8.000|65.000|1
2931,48.85,30,0,17|-7.867|64.500|1
2932,48.8666666666667,30,0,17|-7.867|64.000|1
2933,48.8833333333333,30,0,17|-7.733|63.500|1
2934,48.9,30,0,17|-7.733|63.000|1
2935,48.9166666666667,30,0,17|-7.733|62.500|1
2936,48.9333333333333,30,0,17|-7.733|62.000|1
2937,48.95,30,0,17|-7.733|61.500|1
2938,48.9666666666667,30,0,17|-7.733|61.000|1
2939,48.9833333333333,30,0,17|-7.733|60.500|1
2940,49,30,0,17|-7.600|60.000|1
2941,49.0166666666667,30,0,17|-7.467|59.500|1
2942,49.0333333333333,30,0,17|-7.333|59.000|1
2943,49.05,30,0,17|-7.200|58.500|1
2944,49.0666666666667,30,0,17|-7.067|58.000|1
2945,49.0833333333333,30,0,17|-7.067|57.500|1
2946,49.1,30,0,17|-6.933|57.000|1
2947,49.1166666666667,30,0,17|-6.933|56.500|1
2948,49.1333333333333,30,0,17|-6.800|56.000|1
2949,49.15,30,0,17|-6.667|55.500|1
2950,49.1666666666667,30,0,17|-6.667|55.000|1
2951,49.1833333333333,30,0,17|-6.533|54.500|1
2952,49.2,30,0,17|-6.533|54.000|1
2953,49.2166666666667,30,0,17|-6.400|53.500|1
2954,49.2333333333333,30,0,17|-6.267|53.000|1
2955,49.25,30,0,17|-6.267|52.500|1
2956,49.2666666666667,30,0,17|-6.133|52.000|1
2957,49.2833333333333,30,0,17|-6.000|51.500|1
2958,49.3,30,0,17|-6.000|51.000|1
2959,49.3166666666667,30,0,17|-5.867|50.500|1
2960,49.3333333333333,30,0,17|-5.867|50.000|1
2961,49.35,30,0,17|-5.733|49.500|1
2962,49.3666666666667,30,0,17|-5.733|49.000|1
2963,49.3833333333333,30,0,17|-5.600|48.500|1
2964,49.4,30,0,17|-5.467|48.000|1
2965,49.4166666666667,30,0,17|-5.333|47.500|1
2966,49.4333333333333,30,0,17|-5.333|47.000|1
2967,49.45,30,0,17|-5.333|46.500|1
2968,49.4666666666667,30,0,17|-5.333|46.000|1
2969,49.4833333333333,30,0,17|-5.200|45.500|1
2970,49.5,30,0,17|-5.200|45.000|1
2971,49.5166666666667,30,0,17|-5.067|44.500|1
2972,49.5333333333333,30,0,17|-4.933|44.000|1
2973,49.55,30,0,17|-4.933|43.500|1
2974,49.5666666666667,30,0,17|-4.933|43.000|1
2975,49.5833333333333,30,0,17|-4.800|42.500|1
2976,49.6,30,0,17|-4.800|42.000|1
2977,49.6166666666667,30,0,17|-4.667|41.500|1
2978,49.6333333333333,30,0,17|-4.533|41.000|1
2979,49.65,30,0,17|-4.533|40.500|1
2980,49.6666666666667,30,0,17|-4.533|40.000|1
2981,49.6833333333333,30,0,17|-4.400|39.500|1
2982,49.7,30,0,17|-4.267|39.000|1
2983,49.7166666666667,30,0,17|-4.133|38.500|1
2984,49.7333333333333,30,0,17|-4.133|38.000|1
2985,49.75,30,0,17|-4.000|37.500|1
2986,49.7666666666667,30,0,17|-3.867|37.000|1
2987,49.7833333333333,30,0,17|-3.733|36.500|1
2988,49.8,30,0,17|-3.733|36.000|1
2989,49.8166666666667,30,0,17|-3.733|35.500|1
2990,49.8333333333333,30,0,17|-3.733|35.000|1
2991,49.85,30,0,17|-3.733|34.500|1
2992,49.8666666666667,30,0,17|-3.600|34.000|1
2993,49.8833333333333,30,0,17|-3.467|33.500|1
2994,49.9,30,0,17|-3.333|33.000|1
2995,49.9166666666667,30,0,17|-3.333|32.500|1
2996,49.9333333333333,30,0,17|-3.200|32.000|1
2997,49.95,30,0,17|-3.200|31.500|1
2998,49.9666666666667,30,0,17|-3.200|31.000|1
2999,49.9833333333333,30,0,17|-3.200|30.500|1
3000,50,30,0,17|-3.200|30.000|1
3001,50.0166666666667,30,0,17|-3.067|29.500|1
3002,50.0333333333333,30,0,17|-2.933|29.000|1
3003,50.05,30,0,17|-2.933|28.500|1
3004,50.0666666666667,30,0,17|-2.933|28.000|1
3005,50.0833333333333,30,0,17|-2.800|27.500|1
3006,50.1,30,0,17|-2.667|27.000|1
3007,50.1166666666667,30,0,17|-2.667|26.500|1
3008,50.1333333333333,30,0,17|-2.533|26.000|1
3009,50.15,30,0,17|-2.400|25.500|1
3010,50.1666666666667,30,0,17|-2.267|25.000|1
3011,50.1833333333333,30,0,17|-2.267|24.500|1
3012,50.2,30,0,17|-2.267|24.000|1
3013,50.2166666666667,30,0,17|-2.267|23.500|1
3014,50.2333333333333,30,0,17|-2.133|23.000|1
3015,50.25,30,0,17|-2.133|22.500|1
3016,50.2666666666667,30,0,17|-2.000|22.000|1
3017,50.2833333333333,30,0,17|-2.000|21.500|1
3018,50.3,30,0,17|-2.000|21.000|1
3019,50.3166666666667,30,0,17|-2.000|20.500|1
3020,50.3333333333333,30,0,17|-2.000|20.000|1
3021,50.35,30,0,17|-2.000|19.500|1
3022,50.3666666666667,30,0,17|-2.000|19.000|1
3023,50.3833333333333,30,0,17|-1.867|18.500|1
3024,50.4,30,0,17|-1.867|18.000|1
3025,50.4166666666667,30,0,17|-1.733|17.500|1
3026,50.4333333333333,30,0,17|-1.600|17.000|1
3027,50.45,30,0,17|-1.467|16.500|1
3028,50.4666666666667,30,0,17|-1.467|16.000|1
3029,50.4833333333333,30,0,17|-1.467|15.500|1
3030,50.5,30,0,17|-1.333|15.000|1
3031,50.5166666666667,30,0,17|-1.333|14.500|1
3032,50.5333333333333,30,0,17|-1.333|14.000|1
3033,50.55,30,0,17|-1.333|13.500|1
3034,50.5666666666667,30,0,17|-1.333|13.000|1
3035,50.5833333333333,30,0,17|-1.333|12.500|1
3036,50.6,30,0,17|-1.333|12.000|1
3037,50.6166666666667,30,0,17|-1.333|11.500|1
3038,50.6333333333333,30,0,17|-1.200|11.000|1
3039,50.65,30,0,17|-1.200|10.500|1
3040,50.6666666666667,30,0,17|-1.200|10.000|1
3041,50.6833333333333,30,0,17|-1.067|9.500|1
3042,50.7,30,0,17|-0.933|9.000|1
3043,50.7166666666667,30,0,17|-0.933|8.500|1
3044,50.7333333333333,30,0,17|-0.800|8.000|1
3045,50.75,30,0,17|-0.800|7.500|1
3046,50.7666666666667,30,0,17|-0.667|7.000|1
3047,50.7833333333333,30,0,17|-0.533|6.500|1
3048,50.8,30,0,17|-0.400|6.000|1
3049,50.8166666666667,30,0,17|-0.267|5.500|1
3050,50.8333333333333,30,0,17|-0.133|5.000|1
3051,50.85,30,0,17|-0.000|4.500|1
3052,50.8666666666667,30,0,17|-0.000|4.000|1
3053,50.8833333333333,30,0,17|-0.000|3.500|1
3054,50.9,30,0,17|-0.000|3.000|1
3055,50.9166666666667,30,0,17|-0.000|2.500|1
3056,50.9333333333333,30,0,17|-0.000|2.000|1
3057,50.95,30,0,17|-0.000|1.500|1
3058,50.9666666666667,30,0,17|-0.000|1.000|1
3059,50.9833333333333,30,0,17|-0.000|0.500|1
3060,51,30,1,17|-0.000|0.000|1
3061,51.0166666666667,30,0,18|12.000|89.500|1
3062,51.0333333333333,30,0,18|12.000|89.000|1
3063,51.05,30,0,18|11.733|88.500|1
3064,51.0666666666667,30,0,18|11.733|88.000|1
3065,51.0833333333333,30,0,18|11.733|87.500|1
3066,51.1,30,0,18|11.733|87.000|1
3067,51.1166666666667,30,0,18|11.733|86.500|1
3068,51.1333333333333,30,0,18|11.733|86.000|1
3069,51.15,30,0,18|11.467|85.500|1
3070,51.1666666666667,30,0,18|11.200|85.000|1
3071,51.1833333333333,30,0,18|11.200|84.500|1
3072,51.2,30,0,18|11.200|84.000|1
3073,51.2166666666667,30,0,18|10.933|83.500|1
3074,51.2333333333333,30,0,18|10.933|83.000|1
3075,51.25,30,0,18|10.933|82.500|1
3076,51.2666666666667,30,0,18|10.933|82.000|1
3077,51.2833333333333,30,0,18|10.667|81.500|1
3078,51.3,30,0,18|10.667|81.000|1
3079,51.3166666666667,30,0,18|10.400|80.500|1
3080,51.3333333333333,30,0,18|10.400|80.000|1
3081,51.35,30,0,18|10.400|79.500|1
3082,51.3666666666667,30,0,18|10.400|79.000|1
3083,51.3833333333333,30,0,18|10.400|78.500|1
3084,51.4,30,0,18|10.133|78.000|1
3085,51.4166666666667,30,0,18|10.133|77.500|1
3086,51.4333333333333,30,0,18|10.133|77.000|1
3087,51.45,30,0,18|10.133|76.500|1
3088,51.4666666666667,30,0,18|10.133|76.000|1
3089,51.4833333333333,30,0,18|10.133|75.500|1
3090,51.5,30,0,18|10.133|75.000|1
3091,51.5166666666667,30,0,18|10.133|74.500|1
3092,51.5333333333333,30,0,18|10.133|74.000|1
3093,51.55,30,0,18|9.867|73.500|1
3094,51.5666666666667,30,0,18|9.867|73.000|1
3095,51.5833333333333,30,0,18|9.600|72.500|1
3096,51.6,30,0,18|9.600|72.000|1
3097,51.6166666666667,30,0,18|9.333|71.500|1
3098,51.6333333333333,30,0,18|9.333|71.000|1
3099,51.65,30,0,18|9.067|70.500|1
3100,51.6666666666667,30,0,18|9.067|70.000|1
3101,51.6833333333333,30,0,18|9.067|69.500|1
3102,51.7,30,0,18|9.067|69.000|1
3103,51.7166666666667,30,0,18|8.800|68.500|1
3104,51.7333333333333,30,0,18|8.533|68.000|1
3105,51.75,30,0,18|8.533|67.500|1
3106,51.7666666666667,30,0,18|8.533|67.000|1
3107,51.7833333333333,30,0,18|8.533|66.500|1
3108,51.8,30,0,18|8.533|66.000|1
3109,51.8166666666667,30,0,18|8.533|65.500|1
3110,51.8333333333333,30,0,18|8.533|65.000|1
3111,51.85,30,0,18|8.533|64.500|1
3112,51.8666666666667,30,0,18|8.533|64.000|1
3113,51.8833333333333,30,0,18|8.533|63.500|1
3114,51.9,30,0,18|8.267|63.000|1
3115,51.9166666666667,30,0,18|8.267|62.500|1
3116,51.9333333333333,30,0,18|8.267|62.000|1
3117,51.95,30,0,18|8.267|61.500|1
3118,51.9666666666667,30,0,18|8.000|61.000|1
3119,51.9833333333333,30,0,18|8.000|60.500|1
3120,52,30,0,18|7.733|60.000|1
3121,52.0166666666667,30,0,18|7.733|59.500|1
3122,52.0333333333333,30,0,18|7.733|59.000|1
3123,52.05,30,0,18|7.467|58.500|1
3124,52.0666666666667,30,0,18|7.467|58.000|1
3125,52.0833333333333,30,0,18|7.467|57.500|1
3126,52.1,30,0,18|7.467|57.000|1
3127,52.1166666666667,30,0,18|7.200|56.500|1
3128,52.1333333333333,30,0,18|6.933|56.000|1
3129,52.15,30,0,18|6.667|55.500|1
3130,52.1666666666667,30,0,18|6.667|55.000|1
3131,52.1833333333333,30,0,18|6.400|54.500|1
3132,52.2,30,0,18|6.400|54.000|1
3133,52.2166666666667,30,0,18|6.133|53.500|1
3134,52.2333333333333,30,0,18|6.133|53.000|1
3135,52.25,30,0,18|6.133|52.500|1
3136,52.2666666666667,30,0,18|6.133|52.000|1
3137,52.2833333333333,30,0,18|5.867|51.500|1
3138,52.3,30,0,18|5.867|51.000|1
3139,52.3166666666667,30,0,18|5.867|50.500|1
3140,52.3333333333333,30,0,18|5.600|50.000|1
3141,52.35,30,0,18|5.600|49.500|1
3142,52.3666666666667,30,0,18|5.600|49.000|1
3143,52.3833333333333,30,0,18|5.333|48.500|1
3144,52.4,30,0,18|5.333|48.000|1
3145,52.4166666666667,30,0,18|5.333|47.500|1
3146,52.4333333333333,30,0,18|5.333|47.000|1
3147,52.45,30,0,18|5.333|46.500|1
3148,52.4666666666667,30,0,18|5.333|46.000|1
3149,52.4833333333333,30,0,18|5.333|45.500|1
3150,52.5,30,0,18|5.333|45.000|1
3151,52.5166666666667,30,0,18|5.333|44.500|1
3152,52.5333333333333,30,0,18|5.333|44.000|1
3153,52.55,30,0,18|5.333|43.500|1
3154,52.5666666666667,30,0,18|5.333|43.000|1
3155,52.5833333333333,30,0,18|5.333|42.500|1
3156,52.6,30,0,18|5.067|42.000|1
3157,52.6166666666667,30,0,18|5.067|41.500|1
3158,52.6333333333333,30,0,18|5.067|41.000|1
3159,52.65,30,0,18|5.067|40.500|1
3160,52.6666666666667,30,0,18|5.067|40.000|1
3161,52.6833333333333,30,0,18|5.067|39.500|1
3162,52.7,30,0,18|5.067|39.000|1
3163,52.7166666666667,30,0,18|5.067|38.500|1
3164,52.7333333333333,30,0,18|5.067|38.000|1
3165,52.75,30,0,18|5.067|37.500|1
3166,52.7666666666667,30,0,18|5.067|37.000|1
3167,52.7833333333333,30,0,18|5.067|36.500|1
3168,52.8,30,0,18|5.067|36.000|1
3169,52.8166666666667,30,0,18|5.067|35.500|1
3170,52.8333333333333,30,0,18|5.067|35.000|1
3171,52.85,30,0,18|5.067|34.500|1
3172,52.8666666666667,30,0,18|5.067|34.000|1
3173,52.8833333333333,30,0,18|5.067|33.500|1
3174,52.9,30,0,18|4.800|33.000|1
3175,52.9166666666667,30,0,18|4.800|32.500|1
3176,52.9333333333333,30,0,18|4.800|32.000|1
3177,52.95,30,0,18|4.800|31.500|1
3178,52.9666666666667,30,0,18|4.800|31.000|1
3179,52.9833333333333,30,0,18|4.800|30.500|1
3180,53,30,0,18|4.800|30.000|1
3181,53.0166666666667,30,0,18|4.800|29.500|1
3182,53.0333333333333,30,0,18|4.800|29.000|1
3183,53.05,30,0,18|4.800|28.500|1
3184,53.0666666666667,30,0,18|4.800|28.000|1
3185,53.0833333333333,30,0,18|4.800|27.500|1
3186,53.1,30,0,18|4.800|27.000|1
3187,53.1166666666667,30,0,18|4.800|26.500|1
3188,53.1333333333333,30,0,18|4.800|26.000|1
3189,53.15,30,0,18|4.800|25.500|1
3190,53.1666666666667,30,0,18|4.800|25.000|1
3191,53.1833333333333,30,0,18|4.800|24.500|1
3192,53.2,30,0,18|4.800|24.000|1
3193,53.2166666666667,30,0,18|4.800|23.500|1
3194,53.2333333333333,30,0,18|4.800|23.000|1
3195,53.25,30,0,18|4.800|22.500|1
3196,53.2666666666667,30,0,18|4.800|22.000|1
3197,53.2833333333333,30,0,18|4.533|21.500|1
3198,53.3,30,0,18|4.267|21.000|1
3199,53.3166666666667,30,0,18|4.000|20.500|1
3200,53.3333333333333,30,0,18|3.733|20.000|1
3201,53.35,30,0,18|3.733|19.500|1
3202,53.3666666666667,30,0,18|3.733|19.000|1
3203,53.3833333333333,30,0,18|3.733|18.500|1
3204,53.4,30,0,18|3.733|18.000|1
3205,53.4166666666667,30,0,18|3.733|17.500|1
3206,53.4333333333333,30,0,18|3.467|17.000|1
3207,53.45,30,0,18|3.467|16.500|1
3208,53.4666666666667,30,0,18|3.467|16.000|1
3209,53.4833333333333,30,0,18|3.200|15.500|1
3210,53.5,30,0,18|3.200|15.000|1
3211,53.5166666666667,30,0,18|3.200|14.500|1
3212,53.5333333333333,30,0,18|3.200|14.000|1
3213,53.55,30,0,18|2.933|13.500|1
3214,53.5666666666667,30,0,18|2.667|13.000|1
3215,53.5833333333333,30,0,18|2.400|12.500|1
3216,53.6,30,0,18|2.400|12.000|1
3217,53.6166666666667,30,0,18|2.400|11.500|1
3218,53.6333333333333,30,0,18|2.133|11.000|1
3219,53.65,30,0,18|1.867|10.500|1
3220,53.6666666666667,30,0,18|1.600|10.000|1
3221,53.6833333333333,30,0,18|1.600|9.500|1
3222,53.7,30,0,18|1.600|9.000|1
3223,53.7166666666667,30,0,18|1.600|8.500|1
3224,53.7333333333333,30,0,18|1.333|8.000|1
3225,53.75,30,0,18|1.067|7.500|1
3226,53.7666666666667,30,0,18|1.067|7.000|1
3227,53.7833333333333,30,0,18|1.067|6.500|1
3228,53.8,30,0,18|1.067|6.000|1
3229,53.8166666666667,30,0,18|1.067|5.500|1
3230,53.8333333333333,30,0,18|1.067|5.000|1
3231,53.85,30,0,18|1.067|4.500|1
3232,53.8666666666667,30,0,18|1.067|4.000|1
3233,53.8833333333333,30,0,18|0.800|3.500|1
3234,53.9,30,0,18|0.533|3.000|1
3235,53.9166666666667,30,0,18|0.533|2.500|1
3236,53.9333333333333,30,0,18|0.533|2.000|1
3237,53.95,30,0,18|0.533|1.500|1
3238,53.9666666666667,30,0,18|0.267|1.000|1
3239,53.9833333333333,30,0,18|-0.000|0.500|1
3240,54,30,1,18|-0.000|0.000|1
3241,54.0166666666667,30,0,19|-15.000|89.500|1
3242,54.0333333333333,30,0,19|-15.000|89.000|1
3243,54.05,30,0,19|-14.167|88.500|1
3244,54.0666666666667,30,0,19|-13.333|88.000|1
3245,54.0833333333333,30,0,19|-13.333|87.500|1
3246,54.1,30,0,19|-13.333|87.000|1
3247,54.1166666666667,30,0,19|-13.333|86.500|1
3248,54.1333333333333,30,0,19|-13.333|86.000|1
3249,54.15,30,0,19|-13.333|85.500|1
3250,54.1666666666667,30,0,19|-13.333|85.000|1
3251,54.1833333333333,30,0,19|-13.333|84.500|1
3252,54.2,30,0,19|-13.333|84.000|1
3253,54.2166666666667,30,0,19|-13.333|83.500|1
3254,54.2333333333333,30,0,19|-13.333|83.000|1
3255,54.25,30,0,19|-13.333|82.500|1
3256,54.2666666666667,30,0,19|-13.333|82.000|1
3257,54.2833333333333,30,0,19|-13.333|81.500|1
3258,54.3,30,0,19|-13.333|81.000|1
3259,54.3166666666667,30,0,19|-13.333|80.500|1
3260,54.3333333333333,30,0,19|-13.333|80.000|1
3261,54.35,30,0,19|-13.333|79.500|1
3262,54.3666666666667,30,0,19|-13.333|79.000|1
3263,54.3833333333333,30,0,19|-13.333|78.500|1
3264,54.4,30,0,19|-13.333|78.000|1
3265,54.4166666666667,30,0,19|-12.500|77.500|1
3266,54.4333333333333,30,0,19|-12.500|77.000|1
3267,54.45,30,0,19|-12.500|76.500|1
3268,54.4666666666667,30,0,19|-12.500|76.000|1
3269,54.4833333333333,30,0,19|-12.500|75.500|1
3270,54.5,30,0,19|-12.500|75.000|1
3271,54.5166666666667,30,0,19|-12.500|74.500|1
3272,54.5333333333333,30,0,19|-12.500|74.000|1
3273,54.55,30,0,19|-12.500|73.500|1
3274,54.5666666666667,30,0,19|-12.500|73.000|1
3275,54.5833333333333,30,0,19|-12.500|72.500|1
3276,54.6,30,0,19|-12.500|72.000|1
3277,54.6166666666667,30,0,19|-12.500|71.500|1
3278,54.6333333333333,30,0,19|-12.500|71.000|1
3279,54.65,30,0,19|-12.500|70.500|1
3280,54.6666666666667,30,0,19|-12.500|70.000|1
3281,54.6833333333333,30,0,19|-12.500|69.500|1
3282,54.7,30,0,19|-12.500|69.000|1
3283,54.7166666666667,30,0,19|-12.500|68.500|1
3284,54.7333333333333,30,0,19|-12.500|68.000|1
3285,54.75,30,0,19|-12.500|67.500|1
3286,54.7666666666667,30,0,19|-11.667|67.000|1
3287,54.7833333333333,30,0,19|-11.667|66.500|1
3288,54.8,30,0,19|-11.667|66.000|1
3289,54.8166666666667,30,0,19|-11.667|65.500|1
3290,54.8333333333333,30,0,19|-10.833|65.000|1
3291,54.85,30,0,19|-10.833|64.500|1
3292,54.8666666666667,30,0,19|-10.833|64.000|1
3293,54.8833333333333,30,0,19|-10.833|63.500|1
3294,54.9,30,0,19|-10.833|63.000|1
3295,54.9166666666667,30,0,19|-10.833|62.500|1
3296,54.9333333333333,30,0,19|-10.833|62.000|1
3297,54.95,30,0,19|-10.833|61.500|1
3298,54.9666666666667,30,0,19|-10.833|61.000|1
3299,54.9833333333333,30,0,19|-10.000|60.500|1
3300,55,30,0,19|-10.000|60.000|1
3301,55.0166666666667,30,0,19|-10.000|59.500|1
3302,55.0333333333333,30,0,19|-9.167|59.000|1
3303,55.05,30,0,19|-9.167|58.500|1
3304,55.0666666666667,30,0,19|-8.333|58.000|1
3305,55.0833333333333,30,0,19|-8.333|57.500|1
3306,55.1,30,0,19|-8.333|57.000|1
3307,55.1166666666667,30,0,19|-8.333|56.500|1
3308,55.1333333333333,30,0,19|-8.333|56.000|1
3309,55.15,30,0,19|-8.333|55.500|1
3310,55.1666666666667,30,0,19|-8.333|55.000|1
3311,55.1833333333333,30,0,19|-8.333|54.500|1
3312,55.2,30,0,19|-8.333|54.000|1
3313,55.2166666666667,30,0,19|-8.333|53.500|1
3314,55.2333333333333,30,0,19|-8.333|53.000|1
3315,55.25,30,0,19|-8.333|52.500|1
3316,55.2666666666667,30,0,19|-7.500|52.000|1
3317,55.2833333333333,30,0,19|-7.500|51.500|1
3318,55.3,30,0,19|-7.500|51.000|1
3319,55.3166666666667,30,0,19|-7.500|50.500|1
3320,55.3333333333333,30,0,19|-7.500|50.000|1
3321,55.35,30,0,19|-7.500|49.500|1
3322,55.3666666666667,30,0,19|-7.500|49.000|1
3323,55.3833333333333,30,0,19|-7.500|48.500|1
3324,55.4,30,0,19|-7.500|48.000|1
3325,55.4166666666667,30,0,19|-7.500|47.500|1
3326,55.4333333333333,30,0,19|-7.500|47.000|1
3327,55.45,30,0,19|-7.500|46.500|1
3328,55.4666666666667,30,0,19|-6.667|46.000|1
3329,55.4833333333333,30,0,19|-6.667|45.500|1
3330,55.5,30,0,19|-6.667|45.000|1
3331,55.5166666666667,30,0,19|-5.833|44.500|1
3332,55.5333333333333,30,0,19|-5.833|44.000|1
3333,55.55,30,0,19|-5.833|43.500|1
3334,55.5666666666667,30,0,19|-5.833|43.000|1
3335,55.5833333333333,30,0,19|-5.833|42.500|1
3336,55.6,30,0,19|-5.833|42.000|1
3337,55.6166666666667,30,0,19|-5.833|41.500|1
3338,55.6333333333333,30,0,19|-5.833|41.000|1
3339,55.65,30,0,19|-5.833|40.500|1
3340,55.6666666666667,30,0,19|-5.000|40.000|1
3341,55.6833333333333,30,0,19|-5.000|39.500|1
3342,55.7,30,0,19|-5.000|39.000|1
3343,55.7166666666667,30,0,19|-5.000|38.500|1
3344,55.7333333333333,30,0,19|-5.000|38.000|1
3345,55.75,30,0,19|-5.000|37.500|1
3346,55.7666666666667,30,0,19|-5.000|37.000|1
3347,55.7833333333333,30,0,19|-5.000|36.500|1
3348,55.8,30,0,19|-5.000|36.000|1
3349,55.8166666666667,30,0,19|-5.000|35.500|1
3350,55.8333333333333,30,0,19|-5.000|35.000|1
3351,55.85,30,0,19|-5.000|34.500|1
3352,55.8666666666667,30,0,19|-5.000|34.000|1
3353,55.8833333333333,30,0,19|-5.000|33.500|1
3354,55.9,30,0,19|-4.167|33.000|1
3355,55.9166666666667,30,0,19|-4.167|32.500|1
3356,55.9333333333333,30,0,19|-3.333|32.000|1
3357,55.95,30,0,19|-3.333|31.500|1
3358,55.9666666666667,30,0,19|-2.500|31.000|1
3359,55.9833333333333,30,0,19|-2.500|30.500|1
3360,56,30,0,19|-2.500|30.000|1
3361,56.0166666666667,30,0,19|-2.500|29.500|1
3362,56.0333333333333,30,0,19|-2.500|29.000|1
3363,56.05,30,0,19|-2.500|28.500|1
3364,56.0666666666667,30,0,19|-1.667|28.000|1
3365,56.0833333333333,30,0,19|-0.833|27.500|1
3366,56.1,30,0,19|-0.833|27.000|1
3367,56.1166666666667,30,0,19|-0.833|26.500|1
3368,56.1333333333333,30,0,19|0.000|26.000|1
3369,56.15,30,0,19|0.000|25.500|1
3370,56.1666666666667,30,0,19|0.000|25.000|1
3371,56.1833333333333,30,0,19|0.000|24.500|1
3372,56.2,30,0,19|0.000|24.000|1
3373,56.2166666666667,30,0,19|0.000|23.500|1
3374,56.2333333333333,30,0,19|0.000|23.000|1
3375,56.25,30,0,19|0.000|22.500|1
3376,56.2666666666667,30,0,19|0.000|22.000|1
3377,56.2833333333333,30,0,19|0.000|21.500|1
3378,56.3,30,0,19|0.000|21.000|1
3379,56.3166666666667,30,0,19|0.000|20.500|1
3380,56.3333333333333,30,0,19|0.000|20.000|1
3381,56.35,30,0,19|0.000|19.500|1
3382,56.3666666666667,30,0,19|0.000|19.000|1
3383,56.3833333333333,30,0,19|0.000|18.500|1
3384,56.4,30,0,19|0.000|18.000|1
3385,56.4166666666667,30,0,19|0.000|17.500|1
3386,56.4333333333333,30,0,19|0.000|17.000|1
3387,56.45,30,0,19|0.000|16.500|1
3388,56.4666666666667,30,0,19|0.000|16.000|1
3389,56.4833333333333,30,0,19|0.000|15.500|1
3390,56.5,30,0,19|0.000|15.000|1
3391,56.5166666666667,30,0,19|0.000|14.500|1
3392,56.5333333333333,30,0,19|0.000|14.000|1
3393,56.55,30,0,19|0.000|13.500|1
3394,56.5666666666667,30,0,19|0.000|13.000|1
3395,56.5833333333333,30,0,19|0.000|12.500|1
3396,56.6,30,0,19|0.000|12.000|1
3397,56.6166666666667,30,0,19|0.000|11.500|1
3398,56.6333333333333,30,0,19|0.000|11.000|1
3399,56.65,30,0,19|0.000|10.500|1
3400,56.6666666666667,30,0,19|0.000|10.000|1
3401,56.6833333333333,30,0,19|0.000|9.500|1
3402,56.7,30,0,19|0.000|9.000|1
3403,56.7166666666667,30,0,19|0.000|8.500|1
3404,56.7333333333333,30,0,19|0.000|8.000|1
3405,56.75,30,0,19|0.000|7.500|1
3406,56.7666666666667,30,0,19|0.000|7.000|1
3407,56.7833333333333,30,0,19|0.000|6.500|1
3408,56.8,30,0,19|0.000|6.000|1
3409,56.8166666666667,30,0,19|0.000|5.500|1
3410,56.8333333333333,30,0,19|0.000|5.000|1
3411,56.85,30,0,19|0.000|4.500|1
3412,56.8666666666667,30,0,19|0.000|4.000|1
3413,56.8833333333333,30,0,19|0.000|3.500|1
3414,56.9,30,0,19|0.000|3.000|1
3415,56.9166666666667,30,0,19|0.000|2.500|1
3416,56.9333333333333,30,0,19|0.000|2.000|1
3417,56.95,30,0,19|0.000|1.500|1
3418,56.9666666666667,30,0,19|0.000|1.000|1
3419,56.9833333333333,30,0,19|0.000|0.500|1
3420,57,30,1,19|0.000|0.000|1
3421,57.0166666666667,30,0,20|-6.000|89.500|1
3422,57.0333333333333,30,0,20|-6.000|89.000|1
3423,57.05,30,0,20|-5.667|88.500|1
3424,57.0666666666667,30,0,20|-5.667|88.000|1
3425,57.0833333333333,30,0,20|-5.333|87.500|1
3426,57.1,30,0,20|-5.333|87.000|1
3427,57.1166666666667,30,0,20|-5.333|86.500|1
3428,57.1333333333333,30,0,20|-5.333|86.000|1
3429,57.15,30,0,20|-5.333|85.500|1
3430,57.1666666666667,30,0,20|-5.333|85.000|1
3431,57.1833333333333,30,0,20|-5.333|84.500|1
3432,57.2,30,0,20|-5.333|84.000|1
3433,57.2166666666667,30,0,20|-5.000|83.500|1
3434,57.2333333333333,30,0,20|-5.000|83.000|1
3435,57.25,30,0,20|-5.000|82.500|1
3436,57.2666666666667,30,0,20|-5.000|82.000|1
3437,57.2833333333333,30,0,20|-5.000|81.500|1
3438,57.3,30,0,20|-4.667|81.000|1
3439,57.3166666666667,30,0,20|-4.667|80.500|1
3440,57.3333333333333,30,0,20|-4.667|80.000|1
3441,57.35,30,0,20|-4.667|79.500|1
3442,57.3666666666667,30,0,20|-4.667|79.000|1
3443,57.3833333333333,30,0,20|-4.667|78.500|1
3444,57.4,30,0,20|-4.667|78.000|1
3445,57.4166666666667,30,0,20|-4.667|77.500|1
3446,57.4333333333333,30,0,20|-4.667|77.000|1
3447,57.45,30,0,20|-4.667|76.500|1
3448,57.4666666666667,30,0,20|-4.667|76.000|1
3449,57.4833333333333,30,0,20|-4.667|75.500|1
3450,57.5,30,0,20|-4.667|75.000|1
3451,57.5166666666667,30,0,20|-4.667|74.500|1
3452,57.5333333333333,30,0,20|-4.667|74.000|1
3453,57.55,30,0,20|-4.667|73.500|1
3454,57.5666666666667,30,0,20|-4.333|73.000|1
3455,57.5833333333333,30,0,20|-4.000|72.500|1
3456,57.6,30,0,20|-4.000|72.000|1
3457,57.6166666666667,30,0,20|-4.000|71.500|1
3458,57.6333333333333,30,0,20|-4.000|71.000|1
3459,57.65,30,0,20|-4.000|70.500|1
3460,57.6666666666667,30,0,20|-4.000|70.000|1
3461,57.6833333333333,30,0,20|-4.000|69.500|1
3462,57.7,30,0,20|-4.000|69.000|1
3463,57.7166666666667,30,0,20|-3.667|68.500|1
3464,57.7333333333333,30,0,20|-3.667|68.000|1
3465,57.75,30,0,20|-3.333|67.500|1
3466,57.7666666666667,30,0,20|-3.333|67.000|1
3467,57.7833333333333,30,0,20|-3.333|66.500|1
3468,57.8,30,0,20|-3.333|66.000|1
3469,57.8166666666667,30,0,20|-3.333|65.500|1
3470,57.8333333333333,30,0,20|-3.333|65.000|1
3471,57.85,30,0,20|-3.333|64.500|1
3472,57.8666666666667,30,0,20|-3.333|64.000|1
3473,57.8833333333333,30,0,20|-3.333|63.500|1
3474,57.9,30,0,20|-3.000|63.000|1
3475,57.9166666666667,30,0,20|-3.000|62.500|1
3476,57.9333333333333,30,0,20|-3.000|62.000|1
3477,57.95,30,0,20|-3.000|61.500|1
3478,57.9666666666667,30,0,20|-3.000|61.000|1
3479,57.9833333333333,30,0,20|-3.000|60.500|1
3480,58,30,0,20|-3.000|60.000|1
3481,58.0166666666667,30,0,20|-3.000|59.500|1
3482,58.0333333333333,30,0,20|-3.000|59.000|1
3483,58.05,30,0,20|-2.667|58.500|1
3484,58.0666666666667,30,0,20|-2.667|58.000|1
3485,58.0833333333333,30,0,20|-2.667|57.500|1
3486,58.1,30,0,20|-2.667|57.000|1
3487,58.1166666666667,30,0,20|-2.667|56.500|1
3488,58.1333333333333,30,0,20|-2.667|56.000|1
3489,58.15,30,0,20|-2.667|55.500|1
3490,58.1666666666667,30,0,20|-2.667|55.000|1
3491,58.1833333333333,30,0,20|-2.667|54.500|1
3492,58.2,30,0,20|-2.667|54.000|1
3493,58.2166666666667,30,0,20|-2.667|53.500|1
3494,58.2333333333333,30,0,20|-2.667|53.000|1
3495,58.25,30,0,20|-2.667|52.500|1
3496,58.2666666666667,30,0,20|-2.667|52.000|1
3497,58.2833333333333,30,0,20|-2.667|51.500|1
3498,58.3,30,0,20|-2.333|51.000|1
3499,58.3166666666667,30,0,20|-2.333|50.500|1
3500,58.3333333333333,30,0,20|-2.333|50.000|1
3501,58.35,30,0,20|-2.333|49.500|1
3502,58.3666666666667,30,0,20|-2.333|49.000|1
3503,58.3833333333333,30,0,20|-2.333|48.500|1
3504,58.4,30,0,20|-2.333|48.000|1
3505,58.4166666666667,30,0,20|-2.333|47.500|1
3506,58.4333333333333,30,0,20|-2.333|47.000|1
3507,58.45,30,0,20|-2.333|46.500|1
3508,58.4666666666667,30,0,20|-2.333|46.000|1
3509,58.4833333333333,30,0,20|-2.333|45.500|1
3510,58.5,30,0,20|-2.333|45.000|1
3511,58.5166666666667,30,0,20|-2.000|44.500|1
3512,58.5333333333333,30,0,20|-2.000|44.000|1
3513,58.55,30,0,20|-2.000|43.500|1
3514,58.5666666666667,30,0,20|-2.000|43.000|1
3515,58.5833333333333,30,0,20|-2.000|42.500|1
3516,58.6,30,0,20|-2.000|42.000|1
3517,58.6166666666667,30,0,20|-1.667|41.500|1
3518,58.6333333333333,30,0,20|-1.667|41.000|1
3519,58.65,30,0,20|-1.667|40.500|1
3520,58.6666666666667,30,0,20|-1.667|40.000|1
3521,58.6833333333333,30,0,20|-1.667|39.500|1
3522,58.7,30,0,20|-1.667|39.000|1
3523,58.7166666666667,30,0,20|-1.667|38.500|1
3524,58.7333333333333,30,0,20|-1.667|38.000|1
3525,58.75,30,0,20|-1.667|37.500|1
3526,58.7666666666667,30,0,20|-1.667|37.000|1
3527,58.7833333333333,30,0,20|-1.667|36.500|1
3528,58.8,30,0,20|-1.667|36.000|1
3529,58.8166666666667,30,0,20|-1.667|35.500|1
3530,58.8333333333333,30,0,20|-1.667|35.000|1
3531,58.85,30,0,20|-1.333|34.500|1
3532,58.8666666666667,30,0,20|-1.333|34.000|1
3533,58.8833333333333,30,0,20|-1.333|33.500|1
3534,58.9,30,0,20|-1.333|33.000|1
3535,58.9166666666667,30,0,20|-1.333|32.500|1
3536,58.9333333333333,30,0,20|-1.333|32.000|1
3537,58.95,30,0,20|-1.333|31.500|1
3538,58.9666666666667,30,0,20|-1.333|31.000|1
3539,58.9833333333333,30,0,20|-1.333|30.500|1
3540,59,30,0,20|-1.333|30.000|1
3541,59.0166666666667,30,0,20|-1.333|29.500|1
3542,59.0333333333333,30,0,20|-1.000|29.000|1
3543,59.05,30,0,20|-1.000|28.500|1
3544,59.0666666666667,30,0,20|-1.000|28.000|1
3545,59.0833333333333,30,0,20|-1.000|27.500|1
3546,59.1,30,0,20|-1.000|27.000|1
3547,59.1166666666667,30,0,20|-0.667|26.500|1
3548,59.1333333333333,30,0,20|-0.667|26.000|1
3549,59.15,30,0,20|-0.667|25.500|1
3550,59.1666666666667,30,0,20|-0.667|25.000|1
3551,59.1833333333333,30,0,20|-0.667|24.500|1
3552,59.2,30,0,20|-0.667|24.000|1
3553,59.2166666666667,30,0,20|-0.667|23.500|1
3554,59.2333333333333,30,0,20|-0.667|23.000|1
3555,59.25,30,0,20|-0.667|22.500|1
3556,59.2666666666667,30,0,20|-0.667|22.000|1
3557,59.2833333333333,30,0,20|-0.667|21.500|1
3558,59.3,30,0,20|-0.667|21.000|1
3559,59.3166666666667,30,0,20|-0.667|20.500|1
3560,59.3333333333333,30,0,20|-0.667|20.000|1
3561,59.35,30,0,20|-0.667|19.500|1
3562,59.3666666666667,30,0,20|-0.333|19.000|1
3563,59.3833333333333,30,0,20|-0.333|18.500|1
3564,59.4,30,0,20|-0.333|18.000|1
3565,59.4166666666667,30,0,20|-0.333|17.500|1
3566,59.4333333333333,30,0,20|-0.333|17.000|1
3567,59.45,30,0,20|-0.333|16.500|1
3568,59.4666666666667,30,0,20|-0.333|16.000|1
3569,59.4833333333333,30,0,20|-0.333|15.500|1
3570,59.5,30,0,20|-0.333|15.000|1
3571,59.5166666666667,30,0,20|-0.333|14.500|1
3572,59.5333333333333,30,0,20|-0.333|14.000|1
3573,59.55,30,0,20|-0.333|13.500|1
3574,59.5666666666667,30,0,20|-0.333|13.000|1
3575,59.5833333333333,30,0,20|-0.333|12.500|1
3576,59.6,30,0,20|-0.333|12.000|1
3577,59.6166666666667,30,0,20|-0.333|11.500|1
3578,59.6333333333333,30,0,20|-0.333|11.000|1
3579,59.65,30,0,20|-0.333|10.500|1
3580,59.6666666666667,30,0,20|-0.333|10.000|1
3581,59.6833333333333,30,0,20|-0.333|9.500|1
3582,59.7,30,0,20|-0.333|9.000|1
3583,59.7166666666667,30,0,20|-0.333|8.500|1
3584,59.7333333333333,30,0,20|-0.333|8.000|1
3585,59.75,30,0,20|-0.333|7.500|1
3586,59.7666666666667,30,0,20|-0.333|7.000|1
3587,59.7833333333333,30,0,20|-0.333|6.500|1
3588,59.8,30,0,20|-0.333|6.000|1
3589,59.8166666666667,30,0,20|-0.333|5.500|1
3590,59.8333333333333,30,0,20|-0.333|5.000|1
3591,59.85,30,0,20|-0.333|4.500|1
3592,59.8666666666667,30,0,20|-0.333|4.000|1
3593,59.8833333333333,30,0,20|-0.000|3.500|1
3594,59.9,30,0,20|-0.000|3.000|1
3595,59.9166666666667,30,0,20|-0.000|2.500|1
3596,59.9333333333333,30,0,20|-0.000|2.000|1
3597,59.95,30,0,20|-0.000|1.500|1
3598,59.9666666666667,30,0,20|-0.000|1.000|1
3599,59.9833333333333,30,0,20|-0.000|0.500|1
3600,60,30,1,20|-0.000|0.000|1
3601,60.0166666666667,30,0,21|11.933|89.500|1
3602,60.0333333333333,30,0,21|11.867|89.000|1
3603,60.05,30,0,21|11.800|88.500|1
3604,60.0666666666667,30,0,21|11.733|88.000|1
3605,60.0833333333333,30,0,21|11.667|87.500|1
3606,60.1,30,0,21|11.600|87.000|1
3607,60.1166666666667,30,0,21|11.533|86.500|1
3608,60.1333333333333,30,0,21|11.467|86.000|1
3609,60.15,30,0,21|11.400|85.500|1
3610,60.1666666666667,30,0,21|11.333|85.000|1
3611,60.1833333333333,30,0,21|11.267|84.500|1
3612,60.2,30,0,21|11.200|84.000|1
3613,60.2166666666667,30,0,21|11.133|83.500|1
3614,60.2333333333333,30,0,21|11.067|83.000|1
3615,60.25,30,0,21|11.000|82.500|1
3616,60.2666666666667,30,0,21|10.933|82.000|1
3617,60.2833333333333,30,0,21|10.867|81.500|1
3618,60.3,30,0,21|10.800|81.000|1
3619,60.3166666666667,30,0,21|10.733|80.500|1
3620,60.3333333333333,30,0,21|10.667|80.000|1
3621,60.35,30,0,21|10.600|79.500|1
3622,60.3666666666667,30,0,21|10.533|79.000|1
3623,60.3833333333333,30,0,21|10.467|78.500|1
3624,60.4,30,0,21|10.400|78.000|1
3625,60.4166666666667,30,0,21|10.333|77.500|1
3626,60.4333333333333,30,0,21|10.267|77.000|1
3627,60.45,30,0,21|10.200|76.500|1
3628,60.4666666666667,30,0,21|10.133|76.000|1
3629,60.4833333333333,30,0,21|10.067|75.500|1
3630,60.5,30,0,21|10.000|75.000|1
3631,60.5166666666667,30,0,21|9.933|74.500|1
3632,60.5333333333333,30,0,21|9.867|74.000|1
3633,60.55,30,0,21|9.800|73.500|1
3634,60.5666666666667,30,0,21|9.733|73.000|1
3635,60.5833333333333,30,0,21|9.667|72.500|1
3636,60.6,30,0,21|9.600|72.000|1
3637,60.6166666666667,30,0,21|9.533|71.500|1
3638,60.6333333333333,30,0,21|9.467|71.000|1
3639,60.65,30,0,21|9.400|70.500|1
3640,60.6666666666667,30,0,21|9.333|70.000|1
3641,60.6833333333333,30,0,21|9.267|69.500|1
3642,60.7,30,0,21|9.200|69.000|1
3643,60.7166666666667,30,0,21|9.133|68.500|1
3644,60.7333333333333,30,0,21|9.067|68.000|1
3645,60.75,30,0,21|9.000|67.500|1
3646,60.7666666666667,30,0,21|8.933|67.000|1
3647,60.7833333333333,30,0,21|8.867|66.500|1
3648,60.8,30,0,21|8.800|66.000|1
3649,60.8166666666667,30,0,21|8.733|65.500|1
3650,60.8333333333333,30,0,21|8.667|65.000|1
3651,60.85,30,0,21|8.600|64.500|1
3652,60.8666666666667,30,0,21|8.533|64.000|1
3653,60.8833333333333,30,0,21|8.467|63.500|1
3654,60.9,30,0,21|8.400|63.000|1
3655,60.9166666666667,30,0,21|8.333|62.500|1
3656,60.9333333333333,30,0,21|8.267|62.000|1
3657,60.95,30,0,21|8.200|61.500|1
3658,60.9666666666667,30,0,21|8.133|61.000|1
3659,60.9833333333333,30,0,21|8.067|60.500|1
3660,61,30,0,21|8.000|60.000|1
3661,61.0166666666667,30,0,21|7.933|59.500|1
3662,61.0333333333333,30,0,21|7.867|59.000|1
3663,61.05,30,0,21|7.800|58.500|1
3664,61.0666666666667,30,0,21|7.733|58.000|1
3665,61.0833333333333,30,0,21|7.667|57.500|1
3666,61.1,30,0,21|7.600|57.000|1
3667,61.1166666666667,30,0,21|7.533|56.500|1
3668,61.1333333333333,30,0,21|7.467|56.000|1
3669,61.15,30,0,21|7.400|55.500|1
3670,61.1666666666667,30,0,21|7.333|55.000|1
3671,61.1833333333333,30,0,21|7.267|54.500|1
3672,61.2,30,0,21|7.200|54.000|1
3673,61.2166666666667,30,0,21|7.133|53.500|1
3674,61.2333333333333,30,0,21|7.067|53.000|1
3675,61.25,30,0,21|7.000|52.500|1
3676,61.2666666666667,30,0,21|6.933|52.000|1
3677,61.2833333333333,30,0,21|6.867|51.500|1
3678,61.3,30,0,21|6.800|51.000|1
3679,61.3166666666667,30,0,21|6.733|50.500|1
3680,61.3333333333333,30,0,21|6.667|50.000|1
3681,61.35,30,0,21|6.600|49.500|1
3682,61.3666666666667,30,0,21|6.533|49.000|1
3683,61.3833333333333,30,0,21|6.467|48.500|1
3684,61.4,30,0,21|6.400|48.000|1
3685,61.4166666666667,30,0,21|6.333|47.500|1
3686,61.4333333333333,30,0,21|6.267|47.000|1
3687,61.45,30,0,21|6.200|46.500|1
3688,61.4666666666667,30,0,21|6.133|46.000|1
3689,61.4833333333333,30,0,21|6.067|45.500|1
3690,61.5,30,0,21|6.000|45.000|1
3691,61.5166666666667,30,0,21|5.933|44.500|1
3692,61.5333333333333,30,0,21|5.867|44.000|1
3693,61.55,30,0,21|5.800|43.500|1
3694,61.5666666666667,30,0,21|5.733|43.000|1
3695,61.5833333333333,30,0,21|5.667|42.500|1
3696,61.6,30,0,21|5.600|42.000|1
3697,61.6166666666667,30,0,21|5.533|41.500|1
3698,61.6333333333333,30,0,21|5.467|41.000|1
3699,61.65,30,0,21|5.400|40.500|1
3700,61.6666666666667,30,0,21|5.333|40.000|1
3701,61.6833333333333,30,0,21|5.267|39.500|1
3702,61.7,30,0,21|5.200|39.000|1
3703,61.7166666666667,30,0,21|5.133|38.500|1
3704,61.7333333333333,30,0,21|5.067|38.000|1
3705,61.75,30,0,21|5.000|37.500|1
3706,61.7666666666667,30,0,21|4.933|37.000|1
3707,61.7833333333333,30,0,21|4.867|36.500|1
3708,61.8,30,0,21|4.800|36.000|1
3709,61.8166666666667,30,0,21|4.733|35.500|1
3710,61.8333333333333,30,0,21|4.667|35.000|1
3711,61.85,30,0,21|4.600|34.500|1
3712,61.8666666666667,30,0,21|4.533|34.000|1
3713,61.8833333333333,30,0,21|4.467|33.500|1
3714,61.9,30,0,21|4.400|33.000|1
3715,61.9166666666667,30,0,21|4.333|32.500|1
3716,61.9333333333333,30,0,21|4.267|32.000|1
3717,61.95,30,0,21|4.200|31.500|1
3718,61.9666666666667,30,0,21|4.133|31.000|1
3719,61.9833333333333,30,0,21|4.067|30.500|1
3720,62,30,0,21|4.000|30.000|1
3721,62.0166666666667,30,0,21|3.933|29.500|1
3722,62.0333333333333,30,0,21|3.867|29.000|1
3723,62.05,30,0,21|3.800|28.500|1
3724,62.0666666666667,30,0,21|3.733|28.000|1
3725,62.0833333333333,30,0,21|3.667|27.500|1
3726,62.1,30,0,21|3.600|27.000|1
3727,62.1166666666667,30,0,21|3.533|26.500|1
3728,62.1333333333333,30,0,21|3.467|26.000|1
3729,62.15,30,0,21|3.400|25.500|1
3730,62.1666666666667,30,0,21|3.333|25.000|1
3731,62.1833333333333,30,0,21|3.267|24.500|1
3732,62.2,30,0,21|3.200|24.000|1
3733,62.2166666666667,30,0,21|3.133|23.500|1
3734,62.2333333333333,30,0,21|3.067|23.000|1
3735,62.25,30,0,21|3.000|22.500|1
3736,62.2666666666667,30,0,21|2.933|22.000|1
3737,62.2833333333333,30,0,21|2.867|21.500|1
3738,62.3,30,0,21|2.800|21.000|1
3739,62.3166666666667,30,0,21|2.733|20.500|1
3740,62.3333333333333,30,0,21|2.667|20.000|1
3741,62.35,30,0,21|2.600|19.500|1
3742,62.3666666666667,30,0,21|2.533|19.000|1
3743,62.3833333333333,30,0,21|2.467|18.500|1
3744,62.4,30,0,21|2.400|18.000|1
3745,62.4166666666667,30,0,21|2.333|17.500|1
3746,62.4333333333333,30,0,21|2.267|17.000|1
3747,62.45,30,0,21|2.200|16.500|1
3748,62.4666666666667,30,0,21|2.133|16.000|1
3749,62.4833333333333,30,0,21|2.067|15.500|1
3750,62.5,30,0,21|2.000|15.000|1
3751,62.5166666666667,30,0,21|1.933|14.500|1
3752,62.5333333333333,30,0,21|1.867|14.000|1
3753,62.55,30,0,21|1.800|13.500|1
3754,62.5666666666667,30,0,21|1.733|13.000|1
3755,62.5833333333333,30,0,21|1.667|12.500|1
3756,62.6,30,0,21|1.600|12.000|1
3757,62.6166666666667,30,0,21|1.533|11.500|1
3758,62.6333333333333,30,0,21|1.467|11.000|1
3759,62.65,30,0,21|1.400|10.500|1
3760,62.6666666666667,30,0,21|1.333|10.000|1
3761,62.6833333333333,30,0,21|1.267|9.500|1
3762,62.7,30,0,21|1.200|9.000|1
3763,62.7166666666667,30,0,21|1.133|8.500|1
3764,62.7333333333333,30,0,21|1.067|8.000|1
3765,62.75,30,0,21|1.000|7.500|1
3766,62.7666666666667,30,0,21|0.933|7.000|1
3767,62.7833333333333,30,0,21|0.867|6.500|1
3768,62.8,30,0,21|0.800|6.000|1
3769,62.8166666666667,30,0,21|0.733|5.500|1
3770,62.8333333333333,30,0,21|0.667|5.000|1
3771,62.85,30,0,21|0.600|4.500|1
3772,62.8666666666667,30,0,21|0.533|4.000|1
3773,62.8833333333333,30,0,21|0.467|3.500|1
3774,62.9,30,0,21|0.400|3.000|1
3775,62.9166666666667,30,0,21|0.333|2.500|1
3776,62.9333333333333,30,0,21|0.267|2.000|1
3777,62.95,30,0,21|0.200|1.500|1
3778,62.9666666666667,30,0,21|0.133|1.000|1
3779,62.9833333333333,30,0,21|0.067|0.500|1
3780,63,30,1,21|0.000|0.000|1
3781,63.0166666666667,30,0,22|-12.000|89.500|1
3782,63.0333333333333,30,0,22|-12.000|89.000|1
3783,63.05,30,0,22|-11.733|88.500|1
3784,63.0666666666667,30,0,22|-11.733|88.000|1
3785,63.0833333333333,30,0,22|-11.733|87.500|1
3786,63.1,30,0,22|-11.467|87.000|1
3787,63.1166666666667,30,0,22|-11.467|86.500|1
3788,63.1333333333333,30,0,22|-11.200|86.000|1
3789,63.15,30,0,22|-10.933|85.500|1
3790,63.1666666666667,30,0,22|-10.933|85.000|1
3791,63.1833333333333,30,0,22|-10.933|84.500|1
3792,63.2,30,0,22|-10.933|84.000|1
3793,63.2166666666667,30,0,22|-10.933|83.500|1
3794,63.2333333333333,30,0,22|-10.667|83.000|1
3795,63.25,30,0,22|-10.667|82.500|1
3796,63.2666666666667,30,0,22|-10.400|82.000|1
3797,63.2833333333333,30,0,22|-10.133|81.500|1
3798,63.3,30,0,22|-9.867|81.000|1
3799,63.3166666666667,30,0,22|-9.867|80.500|1
3800,63.3333333333333,30,0,22|-9.600|80.000|1
3801,63.35,30,0,22|-9.333|79.500|1
3802,63.3666666666667,30,0,22|-9.333|79.000|1
3803,63.3833333333333,30,0,22|-9.333|78.500|1
3804,63.4,30,0,22|-9.333|78.000|1
3805,63.4166666666667,30,0,22|-9.333|77.500|1
3806,63.4333333333333,30,0,22|-9.333|77.000|1
3807,63.45,30,0,22|-9.333|76.500|1
3808,63.4666666666667,30,0,22|-9.333|76.000|1
3809,63.4833333333333,30,0,22|-9.333|75.500|1
3810,63.5,30,0,22|-9.333|75.000|1
3811,63.5166666666667,30,0,22|-9.333|74.500|1
3812,63.5333333333333,30,0,22|-9.333|74.000|1
3813,63.55,30,0,22|-9.067|73.500|1
3814,63.5666666666667,30,0,22|-9.067|73.000|1
3815,63.5833333333333,30,0,22|-9.067|72.500|1
3816,63.6,30,0,22|-9.067|72.000|1
3817,63.6166666666667,30,0,22|-9.067|71.500|1
3818,63.6333333333333,30,0,22|-8.800|71.000|1
3819,63.65,30,0,22|-8.800|70.500|1
3820,63.6666666666667,30,0,22|-8.800|70.000|1
3821,63.6833333333333,30,0,22|-8.800|69.500|1
3822,63.7,30,0,22|-8.800|69.000|1
3823,63.7166666666667,30,0,22|-8.800|68.500|1
3824,63.7333333333333,30,0,22|-8.800|68.000|1
3825,63.75,30,0,22|-8.800|67.500|1
3826,63.7666666666667,30,0,22|-8.800|67.000|1
3827,63.7833333333333,30,0,22|-8.800|66.500|1
3828,63.8,30,0,22|-8.800|66.000|1
3829,63.8166666666667,30,0,22|-8.533|65.500|1
3830,63.8333333333333,30,0,22|-8.533|65.000|1
3831,63.85,30,0,22|-8.533|64.500|1
3832,63.8666666666667,30,0,22|-8.533|64.000|1
3833,63.8833333333333,30,0,22|-8.533|63.500|1
3834,63.9,30,0,22|-8.267|63.000|1
3835,63.9166666666667,30,0,22|-8.267|62.500|1
3836,63.9333333333333,30,0,22|-8.267|62.000|1
3837,63.95,30,0,22|-8.267|61.500|1
3838,63.9666666666667,30,0,22|-8.000|61.000|1
3839,63.9833333333333,30,0,22|-8.000|60.500|1
3840,64,30,0,22|-7.733|60.000|1
3841,64.0166666666667,30,0,22|-7.467|59.500|1
3842,64.0333333333333,30,0,22|-7.467|59.000|1
3843,64.05,30,0,22|-7.467|58.500|1
3844,64.0666666666667,30,0,22|-7.467|58.000|1
3845,64.0833333333333,30,0,22|-7.467|57.500|1
3846,64.1,30,0,22|-7.467|57.000|1
3847,64.1166666666667,30,0,22|-7.467|56.500|1
3848,64.1333333333333,30,0,22|-7.467|56.000|1
3849,64.15,30,0,22|-7.467|55.500|1
3850,64.1666666666667,30,0,22|-7.467|55.000|1
3851,64.1833333333333,30,0,22|-7.200|54.500|1
3852,64.2,30,0,22|-7.200|54.000|1
3853,64.2166666666667,30,0,22|-7.200|53.500|1
3854,64.2333333333333,30,0,22|-7.200|53.000|1
3855,64.25,30,0,22|-7.200|52.500|1
3856,64.2666666666667,30,0,22|-7.200|52.000|1
3857,64.2833333333333,30,0,22|-7.200|51.500|1
3858,64.3,30,0,22|-6.933|51.000|1
3859,64.3166666666667,30,0,22|-6.933|50.500|1
3860,64.3333333333333,30,0,22|-6.933|50.000|1
3861,64.35,30,0,22|-6.933|49.500|1
3862,64.3666666666667,30,0,22|-6.667|49.000|1
3863,64.3833333333333,30,0,22|-6.400|48.500|1
3864,64.4,30,0,22|-6.400|48.000|1
3865,64.4166666666667,30,0,22|-6.400|47.500|1
3866,64.4333333333333,30,0,22|-6.400|47.000|1
3867,64.45,30,0,22|-6.400|46.500|1
3868,64.4666666666667,30,0,22|-6.400|46.000|1
3869,64.4833333333333,30,0,22|-6.400|45.500|1
3870,64.5,30,0,22|-6.133|45.000|1
3871,64.5166666666667,30,0,22|-6.133|44.500|1
3872,64.5333333333333,30,0,22|-6.133|44.000|1
3873,64.55,30,0,22|-6.133|43.500|1
3874,64.5666666666667,30,0,22|-6.133|43.000|1
3875,64.5833333333333,30,0,22|-6.133|42.500|1
3876,64.6,30,0,22|-5.867|42.000|1
3877,64.6166666666667,30,0,22|-5.867|41.500|1
3878,64.6333333333333,30,0,22|-5.867|41.000|1
3879,64.65,30,0,22|-5.867|40.500|1
3880,64.6666666666667,30,0,22|-5.867|40.000|1
3881,64.6833333333333,30,0,22|-5.867|39.500|1
3882,64.7,30,0,22|-5.867|39.000|1
3883,64.7166666666667,30,0,22|-5.867|38.500|1
3884,64.7333333333333,30,0,22|-5.600|38.000|1
3885,64.75,30,0,22|-5.600|37.500|1
3886,64.7666666666667,30,0,22|-5.600|37.000|1
3887,64.7833333333333,30,0,22|-5.600|36.500|1
3888,64.8,30,0,22|-5.600|36.000|1
3889,64.8166666666667,30,0,22|-5.333|35.500|1
3890,64.8333333333333,30,0,22|-5.333|35.000|1
3891,64.85,30,0,22|-5.333|34.500|1
3892,64.8666666666667,30,0,22|-5.333|34.000|1
3893,64.8833333333333,30,0,22|-5.333|33.500|1
3894,64.9,30,0,22|-5.067|33.000|1
3895,64.9166666666667,30,0,22|-5.067|32.500|1
3896,64.9333333333333,30,0,22|-5.067|32.000|1
3897,64.95,30,0,22|-4.800|31.500|1
3898,64.9666666666667,30,0,22|-4.533|31.000|1
3899,64.9833333333333,30,0,22|-4.267|30.500|1
3900,65,30,0,22|-4.000|30.000|1
3901,65.0166666666667,30,0,22|-4.000|29.500|1
3902,65.0333333333333,30,0,22|-3.733|29.000|1
3903,65.05,30,0,22|-3.733|28.500|1
3904,65.0666666666667,30,0,22|-3.733|28.000|1
3905,65.0833333333333,30,0,22|-3.733|27.500|1
3906,65.1,30,0,22|-3.733|27.000|1
3907,65.1166666666667,30,0,22|-3.733|26.500|1
3908,65.1333333333333,30,0,22|-3.733|26.000|1
3909,65.15,30,0,22|-3.733|25.500|1
3910,65.1666666666667,30,0,22|-3.467|25.000|1
3911,65.1833333333333,30,0,22|-3.467|24.500|1
3912,65.2,30,0,22|-3.467|24.000|1
3913,65.2166666666667,30,0,22|-3.467|23.500|1
3914,65.2333333333333,30,0,22|-3.467|23.000|1
3915,65.25,30,0,22|-3.467|22.500|1
3916,65.2666666666667,30,0,22|-3.467|22.000|1
3917,65.2833333333333,30,0,22|-3.467|21.500|1
3918,65.3,30,0,22|-3.467|21.000|1
3919,65.3166666666667,30,0,22|-3.467|20.500|1
3920,65.3333333333333,30,0,22|-3.200|20.000|1
3921,65.35,30,0,22|-3.200|19.500|1
3922,65.3666666666667,30,0,22|-3.200|19.000|1
3923,65.3833333333333,30,0,22|-3.200|18.500|1
3924,65.4,30,0,22|-3.200|18.000|1
3925,65.4166666666667,30,0,22|-2.933|17.500|1
3926,65.4333333333333,30,0,22|-2.667|17.000|1
3927,65.45,30,0,22|-2.667|16.500|1
3928,65.4666666666667,30,0,22|-2.667|16.000|1
3929,65.4833333333333,30,0,22|-2.667|15.500|1
3930,65.5,30,0,22|-2.667|15.000|1
3931,65.5166666666667,30,0,22|-2.400|14.500|1
3932,65.5333333333333,30,0,22|-2.400|14.000|1
3933,65.55,30,0,22|-2.400|13.500|1
3934,65.5666666666667,30,0,22|-2.400|13.000|1
3935,65.5833333333333,30,0,22|-2.400|12.500|1
3936,65.6,30,0,22|-2.400|12.000|1
3937,65.6166666666667,30,0,22|-2.400|11.500|1
3938,65.6333333333333,30,0,22|-2.400|11.000|1
3939,65.65,30,0,22|-2.400|10.500|1
3940,65.6666666666667,30,0,22|-2.400|10.000|1
3941,65.6833333333333,30,0,22|-2.133|9.500|1
3942,65.7,30,0,22|-2.133|9.000|1
3943,65.7166666666667,30,0,22|-1.867|8.500|1
3944,65.7333333333333,30,0,22|-1.867|8.000|1
3945,65.75,30,0,22|-1.867|7.500|1
3946,65.7666666666667,30,0,22|-1.867|7.000|1
3947,65.7833333333333,30,0,22|-1.600|6.500|1
3948,65.8,30,0,22|-1.333|6.000|1
3949,65.8166666666667,30,0,22|-1.333|5.500|1
3950,65.8333333333333,30,0,22|-1.067|5.000|1
3951,65.85,30,0,22|-0.800|4.500|1
3952,65.8666666666667,30,0,22|-0.800|4.000|1
3953,65.8833333333333,30,0,22|-0.800|3.500|1
3954,65.9,30,0,22|-0.533|3.000|1
3955,65.9166666666667,30,0,22|-0.533|2.500|1
3956,65.9333333333333,30,0,22|-0.267|2.000|1
3957,65.95,30,0,22|-0.267|1.500|1
3958,65.9666666666667,30,0,22|0.000|1.000|1
3959,65.9833333333333,30,0,22|0.000|0.500|1
3960,66,30,1,22|0.000|0.000|1
3961,66.0166666666667,30,0,23|-6.000|89.500|1
3962,66.0333333333333,30,0,23|-6.000|89.000|1
3963,66.05,30,0,23|-6.000|88.500|1
3964,66.0666666666667,30,0,23|-5.933|88.000|1
3965,66.0833333333333,30,0,23|-5.867|87.500|1
3966,66.1,30,0,23|-5.867|87.000|1
3967,66.1166666666667,30,0,23|-5.800|86.500|1
3968,66.1333333333333,30,0,23|-5.733|86.000|1
3969,66.15,30,0,23|-5.733|85.500|1
3970,66.1666666666667,30,0,23|-5.733|85.000|1
3971,66.1833333333333,30,0,23|-5.733|84.500|1
3972,66.2,30,0,23|-5.733|84.000|1
3973,66.2166666666667,30,0,23|-5.667|83.500|1
3974,66.2333333333333,30,0,23|-5.667|83.000|1
3975,66.25,30,0,23|-5.600|82.500|1
3976,66.2666666666667,30,0,23|-5.533|82.000|1
3977,66.2833333333333,30,0,23|-5.533|81.500|1
3978,66.3,30,0,23|-5.533|81.000|1
3979,66.3166666666667,30,0,23|-5.467|80.500|1
3980,66.3333333333333,30,0,23|-5.400|80.000|1
3981,66.35,30,0,23|-5.333|79.500|1
3982,66.3666666666667,30,0,23|-5.267|79.000|1
3983,66.3833333333333,30,0,23|-5.267|78.500|1
3984,66.4,30,0,23|-5.267|78.000|1
3985,66.4166666666667,30,0,23|-5.200|77.500|1
3986,66.4333333333333,30,0,23|-5.133|77.000|1
3987,66.45,30,0,23|-5.133|76.500|1
3988,66.4666666666667,30,0,23|-5.133|76.000|1
3989,66.4833333333333,30,0,23|-5.067|75.500|1
3990,66.5,30,0,23|-5.000|75.000|1
3991,66.5166666666667,30,0,23|-4.933|74.500|1
3992,66.5333333333333,30,0,23|-4.867|74.000|1
3993,66.55,30,0,23|-4.800|73.500|1
3994,66.5666666666667,30,0,23|-4.733|73.000|1
3995,66.5833333333333,30,0,23|-4.667|72.500|1
3996,66.6,30,0,23|-4.600|72.000|1
3997,66.6166666666667,30,0,23|-4.600|71.500|1
3998,66.6333333333333,30,0,23|-4.600|71.000|1
3999,66.65,30,0,23|-4.600|70.500|1
4000,66.6666666666667,30,0,23|-4.533|70.000|1
4001,66.6833333333333,30,0,23|-4.533|69.500|1
4002,66.7,30,0,23|-4.467|69.000|1
4003,66.7166666666667,30,0,23|-4.400|68.500|1
4004,66.7333333333333,30,0,23|-4.333|68.000|1
4005,66.75,30,0,23|-4.333|67.500|1
4006,66.7666666666667,30,0,23|-4.333|67.000|1
4007,66.7833333333333,30,0,23|-4.333|66.500|1
4008,66.8,30,0,23|-4.333|66.000|1
4009,66.8166666666667,30,0,23|-4.333|65.500|1
4010,66.8333333333333,30,0,23|-4.267|65.000|1
4011,66.85,30,0,23|-4.267|64.500|1
4012,66.8666666666667,30,0,23|-4.200|64.000|1
4013,66.8833333333333,30,0,23|-4.133|63.500|1
4014,66.9,30,0,23|-4.133|63.000|1
4015,66.9166666666667,30,0,23|-4.133|62.500|1
4016,66.9333333333333,30,0,23|-4.067|62.000|1
4017,66.95,30,0,23|-4.000|61.500|1
4018,66.9666666666667,30,0,23|-4.000|61.000|1
4019,66.9833333333333,30,0,23|-3.933|60.500|1
4020,67,30,0,23|-3.933|60.000|1
4021,67.0166666666667,30,0,23|-3.933|59.500|1
4022,67.0333333333333,30,0,23|-3.867|59.000|1
4023,67.05,30,0,23|-3.867|58.500|1
4024,67.0666666666667,30,0,23|-3.800|58.000|1
4025,67.0833333333333,30,0,23|-3.800|57.500|1
4026,67.1,30,0,23|-3.800|57.000|1
4027,67.1166666666667,30,0,23|-3.733|56.500|1
4028,67.1333333333333,30,0,23|-3.733|56.000|1
4029,67.15,30,0,23|-3.667|55.500|1
4030,67.1666666666667,30,0,23|-3.600|55.000|1
4031,67.1833333333333,30,0,23|-3.600|54.500|1
4032,67.2,30,0,23|-3.600|54.000|1
4033,67.2166666666667,30,0,23|-3.600|53.500|1
4034,67.2333333333333,30,0,23|-3.600|53.000|1
4035,67.25,30,0,23|-3.600|52.500|1
4036,67.2666666666667,30,0,23|-3.600|52.000|1
4037,67.2833333333333,30,0,23|-3.533|51.500|1
4038,67.3,30,0,23|-3.533|51.000|1
4039,67.3166666666667,30,0,23|-3.467|50.500|1
4040,67.3333333333333,30,0,23|-3.467|50.000|1
4041,67.35,30,0,23|-3.467|49.500|1
4042,67.3666666666667,30,0,23|-3.400|49.000|1
4043,67.3833333333333,30,0,23|-3.333|48.500|1
4044,67.4,30,0,23|-3.267|48.000|1
4045,67.4166666666667,30,0,23|-3.267|47.500|1
4046,67.4333333333333,30,0,23|-3.200|47.000|1
4047,67.45,30,0,23|-3.200|46.500|1
4048,67.4666666666667,30,0,23|-3.133|46.000|1
4049,67.4833333333333,30,0,23|-3.067|45.500|1
4050,67.5,30,0,23|-3.000|45.000|1
4051,67.5166666666667,30,0,23|-2.933|44.500|1
4052,67.5333333333333,30,0,23|-2.867|44.000|1
4053,67.55,30,0,23|-2.867|43.500|1
4054,67.5666666666667,30,0,23|-2.867|43.000|1
4055,67.5833333333333,30,0,23|-2.867|42.500|1
4056,67.6,30,0,23|-2.867|42.000|1
4057,67.6166666666667,30,0,23|-2.867|41.500|1
4058,67.6333333333333,30,0,23|-2.800|41.000|1
4059,67.65,30,0,23|-2.800|40.500|1
4060,67.6666666666667,30,0,23|-2.733|40.000|1
4061,67.6833333333333,30,0,23|-2.733|39.500|1
4062,67.7,30,0,23|-2.667|39.000|1
4063,67.7166666666667,30,0,23|-2.667|38.500|1
4064,67.7333333333333,30,0,23|-2.667|38.000|1
4065,67.75,30,0,23|-2.600|37.500|1
4066,67.7666666666667,30,0,23|-2.533|37.000|1
4067,67.7833333333333,30,0,23|-2.533|36.500|1
4068,67.8,30,0,23|-2.467|36.000|1
4069,67.8166666666667,30,0,23|-2.467|35.500|1
4070,67.8333333333333,30,0,23|-2.467|35.000|1
4071,67.85,30,0,23|-2.400|34.500|1
4072,67.8666666666667,30,0,23|-2.400|34.000|1
4073,67.8833333333333,30,0,23|-2.333|33.500|1
4074,67.9,30,0,23|-2.333|33.000|1
4075,67.9166666666667,30,0,23|-2.333|32.500|1
4076,67.9333333333333,30,0,23|-2.333|32.000|1
4077,67.95,30,0,23|-2.267|31.500|1
4078,67.9666666666667,30,0,23|-2.200|31.000|1
4079,67.9833333333333,30,0,23|-2.133|30.500|1
4080,68,30,0,23|-2.067|30.000|1
4081,68.0166666666667,30,0,23|-2.000|29.500|1
4082,68.0333333333333,30,0,23|-2.000|29.000|1
4083,68.05,30,0,23|-1.933|28.500|1
4084,68.0666666666667,30,0,23|-1.933|28.000|1
4085,68.0833333333333,30,0,23|-1.867|27.500|1
4086,68.1,30,0,23|-1.800|27.000|1
4087,68.1166666666667,30,0,23|-1.733|26.500|1
4088,68.1333333333333,30,0,23|-1.733|26.000|1
4089,68.15,30,0,23|-1.733|25.500|1
4090,68.1666666666667,30,0,23|-1.733|25.000|1
4091,68.1833333333333,30,0,23|-1.667|24.500|1
4092,68.2,30,0,23|-1.600|24.000|1
4093,68.2166666666667,30,0,23|-1.533|23.500|1
4094,68.2333333333333,30,0,23|-1.467|23.000|1
4095,68.25,30,0,23|-1.467|22.500|1
4096,68.2666666666667,30,0,23|-1.400|22.000|1
4097,68.2833333333333,30,0,23|-1.400|21.500|1
4098,68.3,30,0,23|-1.333|21.000|1
4099,68.3166666666667,30,0,23|-1.267|20.500|1
4100,68.3333333333333,30,0,23|-1.267|20.000|1
4101,68.35,30,0,23|-1.267|19.500|1
4102,68.3666666666667,30,0,23|-1.200|19.000|1
4103,68.3833333333333,30,0,23|-1.200|18.500|1
4104,68.4,30,0,23|-1.200|18.000|1
4105,68.4166666666667,30,0,23|-1.133|17.500|1
4106,68.4333333333333,30,0,23|-1.133|17.000|1
4107,68.45,30,0,23|-1.067|16.500|1
4108,68.4666666666667,30,0,23|-1.067|16.000|1
4109,68.4833333333333,30,0,23|-1.000|15.500|1
4110,68.5,30,0,23|-0.933|15.000|1
4111,68.5166666666667,30,0,23|-0.867|14.500|1
4112,68.5333333333333,30,0,23|-0.800|14.000|1
4113,68.55,30,0,23|-0.800|13.500|1
4114,68.5666666666667,30,0,23|-0.733|13.000|1
4115,68.5833333333333,30,0,23|-0.733|12.500|1
4116,68.6,30,0,23|-0.667|12.000|1
4117,68.6166666666667,30,0,23|-0.600|11.500|1
4118,68.6333333333333,30,0,23|-0.600|11.000|1
4119,68.65,30,0,23|-0.533|10.500|1
4120,68.6666666666667,30,0,23|-0.533|10.000|1
4121,68.6833333333333,30,0,23|-0.533|9.500|1
4122,68.7,30,0,23|-0.467|9.000|1
4123,68.7166666666667,30,0,23|-0.400|8.500|1
4124,68.7333333333333,30,0,23|-0.400|8.000|1
4125,68.75,30,0,23|-0.400|7.500|1
4126,68.7666666666667,30,0,23|-0.400|7.000|1
4127,68.7833333333333,30,0,23|-0.400|6.500|1
4128,68.8,30,0,23|-0.333|6.000|1
4129,68.8166666666667,30,0,23|-0.333|5.500|1
4130,68.8333333333333,30,0,23|-0.333|5.000|1
4131,68.85,30,0,23|-0.333|4.500|1
4132,68.8666666666667,30,0,23|-0.333|4.000|1
4133,68.8833333333333,30,0,23|-0.333|3.500|1
4134,68.9,30,0,23|-0.333|3.000|1
4135,68.9166666666667,30,0,23|-0.267|2.500|1
4136,68.9333333333333,30,0,23|-0.200|2.000|1
4137,68.95,30,0,23|-0.133|1.500|1
4138,68.9666666666667,30,0,23|-0.133|1.000|1
4139,68.9833333333333,30,0,23|-0.067|0.500|1
4140,69,30,1,23|-0.000|0.000|1
4141,69.0166666666667,30,0,24|9.000|89.500|1
4142,69.0333333333333,30,0,24|9.000|89.000|1
4143,69.05,30,0,24|9.000|88.500|1
4144,69.0666666666667,30,0,24|9.000|88.000|1
4145,69.0833333333333,30,0,24|9.000|87.500|1
4146,69.1,30,0,24|8.800|87.000|1
4147,69.1166666666667,30,0,24|8.800|86.500|1
4148,69.1333333333333,30,0,24|8.600|86.000|1
4149,69.15,30,0,24|8.600|85.500|1
4150,69.1666666666667,30,0,24|8.600|85.000|1
4151,69.1833333333333,30,0,24|8.600|84.500|1
4152,69.2,30,0,24|8.600|84.000|1
4153,69.2166666666667,30,0,24|8.600|83.500|1
4154,69.2333333333333,30,0,24|8.600|83.000|1
4155,69.25,30,0,24|8.600|82.500|1
4156,69.2666666666667,30,0,24|8.600|82.000|1
4157,69.2833333333333,30,0,24|8.600|81.500|1
4158,69.3,30,0,24|8.400|81.000|1
4159,69.3166666666667,30,0,24|8.400|80.500|1
4160,69.3333333333333,30,0,24|8.400|80.000|1
4161,69.35,30,0,24|8.200|79.500|1
4162,69.3666666666667,30,0,24|8.200|79.000|1
4163,69.3833333333333,30,0,24|8.200|78.500|1
4164,69.4,30,0,24|8.000|78.000|1
4165,69.4166666666667,30,0,24|8.000|77.500|1
4166,69.4333333333333,30,0,24|8.000|77.000|1
4167,69.45,30,0,24|8.000|76.500|1
4168,69.4666666666667,30,0,24|7.800|76.000|1
4169,69.4833333333333,30,0,24|7.800|75.500|1
4170,69.5,30,0,24|7.800|75.000|1
4171,69.5166666666667,30,0,24|7.800|74.500|1
4172,69.5333333333333,30,0,24|7.800|74.000|1
4173,69.55,30,0,24|7.800|73.500|1
4174,69.5666666666667,30,0,24|7.800|73.000|1
4175,69.5833333333333,30,0,24|7.800|72.500|1
4176,69.6,30,0,24|7.800|72.000|1
4177,69.6166666666667,30,0,24|7.600|71.500|1
4178,69.6333333333333,30,0,24|7.600|71.000|1
4179,69.65,30,0,24|7.600|70.500|1
4180,69.6666666666667,30,0,24|7.600|70.000|1
4181,69.6833333333333,30,0,24|7.600|69.500|1
4182,69.7,30,0,24|7.600|69.000|1
4183,69.7166666666667,30,0,24|7.400|68.500|1
4184,69.7333333333333,30,0,24|7.200|68.000|1
4185,69.75,30,0,24|7.200|67.500|1
4186,69.7666666666667,30,0,24|7.000|67.000|1
4187,69.7833333333333,30,0,24|7.000|66.500|1
4188,69.8,30,0,24|7.000|66.000|1
4189,69.8166666666667,30,0,24|7.000|65.500|1
4190,69.8333333333333,30,0,24|7.000|65.000|1
4191,69.85,30,0,24|7.000|64.500|1
4192,69.8666666666667,30,0,24|6.800|64.000|1
4193,69.8833333333333,30,0,24|6.600|63.500|1
4194,69.9,30,0,24|6.400|63.000|1
4195,69.9166666666667,30,0,24|6.400|62.500|1
4196,69.9333333333333,30,0,24|6.200|62.000|1
4197,69.95,30,0,24|6.200|61.500|1
4198,69.9666666666667,30,0,24|6.200|61.000|1
4199,69.9833333333333,30,0,24|6.200|60.500|1
4200,70,30,0,24|6.000|60.000|1
4201,70.0166666666667,30,0,24|6.000|59.500|1
4202,70.0333333333333,30,0,24|6.000|59.000|1
4203,70.05,30,0,24|6.000|58.500|1
4204,70.0666666666667,30,0,24|6.000|58.000|1
4205,70.0833333333333,30,0,24|5.800|57.500|1
4206,70.1,30,0,24|5.800|57.000|1
4207,70.1166666666667,30,0,24|5.800|56.500|1
4208,70.1333333333333,30,0,24|5.800|56.000|1
4209,70.15,30,0,24|5.600|55.500|1
4210,70.1666666666667,30,0,24|5.600|55.000|1
4211,70.1833333333333,30,0,24|5.600|54.500|1
4212,70.2,30,0,24|5.600|54.000|1
4213,70.2166666666667,30,0,24|5.600|53.500|1
4214,70.2333333333333,30,0,24|5.600|53.000|1
4215,70.25,30,0,24|5.600|52.500|1
4216,70.2666666666667,30,0,24|5.600|52.000|1
4217,70.2833333333333,30,0,24|5.600|51.500|1
4218,70.3,30,0,24|5.400|51.000|1
4219,70.3166666666667,30,0,24|5.400|50.500|1
4220,70.3333333333333,30,0,24|5.400|50.000|1
4221,70.35,30,0,24|5.400|49.500|1
4222,70.3666666666667,30,0,24|5.400|49.000|1
4223,70.3833333333333,30,0,24|5.400|48.500|1
4224,70.4,30,0,24|5.400|48.000|1
4225,70.4166666666667,30,0,24|5.400|47.500|1
4226,70.4333333333333,30,0,24|5.400|47.000|1
4227,70.45,30,0,24|5.400|46.500|1
4228,70.4666666666667,30,0,24|5.400|46.000|1
4229,70.4833333333333,30,0,24|5.400|45.500|1
4230,70.5,30,0,24|5.400|45.000|1
4231,70.5166666666667,30,0,24|5.400|44.500|1
4232,70.5333333333333,30,0,24|5.400|44.000|1
4233,70.55,30,0,24|5.400|43.500|1
4234,70.5666666666667,30,0,24|5.200|43.000|1
4235,70.5833333333333,30,0,24|5.200|42.500|1
4236,70.6,30,0,24|5.000|42.000|1
4237,70.6166666666667,30,0,24|5.000|41.500|1
4238,70.6333333333333,30,0,24|5.000|41.000|1
4239,70.65,30,0,24|5.000|40.500|1
4240,70.6666666666667,30,0,24|5.000|40.000|1
4241,70.6833333333333,30,0,24|4.800|39.500|1
4242,70.7,30,0,24|4.800|39.000|1
4243,70.7166666666667,30,0,24|4.800|38.500|1
4244,70.7333333333333,30,0,24|4.600|38.000|1
4245,70.75,30,0,24|4.600|37.500|1
4246,70.7666666666667,30,0,24|4.600|37.000|1
4247,70.7833333333333,30,0,24|4.600|36.500|1
4248,70.8,30,0,24|4.600|36.000|1
4249,70.8166666666667,30,0,24|4.400|35.500|1
4250,70.8333333333333,30,0,24|4.400|35.000|1
4251,70.85,30,0,24|4.400|34.500|1
4252,70.8666666666667,30,0,24|4.400|34.000|1
4253,70.8833333333333,30,0,24|4.200|33.500|1
4254,70.9,30,0,24|4.200|33.000|1
4255,70.9166666666667,30,0,24|4.000|32.500|1
4256,70.9333333333333,30,0,24|3.800|32.000|1
4257,70.95,30,0,24|3.600|31.500|1
4258,70.9666666666667,30,0,24|3.400|31.000|1
4259,70.9833333333333,30,0,24|3.400|30.500|1
4260,71,30,0,24|3.200|30.000|1
4261,71.0166666666667,30,0,24|3.200|29.500|1
4262,71.0333333333333,30,0,24|3.200|29.000|1
4263,71.05,30,0,24|3.000|28.500|1
4264,71.0666666666667,30,0,24|3.000|28.000|1
4265,71.0833333333333,30,0,24|3.000|27.500|1
4266,71.1,30,0,24|3.000|27.000|1
4267,71.1166666666667,30,0,24|3.000|26.500|1
4268,71.1333333333333,30,0,24|3.000|26.000|1
4269,71.15,30,0,24|3.000|25.500|1
4270,71.1666666666667,30,0,24|2.800|25.000|1
4271,71.1833333333333,30,0,24|2.800|24.500|1
4272,71.2,30,0,24|2.800|24.000|1
4273,71.2166666666667,30,0,24|2.600|23.500|1
4274,71.2333333333333,30,0,24|2.600|23.000|1
4275,71.25,30,0,24|2.600|22.500|1
4276,71.2666666666667,30,0,24|2.600|22.000|1
4277,71.2833333333333,30,0,24|2.400|21.500|1
4278,71.3,30,0,24|2.400|21.000|1
4279,71.3166666666667,30,0,24|2.200|20.500|1
4280,71.3333333333333,30,0,24|2.200|20.000|1
4281,71.35,30,0,24|2.200|19.500|1
4282,71.3666666666667,30,0,24|2.200|19.000|1
4283,71.3833333333333,30,0,24|2.200|18.500|1
4284,71.4,30,0,24|2.200|18.000|1
4285,71.4166666666667,30,0,24|2.200|17.500|1
4286,71.4333333333333,30,0,24|2.200|17.000|1
4287,71.45,30,0,24|2.000|16.500|1
4288,71.4666666666667,30,0,24|2.000|16.000|1
4289,71.4833333333333,30,0,24|1.800|15.500|1
4290,71.5,30,0,24|1.800|15.000|1
4291,71.5166666666667,30,0,24|1.800|14.500|1
4292,71.5333333333333,30,0,24|1.600|14.000|1
4293,71.55,30,0,24|1.600|13.500|1
4294,71.5666666666667,30,0,24|1.400|13.000|1
4295,71.5833333333333,30,0,24|1.200|12.500|1
4296,71.6,30,0,24|1.200|12.000|1
4297,71.6166666666667,30,0,24|1.000|11.500|1
4298,71.6333333333333,30,0,24|0.800|11.000|1
4299,71.65,30,0,24|0.600|10.500|1
4300,71.6666666666667,30,0,24|0.600|10.000|1
4301,71.6833333333333,30,0,24|0.600|9.500|1
4302,71.7,30,0,24|0.400|9.000|1
4303,71.7166666666667,30,0,24|0.400|8.500|1
4304,71.7333333333333,30,0,24|0.400|8.000|1
4305,71.75,30,0,24|0.400|7.500|1
4306,71.7666666666667,30,0,24|0.400|7.000|1
4307,71.7833333333333,30,0,24|0.400|6.500|1
4308,71.8,30,0,24|0.400|6.000|1
4309,71.8166666666667,30,0,24|0.400|5.500|1
4310,71.8333333333333,30,0,24|0.400|5.000|1
4311,71.85,30,0,24|0.200|4.500|1
4312,71.8666666666667,30,0,24|0.200|4.000|1
4313,71.8833333333333,30,0,24|0.200|3.500|1
4314,71.9,30,0,24|0.200|3.000|1
4315,71.9166666666667,30,0,24|0.200|2.500|1
4316,71.9333333333333,30,0,24|0.200|2.000|1
4317,71.95,30,0,24|0.200|1.500|1
4318,71.9666666666667,30,0,24|0.000|1.000|1
4319,71.9833333333333,30,0,24|0.000|0.500|1
4320,72,30,1,24|0.000|0.000|1
4321,72.0166666666667,30,0,25|15.000|89.500|1
4322,72.0333333333333,30,0,25|14.167|89.000|1
4323,72.05,30,0,25|14.167|88.500|1
4324,72.0666666666667,30,0,25|14.167|88.000|1
4325,72.0833333333333,30,0,25|14.167|87.500|1
4326,72.1,30,0,25|14.167|87.000|1
4327,72.1166666666667,30,0,25|14.167|86.500|1
4328,72.1333333333333,30,0,25|14.167|86.000|1
4329,72.15,30,0,25|14.167|85.500|1
4330,72.1666666666667,30,0,25|14.167|85.000|1
4331,72.1833333333333,30,0,25|14.167|84.500|1
4332,72.2,30,0,25|14.167|84.000|1
4333,72.2166666666667,30,0,25|14.167|83.500|1
4334,72.2333333333333,30,0,25|14.167|83.000|1
4335,72.25,30,0,25|14.167|82.500|1
4336,72.2666666666667,30,0,25|14.167|82.000|1
4337,72.2833333333333,30,0,25|14.167|81.500|1
4338,72.3,30,0,25|14.167|81.000|1
4339,72.3166666666667,30,0,25|14.167|80.500|1
4340,72.3333333333333,30,0,25|14.167|80.000|1
4341,72.35,30,0,25|14.167|79.500|1
4342,72.3666666666667,30,0,25|14.167|79.000|1
4343,72.3833333333333,30,0,25|14.167|78.500|1
4344,72.4,30,0,25|14.167|78.000|1
4345,72.4166666666667,30,0,25|14.167|77.500|1
4346,72.4333333333333,30,0,25|14.167|77.000|1
4347,72.45,30,0,25|14.167|76.500|1
4348,72.4666666666667,30,0,25|14.167|76.000|1
4349,72.4833333333333,30,0,25|14.167|75.500|1
4350,72.5,30,0,25|14.167|75.000|1
4351,72.5166666666667,30,0,25|14.167|74.500|1
4352,72.5333333333333,30,0,25|14.167|74.000|1
4353,72.55,30,0,25|14.167|73.500|1
4354,72.5666666666667,30,0,25|14.167|73.000|1
4355,72.5833333333333,30,0,25|14.167|72.500|1
4356,72.6,30,0,25|14.167|72.000|1
4357,72.6166666666667,30,0,25|14.167|71.500|1
4358,72.6333333333333,30,0,25|13.333|71.000|1
4359,72.65,30,0,25|13.333|70.500|1
4360,72.6666666666667,30,0,25|13.333|70.000|1
4361,72.6833333333333,30,0,25|13.333|69.500|1
4362,72.7,30,0,25|13.333|69.000|1
4363,72.7166666666667,30,0,25|13.333|68.500|1
4364,72.7333333333333,30,0,25|13.333|68.000|1
4365,72.75,30,0,25|13.333|67.500|1
4366,72.7666666666667,30,0,25|13.333|67.000|1
4367,72.7833333333333,30,0,25|13.333|66.500|1
4368,72.8,30,0,25|12.500|66.000|1
4369,72.8166666666667,30,0,25|12.500|65.500|1
4370,72.8333333333333,30,0,25|12.500|65.000|1
4371,72.85,30,0,25|12.500|64.500|1
4372,72.8666666666667,30,0,25|12.500|64.000|1
4373,72.8833333333333,30,0,25|12.500|63.500|1
4374,72.9,30,0,25|12.500|63.000|1
4375,72.9166666666667,30,0,25|12.500|62.500|1
4376,72.9333333333333,30,0,25|12.500|62.000|1
4377,72.95,30,0,25|12.500|61.500|1
4378,72.9666666666667,30,0,25|12.500|61.000|1
4379,72.9833333333333,30,0,25|11.667|60.500|1
4380,73,30,0,25|11.667|60.000|1
4381,73.0166666666667,30,0,25|11.667|59.500|1
4382,73.0333333333333,30,0,25|11.667|59.000|1
4383,73.05,30,0,25|11.667|58.500|1
4384,73.0666666666667,30,0,25|11.667|58.000|1
4385,73.0833333333333,30,0,25|11.667|57.500|1
4386,73.1,30,0,25|11.667|57.000|1
4387,73.1166666666667,30,0,25|11.667|56.500|1
4388,73.1333333333333,30,0,25|11.667|56.000|1
4389,73.15,30,0,25|11.667|55.500|1
4390,73.1666666666667,30,0,25|11.667|55.000|1
4391,73.1833333333333,30,0,25|11.667|54.500|1
4392,73.2,30,0,25|11.667|54.000|1
4393,73.2166666666667,30,0,25|11.667|53.500|1
4394,73.2333333333333,30,0,25|10.833|53.000|1
4395,73.25,30,0,25|10.833|52.500|1
4396,73.2666666666667,30,0,25|10.000|52.000|1
4397,73.2833333333333,30,0,25|10.000|51.500|1
4398,73.3,30,0,25|10.000|51.000|1
4399,73.3166666666667,30,0,25|9.167|50.500|1
4400,73.3333333333333,30,0,25|9.167|50.000|1
4401,73.35,30,0,25|9.167|49.500|1
4402,73.3666666666667,30,0,25|9.167|49.000|1
4403,73.3833333333333,30,0,25|9.167|48.500|1
4404,73.4,30,0,25|9.167|48.000|1
4405,73.4166666666667,30,0,25|9.167|47.500|1
4406,73.4333333333333,30,0,25|9.167|47.000|1
4407,73.45,30,0,25|9.167|46.500|1
4408,73.4666666666667,30,0,25|9.167|46.000|1
4409,73.4833333333333,30,0,25|9.167|45.500|1
4410,73.5,30,0,25|8.333|45.000|1
4411,73.5166666666667,30,0,25|8.333|44.500|1
4412,73.5333333333333,30,0,25|8.333|44.000|1
4413,73.55,30,0,25|8.333|43.500|1
4414,73.5666666666667,30,0,25|8.333|43.000|1
4415,73.5833333333333,30,0,25|8.333|42.500|1
4416,73.6,30,0,25|7.500|42.000|1
4417,73.6166666666667,30,0,25|7.500|41.500|1
4418,73.6333333333333,30,0,25|7.500|41.000|1
4419,73.65,30,0,25|7.500|40.500|1
4420,73.6666666666667,30,0,25|7.500|40.000|1
4421,73.6833333333333,30,0,25|7.500|39.500|1
4422,73.7,30,0,25|7.500|39.000|1
4423,73.7166666666667,30,0,25|6.667|38.500|1
4424,73.7333333333333,30,0,25|6.667|38.000|1
4425,73.75,30,0,25|6.667|37.500|1
4426,73.7666666666667,30,0,25|6.667|37.000|1
4427,73.7833333333333,30,0,25|6.667|36.500|1
4428,73.8,30,0,25|5.833|36.000|1
4429,73.8166666666667,30,0,25|5.833|35.500|1
4430,73.8333333333333,30,0,25|5.833|35.000|1
4431,73.85,30,0,25|5.833|34.500|1
4432,73.8666666666667,30,0,25|5.833|34.000|1
4433,73.8833333333333,30,0,25|5.833|33.500|1
4434,73.9,30,0,25|5.833|33.000|1
4435,73.9166666666667,30,0,25|5.833|32.500|1
4436,73.9333333333333,30,0,25|5.833|32.000|1
4437,73.95,30,0,25|5.833|31.500|1
4438,73.9666666666667,30,0,25|5.833|31.000|1
4439,73.9833333333333,30,0,25|5.833|30.500|1
4440,74,30,0,25|5.833|30.000|1
4441,74.0166666666667,30,0,25|5.000|29.500|1
4442,74.0333333333333,30,0,25|5.000|29.000|1
4443,74.05,30,0,25|5.000|28.500|1
4444,74.0666666666667,30,0,25|5.000|28.000|1
4445,74.0833333333333,30,0,25|5.000|27.500|1
4446,74.1,30,0,25|5.000|27.000|1
4447,74.1166666666667,30,0,25|5.000|26.500|1
4448,74.1333333333333,30,0,25|5.000|26.000|1
4449,74.15,30,0,25|4.167|25.500|1
4450,74.1666666666667,30,0,25|4.167|25.000|1
4451,74.1833333333333,30,0,25|4.167|24.500|1
4452,74.2,30,0,25|4.167|24.000|1
4453,74.2166666666667,30,0,25|4.167|23.500|1
4454,74.2333333333333,30,0,25|4.167|23.000|1
4455,74.25,30,0,25|4.167|22.500|1
4456,74.2666666666667,30,0,25|4.167|22.000|1
4457,74.2833333333333,30,0,25|4.167|21.500|1
4458,74.3,30,0,25|4.167|21.000|1
4459,74.3166666666667,30,0,25|4.167|20.500|1
4460,74.3333333333333,30,0,25|3.333|20.000|1
4461,74.35,30,0,25|2.500|19.500|1
4462,74.3666666666667,30,0,25|1.667|19.000|1
4463,74.3833333333333,30,0,25|1.667|18.500|1
4464,74.4,30,0,25|1.667|18.000|1
4465,74.4166666666667,30,0,25|1.667|17.500|1
4466,74.4333333333333,30,0,25|1.667|17.000|1
4467,74.45,30,0,25|1.667|16.500|1
4468,74.4666666666667,30,0,25|1.667|16.000|1
4469,74.4833333333333,30,0,25|1.667|15.500|1
4470,74.5,30,0,25|1.667|15.000|1
4471,74.5166666666667,30,0,25|1.667|14.500|1
4472,74.5333333333333,30,0,25|1.667|14.000|1
4473,74.55,30,0,25|1.667|13.500|1
4474,74.5666666666667,30,0,25|1.667|13.000|1
4475,74.5833333333333,30,0,25|1.667|12.500|1
4476,74.6,30,0,25|1.667|12.000|1
4477,74.6166666666667,30,0,25|1.667|11.500|1
4478,74.6333333333333,30,0,25|1.667|11.000|1
4479,74.65,30,0,25|1.667|10.500|1
4480,74.6666666666667,30,0,25|1.667|10.000|1
4481,74.6833333333333,30,0,25|1.667|9.500|1
4482,74.7,30,0,25|1.667|9.000|1
4483,74.7166666666667,30,0,25|1.667|8.500|1
4484,74.7333333333333,30,0,25|1.667|8.000|1
4485,74.75,30,0,25|1.667|7.500|1
4486,74.7666666666667,30,0,25|1.667|7.000|1
4487,74.7833333333333,30,0,25|1.667|6.500|1
4488,74.8,30,0,25|1.667|6.000|1
4489,74.8166666666667,30,0,25|1.667|5.500|1
4490,74.8333333333333,30,0,25|1.667|5.000|1
4491,74.85,30,0,25|1.667|4.500|1
4492,74.8666666666667,30,0,25|1.667|4.000|1
4493,74.8833333333333,30,0,25|1.667|3.500|1
4494,74.9,30,0,25|0.833|3.000|1
4495,74.9166666666667,30,0,25|0.833|2.500|1
4496,74.9333333333333,30,0,25|-0.000|2.000|1
4497,74.95,30,0,25|-0.000|1.500|1
4498,74.9666666666667,30,0,25|-0.000|1.000|1
4499,74.9833333333333,30,0,25|-0.000|0.500|1
4500,75,30,1,25|-0.000|0.000|1
4501,75.0166666666667,30,0,26|-5.967|89.500|1
4502,75.0333333333333,30,0,26|-5.933|89.000|1
4503,75.05,30,0,26|-5.900|88.500|1
4504,75.0666666666667,30,0,26|-5.867|88.000|1
4505,75.0833333333333,30,0,26|-5.833|87.500|1
4506,75.1,30,0,26|-5.800|87.000|1
4507,75.1166666666667,30,0,26|-5.767|86.500|1
4508,75.1333333333333,30,0,26|-5.733|86.000|1
4509,75.15,30,0,26|-5.700|85.500|1
4510,75.1666666666667,30,0,26|-5.667|85.000|1
4511,75.1833333333333,30,0,26|-5.633|84.500|1
4512,75.2,30,0,26|-5.600|84.000|1
4513,75.2166666666667,30,0,26|-5.567|83.500|1
4514,75.2333333333333,30,0,26|-5.533|83.000|1
4515,75.25,30,0,26|-5.500|82.500|1
4516,75.2666666666667,30,0,26|-5.467|82.000|1
4517,75.2833333333333,30,0,26|-5.433|81.500|1
4518,75.3,30,0,26|-5.400|81.000|1
4519,75.3166666666667,30,0,26|-5.367|80.500|1
4520,75.3333333333333,30,0,26|-5.333|80.000|1
4521,75.35,30,0,26|-5.300|79.500|1
4522,75.3666666666667,30,0,26|-5.267|79.000|1
4523,75.3833333333333,30,0,26|-5.233|78.500|1
4524,75.4,30,0,26|-5.200|78.000|1
4525,75.4166666666667,30,0,26|-5.167|77.500|1
4526,75.4333333333333,30,0,26|-5.133|77.000|1
4527,75.45,30,0,26|-5.100|76.500|1
4528,75.4666666666667,30,0,26|-5.067|76.000|1
4529,75.4833333333333,30,0,26|-5.033|75.500|1
4530,75.5,30,0,26|-5.000|75.000|1
4531,75.5166666666667,30,0,26|-4.967|74.500|1
4532,75.5333333333333,30,0,26|-4.933|74.000|1
4533,75.55,30,0,26|-4.900|73.500|1
4534,75.5666666666667,30,0,26|-4.867|73.000|1
4535,75.5833333333333,30,0,26|-4.833|72.500|1
4536,75.6,30,0,26|-4.800|72.000|1
4537,75.6166666666667,30,0,26|-4.767|71.500|1
4538,75.6333333333333,30,0,26|-4.733|71.000|1
4539,75.65,30,0,26|-4.700|70.500|1
4540,75.6666666666667,30,0,26|-4.667|70.000|1
4541,75.6833333333333,30,0,26|-4.633|69.500|1
4542,75.7,30,0,26|-4.600|69.000|1
4543,75.7166666666667,30,0,26|-4.567|68.500|1
4544,75.7333333333333,30,0,26|-4.533|68.000|1
4545,75.75,30,0,26|-4.500|67.500|1
4546,75.7666666666667,30,0,26|-4.467|67.000|1
4547,75.7833333333333,30,0,26|-4.433|66.500|1
4548,75.8,30,0,26|-4.400|66.000|1
4549,75.8166666666667,30,0,26|-4.367|65.500|1
4550,75.8333333333333,30,0,26|-4.333|65.000|1
4551,75.85,30,0,26|-4.300|64.500|1
4552,75.8666666666667,30,0,26|-4.267|64.000|1
4553,75.8833333333333,30,0,26|-4.233|63.500|1
4554,75.9,30,0,26|-4.200|63.000|1
4555,75.9166666666667,30,0,26|-4.167|62.500|1
4556,75.9333333333333,30,0,26|-4.133|62.000|1
4557,75.95,30,0,26|-4.100|61.500|1
4558,75.9666666666667,30,0,26|-4.067|61.000|1
4559,75.9833333333333,30,0,26|-4.033|60.500|1
4560,76,30,0,26|-4.000|60.000|1
4561,76.0166666666667,30,0,26|-3.967|59.500|1
4562,76.0333333333333,30,0,26|-3.933|59.000|1
4563,76.05,30,0,26|-3.900|58.500|1
4564,76.0666666666667,30,0,26|-3.867|58.000|1
4565,76.0833333333333,30,0,26|-3.833|57.500|1
4566,76.1,30,0,26|-3.800|57.000|1
4567,76.1166666666667,30,0,26|-3.767|56.500|1
4568,76.1333333333333,30,0,26|-3.733|56.000|1
4569,76.15,30,0,26|-3.700|55.500|1
4570,76.1666666666667,30,0,26|-3.667|55.000|1
4571,76.1833333333333,30,0,26|-3.633|54.500|1
4572,76.2,30,0,26|-3.600|54.000|1
4573,76.2166666666667,30,0,26|-3.567|53.500|1
4574,76.2333333333333,30,0,26|-3.533|53.000|1
4575,76.25,30,0,26|-3.500|52.500|1
4576,76.2666666666667,30,0,26|-3.467|52.000|1
4577,76.2833333333333,30,0,26|-3.433|51.500|1
4578,76.3,30,0,26|-3.400|51.000|1
4579,76.3166666666667,30,0,26|-3.367|50.500|1
4580,76.3333333333333,30,0,26|-3.333|50.000|1
4581,76.35,30,0,26|-3.300|49.500|1
4582,76.3666666666667,30,0,26|-3.267|49.000|1
4583,76.3833333333333,30,0,26|-3.233|48.500|1
4584,76.4,30,0,26|-3.200|48.000|1
4585,76.4166666666667,30,0,26|-3.167|47.500|1
4586,76.4333333333333,30,0,26|-3.133|47.000|1
4587,76.45,30,0,26|-3.100|46.500|1
4588,76.4666666666667,30,0,26|-3.067|46.000|1
4589,76.4833333333333,30,0,26|-3.033|45.500|1
4590,76.5,30,0,26|-3.000|45.000|1
4591,76.5166666666667,30,0,26|-2.967|44.500|1
4592,76.5333333333333,30,0,26|-2.933|44.000|1
4593,76.55,30,0,26|-2.900|43.500|1
4594,76.5666666666667,30,0,26|-2.867|43.000|1
4595,76.5833333333333,30,0,26|-2.833|42.500|1
4596,76.6,30,0,26|-2.800|42.000|1
4597,76.6166666666667,30,0,26|-2.767|41.500|1
4598,76.6333333333333,30,0,26|-2.733|41.000|1
4599,76.65,30,0,26|-2.700|40.500|1
4600,76.6666666666667,30,0,26|-2.667|40.000|1
4601,76.6833333333333,30,0,26|-2.633|39.500|1
4602,76.7,30,0,26|-2.600|39.000|1
4603,76.7166666666667,30,0,26|-2.567|38.500|1
4604,76.7333333333333,30,0,26|-2.533|38.000|1
4605,76.75,30,0,26|-2.500|37.500|1
4606,76.7666666666667,30,0,26|-2.467|37.000|1
4607,76.7833333333333,30,0,26|-2.433|36.500|1
4608,76.8,30,0,26|-2.400|36.000|1
4609,76.8166666666667,30,0,26|-2.367|35.500|1
4610,76.8333333333333,30,0,26|-2.333|35.000|1
4611,76.85,30,0,26|-2.300|34.500|1
4612,76.8666666666667,30,0,26|-2.267|34.000|1
4613,76.8833333333333,30,0,26|-2.233|33.500|1
4614,76.9,30,0,26|-2.200|33.000|1
4615,76.9166666666667,30,0,26|-2.167|32.500|1
4616,76.9333333333333,30,0,26|-2.133|32.000|1
4617,76.95,30,0,26|-2.100|31.500|1
4618,76.9666666666667,30,0,26|-2.067|31.000|1
4619,76.9833333333333,30,0,26|-2.033|30.500|1
4620,77,30,0,26|-2.000|30.000|1
4621,77.0166666666667,30,0,26|-1.967|29.500|1
4622,77.0333333333333,30,0,26|-1.933|29.000|1
4623,77.05,30,0,26|-1.900|28.500|1
4624,77.0666666666667,30,0,26|-1.867|28.000|1
4625,77.0833333333333,30,0,26|-1.833|27.500|1
4626,77.1,30,0,26|-1.800|27.000|1
4627,77.1166666666667,30,0,26|-1.767|26.500|1
4628,77.1333333333333,30,0,26|-1.733|26.000|1
4629,77.15,30,0,26|-1.700|25.500|1
4630,77.1666666666667,30,0,26|-1.667|25.000|1
4631,77.1833333333333,30,0,26|-1.633|24.500|1
4632,77.2,30,0,26|-1.600|24.000|1
4633,77.2166666666667,30,0,26|-1.567|23.500|1
4634,77.2333333333333,30,0,26|-1.533|23.000|1
4635,77.25,30,0,26|-1.500|22.500|1
4636,77.2666666666667,30,0,26|-1.467|22.000|1
4637,77.2833333333333,30,0,26|-1.433|21.500|1
4638,77.3,30,0,26|-1.400|21.000|1
4639,77.3166666666667,30,0,26|-1.367|20.500|1
4640,77.3333333333333,30,0,26|-1.333|20.000|1
4641,77.35,30,0,26|-1.300|19.500|1
4642,77.3666666666667,30,0,26|-1.267|19.000|1
4643,77.3833333333333,30,0,26|-1.233|18.500|1
4644,77.4,30,0,26|-1.200|18.000|1
4645,77.4166666666667,30,0,26|-1.167|17.500|1
4646,77.4333333333333,30,0,26|-1.133|17.000|1
4647,77.45,30,0,26|-1.100|16.500|1
4648,77.4666666666667,30,0,26|-1.067|16.000|1
4649,77.4833333333333,30,0,26|-1.033|15.500|1
4650,77.5,30,0,26|-1.000|15.000|1
4651,77.5166666666667,30,0,26|-0.967|14.500|1
4652,77.5333333333333,30,0,26|-0.933|14.000|1
4653,77.55,30,0,26|-0.900|13.500|1
4654,77.5666666666667,30,0,26|-0.867|13.000|1
4655,77.5833333333333,30,0,26|-0.833|12.500|1
4656,77.6,30,0,26|-0.800|12.000|1
4657,77.6166666666667,30,0,26|-0.767|11.500|1
4658,77.6333333333333,30,0,26|-0.733|11.000|1
4659,77.65,30,0,26|-0.700|10.500|1
4660,77.6666666666667,30,0,26|-0.667|10.000|1
4661,77.6833333333333,30,0,26|-0.633|9.500|1
4662,77.7,30,0,26|-0.600|9.000|1
4663,77.7166666666667,30,0,26|-0.567|8.500|1
4664,77.7333333333333,30,0,26|-0.533|8.000|1
4665,77.75,30,0,26|-0.500|7.500|1
4666,77.7666666666667,30,0,26|-0.467|7.000|1
4667,77.7833333333333,30,0,26|-0.433|6.500|1
4668,77.8,30,0,26|-0.400|6.000|1
4669,77.8166666666667,30,0,26|-0.367|5.500|1
4670,77.8333333333333,30,0,26|-0.333|5.000|1
4671,77.85,30,0,26|-0.300|4.500|1
4672,77.8666666666667,30,0,26|-0.267|4.000|1
4673,77.8833333333333,30,0,26|-0.233|3.500|1
4674,77.9,30,0,26|-0.200|3.000|1
4675,77.9166666666667,30,0,26|-0.167|2.500|1
4676,77.9333333333333,30,0,26|-0.133|2.000|1
4677,77.95,30,0,26|-0.100|1.500|1
4678,77.9666666666667,30,0,26|-0.067|1.000|1
4679,77.9833333333333,30,0,26|-0.033|0.500|1
4680,78,30,1,26|-0.000|0.000|1
4681,78.0166666666667,30,0,27|12.000|89.500|1
4682,78.0333333333333,30,0,27|12.000|89.000|1
4683,78.05,30,0,27|12.000|88.500|1
4684,78.0666666666667,30,0,27|12.000|88.000|1
4685,78.0833333333333,30,0,27|12.000|87.500|1
4686,78.1,30,0,27|12.000|87.000|1
4687,78.1166666666667,30,0,27|12.000|86.500|1
4688,78.1333333333333,30,0,27|11.333|86.000|1
4689,78.15,30,0,27|11.333|85.500|1
4690,78.1666666666667,30,0,27|11.333|85.000|1
4691,78.1833333333333,30,0,27|11.333|84.500|1
4692,78.2,30,0,27|11.333|84.000|1
4693,78.2166666666667,30,0,27|10.667|83.500|1
4694,78.2333333333333,30,0,27|10.667|83.000|1
4695,78.25,30,0,27|10.667|82.500|1
4696,78.2666666666667,30,0,27|10.667|82.000|1
4697,78.2833333333333,30,0,27|10.667|81.500|1
4698,78.3,30,0,27|10.000|81.000|1
4699,78.3166666666667,30,0,27|10.000|80.500|1
4700,78.3333333333333,30,0,27|10.000|80.000|1
4701,78.35,30,0,27|10.000|79.500|1
4702,78.3666666666667,30,0,27|10.000|79.000|1
4703,78.3833333333333,30,0,27|10.000|78.500|1
4704,78.4,30,0,27|10.000|78.000|1
4705,78.4166666666667,30,0,27|10.000|77.500|1
4706,78.4333333333333,30,0,27|10.000|77.000|1
4707,78.45,30,0,27|10.000|76.500|1
4708,78.4666666666667,30,0,27|10.000|76.000|1
4709,78.4833333333333,30,0,27|10.000|75.500|1
4710,78.5,30,0,27|10.000|75.000|1
4711,78.5166666666667,30,0,27|10.000|74.500|1
4712,78.5333333333333,30,0,27|10.000|74.000|1
4713,78.55,30,0,27|10.000|73.500|1
4714,78.5666666666667,30,0,27|10.000|73.000|1
4715,78.5833333333333,30,0,27|10.000|72.500|1
4716,78.6,30,0,27|10.000|72.000|1
4717,78.6166666666667,30,0,27|10.000|71.500|1
4718,78.6333333333333,30,0,27|10.000|71.000|1
4719,78.65,30,0,27|10.000|70.500|1
4720,78.6666666666667,30,0,27|9.333|70.000|1
4721,78.6833333333333,30,0,27|9.333|69.500|1
4722,78.7,30,0,27|9.333|69.000|1
4723,78.7166666666667,30,0,27|9.333|68.500|1
4724,78.7333333333333,30,0,27|9.333|68.000|1
4725,78.75,30,0,27|9.333|67.500|1
4726,78.7666666666667,30,0,27|9.333|67.000|1
4727,78.7833333333333,30,0,27|9.333|66.500|1
4728,78.8,30,0,27|9.333|66.000|1
4729,78.8166666666667,30,0,27|9.333|65.500|1
4730,78.8333333333333,30,0,27|8.667|65.000|1
4731,78.85,30,0,27|8.667|64.500|1
4732,78.8666666666667,30,0,27|8.667|64.000|1
4733,78.8833333333333,30,0,27|8.667|63.500|1
4734,78.9,30,0,27|8.667|63.000|1
4735,78.9166666666667,30,0,27|8.667|62.500|1
4736,78.9333333333333,30,0,27|8.667|62.000|1
4737,78.95,30,0,27|8.667|61.500|1
4738,78.9666666666667,30,0,27|8.000|61.000|1
4739,78.9833333333333,30,0,27|8.000|60.500|1
4740,79,30,0,27|8.000|60.000|1
4741,79.0166666666667,30,0,27|8.000|59.500|1
4742,79.0333333333333,30,0,27|8.000|59.000|1
4743,79.05,30,0,27|7.333|58.500|1
4744,79.0666666666667,30,0,27|7.333|58.000|1
4745,79.0833333333333,30,0,27|7.333|57.500|1
4746,79.1,30,0,27|7.333|57.000|1
4747,79.1166666666667,30,0,27|7.333|56.500|1
4748,79.1333333333333,30,0,27|7.333|56.000|1
4749,79.15,30,0,27|7.333|55.500|1
4750,79.1666666666667,30,0,27|7.333|55.000|1
4751,79.1833333333333,30,0,27|7.333|54.500|1
4752,79.2,30,0,27|7.333|54.000|1
4753,79.2166666666667,30,0,27|7.333|53.500|1
4754,79.2333333333333,30,0,27|7.333|53.000|1
4755,79.25,30,0,27|7.333|52.500|1
4756,79.2666666666667,30,0,27|7.333|52.000|1
4757,79.2833333333333,30,0,27|6.667|51.500|1
4758,79.3,30,0,27|6.667|51.000|1
4759,79.3166666666667,30,0,27|6.667|50.500|1
4760,79.3333333333333,30,0,27|6.667|50.000|1
4761,79.35,30,0,27|6.000|49.500|1
4762,79.3666666666667,30,0,27|6.000|49.000|1
4763,79.3833333333333,30,0,27|5.333|48.500|1
4764,79.4,30,0,27|5.333|48.000|1
4765,79.4166666666667,30,0,27|5.333|47.500|1
4766,79.4333333333333,30,0,27|5.333|47.000|1
4767,79.45,30,0,27|5.333|46.500|1
4768,79.4666666666667,30,0,27|5.333|46.000|1
4769,79.4833333333333,30,0,27|5.333|45.500|1
4770,79.5,30,0,27|5.333|45.000|1
4771,79.5166666666667,30,0,27|5.333|44.500|1
4772,79.5333333333333,30,0,27|5.333|44.000|1
4773,79.55,30,0,27|5.333|43.500|1
4774,79.5666666666667,30,0,27|5.333|43.000|1
4775,79.5833333333333,30,0,27|5.333|42.500|1
4776,79.6,30,0,27|5.333|42.000|1
4777,79.6166666666667,30,0,27|5.333|41.500|1
4778,79.6333333333333,30,0,27|5.333|41.000|1
4779,79.65,30,0,27|5.333|40.500|1
4780,79.6666666666667,30,0,27|5.333|40.000|1
4781,79.6833333333333,30,0,27|4.667|39.500|1
4782,79.7,30,0,27|4.667|39.000|1
4783,79.7166666666667,30,0,27|4.667|38.500|1
4784,79.7333333333333,30,0,27|4.667|38.000|1
4785,79.75,30,0,27|4.667|37.500|1
4786,79.7666666666667,30,0,27|4.667|37.000|1
4787,79.7833333333333,30,0,27|4.667|36.500|1
4788,79.8,30,0,27|4.667|36.000|1
4789,79.8166666666667,30,0,27|4.667|35.500|1
4790,79.8333333333333,30,0,27|4.667|35.000|1
4791,79.85,30,0,27|4.667|34.500|1
4792,79.8666666666667,30,0,27|4.000|34.000|1
4793,79.8833333333333,30,0,27|4.000|33.500|1
4794,79.9,30,0,27|4.000|33.000|1
4795,79.9166666666667,30,0,27|4.000|32.500|1
4796,79.9333333333333,30,0,27|4.000|32.000|1
4797,79.95,30,0,27|4.000|31.500|1
4798,79.9666666666667,30,0,27|4.000|31.000|1
4799,79.9833333333333,30,0,27|4.000|30.500|1
4800,80,30,0,27|4.000|30.000|1
4801,80.0166666666667,30,0,27|4.000|29.500|1
4802,80.0333333333333,30,0,27|4.000|29.000|1
4803,80.05,30,0,27|4.000|28.500|1
4804,80.0666666666667,30,0,27|4.000|28.000|1
4805,80.0833333333333,30,0,27|4.000|27.500|1
4806,80.1,30,0,27|4.000|27.000|1
4807,80.1166666666667,30,0,27|4.000|26.500|1
4808,80.1333333333333,30,0,27|4.000|26.000|1
4809,80.15,30,0,27|4.000|25.500|1
4810,80.1666666666667,30,0,27|4.000|25.000|1
4811,80.1833333333333,30,0,27|4.000|24.500|1
4812,80.2,30,0,27|4.000|24.000|1
4813,80.2166666666667,30,0,27|4.000|23.500|1
4814,80.2333333333333,30,0,27|4.000|23.000|1
4815,80.25,30,0,27|4.000|22.500|1
4816,80.2666666666667,30,0,27|4.000|22.000|1
4817,80.2833333333333,30,0,27|4.000|21.500|1
4818,80.3,30,0,27|4.000|21.000|1
4819,80.3166666666667,30,0,27|3.333|20.500|1
4820,80.3333333333333,30,0,27|3.333|20.000|1
4821,80.35,30,0,27|2.667|19.500|1
4822,80.3666666666667,30,0,27|2.000|19.000|1
4823,80.3833333333333,30,0,27|2.000|18.500|1
4824,80.4,30,0,27|2.000|18.000|1
4825,80.4166666666667,30,0,27|2.000|17.500|1
4826,80.4333333333333,30,0,27|1.333|17.000|1
4827,80.45,30,0,27|1.333|16.500|1
4828,80.4666666666667,30,0,27|1.333|16.000|1
4829,80.4833333333333,30,0,27|1.333|15.500|1
4830,80.5,30,0,27|1.333|15.000|1
4831,80.5166666666667,30,0,27|1.333|14.500|1
4832,80.5333333333333,30,0,27|0.667|14.000|1
4833,80.55,30,0,27|0.667|13.500|1
4834,80.5666666666667,30,0,27|0.667|13.000|1
4835,80.5833333333333,30,0,27|0.667|12.500|1
4836,80.6,30,0,27|0.667|12.000|1
4837,80.6166666666667,30,0,27|0.667|11.500|1
4838,80.6333333333333,30,0,27|0.667|11.000|1
4839,80.65,30,0,27|0.667|10.500|1
4840,80.6666666666667,30,0,27|0.667|10.000|1
4841,80.6833333333333,30,0,27|0.667|9.500|1
4842,80.7,30,0,27|0.667|9.000|1
4843,80.7166666666667,30,0,27|0.667|8.500|1
4844,80.7333333333333,30,0,27|0.667|8.000|1
4845,80.75,30,0,27|0.667|7.500|1
4846,80.7666666666667,30,0,27|0.667|7.000|1
4847,80.7833333333333,30,0,27|0.667|6.500|1
4848,80.8,30,0,27|0.667|6.000|1
4849,80.8166666666667,30,0,27|0.667|5.500|1
4850,80.8333333333333,30,0,27|0.667|5.000|1
4851,80.85,30,0,27|0.667|4.500|1
4852,80.8666666666667,30,0,27|0.667|4.000|1
4853,80.8833333333333,30,0,27|0.667|3.500|1
4854,80.9,30,0,27|0.667|3.000|1
4855,80.9166666666667,30,0,27|0.000|2.500|1
4856,80.9333333333333,30,0,27|0.000|2.000|1
4857,80.95,30,0,27|0.000|1.500|1
4858,80.9666666666667,30,0,27|0.000|1.000|1
4859,80.9833333333333,30,0,27|0.000|0.500|1
4860,81,30,1,27|0.000|0.000|1
4861,81.0166666666667,30,0,28|5.967|89.500|1
4862,81.0333333333333,30,0,28|5.933|89.000|1
4863,81.05,30,0,28|5.900|88.500|1
4864,81.0666666666667,30,0,28|5.867|88.000|1
4865,81.0833333333333,30,0,28|5.833|87.500|1
4866,81.1,30,0,28|5.800|87.000|1
4867,81.1166666666667,30,0,28|5.767|86.500|1
4868,81.1333333333333,30,0,28|5.733|86.000|1
4869,81.15,30,0,28|5.700|85.500|1
4870,81.1666666666667,30,0,28|5.667|85.000|1
4871,81.1833333333333,30,0,28|5.633|84.500|1
4872,81.2,30,0,28|5.600|84.000|1
4873,81.2166666666667,30,0,28|5.567|83.500|1
4874,81.2333333333333,30,0,28|5.533|83.000|1
4875,81.25,30,0,28|5.500|82.500|1
4876,81.2666666666667,30,0,28|5.467|82.000|1
4877,81.2833333333333,30,0,28|5.433|81.500|1
4878,81.3,30,0,28|5.400|81.000|1
4879,81.3166666666667,30,0,28|5.367|80.500|1
4880,81.3333333333333,30,0,28|5.333|80.000|1
4881,81.35,30,0,28|5.300|79.500|1
4882,81.3666666666667,30,0,28|5.267|79.000|1
4883,81.3833333333333,30,0,28|5.233|78.500|1
4884,81.4,30,0,28|5.200|78.000|1
4885,81.4166666666667,30,0,28|5.167|77.500|1
4886,81.4333333333333,30,0,28|5.133|77.000|1
4887,81.45,30,0,28|5.100|76.500|1
4888,81.4666666666667,30,0,28|5.067|76.000|1
4889,81.4833333333333,30,0,28|5.033|75.500|1
4890,81.5,30,0,28|5.000|75.000|1
4891,81.5166666666667,30,0,28|4.967|74.500|1
4892,81.5333333333333,30,0,28|4.933|74.000|1
4893,81.55,30,0,28|4.900|73.500|1
4894,81.5666666666667,30,0,28|4.867|73.000|1
4895,81.5833333333333,30,0,28|4.833|72.500|1
4896,81.6,30,0,28|4.800|72.000|1
4897,81.6166666666667,30,0,28|4.767|71.500|1
4898,81.6333333333333,30,0,28|4.733|71.000|1
4899,81.65,30,0,28|4.700|70.500|1
4900,81.6666666666667,30,0,28|4.667|70.000|1
4901,81.6833333333333,30,0,28|4.633|69.500|1
4902,81.7,30,0,28|4.600|69.000|1
4903,81.7166666666667,30,0,28|4.567|68.500|1
4904,81.7333333333333,30,0,28|4.533|68.000|1
4905,81.75,30,0,28|4.500|67.500|1
4906,81.7666666666667,30,0,28|4.467|67.000|1
4907,81.7833333333333,30,0,28|4.433|66.500|1
4908,81.8,30,0,28|4.400|66.000|1
4909,81.8166666666667,30,0,28|4.367|65.500|1
4910,81.8333333333333,30,0,28|4.333|65.000|1
4911,81.85,30,0,28|4.300|64.500|1
4912,81.8666666666667,30,0,28|4.267|64.000|1
4913,81.8833333333333,30,0,28|4.233|63.500|1
4914,81.9,30,0,28|4.200|63.000|1
4915,81.9166666666667,30,0,28|4.167|62.500|1
4916,81.9333333333333,30,0,28|4.133|62.000|1
4917,81.95,30,0,28|4.100|61.500|1
4918,81.9666666666667,30,0,28|4.067|61.000|1
4919,81.9833333333333,30,0,28|4.033|60.500|1
4920,82,30,0,28|4.000|60.000|1
4921,82.0166666666667,30,0,28|3.967|59.500|1
4922,82.0333333333333,30,0,28|3.933|59.000|1
4923,82.05,30,0,28|3.900|58.500|1
4924,82.0666666666667,30,0,28|3.867|58.000|1
4925,82.0833333333333,30,0,28|3.833|57.500|1
4926,82.1,30,0,28|3.800|57.000|1
4927,82.1166666666667,30,0,28|3.767|56.500|1
4928,82.1333333333333,30,0,28|3.733|56.000|1
4929,82.15,30,0,28|3.700|55.500|1
4930,82.1666666666667,30,0,28|3.667|55.000|1
4931,82.1833333333333,30,0,28|3.633|54.500|1
4932,82.2,30,0,28|3.600|54.000|1
4933,82.2166666666667,30,0,28|3.567|53.500|1
4934,82.2333333333333,30,0,28|3.533|53.000|1
4935,82.25,30,0,28|3.500|52.500|1
4936,82.2666666666667,30,0,28|3.467|52.000|1
4937,82.2833333333333,30,0,28|3.433|51.500|1
4938,82.3,30,0,28|3.400|51.000|1
4939,82.3166666666667,30,0,28|3.367|50.500|1
4940,82.3333333333333,30,0,28|3.333|50.000|1
4941,82.35,30,0,28|3.300|49.500|1
4942,82.3666666666667,30,0,28|3.267|49.000|1
4943,82.3833333333333,30,0,28|3.233|48.500|1
4944,82.4,30,0,28|3.200|48.000|1
4945,82.4166666666667,30,0,28|3.167|47.500|1
4946,82.4333333333333,30,0,28|3.133|47.000|1
4947,82.45,30,0,28|3.100|46.500|1
4948,82.4666666666667,30,0,28|3.067|46.000|1
4949,82.4833333333333,30,0,28|3.033|45.500|1
4950,82.5,30,0,28|3.000|45.000|1
4951,82.5166666666667,30,0,28|2.967|44.500|1
4952,82.5333333333333,30,0,28|2.933|44.000|1
4953,82.55,30,0,28|2.900|43.500|1
4954,82.5666666666667,30,0,28|2.867|43.000|1
4955,82.5833333333333,30,0,28|2.833|42.500|1
4956,82.6,30,0,28|2.800|42.000|1
4957,82.6166666666667,30,0,28|2.767|41.500|1
4958,82.6333333333333,30,0,28|2.733|41.000|1
4959,82.65,30,0,28|2.700|40.500|1
4960,82.6666666666667,30,0,28|2.667|40.000|1
4961,82.6833333333333,30,0,28|2.633|39.500|1
4962,82.7,30,0,28|2.600|39.000|1
4963,82.7166666666667,30,0,28|2.567|38.500|1
4964,82.7333333333333,30,0,28|2.533|38.000|1
4965,82.75,30,0,28|2.500|37.500|1
4966,82.7666666666667,30,0,28|2.467|37.000|1
4967,82.7833333333333,30,0,28|2.433|36.500|1
4968,82.8,30,0,28|2.400|36.000|1
4969,82.8166666666667,30,0,28|2.367|35.500|1
4970,82.8333333333333,30,0,28|2.333|35.000|1
4971,82.85,30,0,28|2.300|34.500|1
4972,82.8666666666667,30,0,28|2.267|34.000|1
4973,82.8833333333333,30,0,28|2.233|33.500|1
4974,82.9,30,0,28|2.200|33.000|1
4975,82.9166666666667,30,0,28|2.167|32.500|1
4976,82.9333333333333,30,0,28|2.133|32.000|1
4977,82.95,30,0,28|2.100|31.500|1
4978,82.9666666666667,30,0,28|2.067|31.000|1
4979,82.9833333333333,30,0,28|2.033|30.500|1
4980,83,30,0,28|2.000|30.000|1
4981,83.0166666666667,30,0,28|1.967|29.500|1
4982,83.0333333333333,30,0,28|1.933|29.000|1
4983,83.05,30,0,28|1.900|28.500|1
4984,83.0666666666667,30,0,28|1.867|28.000|1
4985,83.0833333333333,30,0,28|1.833|27.500|1
4986,83.1,30,0,28|1.800|27.000|1
4987,83.1166666666667,30,0,28|1.767|26.500|1
4988,83.1333333333333,30,0,28|1.733|26.000|1
4989,83.15,30,0,28|1.700|25.500|1
4990,83.1666666666667,30,0,28|1.667|25.000|1
4991,83.1833333333333,30,0,28|1.633|24.500|1
4992,83.2,30,0,28|1.600|24.000|1
4993,83.2166666666667,30,0,28|1.567|23.500|1
4994,83.2333333333333,30,0,28|1.533|23.000|1
4995,83.25,30,0,28|1.500|22.500|1
4996,83.2666666666667,30,0,28|1.467|22.000|1
4997,83.2833333333333,30,0,28|1.433|21.500|1
4998,83.3,30,0,28|1.400|21.000|1
4999,83.3166666666667,30,0,28|1.367|20.500|1
5000,83.3333333333333,30,0,28|1.333|20.000|1
5001,83.35,30,0,28|1.300|19.500|1
5002,83.3666666666667,30,0,28|1.267|19.000|1
5003,83.3833333333333,30,0,28|1.233|18.500|1
5004,83.4,30,0,28|1.200|18.000|1
5005,83.4166666666667,30,0,28|1.167|17.500|1
5006,83.4333333333333,30,0,28|1.133|17.000|1
5007,83.45,30,0,28|1.100|16.500|1
5008,83.4666666666667,30,0,28|1.067|16.000|1
5009,83.4833333333333,30,0,28|1.033|15.500|1
5010,83.5,30,0,28|1.000|15.000|1
5011,83.5166666666667,30,0,28|0.967|14.500|1
5012,83.5333333333333,30,0,28|0.933|14.000|1
5013,83.55,30,0,28|0.900|13.500|1
5014,83.5666666666667,30,0,28|0.867|13.000|1
5015,83.5833333333333,30,0,28|0.833|12.500|1
5016,83.6,30,0,28|0.800|12.000|1
5017,83.6166666666667,30,0,28|0.767|11.500|1
5018,83.6333333333333,30,0,28|0.733|11.000|1
5019,83.65,30,0,28|0.700|10.500|1
5020,83.6666666666667,30,0,28|0.667|10.000|1
5021,83.6833333333333,30,0,28|0.633|9.500|1
5022,83.7,30,0,28|0.600|9.000|1
5023,83.7166666666667,30,0,28|0.567|8.500|1
5024,83.7333333333333,30,0,28|0.533|8.000|1
5025,83.75,30,0,28|0.500|7.500|1
5026,83.7666666666667,30,0,28|0.467|7.000|1
5027,83.7833333333333,30,0,28|0.433|6.500|1
5028,83.8,30,0,28|0.400|6.000|1
5029,83.8166666666667,30,0,28|0.367|5.500|1
5030,83.8333333333333,30,0,28|0.333|5.000|1
5031,83.85,30,0,28|0.300|4.500|1
5032,83.8666666666667,30,0,28|0.267|4.000|1
5033,83.8833333333333,30,0,28|0.233|3.500|1
5034,83.9,30,0,28|0.200|3.000|1
5035,83.9166666666667,30,0,28|0.167|2.500|1
5036,83.9333333333333,30,0,28|0.133|2.000|1
5037,83.95,30,0,28|0.100|1.500|1
5038,83.9666666666667,30,0,28|0.067|1.000|1
5039,83.9833333333333,30,0,28|0.033|0.500|1
5040,84,30,1,28|0.000|0.000|1
5041,84.0166666666667,30,0,29|-6.000|89.500|1
5042,84.0333333333333,30,0,29|-6.000|89.000|1
5043,84.05,30,0,29|-5.867|88.500|1
5044,84.0666666666667,30,0,29|-5.867|88.000|1
5045,84.0833333333333,30,0,29|-5.867|87.500|1
5046,84.1,30,0,29|-5.867|87.000|1
5047,84.1166666666667,30,0,29|-5.867|86.500|1
5048,84.1333333333333,30,0,29|-5.733|86.000|1
5049,84.15,30,0,29|-5.733|85.500|1
5050,84.1666666666667,30,0,29|-5.733|85.000|1
5051,84.1833333333333,30,0,29|-5.733|84.500|1
5052,84.2,30,0,29|-5.733|84.000|1
5053,84.2166666666667,30,0,29|-5.733|83.500|1
5054,84.2333333333333,30,0,29|-5.733|83.000|1
5055,84.25,30,0,29|-5.733|82.500|1
5056,84.2666666666667,30,0,29|-5.733|82.000|1
5057,84.2833333333333,30,0,29|-5.600|81.500|1
5058,84.3,30,0,29|-5.467|81.000|1
5059,84.3166666666667,30,0,29|-5.467|80.500|1
5060,84.3333333333333,30,0,29|-5.333|80.000|1
5061,84.35,30,0,29|-5.333|79.500|1
5062,84.3666666666667,30,0,29|-5.200|79.000|1
5063,84.3833333333333,30,0,29|-5.200|78.500|1
5064,84.4,30,0,29|-5.200|78.000|1
5065,84.4166666666667,30,0,29|-5.200|77.500|1
5066,84.4333333333333,30,0,29|-5.200|77.000|1
5067,84.45,30,0,29|-5.200|76.500|1
5068,84.4666666666667,30,0,29|-5.200|76.000|1
5069,84.4833333333333,30,0,29|-5.200|75.500|1
5070,84.5,30,0,29|-5.067|75.000|1
5071,84.5166666666667,30,0,29|-4.933|74.500|1
5072,84.5333333333333,30,0,29|-4.933|74.000|1
5073,84.55,30,0,29|-4.933|73.500|1
5074,84.5666666666667,30,0,29|-4.800|73.000|1
5075,84.5833333333333,30,0,29|-4.800|72.500|1
5076,84.6,30,0,29|-4.800|72.000|1
5077,84.6166666666667,30,0,29|-4.800|71.500|1
5078,84.6333333333333,30,0,29|-4.800|71.000|1
5079,84.65,30,0,29|-4.800|70.500|1
5080,84.6666666666667,30,0,29|-4.667|70.000|1
5081,84.6833333333333,30,0,29|-4.667|69.500|1
5082,84.7,30,0,29|-4.667|69.000|1
5083,84.7166666666667,30,0,29|-4.667|68.500|1
5084,84.7333333333333,30,0,29|-4.667|68.000|1
5085,84.75,30,0,29|-4.533|67.500|1
5086,84.7666666666667,30,0,29|-4.533|67.000|1
5087,84.7833333333333,30,0,29|-4.400|66.500|1
5088,84.8,30,0,29|-4.400|66.000|1
5089,84.8166666666667,30,0,29|-4.400|65.500|1
5090,84.8333333333333,30,0,29|-4.400|65.000|1
5091,84.85,30,0,29|-4.267|64.500|1
5092,84.8666666666667,30,0,29|-4.267|64.000|1
5093,84.8833333333333,30,0,29|-4.267|63.500|1
5094,84.9,30,0,29|-4.133|63.000|1
5095,84.9166666666667,30,0,29|-4.133|62.500|1
5096,84.9333333333333,30,0,29|-4.000|62.000|1
5097,84.95,30,0,29|-4.000|61.500|1
5098,84.9666666666667,30,0,29|-3.867|61.000|1
5099,84.9833333333333,30,0,29|-3.867|60.500|1
5100,85,30,0,29|-3.867|60.000|1
5101,85.0166666666667,30,0,29|-3.867|59.500|1
5102,85.0333333333333,30,0,29|-3.733|59.000|1
5103,85.05,30,0,29|-3.733|58.500|1
5104,85.0666666666667,30,0,29|-3.733|58.000|1
5105,85.0833333333333,30,0,29|-3.733|57.500|1
5106,85.1,30,0,29|-3.733|57.000|1
5107,85.1166666666667,30,0,29|-3.733|56.500|1
5108,85.1333333333333,30,0,29|-3.733|56.000|1
5109,85.15,30,0,29|-3.600|55.500|1
5110,85.1666666666667,30,0,29|-3.600|55.000|1
5111,85.1833333333333,30,0,29|-3.600|54.500|1
5112,85.2,30,0,29|-3.600|54.000|1
5113,85.2166666666667,30,0,29|-3.467|53.500|1
5114,85.2333333333333,30,0,29|-3.467|53.000|1
5115,85.25,30,0,29|-3.467|52.500|1
5116,85.2666666666667,30,0,29|-3.467|52.000|1
5117,85.2833333333333,30,0,29|-3.467|51.500|1
5118,85.3,30,0,29|-3.467|51.000|1
5119,85.3166666666667,30,0,29|-3.333|50.500|1
5120,85.3333333333333,30,0,29|-3.200|50.000|1
5121,85.35,30,0,29|-3.067|49.500|1
5122,85.3666666666667,30,0,29|-2.933|49.000|1
5123,85.3833333333333,30,0,29|-2.933|48.500|1
5124,85.4,30,0,29|-2.933|48.000|1
5125,85.4166666666667,30,0,29|-2.933|47.500|1
5126,85.4333333333333,30,0,29|-2.933|47.000|1
5127,85.45,30,0,29|-2.933|46.500|1
5128,85.4666666666667,30,0,29|-2.933|46.000|1
5129,85.4833333333333,30,0,29|-2.933|45.500|1
5130,85.5,30,0,29|-2.933|45.000|1
5131,85.5166666666667,30,0,29|-2.933|44.500|1
5132,85.5333333333333,30,0,29|-2.800|44.000|1
5133,85.55,30,0,29|-2.800|43.500|1
5134,85.5666666666667,30,0,29|-2.800|43.000|1
5135,85.5833333333333,30,0,29|-2.800|42.500|1
5136,85.6,30,0,29|-2.800|42.000|1
5137,85.6166666666667,30,0,29|-2.800|41.500|1
5138,85.6333333333333,30,0,29|-2.667|41.000|1
5139,85.65,30,0,29|-2.667|40.500|1
5140,85.6666666666667,30,0,29|-2.533|40.000|1
5141,85.6833333333333,30,0,29|-2.533|39.500|1
5142,85.7,30,0,29|-2.533|39.000|1
5143,85.7166666666667,30,0,29|-2.533|38.500|1
5144,85.7333333333333,30,0,29|-2.533|38.000|1
5145,85.75,30,0,29|-2.400|37.500|1
5146,85.7666666666667,30,0,29|-2.267|37.000|1
5147,85.7833333333333,30,0,29|-2.267|36.500|1
5148,85.8,30,0,29|-2.267|36.000|1
5149,85.8166666666667,30,0,29|-2.267|35.500|1
5150,85.8333333333333,30,0,29|-2.267|35.000|1
5151,85.85,30,0,29|-2.267|34.500|1
5152,85.8666666666667,30,0,29|-2.267|34.000|1
5153,85.8833333333333,30,0,29|-2.267|33.500|1
5154,85.9,30,0,29|-2.267|33.000|1
5155,85.9166666666667,30,0,29|-2.267|32.500|1
5156,85.9333333333333,30,0,29|-2.267|32.000|1
5157,85.95,30,0,29|-2.267|31.500|1
5158,85.9666666666667,30,0,29|-2.267|31.000|1
5159,85.9833333333333,30,0,29|-2.267|30.500|1
5160,86,30,0,29|-2.267|30.000|1
5161,86.0166666666667,30,0,29|-2.267|29.500|1
5162,86.0333333333333,30,0,29|-2.267|29.000|1
5163,86.05,30,0,29|-2.133|28.500|1
5164,86.0666666666667,30,0,29|-2.133|28.000|1
5165,86.0833333333333,30,0,29|-2.133|27.500|1
5166,86.1,30,0,29|-2.133|27.000|1
5167,86.1166666666667,30,0,29|-2.133|26.500|1
5168,86.1333333333333,30,0,29|-2.133|26.000|1
5169,86.15,30,0,29|-2.133|25.500|1
5170,86.1666666666667,30,0,29|-2.000|25.000|1
5171,86.1833333333333,30,0,29|-2.000|24.500|1
5172,86.2,30,0,29|-2.000|24.000|1
5173,86.2166666666667,30,0,29|-2.000|23.500|1
5174,86.2333333333333,30,0,29|-2.000|23.000|1
5175,86.25,30,0,29|-2.000|22.500|1
5176,86.2666666666667,30,0,29|-2.000|22.000|1
5177,86.2833333333333,30,0,29|-2.000|21.500|1
5178,86.3,30,0,29|-1.867|21.000|1
5179,86.3166666666667,30,0,29|-1.867|20.500|1
5180,86.3333333333333,30,0,29|-1.733|20.000|1
5181,86.35,30,0,29|-1.733|19.500|1
5182,86.3666666666667,30,0,29|-1.733|19.000|1
5183,86.3833333333333,30,0,29|-1.733|18.500|1
5184,86.4,30,0,29|-1.600|18.000|1
5185,86.4166666666667,30,0,29|-1.600|17.500|1
5186,86.4333333333333,30,0,29|-1.600|17.000|1
5187,86.45,30,0,29|-1.600|16.500|1
5188,86.4666666666667,30,0,29|-1.467|16.000|1
5189,86.4833333333333,30,0,29|-1.467|15.500|1
5190,86.5,30,0,29|-1.467|15.000|1
5191,86.5166666666667,30,0,29|-1.467|14.500|1
5192,86.5333333333333,30,0,29|-1.467|14.000|1
5193,86.55,30,0,29|-1.467|13.500|1
5194,86.5666666666667,30,0,29|-1.467|13.000|1
5195,86.5833333333333,30,0,29|-1.333|12.500|1
5196,86.6,30,0,29|-1.333|12.000|1
5197,86.6166666666667,30,0,29|-1.200|11.500|1
5198,86.6333333333333,30,0,29|-1.200|11.000|1
5199,86.65,30,0,29|-1.200|10.500|1
5200,86.6666666666667,30,0,29|-1.200|10.000|1
5201,86.6833333333333,30,0,29|-1.200|9.500|1
5202,86.7,30,0,29|-1.200|9.000|1
5203,86.7166666666667,30,0,29|-1.067|8.500|1
5204,86.7333333333333,30,0,29|-0.933|8.000|1
5205,86.75,30,0,29|-0.933|7.500|1
5206,86.7666666666667,30,0,29|-0.800|7.000|1
5207,86.7833333333333,30,0,29|-0.800|6.500|1
5208,86.8,30,0,29|-0.800|6.000|1
5209,86.8166666666667,30,0,29|-0.800|5.500|1
5210,86.8333333333333,30,0,29|-0.667|5.000|1
5211,86.85,30,0,29|-0.533|4.500|1
5212,86.8666666666667,30,0,29|-0.400|4.000|1
5213,86.8833333333333,30,0,29|-0.267|3.500|1
5214,86.9,30,0,29|-0.133|3.000|1
5215,86.9166666666667,30,0,29|-0.133|2.500|1
5216,86.9333333333333,30,0,29|-0.133|2.000|1
5217,86.95,30,0,29|-0.133|1.500|1
5218,86.9666666666667,30,0,29|-0.133|1.000|1
5219,86.9833333333333,30,0,29|0.000|0.500|1
5220,87,30,1,29|0.000|0.000|1
5221,87.0166666666667,30,0,30|-12.000|89.500|1
5222,87.0333333333333,30,0,30|-12.000|89.000|1
5223,87.05,30,0,30|-12.000|88.500|1
5224,87.0666666666667,30,0,30|-12.000|88.000|1
5225,87.0833333333333,30,0,30|-12.000|87.500|1
5226,87.1,30,0,30|-12.000|87.000|1
5227,87.1166666666667,30,0,30|-12.000|86.500|1
5228,87.1333333333333,30,0,30|-12.000|86.000|1
5229,87.15,30,0,30|-12.000|85.500|1
5230,87.1666666666667,30,0,30|-12.000|85.000|1
5231,87.1833333333333,30,0,30|-12.000|84.500|1
5232,87.2,30,0,30|-12.000|84.000|1
5233,87.2166666666667,30,0,30|-12.000|83.500|1
5234,87.2333333333333,30,0,30|-12.000|83.000|1
5235,87.25,30,0,30|-12.000|82.500|1
5236,87.2666666666667,30,0,30|-12.000|82.000|1
5237,87.2833333333333,30,0,30|-12.000|81.500|1
5238,87.3,30,0,30|-12.000|81.000|1
5239,87.3166666666667,30,0,30|-12.000|80.500|1
5240,87.3333333333333,30,0,30|-12.000|80.000|1
5241,87.35,30,0,30|-12.000|79.500|1
5242,87.3666666666667,30,0,30|-12.000|79.000|1
5243,87.3833333333333,30,0,30|-12.000|78.500|1
5244,87.4,30,0,30|-12.000|78.000|1
5245,87.4166666666667,30,0,30|-12.000|77.500|1
5246,87.4333333333333,30,0,30|-12.000|77.000|1
5247,87.45,30,0,30|-12.000|76.500|1
5248,87.4666666666667,30,0,30|-12.000|76.000|1
5249,87.4833333333333,30,0,30|-12.000|75.500|1
5250,87.5,30,0,30|-12.000|75.000|1
5251,87.5166666666667,30,0,30|-12.000|74.500|1
5252,87.5333333333333,30,0,30|-12.000|74.000|1
5253,87.55,30,0,30|-12.000|73.500|1
5254,87.5666666666667,30,0,30|-12.000|73.000|1
5255,87.5833333333333,30,0,30|-12.000|72.500|1
5256,87.6,30,0,30|-12.000|72.000|1
5257,87.6166666666667,30,0,30|-12.000|71.500|1
5258,87.6333333333333,30,0,30|-12.000|71.000|1
5259,87.65,30,0,30|-12.000|70.500|1
5260,87.6666666666667,30,0,30|-12.000|70.000|1
5261,87.6833333333333,30,0,30|-12.000|69.500|1
5262,87.7,30,0,30|-12.000|69.000|1
5263,87.7166666666667,30,0,30|-12.000|68.500|1
5264,87.7333333333333,30,0,30|-12.000|68.000|1
5265,87.75,30,0,30|-12.000|67.500|1
5266,87.7666666666667,30,0,30|-12.000|67.000|1
5267,87.7833333333333,30,0,30|-12.000|66.500|1
5268,87.8,30,0,30|-12.000|66.000|1
5269,87.8166666666667,30,0,30|-12.000|65.500|1
5270,87.8333333333333,30,0,30|-12.000|65.000|1
5271,87.85,30,0,30|-12.000|64.500|1
5272,87.8666666666667,30,0,30|-12.000|64.000|1
5273,87.8833333333333,30,0,30|-12.000|63.500|1
5274,87.9,30,0,30|-12.000|63.000|1
5275,87.9166666666667,30,0,30|-12.000|62.500|1
5276,87.9333333333333,30,0,30|-12.000|62.000|1
5277,87.95,30,0,30|-12.000|61.500|1
5278,87.9666666666667,30,0,30|-12.000|61.000|1
5279,87.9833333333333,30,0,30|-12.000|60.500|1
5280,88,30,0,30|-12.000|60.000|1
5281,88.0166666666667,30,0,30|-12.000|59.500|1
5282,88.0333333333333,30,0,30|-12.000|59.000|1
5283,88.05,30,0,30|-12.000|58.500|1
5284,88.0666666666667,30,0,30|-12.000|58.000|1
5285,88.0833333333333,30,0,30|-12.000|57.500|1
5286,88.1,30,0,30|-12.000|57.000|1
5287,88.1166666666667,30,0,30|-12.000|56.500|1
5288,88.1333333333333,30,0,30|-12.000|56.000|1
5289,88.15,30,0,30|-12.000|55.500|1
5290,88.1666666666667,30,0,30|-12.000|55.000|1
5291,88.1833333333333,30,0,30|-12.000|54.500|1
5292,88.2,30,0,30|-12.000|54.000|1
5293,88.2166666666667,30,0,30|-12.000|53.500|1
5294,88.2333333333333,30,0,30|-12.000|53.000|1
5295,88.25,30,0,30|-12.000|52.500|1
5296,88.2666666666667,30,0,30|-12.000|52.000|1
5297,88.2833333333333,30,0,30|-12.000|51.500|1
5298,88.3,30,0,30|-12.000|51.000|1
5299,88.3166666666667,30,0,30|-12.000|50.500|1
5300,88.3333333333333,30,0,30|-12.000|50.000|1
5301,88.35,30,0,30|-12.000|49.500|1
5302,88.3666666666667,30,0,30|-12.000|49.000|1
5303,88.3833333333333,30,0,30|-12.000|48.500|1
5304,88.4,30,0,30|-12.000|48.000|1
5305,88.4166666666667,30,0,30|-12.000|47.500|1
5306,88.4333333333333,30,0,30|-12.000|47.000|1
5307,88.45,30,0,30|-12.000|46.500|1
5308,88.4666666666667,30,0,30|-12.000|46.000|1
5309,88.4833333333333,30,0,30|-12.000|45.500|1
5310,88.5,30,0,30|-12.000|45.000|1
5311,88.5166666666667,30,0,30|-12.000|44.500|1
5312,88.5333333333333,30,0,30|-12.000|44.000|1
5313,88.55,30,0,30|-12.000|43.500|1
5314,88.5666666666667,30,0,30|-12.000|43.000|1
5315,88.5833333333333,30,0,30|-12.000|42.500|1
5316,88.6,30,0,30|-12.000|42.000|1
5317,88.6166666666667,30,0,30|-12.000|41.500|1
5318,88.6333333333333,30,0,30|-12.000|41.000|1
5319,88.65,30,0,30|-12.000|40.500|1
5320,88.6666666666667,30,0,30|-12.000|40.000|1
5321,88.6833333333333,30,0,30|-12.000|39.500|1
5322,88.7,30,0,30|-12.000|39.000|1
5323,88.7166666666667,30,0,30|-12.000|38.500|1
5324,88.7333333333333,30,0,30|-12.000|38.000|1
5325,88.75,30,0,30|-12.000|37.500|1
5326,88.7666666666667,30,0,30|-12.000|37.000|1
5327,88.7833333333333,30,0,30|-12.000|36.500|1
5328,88.8,30,0,30|-12.000|36.000|1
5329,88.8166666666667,30,0,30|-12.000|35.500|1
5330,88.8333333333333,30,0,30|-12.000|35.000|1
5331,88.85,30,0,30|-12.000|34.500|1
5332,88.8666666666667,30,0,30|-12.000|34.000|1
5333,88.8833333333333,30,0,30|-12.000|33.500|1
5334,88.9,30,0,30|-12.000|33.000|1
5335,88.9166666666667,30,0,30|-12.000|32.500|1
5336,88.9333333333333,30,0,30|-12.000|32.000|1
5337,88.95,30,0,30|-12.000|31.500|1
5338,88.9666666666667,30,0,30|-12.000|31.000|1
5339,88.9833333333333,30,0,30|-12.000|30.500|1
5340,89,30,0,30|-12.000|30.000|1
5341,89.0166666666667,30,0,30|-12.000|29.500|1
5342,89.0333333333333,30,0,30|-12.000|29.000|1
5343,89.05,30,0,30|-12.000|28.500|1
5344,89.0666666666667,30,0,30|-12.000|28.000|1
5345,89.0833333333333,30,0,30|-12.000|27.500|1
5346,89.1,30,0,30|-12.000|27.000|1
5347,89.1166666666667,30,0,30|-12.000|26.500|1
5348,89.1333333333333,30,0,30|-12.000|26.000|1
5349,89.15,30,0,30|-12.000|25.500|1
5350,89.1666666666667,30,0,30|-12.000|25.000|1
5351,89.1833333333333,30,0,30|-12.000|24.500|1
5352,89.2,30,0,30|-12.000|24.000|1
5353,89.2166666666667,30,0,30|-12.000|23.500|1
5354,89.2333333333333,30,0,30|-12.000|23.000|1
5355,89.25,30,0,30|-12.000|22.500|1
5356,89.2666666666667,30,0,30|-12.000|22.000|1
5357,89.2833333333333,30,0,30|-12.000|21.500|1
5358,89.3,30,0,30|-12.000|21.000|1
5359,89.3166666666667,30,0,30|-12.000|20.500|1
5360,89.3333333333333,30,0,30|-12.000|20.000|1
5361,89.35,30,0,30|-12.000|19.500|1
5362,89.3666666666667,30,0,30|-12.000|19.000|1
5363,89.3833333333333,30,0,30|-12.000|18.500|1
5364,89.4,30,0,30|-12.000|18.000|1
5365,89.4166666666667,30,0,30|-12.000|17.500|1
5366,89.4333333333333,30,0,30|-12.000|17.000|1
5367,89.45,30,0,30|-12.000|16.500|1
5368,89.4666666666667,30,0,30|-12.000|16.000|1
5369,89.4833333333333,30,0,30|-12.000|15.500|1
5370,89.5,30,0,30|-12.000|15.000|1
5371,89.5166666666667,30,0,30|-12.000|14.500|1
5372,89.5333333333333,30,0,30|-12.000|14.000|1
5373,89.55,30,0,30|-12.000|13.500|1
5374,89.5666666666667,30,0,30|-12.000|13.000|1
5375,89.5833333333333,30,0,30|-12.000|12.500|1
5376,89.6,30,0,30|-12.000|12.000|1
5377,89.6166666666667,30,0,30|-12.000|11.500|1
5378,89.6333333333333,30,0,30|-12.000|11.000|1
5379,89.65,30,0,30|-12.000|10.500|1
5380,89.6666666666667,30,0,30|-12.000|10.000|1
5381,89.6833333333333,30,0,30|-12.000|9.500|1
5382,89.7,30,0,30|-12.000|9.000|1
5383,89.7166666666667,30,0,30|-12.000|8.500|1
5384,89.7333333333333,30,0,30|-12.000|8.000|1
5385,89.75,30,0,30|-12.000|7.500|1
5386,89.7666666666667,30,0,30|-12.000|7.000|1
5387,89.7833333333333,30,0,30|-12.000|6.500|1
5388,89.8,30,0,30|-12.000|6.000|1
5389,89.8166666666667,30,0,30|-12.000|5.500|1
5390,89.8333333333333,30,0,30|-12.000|5.000|1
5391,89.85,30,0,30|-12.000|4.500|1
5392,89.8666666666667,30,0,30|-12.000|4.000|1
5393,89.8833333333333,30,0,30|-12.000|3.500|1
5394,89.9,30,0,30|-12.000|3.000|1
5395,89.9166666666667,30,0,30|-12.000|2.500|1
5396,89.9333333333333,30,0,30|-12.000|2.000|1
5397,89.95,30,0,30|-12.000|1.500|1
5398,89.9666666666667,30,0,30|-12.000|1.000|1
5399,89.9833333333333,30,0,30|-12.000|0.500|1
5400,90,30,0,30|-12.000|0.000|1
5401,90.0166666666667,30,0,31|6.000|89.500|1
5402,90.0333333333333,30,0,31|5.933|89.000|1
5403,90.05,30,0,31|5.867|88.500|1
5404,90.0666666666667,30,0,31|5.867|88.000|1
5405,90.0833333333333,30,0,31|5.800|87.500|1
5406,90.1,30,0,31|5.733|87.000|1
5407,90.1166666666667,30,0,31|5.733|86.500|1
5408,90.1333333333333,30,0,31|5.733|86.000|1
5409,90.15,30,0,31|5.667|85.500|1
5410,90.1666666666667,30,0,31|5.667|85.000|1
5411,90.1833333333333,30,0,31|5.667|84.500|1
5412,90.2,30,0,31|5.600|84.000|1
5413,90.2166666666667,30,0,31|5.533|83.500|1
5414,90.2333333333333,30,0,31|5.467|83.000|1
5415,90.25,30,0,31|5.400|82.500|1
5416,90.2666666666667,30,0,31|5.333|82.000|1
5417,90.2833333333333,30,0,31|5.333|81.500|1
5418,90.3,30,0,31|5.333|81.000|1
5419,90.3166666666667,30,0,31|5.267|80.500|1
5420,90.3333333333333,30,0,31|5.200|80.000|1
5421,90.35,30,0,31|5.200|79.500|1
5422,90.3666666666667,30,0,31|5.200|79.000|1
5423,90.3833333333333,30,0,31|5.133|78.500|1
5424,90.4,30,0,31|5.067|78.000|1
5425,90.4166666666667,30,0,31|5.067|77.500|1
5426,90.4333333333333,30,0,31|5.000|77.000|1
5427,90.45,30,0,31|4.933|76.500|1
5428,90.4666666666667,30,0,31|4.867|76.000|1
5429,90.4833333333333,30,0,31|4.867|75.500|1
5430,90.5,30,0,31|4.867|75.000|1
5431,90.5166666666667,30,0,31|4.867|74.500|1
5432,90.5333333333333,30,0,31|4.867|74.000|1
5433,90.55,30,0,31|4.867|73.500|1
5434,90.5666666666667,30,0,31|4.800|73.000|1
5435,90.5833333333333,30,0,31|4.733|72.500|1
5436,90.6,30,0,31|4.667|72.000|1
5437,90.6166666666667,30,0,31|4.667|71.500|1
5438,90.6333333333333,30,0,31|4.667|71.000|1
5439,90.65,30,0,31|4.600|70.500|1
5440,90.6666666666667,30,0,31|4.600|70.000|1
5441,90.6833333333333,30,0,31|4.600|69.500|1
5442,90.7,30,0,31|4.600|69.000|1
5443,90.7166666666667,30,0,31|4.600|68.500|1
5444,90.7333333333333,30,0,31|4.600|68.000|1
5445,90.75,30,0,31|4.533|67.500|1
5446,90.7666666666667,30,0,31|4.467|67.000|1
5447,90.7833333333333,30,0,31|4.400|66.500|1
5448,90.8,30,0,31|4.400|66.000|1
5449,90.8166666666667,30,0,31|4.333|65.500|1
5450,90.8333333333333,30,0,31|4.333|65.000|1
5451,90.85,30,0,31|4.333|64.500|1
5452,90.8666666666667,30,0,31|4.333|64.000|1
5453,90.8833333333333,30,0,31|4.333|63.500|1
5454,90.9,30,0,31|4.333|63.000|1
5455,90.9166666666667,30,0,31|4.267|62.500|1
5456,90.9333333333333,30,0,31|4.267|62.000|1
5457,90.95,30,0,31|4.200|61.500|1
5458,90.9666666666667,30,0,31|4.133|61.000|1
5459,90.9833333333333,30,0,31|4.133|60.500|1
5460,91,30,0,31|4.067|60.000|1
5461,91.0166666666667,30,0,31|4.067|59.500|1
5462,91.0333333333333,30,0,31|4.067|59.000|1
5463,91.05,30,0,31|4.067|58.500|1
5464,91.0666666666667,30,0,31|4.000|58.000|1
5465,91.0833333333333,30,0,31|3.933|57.500|1
5466,91.1,30,0,31|3.933|57.000|1
5467,91.1166666666667,30,0,31|3.867|56.500|1
5468,91.1333333333333,30,0,31|3.867|56.000|1
5469,91.15,30,0,31|3.800|55.500|1
5470,91.1666666666667,30,0,31|3.733|55.000|1
5471,91.1833333333333,30,0,31|3.733|54.500|1
5472,91.2,30,0,31|3.733|54.000|1
5473,91.2166666666667,30,0,31|3.733|53.500|1
5474,91.2333333333333,30,0,31|3.667|53.000|1
5475,91.25,30,0,31|3.600|52.500|1
5476,91.2666666666667,30,0,31|3.600|52.000|1
5477,91.2833333333333,30,0,31|3.600|51.500|1
5478,91.3,30,0,31|3.600|51.000|1
5479,91.3166666666667,30,0,31|3.533|50.500|1
5480,91.3333333333333,30,0,31|3.533|50.000|1
5481,91.35,30,0,31|3.467|49.500|1
5482,91.3666666666667,30,0,31|3.467|49.000|1
5483,91.3833333333333,30,0,31|3.400|48.500|1
5484,91.4,30,0,31|3.333|48.000|1
5485,91.4166666666667,30,0,31|3.267|47.500|1
5486,91.4333333333333,30,0,31|3.200|47.000|1
5487,91.45,30,0,31|3.133|46.500|1
5488,91.4666666666667,30,0,31|3.067|46.000|1
5489,91.4833333333333,30,0,31|3.000|45.500|1
5490,91.5,30,0,31|2.933|45.000|1
5491,91.5166666666667,30,0,31|2.867|44.500|1
5492,91.5333333333333,30,0,31|2.800|44.000|1
5493,91.55,30,0,31|2.733|43.500|1
5494,91.5666666666667,30,0,31|2.667|43.000|1
5495,91.5833333333333,30,0,31|2.600|42.500|1
5496,91.6,30,0,31|2.533|42.000|1
5497,91.6166666666667,30,0,31|2.467|41.500|1
5498,91.6333333333333,30,0,31|2.400|41.000|1
5499,91.65,30,0,31|2.400|40.500|1
5500,91.6666666666667,30,0,31|2.333|40.000|1
5501,91.6833333333333,30,0,31|2.333|39.500|1
5502,91.7,30,0,31|2.333|39.000|1
5503,91.7166666666667,30,0,31|2.267|38.500|1
5504,91.7333333333333,30,0,31|2.200|38.000|1
5505,91.75,30,0,31|2.200|37.500|1
5506,91.7666666666667,30,0,31|2.200|37.000|1
5507,91.7833333333333,30,0,31|2.200|36.500|1
5508,91.8,30,0,31|2.200|36.000|1
5509,91.8166666666667,30,0,31|2.133|35.500|1
5510,91.8333333333333,30,0,31|2.133|35.000|1
5511,91.85,30,0,31|2.133|34.500|1
5512,91.8666666666667,30,0,31|2.067|34.000|1
5513,91.8833333333333,30,0,31|2.067|33.500|1
5514,91.9,30,0,31|2.067|33.000|1
5515,91.9166666666667,30,0,31|2.067|32.500|1
5516,91.9333333333333,30,0,31|2.067|32.000|1
5517,91.95,30,0,31|2.067|31.500|1
5518,91.9666666666667,30,0,31|2.000|31.000|1
5519,91.9833333333333,30,0,31|1.933|30.500|1
5520,92,30,0,31|1.867|30.000|1
5521,92.0166666666667,30,0,31|1.867|29.500|1
5522,92.0333333333333,30,0,31|1.800|29.000|1
5523,92.05,30,0,31|1.800|28.500|1
5524,92.0666666666667,30,0,31|1.733|28.000|1
5525,92.0833333333333,30,0,31|1.733|27.500|1
5526,92.1,30,0,31|1.733|27.000|1
5527,92.1166666666667,30,0,31|1.733|26.500|1
5528,92.1333333333333,30,0,31|1.667|26.000|1
5529,92.15,30,0,31|1.667|25.500|1
5530,92.1666666666667,30,0,31|1.667|25.000|1
5531,92.1833333333333,30,0,31|1.667|24.500|1
5532,92.2,30,0,31|1.600|24.000|1
5533,92.2166666666667,30,0,31|1.600|23.500|1
5534,92.2333333333333,30,0,31|1.533|23.000|1
5535,92.25,30,0,31|1.533|22.500|1
5536,92.2666666666667,30,0,31|1.467|22.000|1
5537,92.2833333333333,30,0,31|1.400|21.500|1
5538,92.3,30,0,31|1.400|21.000|1
5539,92.3166666666667,30,0,31|1.400|20.500|1
5540,92.3333333333333,30,0,31|1.333|20.000|1
5541,92.35,30,0,31|1.267|19.500|1
5542,92.3666666666667,30,0,31|1.200|19.000|1
5543,92.3833333333333,30,0,31|1.200|18.500|1
5544,92.4,30,0,31|1.133|18.000|1
5545,92.4166666666667,30,0,31|1.133|17.500|1
5546,92.4333333333333,30,0,31|1.133|17.000|1
5547,92.45,30,0,31|1.133|16.500|1
5548,92.4666666666667,30,0,31|1.067|16.000|1
5549,92.4833333333333,30,0,31|1.067|15.500|1
5550,92.5,30,0,31|1.067|15.000|1
5551,92.5166666666667,30,0,31|1.000|14.500|1
5552,92.5333333333333,30,0,31|0.933|14.000|1
5553,92.55,30,0,31|0.933|13.500|1
5554,92.5666666666667,30,0,31|0.933|13.000|1
5555,92.5833333333333,30,0,31|0.867|12.500|1
5556,92.6,30,0,31|0.867|12.000|1
5557,92.6166666666667,30,0,31|0.867|11.500|1
5558,92.6333333333333,30,0,31|0.800|11.000|1
5559,92.65,30,0,31|0.733|10.500|1
5560,92.6666666666667,30,0,31|0.733|10.000|1
5561,92.6833333333333,30,0,31|0.667|9.500|1
5562,92.7,30,0,31|0.667|9.000|1
5563,92.7166666666667,30,0,31|0.600|8.500|1
5564,92.7333333333333,30,0,31|0.533|8.000|1
5565,92.75,30,0,31|0.467|7.500|1
5566,92.7666666666667,30,0,31|0.467|7.000|1
5567,92.7833333333333,30,0,31|0.467|6.500|1
5568,92.8,30,0,31|0.400|6.000|1
5569,92.8166666666667,30,0,31|0.400|5.500|1
5570,92.8333333333333,30,0,31|0.400|5.000|1
5571,92.85,30,0,31|0.333|4.500|1
5572,92.8666666666667,30,0,31|0.267|4.000|1
5573,92.8833333333333,30,0,31|0.200|3.500|1
5574,92.9,30,0,31|0.200|3.000|1
5575,92.9166666666667,30,0,31|0.133|2.500|1
5576,92.9333333333333,30,0,31|0.067|2.000|1
5577,92.95,30,0,31|0.067|1.500|1
5578,92.9666666666667,30,0,31|0.067|1.000|1
5579,92.9833333333333,30,0,31|0.000|0.500|1
5580,93,30,1,31|0.000|0.000|1
5581,93.0166666666667,30,0,32|12.000|89.500|1
5582,93.0333333333333,30,0,32|12.000|89.000|1
5583,93.05,30,0,32|12.000|88.500|1
5584,93.0666666666667,30,0,32|12.000|88.000|1
5585,93.0833333333333,30,0,32|12.000|87.500|1
5586,93.1,30,0,32|12.000|87.000|1
5587,93.1166666666667,30,0,32|12.000|86.500|1
5588,93.1333333333333,30,0,32|12.000|86.000|1
5589,93.15,30,0,32|12.000|85.500|1
5590,93.1666666666667,30,0,32|12.000|85.000|1
5591,93.1833333333333,30,0,32|12.000|84.500|1
5592,93.2,30,0,32|12.000|84.000|1
5593,93.2166666666667,30,0,32|12.000|83.500|1
5594,93.2333333333333,30,0,32|12.000|83.000|1
5595,93.25,30,0,32|12.000|82.500|1
5596,93.2666666666667,30,0,32|12.000|82.000|1
5597,93.2833333333333,30,0,32|12.000|81.500|1
5598,93.3,30,0,32|12.000|81.000|1
5599,93.3166666666667,30,0,32|12.000|80.500|1
5600,93.3333333333333,30,0,32|12.000|80.000|1
5601,93.35,30,0,32|12.000|79.500|1
5602,93.3666666666667,30,0,32|12.000|79.000|1
5603,93.3833333333333,30,0,32|12.000|78.500|1
5604,93.4,30,0,32|12.000|78.000|1
5605,93.4166666666667,30,0,32|12.000|77.500|1
5606,93.4333333333333,30,0,32|12.000|77.000|1
5607,93.45,30,0,32|12.000|76.500|1
5608,93.4666666666667,30,0,32|12.000|76.000|1
5609,93.4833333333333,30,0,32|12.000|75.500|1
5610,93.5,30,0,32|12.000|75.000|1
5611,93.5166666666667,30,0,32|12.000|74.500|1
5612,93.5333333333333,30,0,32|12.000|74.000|1
5613,93.55,30,0,32|12.000|73.500|1
5614,93.5666666666667,30,0,32|12.000|73.000|1
5615,93.5833333333333,30,0,32|12.000|72.500|1
5616,93.6,30,0,32|12.000|72.000|1
5617,93.6166666666667,30,0,32|12.000|71.500|1
5618,93.6333333333333,30,0,32|12.000|71.000|1
5619,93.65,30,0,32|12.000|70.500|1
5620,93.6666666666667,30,0,32|12.000|70.000|1
5621,93.6833333333333,30,0,32|12.000|69.500|1
5622,93.7,30,0,32|12.000|69.000|1
5623,93.7166666666667,30,0,32|12.000|68.500|1
5624,93.7333333333333,30,0,32|12.000|68.000|1
5625,93.75,30,0,32|12.000|67.500|1
5626,93.7666666666667,30,0,32|12.000|67.000|1
5627,93.7833333333333,30,0,32|12.000|66.500|1
5628,93.8,30,0,32|12.000|66.000|1
5629,93.8166666666667,30,0,32|12.000|65.500|1
5630,93.8333333333333,30,0,32|12.000|65.000|1
5631,93.85,30,0,32|12.000|64.500|1
5632,93.8666666666667,30,0,32|12.000|64.000|1
5633,93.8833333333333,30,0,32|12.000|63.500|1
5634,93.9,30,0,32|12.000|63.000|1
5635,93.9166666666667,30,0,32|12.000|62.500|1
5636,93.9333333333333,30,0,32|12.000|62.000|1
5637,93.95,30,0,32|12.000|61.500|1
5638,93.9666666666667,30,0,32|12.000|61.000|1
5639,93.9833333333333,30,0,32|12.000|60.500|1
5640,94,30,0,32|12.000|60.000|1
5641,94.0166666666667,30,0,32|12.000|59.500|1
5642,94.0333333333333,30,0,32|12.000|59.000|1
5643,94.05,30,0,32|12.000|58.500|1
5644,94.0666666666667,30,0,32|12.000|58.000|1
5645,94.0833333333333,30,0,32|12.000|57.500|1
5646,94.1,30,0,32|12.000|57.000|1
5647,94.1166666666667,30,0,32|12.000|56.500|1
5648,94.1333333333333,30,0,32|12.000|56.000|1
5649,94.15,30,0,32|12.000|55.500|1
5650,94.1666666666667,30,0,32|12.000|55.000|1
5651,94.1833333333333,30,0,32|12.000|54.500|1
5652,94.2,30,0,32|12.000|54.000|1
5653,94.2166666666667,30,0,32|12.000|53.500|1
5654,94.2333333333333,30,0,32|12.000|53.000|1
5655,94.25,30,0,32|12.000|52.500|1
5656,94.2666666666667,30,0,32|12.000|52.000|1
5657,94.2833333333333,30,0,32|12.000|51.500|1
5658,94.3,30,0,32|12.000|51.000|1
5659,94.3166666666667,30,0,32|12.000|50.500|1
5660,94.3333333333333,30,0,32|12.000|50.000|1
5661,94.35,30,0,32|12.000|49.500|1
5662,94.3666666666667,30,0,32|12.000|49.000|1
5663,94.3833333333333,30,0,32|12.000|48.500|1
5664,94.4,30,0,32|12.000|48.000|1
5665,94.4166666666667,30,0,32|12.000|47.500|1
5666,94.4333333333333,30,0,32|12.000|47.000|1
5667,94.45,30,0,32|12.000|46.500|1
5668,94.4666666666667,30,0,32|12.000|46.000|1
5669,94.4833333333333,30,0,32|12.000|45.500|1
5670,94.5,30,0,32|12.000|45.000|1
5671,94.5166666666667,30,0,32|12.000|44.500|1
5672,94.5333333333333,30,0,32|12.000|44.000|1
5673,94.55,30,0,32|12.000|43.500|1
5674,94.5666666666667,30,0,32|12.000|43.000|1
5675,94.5833333333333,30,0,32|12.000|42.500|1
5676,94.6,30,0,32|12.000|42.000|1
5677,94.6166666666667,30,0,32|12.000|41.500|1
5678,94.6333333333333,30,0,32|12.000|41.000|1
5679,94.65,30,0,32|12.000|40.500|1
5680,94.6666666666667,30,0,32|12.000|40.000|1
5681,94.6833333333333,30,0,32|12.000|39.500|1
5682,94.7,30,0,32|12.000|39.000|1
5683,94.7166666666667,30,0,32|12.000|38.500|1
5684,94.7333333333333,30,0,32|12.000|38.000|1
5685,94.75,30,0,32|12.000|37.500|1
5686,94.7666666666667,30,0,32|12.000|37.000|1
5687,94.7833333333333,30,0,32|12.000|36.500|1
5688,94.8,30,0,32|12.000|36.000|1
5689,94.8166666666667,30,0,32|12.000|35.500|1
5690,94.8333333333333,30,0,32|12.000|35.000|1
5691,94.85,30,0,32|12.000|34.500|1
5692,94.8666666666667,30,0,32|12.000|34.000|1
5693,94.8833333333333,30,0,32|12.000|33.500|1
5694,94.9,30,0,32|12.000|33.000|1
5695,94.9166666666667,30,0,32|12.000|32.500|1
5696,94.9333333333333,30,0,32|12.000|32.000|1
5697,94.95,30,0,32|12.000|31.500|1
5698,94.9666666666667,30,0,32|12.000|31.000|1
5699,94.9833333333333,30,0,32|12.000|30.500|1
5700,95,30,0,32|12.000|30.000|1
5701,95.0166666666667,30,0,32|12.000|29.500|1
5702,95.0333333333333,30,0,32|12.000|29.000|1
5703,95.05,30,0,32|12.000|28.500|1
5704,95.0666666666667,30,0,32|12.000|28.000|1
5705,95.0833333333333,30,0,32|12.000|27.500|1
5706,95.1,30,0,32|12.000|27.000|1
5707,95.1166666666667,30,0,32|12.000|26.500|1
5708,95.1333333333333,30,0,32|12.000|26.000|1
5709,95.15,30,0,32|12.000|25.500|1
5710,95.1666666666667,30,0,32|12.000|25.000|1
5711,95.1833333333333,30,0,32|12.000|24.500|1
5712,95.2,30,0,32|12.000|24.000|1
5713,95.2166666666667,30,0,32|12.000|23.500|1
5714,95.2333333333333,30,0,32|12.000|23.000|1
5715,95.25,30,0,32|12.000|22.500|1
5716,95.2666666666667,30,0,32|12.000|22.000|1
5717,95.2833333333333,30,0,32|12.000|21.500|1
5718,95.3,30,0,32|12.000|21.000|1
5719,95.3166666666667,30,0,32|12.000|20.500|1
5720,95.3333333333333,30,0,32|12.000|20.000|1
5721,95.35,30,0,32|12.000|19.500|1
5722,95.3666666666667,30,0,32|12.000|19.000|1
5723,95.3833333333333,30,0,32|12.000|18.500|1
5724,95.4,30,0,32|12.000|18.000|1
5725,95.4166666666667,30,0,32|12.000|17.500|1
5726,95.4333333333333,30,0,32|12.000|17.000|1
5727,95.45,30,0,32|12.000|16.500|1
5728,95.4666666666667,30,0,32|12.000|16.000|1
5729,95.4833333333333,30,0,32|12.000|15.500|1
5730,95.5,30,0,32|12.000|15.000|1
5731,95.5166666666667,30,0,32|12.000|14.500|1
5732,95.5333333333333,30,0,32|12.000|14.000|1
5733,95.55,30,0,32|12.000|13.500|1
5734,95.5666666666667,30,0,32|12.000|13.000|1
5735,95.5833333333333,30,0,32|12.000|12.500|1
5736,95.6,30,0,32|12.000|12.000|1
5737,95.6166666666667,30,0,32|12.000|11.500|1
5738,95.6333333333333,30,0,32|12.000|11.000|1
5739,95.65,30,0,32|12.000|10.500|1
5740,95.6666666666667,30,0,32|12.000|10.000|1
5741,95.6833333333333,30,0,32|12.000|9.500|1
5742,95.7,30,0,32|12.000|9.000|1
5743,95.7166666666667,30,0,32|12.000|8.500|1
5744,95.7333333333333,30,0,32|12.000|8.000|1
5745,95.75,30,0,32|12.000|7.500|1
5746,95.7666666666667,30,0,32|12.000|7.000|1
5747,95.7833333333333,30,0,32|12.000|6.500|1
5748,95.8,30,0,32|12.000|6.000|1
5749,95.8166666666667,30,0,32|12.000|5.500|1
5750,95.8333333333333,30,0,32|12.000|5.000|1
5751,95.85,30,0,32|12.000|4.500|1
5752,95.8666666666667,30,0,32|12.000|4.000|1
5753,95.8833333333333,30,0,32|12.000|3.500|1
5754,95.9,30,0,32|12.000|3.000|1
5755,95.9166666666667,30,0,32|12.000|2.500|1
5756,95.9333333333333,30,0,32|12.000|2.000|1
5757,95.95,30,0,32|12.000|1.500|1
5758,95.9666666666667,30,0,32|12.000|1.000|1
5759,95.9833333333333,30,0,32|12.000|0.500|1
5760,96,30,0,32|12.000|0.000|1
5761,96.0166666666667,30,0,33|8.950|89.500|1
5762,96.0333333333333,30,0,33|8.900|89.000|1
5763,96.05,30,0,33|8.850|88.500|1
5764,96.0666666666667,30,0,33|8.800|88.000|1
5765,96.0833333333333,30,0,33|8.750|87.500|1
5766,96.1,30,0,33|8.700|87.000|1
5767,96.1166666666667,30,0,33|8.650|86.500|1
5768,96.1333333333333,30,0,33|8.600|86.000|1
5769,96.15,30,0,33|8.550|85.500|1
5770,96.1666666666667,30,0,33|8.500|85.000|1
5771,96.1833333333333,30,0,33|8.450|84.500|1
5772,96.2,30,0,33|8.400|84.000|1
5773,96.2166666666667,30,0,33|8.350|83.500|1
5774,96.2333333333333,30,0,33|8.300|83.000|1
5775,96.25,30,0,33|8.250|82.500|1
5776,96.2666666666667,30,0,33|8.200|82.000|1
5777,96.2833333333333,30,0,33|8.150|81.500|1
5778,96.3,30,0,33|8.100|81.000|1
5779,96.3166666666667,30,0,33|8.050|80.500|1
5780,96.3333333333333,30,0,33|8.000|80.000|1
5781,96.35,30,0,33|7.950|79.500|1
5782,96.3666666666667,30,0,33|7.900|79.000|1
5783,96.3833333333333,30,0,33|7.850|78.500|1
5784,96.4,30,0,33|7.800|78.000|1
5785,96.4166666666667,30,0,33|7.750|77.500|1
5786,96.4333333333333,30,0,33|7.700|77.000|1
5787,96.45,30,0,33|7.650|76.500|1
5788,96.4666666666667,30,0,33|7.600|76.000|1
5789,96.4833333333333,30,0,33|7.550|75.500|1
5790,96.5,30,0,33|7.500|75.000|1
5791,96.5166666666667,30,0,33|7.450|74.500|1
5792,96.5333333333333,30,0,33|7.400|74.000|1
5793,96.55,30,0,33|7.350|73.500|1
5794,96.5666666666667,30,0,33|7.300|73.000|1
5795,96.5833333333333,30,0,33|7.250|72.500|1
5796,96.6,30,0,33|7.200|72.000|1
5797,96.6166666666667,30,0,33|7.150|71.500|1
5798,96.6333333333333,30,0,33|7.100|71.000|1
5799,96.65,30,0,33|7.050|70.500|1
5800,96.6666666666667,30,0,33|7.000|70.000|1
5801,96.6833333333333,30,0,33|6.950|69.500|1
5802,96.7,30,0,33|6.900|69.000|1
5803,96.7166666666667,30,0,33|6.850|68.500|1
5804,96.7333333333333,30,0,33|6.800|68.000|1
5805,96.75,30,0,33|6.750|67.500|1
5806,96.7666666666667,30,0,33|6.700|67.000|1
5807,96.7833333333333,30,0,33|6.650|66.500|1
5808,96.8,30,0,33|6.600|66.000|1
5809,96.8166666666667,30,0,33|6.550|65.500|1
5810,96.8333333333333,30,0,33|6.500|65.000|1
5811,96.85,30,0,33|6.450|64.500|1
5812,96.8666666666667,30,0,33|6.400|64.000|1
5813,96.8833333333333,30,0,33|6.350|63.500|1
5814,96.9,30,0,33|6.300|63.000|1
5815,96.9166666666667,30,0,33|6.250|62.500|1
5816,96.9333333333333,30,0,33|6.200|62.000|1
5817,96.95,30,0,33|6.150|61.500|1
5818,96.9666666666667,30,0,33|6.100|61.000|1
5819,96.9833333333333,30,0,33|6.050|60.500|1
5820,97,30,0,33|6.000|60.000|1
5821,97.0166666666667,30,0,33|5.950|59.500|1
5822,97.0333333333333,30,0,33|5.900|59.000|1
5823,97.05,30,0,33|5.850|58.500|1
5824,97.0666666666667,30,0,33|5.800|58.000|1
5825,97.0833333333333,30,0,33|5.750|57.500|1
5826,97.1,30,0,33|5.700|57.000|1
5827,97.1166666666667,30,0,33|5.650|56.500|1
5828,97.1333333333333,30,0,33|5.600|56.000|1
5829,97.15,30,0,33|5.550|55.500|1
5830,97.1666666666667,30,0,33|5.500|55.000|1
5831,97.1833333333333,30,0,33|5.450|54.500|1
5832,97.2,30,0,33|5.400|54.000|1
5833,97.2166666666667,30,0,33|5.350|53.500|1
5834,97.2333333333333,30,0,33|5.300|53.000|1
5835,97.25,30,0,33|5.250|52.500|1
5836,97.2666666666667,30,0,33|5.200|52.000|1
5837,97.2833333333333,30,0,33|5.150|51.500|1
5838,97.3,30,0,33|5.100|51.000|1
5839,97.3166666666667,30,0,33|5.050|50.500|1
5840,97.3333333333333,30,0,33|5.000|50.000|1
5841,97.35,30,0,33|4.950|49.500|1
5842,97.3666666666667,30,0,33|4.900|49.000|1
5843,97.3833333333333,30,0,33|4.850|48.500|1
5844,97.4,30,0,33|4.800|48.000|1
5845,97.4166666666667,30,0,33|4.750|47.500|1
5846,97.4333333333333,30,0,33|4.700|47.000|1
5847,97.45,30,0,33|4.650|46.500|1
5848,97.4666666666667,30,0,33|4.600|46.000|1
5849,97.4833333333333,30,0,33|4.550|45.500|1
5850,97.5,30,0,33|4.500|45.000|1
5851,97.5166666666667,30,0,33|4.450|44.500|1
5852,97.5333333333333,30,0,33|4.400|44.000|1
5853,97.55,30,0,33|4.350|43.500|1
5854,97.5666666666667,30,0,33|4.300|43.000|1
5855,97.5833333333333,30,0,33|4.250|42.500|1
5856,97.6,30,0,33|4.200|42.000|1
5857,97.6166666666667,30,0,33|4.150|41.500|1
5858,97.6333333333333,30,0,33|4.100|41.000|1
5859,97.65,30,0,33|4.050|40.500|1
5860,97.6666666666667,30,0,33|4.000|40.000|1
5861,97.6833333333333,30,0,33|3.950|39.500|1
5862,97.7,30,0,33|3.900|39.000|1
5863,97.7166666666667,30,0,33|3.850|38.500|1
5864,97.7333333333333,30,0,33|3.800|38.000|1
5865,97.75,30,0,33|3.750|37.500|1
5866,97.7666666666667,30,0,33|3.700|37.000|1
5867,97.7833333333333,30,0,33|3.650|36.500|1
5868,97.8,30,0,33|3.600|36.000|1
5869,97.8166666666667,30,0,33|3.550|35.500|1
5870,97.8333333333333,30,0,33|3.500|35.000|1
5871,97.85,30,0,33|3.450|34.500|1
5872,97.8666666666667,30,0,33|3.400|34.000|1
5873,97.8833333333333,30,0,33|3.350|33.500|1
5874,97.9,30,0,33|3.300|33.000|1
5875,97.9166666666667,30,0,33|3.250|32.500|1
5876,97.9333333333333,30,0,33|3.200|32.000|1
5877,97.95,30,0,33|3.150|31.500|1
5878,97.9666666666667,30,0,33|3.100|31.000|1
5879,97.9833333333333,30,0,33|3.050|30.500|1
5880,98,30,0,33|3.000|30.000|1
5881,98.0166666666667,30,0,33|2.950|29.500|1
5882,98.0333333333333,30,0,33|2.900|29.000|1
5883,98.05,30,0,33|2.850|28.500|1
5884,98.0666666666667,30,0,33|2.800|28.000|1
5885,98.0833333333333,30,0,33|2.750|27.500|1
5886,98.1,30,0,33|2.700|27.000|1
5887,98.1166666666667,30,0,33|2.650|26.500|1
5888,98.1333333333333,30,0,33|2.600|26.000|1
5889,98.15,30,0,33|2.550|25.500|1
5890,98.1666666666667,30,0,33|2.500|25.000|1
5891,98.1833333333333,30,0,33|2.450|24.500|1
5892,98.2,30,0,33|2.400|24.000|1
5893,98.2166666666667,30,0,33|2.350|23.500|1
5894,98.2333333333333,30,0,33|2.300|23.000|1
5895,98.25,30,0,33|2.250|22.500|1
5896,98.2666666666667,30,0,33|2.200|22.000|1
5897,98.2833333333333,30,0,33|2.150|21.500|1
5898,98.3,30,0,33|2.100|21.000|1
5899,98.3166666666667,30,0,33|2.050|20.500|1
5900,98.3333333333333,30,0,33|2.000|20.000|1
5901,98.35,30,0,33|1.950|19.500|1
5902,98.3666666666667,30,0,33|1.900|19.000|1
5903,98.3833333333333,30,0,33|1.850|18.500|1
5904,98.4,30,0,33|1.800|18.000|1
5905,98.4166666666667,30,0,33|1.750|17.500|1
5906,98.4333333333333,30,0,33|1.700|17.000|1
5907,98.45,30,0,33|1.650|16.500|1
5908,98.4666666666667,30,0,33|1.600|16.000|1
5909,98.4833333333333,30,0,33|1.550|15.500|1
5910,98.5,30,0,33|1.500|15.000|1
5911,98.5166666666667,30,0,33|1.450|14.500|1
5912,98.5333333333333,30,0,33|1.400|14.000|1
5913,98.55,30,0,33|1.350|13.500|1
5914,98.5666666666667,30,0,33|1.300|13.000|1
5915,98.5833333333333,30,0,33|1.250|12.500|1
5916,98.6,30,0,33|1.200|12.000|1
5917,98.6166666666667,30,0,33|1.150|11.500|1
5918,98.6333333333333,30,0,33|1.100|11.000|1
5919,98.65,30,0,33|1.050|10.500|1
5920,98.6666666666667,30,0,33|1.000|10.000|1
5921,98.6833333333333,30,0,33|0.950|9.500|1
5922,98.7,30,0,33|0.900|9.000|1
5923,98.7166666666667,30,0,33|0.850|8.500|1
5924,98.7333333333333,30,0,33|0.800|8.000|1
5925,98.75,30,0,33|0.750|7.500|1
5926,98.7666666666667,30,0,33|0.700|7.000|1
5927,98.7833333333333,30,0,33|0.650|6.500|1
5928,98.8,30,0,33|0.600|6.000|1
5929,98.8166666666667,30,0,33|0.550|5.500|1
5930,98.8333333333333,30,0,33|0.500|5.000|1
5931,98.85,30,0,33|0.450|4.500|1
5932,98.8666666666667,30,0,33|0.400|4.000|1
5933,98.8833333333333,30,0,33|0.350|3.500|1
5934,98.9,30,0,33|0.300|3.000|1
5935,98.9166666666667,30,0,33|0.250|2.500|1
5936,98.9333333333333,30,0,33|0.200|2.000|1
5937,98.95,30,0,33|0.150|1.500|1
5938,98.9666666666667,30,0,33|0.100|1.000|1
5939,98.9833333333333,30,0,33|0.050|0.500|1
5940,99,30,1,33|0.000|0.000|1
5941,99.0166666666667,30,0,34|9.000|89.500|1
5942,99.0333333333333,30,0,34|9.000|89.000|1
5943,99.05,30,0,34|9.000|88.500|1
5944,99.0666666666667,30,0,34|9.000|88.000|1
5945,99.0833333333333,30,0,34|9.000|87.500|1
5946,99.1,30,0,34|9.000|87.000|1
5947,99.1166666666667,30,0,34|9.000|86.500|1
5948,99.1333333333333,30,0,34|9.000|86.000|1
5949,99.15,30,0,34|9.000|85.500|1
5950,99.1666666666667,30,0,34|9.000|85.000|1
5951,99.1833333333333,30,0,34|9.000|84.500|1
5952,99.2,30,0,34|9.000|84.000|1
5953,99.2166666666667,30,0,34|9.000|83.500|1
5954,99.2333333333333,30,0,34|9.000|83.000|1
5955,99.25,30,0,34|9.000|82.500|1
5956,99.2666666666667,30,0,34|9.000|82.000|1
5957,99.2833333333333,30,0,34|9.000|81.500|1
5958,99.3,30,0,34|9.000|81.000|1
5959,99.3166666666667,30,0,34|9.000|80.500|1
5960,99.3333333333333,30,0,34|9.000|80.000|1
5961,99.35,30,0,34|9.000|79.500|1
5962,99.3666666666667,30,0,34|9.000|79.000|1
5963,99.3833333333333,30,0,34|9.000|78.500|1
5964,99.4,30,0,34|9.000|78.000|1
5965,99.4166666666667,30,0,34|9.000|77.500|1
5966,99.4333333333333,30,0,34|9.000|77.000|1
5967,99.45,30,0,34|9.000|76.500|1
5968,99.4666666666667,30,0,34|9.000|76.000|1
5969,99.4833333333333,30,0,34|9.000|75.500|1
5970,99.5,30,0,34|9.000|75.000|1
5971,99.5166666666667,30,0,34|9.000|74.500|1
5972,99.5333333333333,30,0,34|9.000|74.000|1
5973,99.55,30,0,34|9.000|73.500|1
5974,99.5666666666667,30,0,34|9.000|73.000|1
5975,99.5833333333333,30,0,34|9.000|72.500|1
5976,99.6,30,0,34|9.000|72.000|1
5977,99.6166666666667,30,0,34|9.000|71.500|1
5978,99.6333333333333,30,0,34|9.000|71.000|1
5979,99.65,30,0,34|9.000|70.500|1
5980,99.6666666666667,30,0,34|9.000|70.000|1
5981,99.6833333333333,30,0,34|9.000|69.500|1
5982,99.7,30,0,34|9.000|69.000|1
5983,99.7166666666667,30,0,34|9.000|68.500|1
5984,99.7333333333333,30,0,34|9.000|68.000|1
5985,99.75,30,0,34|9.000|67.500|1
5986,99.7666666666667,30,0,34|9.000|67.000|1
5987,99.7833333333333,30,0,34|9.000|66.500|1
5988,99.8,30,0,34|9.000|66.000|1
5989,99.8166666666667,30,0,34|9.000|65.500|1
5990,99.8333333333333,30,0,34|9.000|65.000|1
5991,99.85,30,0,34|9.000|64.500|1
5992,99.8666666666667,30,0,34|9.000|64.000|1
5993,99.8833333333333,30,0,34|9.000|63.500|1
5994,99.9,30,0,34|9.000|63.000|1
5995,99.9166666666667,30,0,34|9.000|62.500|1
5996,99.9333333333333,30,0,34|9.000|62.000|1
5997,99.95,30,0,34|9.000|61.500|1
5998,99.9666666666667,30,0,34|9.000|61.000|1
5999,99.9833333333333,30,0,34|9.000|60.500|1
6000,100,30,0,34|9.000|60.000|1
6001,100.016666666667,30,0,34|9.000|59.500|1
6002,100.033333333333,30,0,34|9.000|59.000|1
6003,100.05,30,0,34|9.000|58.500|1
6004,100.066666666667,30,0,34|9.000|58.000|1
6005,100.083333333333,30,0,34|9.000|57.500|1
6006,100.1,30,0,34|9.000|57.000|1
6007,100.116666666667,30,0,34|9.000|56.500|1
6008,100.133333333333,30,0,34|9.000|56.000|1
6009,100.15,30,0,34|9.000|55.500|1
6010,100.166666666667,30,0,34|9.000|55.000|1
6011,100.183333333333,30,0,34|9.000|54.500|1
6012,100.2,30,0,34|9.000|54.000|1
6013,100.216666666667,30,0,34|9.000|53.500|1
6014,100.233333333333,30,0,34|9.000|53.000|1
6015,100.25,30,0,34|9.000|52.500|1
6016,100.266666666667,30,0,34|9.000|52.000|1
6017,100.283333333333,30,0,34|9.000|51.500|1
6018,100.3,30,0,34|9.000|51.000|1
6019,100.316666666667,30,0,34|9.000|50.500|1
6020,100.333333333333,30,0,34|9.000|50.000|1
6021,100.35,30,0,34|9.000|49.500|1
6022,100.366666666667,30,0,34|9.000|49.000|1
6023,100.383333333333,30,0,34|9.000|48.500|1
6024,100.4,30,0,34|9.000|48.000|1
6025,100.416666666667,30,0,34|9.000|47.500|1
6026,100.433333333333,30,0,34|9.000|47.000|1
6027,100.45,30,0,34|9.000|46.500|1
6028,100.466666666667,30,0,34|9.000|46.000|1
6029,100.483333333333,30,0,34|9.000|45.500|1
6030,100.5,30,0,34|9.000|45.000|1
6031,100.516666666667,30,0,34|9.000|44.500|1
6032,100.533333333333,30,0,34|9.000|44.000|1
6033,100.55,30,0,34|9.000|43.500|1
6034,100.566666666667,30,0,34|9.000|43.000|1
6035,100.583333333333,30,0,34|9.000|42.500|1
6036,100.6,30,0,34|9.000|42.000|1
6037,100.616666666667,30,0,34|9.000|41.500|1
6038,100.633333333333,30,0,34|9.000|41.000|1
6039,100.65,30,0,34|9.000|40.500|1
6040,100.666666666667,30,0,34|9.000|40.000|1
6041,100.683333333333,30,0,34|9.000|39.500|1
6042,100.7,30,0,34|9.000|39.000|1
6043,100.716666666667,30,0,34|9.000|38.500|1
6044,100.733333333333,30,0,34|9.000|38.000|1
6045,100.75,30,0,34|9.000|37.500|1
6046,100.766666666667,30,0,34|9.000|37.000|1
6047,100.783333333333,30,0,34|9.000|36.500|1
6048,100.8,30,0,34|9.000|36.000|1
6049,100.816666666667,30,0,34|9.000|35.500|1
6050,100.833333333333,30,0,34|9.000|35.000|1
6051,100.85,30,0,34|9.000|34.500|1
6052,100.866666666667,30,0,34|9.000|34.000|1
6053,100.883333333333,30,0,34|9.000|33.500|1
6054,100.9,30,0,34|9.000|33.000|1
6055,100.916666666667,30,0,34|9.000|32.500|1
6056,100.933333333333,30,0,34|9.000|32.000|1
6057,100.95,30,0,34|9.000|31.500|1
6058,100.966666666667,30,0,34|9.000|31.000|1
6059,100.983333333333,30,0,34|9.000|30.500|1
6060,101,30,0,34|9.000|30.000|1
6061,101.016666666667,30,0,34|9.000|29.500|1
6062,101.033333333333,30,0,34|9.000|29.000|1
6063,101.05,30,0,34|9.000|28.500|1
6064,101.066666666667,30,0,34|9.000|28.000|1
6065,101.083333333333,30,0,34|9.000|27.500|1
6066,101.1,30,0,34|9.000|27.000|1
6067,101.116666666667,30,0,34|9.000|26.500|1
6068,101.133333333333,30,0,34|9.000|26.000|1
6069,101.15,30,0,34|9.000|25.500|1
6070,101.166666666667,30,0,34|9.000|25.000|1
6071,101.183333333333,30,0,34|9.000|24.500|1
6072,101.2,30,0,34|9.000|24.000|1
6073,101.216666666667,30,0,34|9.000|23.500|1
6074,101.233333333333,30,0,34|9.000|23.000|1
6075,101.25,30,0,34|9.000|22.500|1
6076,101.266666666667,30,0,34|9.000|22.000|1
6077,101.283333333333,30,0,34|9.000|21.500|1
6078,101.3,30,0,34|9.000|21.000|1
6079,101.316666666667,30,0,34|9.000|20.500|1
6080,101.333333333333,30,0,34|9.000|20.000|1
6081,101.35,30,0,34|9.000|19.500|1
6082,101.366666666667,30,0,34|9.000|19.000|1
6083,101.383333333333,30,0,34|9.000|18.500|1
6084,101.4,30,0,34|9.000|18.000|1
6085,101.416666666667,30,0,34|9.000|17.500|1
6086,101.433333333333,30,0,34|9.000|17.000|1
6087,101.45,30,0,34|9.000|16.500|1
6088,101.466666666667,30,0,34|9.000|16.000|1
6089,101.483333333333,30,0,34|9.000|15.500|1
6090,101.5,30,0,34|9.000|15.000|1
6091,101.516666666667,30,0,34|9.000|14.500|1
6092,101.533333333333,30,0,34|9.000|14.000|1
6093,101.55,30,0,34|9.000|13.500|1
6094,101.566666666667,30,0,34|9.000|13.000|1
6095,101.583333333333,30,0,34|9.000|12.500|1
6096,101.6,30,0,34|9.000|12.000|1
6097,101.616666666667,30,0,34|9.000|11.500|1
6098,101.633333333333,30,0,34|9.000|11.000|1
6099,101.65,30,0,34|9.000|10.500|1
6100,101.666666666667,30,0,34|9.000|10.000|1
6101,101.683333333333,30,0,34|9.000|9.500|1
6102,101.7,30,0,34|9.000|9.000|1
6103,101.716666666667,30,0,34|9.000|8.500|1
6104,101.733333333333,30,0,34|9.000|8.000|1
6105,101.75,30,0,34|9.000|7.500|1
6106,101.766666666667,30,0,34|9.000|7.000|1
6107,101.783333333333,30,0,34|9.000|6.500|1
6108,101.8,30,0,34|9.000|6.000|1
6109,101.816666666667,30,0,34|9.000|5.500|1
6110,101.833333333333,30,0,34|9.000|5.000|1
6111,101.85,30,0,34|9.000|4.500|1
6112,101.866666666667,30,0,34|9.000|4.000|1
6113,101.883333333333,30,0,34|9.000|3.500|1
6114,101.9,30,0,34|9.000|3.000|1
6115,101.916666666667,30,0,34|9.000|2.500|1
6116,101.933333333333,30,0,34|9.000|2.000|1
6117,101.95,30,0,34|9.000|1.500|1
6118,101.966666666667,30,0,34|9.000|1.000|1
6119,101.983333333333,30,0,34|9.000|0.500|1
6120,102,30,0,34|9.000|0.000|1
6121,102.016666666667,30,0,35|-6.000|89.500|1
6122,102.033333333333,30,0,35|-6.000|89.000|1
6123,102.05,30,0,35|-6.000|88.500|1
6124,102.066666666667,30,0,35|-6.000|88.000|1
6125,102.083333333333,30,0,35|-6.000|87.500|1
6126,102.1,30,0,35|-6.000|87.000|1
6127,102.116666666667,30,0,35|-6.000|86.500|1
6128,102.133333333333,30,0,35|-6.000|86.000|1
6129,102.15,30,0,35|-6.000|85.500|1
6130,102.166666666667,30,0,35|-6.000|85.000|1
6131,102.183333333333,30,0,35|-6.000|84.500|1
6132,102.2,30,0,35|-6.000|84.000|1
6133,102.216666666667,30,0,35|-6.000|83.500|1
6134,102.233333333333,30,0,35|-6.000|83.000|1
6135,102.25,30,0,35|-6.000|82.500|1
6136,102.266666666667,30,0,35|-6.000|82.000|1
6137,102.283333333333,30,0,35|-6.000|81.500|1
6138,102.3,30,0,35|-6.000|81.000|1
6139,102.316666666667,30,0,35|-6.000|80.500|1
6140,102.333333333333,30,0,35|-6.000|80.000|1
6141,102.35,30,0,35|-6.000|79.500|1
6142,102.366666666667,30,0,35|-6.000|79.000|1
6143,102.383333333333,30,0,35|-6.000|78.500|1
6144,102.4,30,0,35|-6.000|78.000|1
6145,102.416666666667,30,0,35|-6.000|77.500|1
6146,102.433333333333,30,0,35|-6.000|77.000|1
6147,102.45,30,0,35|-6.000|76.500|1
6148,102.466666666667,30,0,35|-6.000|76.000|1
6149,102.483333333333,30,0,35|-6.000|75.500|1
6150,102.5,30,0,35|-6.000|75.000|1
6151,102.516666666667,30,0,35|-6.000|74.500|1
6152,102.533333333333,30,0,35|-6.000|74.000|1
6153,102.55,30,0,35|-6.000|73.500|1
6154,102.566666666667,30,0,35|-6.000|73.000|1
6155,102.583333333333,30,0,35|-6.000|72.500|1
6156,102.6,30,0,35|-6.000|72.000|1
6157,102.616666666667,30,0,35|-6.000|71.500|1
6158,102.633333333333,30,0,35|-6.000|71.000|1
6159,102.65,30,0,35|-6.000|70.500|1
6160,102.666666666667,30,0,35|-6.000|70.000|1
6161,102.683333333333,30,0,35|-6.000|69.500|1
6162,102.7,30,0,35|-6.000|69.000|1
6163,102.716666666667,30,0,35|-6.000|68.500|1
6164,102.733333333333,30,0,35|-6.000|68.000|1
6165,102.75,30,0,35|-6.000|67.500|1
6166,102.766666666667,30,0,35|-6.000|67.000|1
6167,102.783333333333,30,0,35|-6.000|66.500|1
6168,102.8,30,0,35|-6.000|66.000|1
6169,102.816666666667,30,0,35|-6.000|65.500|1
6170,102.833333333333,30,0,35|-6.000|65.000|1
6171,102.85,30,0,35|-6.000|64.500|1
6172,102.866666666667,30,0,35|-6.000|64.000|1
6173,102.883333333333,30,0,35|-6.000|63.500|1
6174,102.9,30,0,35|-6.000|63.000|1
6175,102.916666666667,30,0,35|-6.000|62.500|1
6176,102.933333333333,30,0,35|-6.000|62.000|1
6177,102.95,30,0,35|-6.000|61.500|1
6178,102.966666666667,30,0,35|-6.000|61.000|1
6179,102.983333333333,30,0,35|-6.000|60.500|1
6180,103,30,0,35|-6.000|60.000|1
6181,103.016666666667,30,0,35|-6.000|59.500|1
6182,103.033333333333,30,0,35|-6.000|59.000|1
6183,103.05,30,0,35|-6.000|58.500|1
6184,103.066666666667,30,0,35|-6.000|58.000|1
6185,103.083333333333,30,0,35|-6.000|57.500|1
6186,103.1,30,0,35|-6.000|57.000|1
6187,103.116666666667,30,0,35|-6.000|56.500|1
6188,103.133333333333,30,0,35|-6.000|56.000|1
6189,103.15,30,0,35|-6.000|55.500|1
6190,103.166666666667,30,0,35|-6.000|55.000|1
6191,103.183333333333,30,0,35|-6.000|54.500|1
6192,103.2,30,0,35|-6.000|54.000|1
6193,103.216666666667,30,0,35|-6.000|53.500|1
6194,103.233333333333,30,0,35|-6.000|53.000|1
6195,103.25,30,0,35|-6.000|52.500|1
6196,103.266666666667,30,0,35|-6.000|52.000|1
6197,103.283333333333,30,0,35|-6.000|51.500|1
6198,103.3,30,0,35|-6.000|51.000|1
6199,103.316666666667,30,0,35|-6.000|50.500|1
6200,103.333333333333,30,0,35|-6.000|50.000|1
6201,103.35,30,0,35|-6.000|49.500|1
6202,103.366666666667,30,0,35|-6.000|49.000|1
6203,103.383333333333,30,0,35|-6.000|48.500|1
6204,103.4,30,0,35|-6.000|48.000|1
6205,103.416666666667,30,0,35|-6.000|47.500|1
6206,103.433333333333,30,0,35|-6.000|47.000|1
6207,103.45,30,0,35|-6.000|46.500|1
6208,103.466666666667,30,0,35|-6.000|46.000|1
6209,103.483333333333,30,0,35|-6.000|45.500|1
6210,103.5,30,0,35|-6.000|45.000|1
6211,103.516666666667,30,0,35|-6.000|44.500|1
6212,103.533333333333,30,0,35|-6.000|44.000|1
6213,103.55,30,0,35|-6.000|43.500|1
6214,103.566666666667,30,0,35|-6.000|43.000|1
6215,103.583333333333,30,0,35|-6.000|42.500|1
6216,103.6,30,0,35|-6.000|42.000|1
6217,103.616666666667,30,0,35|-6.000|41.500|1
6218,103.633333333333,30,0,35|-6.000|41.000|1
6219,103.65,30,0,35|-6.000|40.500|1
6220,103.666666666667,30,0,35|-6.000|40.000|1
6221,103.683333333333,30,0,35|-6.000|39.500|1
6222,103.7,30,0,35|-6.000|39.000|1
6223,103.716666666667,30,0,35|-6.000|38.500|1
6224,103.733333333333,30,0,35|-6.000|38.000|1
6225,103.75,30,0,35|-6.000|37.500|1
6226,103.766666666667,30,0,35|-6.000|37.000|1
6227,103.783333333333,30,0,35|-6.000|36.500|1
6228,103.8,30,0,35|-6.000|36.000|1
6229,103.816666666667,30,0,35|-6.000|35.500|1
6230,103.833333333333,30,0,35|-6.000|35.000|1
6231,103.85,30,0,35|-6.000|34.500|1
6232,103.866666666667,30,0,35|-6.000|34.000|1
6233,103.883333333333,30,0,35|-6.000|33.500|1
6234,103.9,30,0,35|-6.000|33.000|1
6235,103.916666666667,30,0,35|-6.000|32.500|1
6236,103.933333333333,30,0,35|-6.000|32.000|1
6237,103.95,30,0,35|-6.000|31.500|1
6238,103.966666666667,30,0,35|-6.000|31.000|1
6239,103.983333333333,30,0,35|-6.000|30.500|1
6240,104,30,0,35|-6.000|30.000|1
6241,104.016666666667,30,0,35|-6.000|29.500|1
6242,104.033333333333,30,0,35|-6.000|29.000|1
6243,104.05,30,0,35|-6.000|28.500|1
6244,104.066666666667,30,0,35|-6.000|28.000|1
6245,104.083333333333,30,0,35|-6.000|27.500|1
6246,104.1,30,0,35|-6.000|27.000|1
6247,104.116666666667,30,0,35|-6.000|26.500|1
6248,104.133333333333,30,0,35|-6.000|26.000|1
6249,104.15,30,0,35|-6.000|25.500|1
6250,104.166666666667,30,0,35|-6.000|25.000|1
6251,104.183333333333,30,0,35|-6.000|24.500|1
6252,104.2,30,0,35|-6.000|24.000|1
6253,104.216666666667,30,0,35|-6.000|23.500|1
6254,104.233333333333,30,0,35|-6.000|23.000|1
6255,104.25,30,0,35|-6.000|22.500|1
6256,104.266666666667,30,0,35|-6.000|22.000|1
6257,104.283333333333,30,0,35|-6.000|21.500|1
6258,104.3,30,0,35|-6.000|21.000|1
6259,104.316666666667,30,0,35|-6.000|20.500|1
6260,104.333333333333,30,0,35|-6.000|20.000|1
6261,104.35,30,0,35|-6.000|19.500|1
6262,104.366666666667,30,0,35|-6.000|19.000|1
6263,104.383333333333,30,0,35|-6.000|18.500|1
6264,104.4,30,0,35|-6.000|18.000|1
6265,104.416666666667,30,0,35|-6.000|17.500|1
6266,104.433333333333,30,0,35|-6.000|17.000|1
6267,104.45,30,0,35|-6.000|16.500|1
6268,104.466666666667,30,0,35|-6.000|16.000|1
6269,104.483333333333,30,0,35|-6.000|15.500|1
6270,104.5,30,0,35|-6.000|15.000|1
6271,104.516666666667,30,0,35|-6.000|14.500|1
6272,104.533333333333,30,0,35|-6.000|14.000|1
6273,104.55,30,0,35|-6.000|13.500|1
6274,104.566666666667,30,0,35|-6.000|13.000|1
6275,104.583333333333,30,0,35|-6.000|12.500|1
6276,104.6,30,0,35|-6.000|12.000|1
6277,104.616666666667,30,0,35|-6.000|11.500|1
6278,104.633333333333,30,0,35|-6.000|11.000|1
6279,104.65,30,0,35|-6.000|10.500|1
6280,104.666666666667,30,0,35|-6.000|10.000|1
6281,104.683333333333,30,0,35|-6.000|9.500|1
6282,104.7,30,0,35|-6.000|9.000|1
6283,104.716666666667,30,0,35|-6.000|8.500|1
6284,104.733333333333,30,0,35|-6.000|8.000|1
6285,104.75,30,0,35|-6.000|7.500|1
6286,104.766666666667,30,0,35|-6.000|7.000|1
6287,104.783333333333,30,0,35|-6.000|6.500|1
6288,104.8,30,0,35|-6.000|6.000|1
6289,104.816666666667,30,0,35|-6.000|5.500|1
6290,104.833333333333,30,0,35|-6.000|5.000|1
6291,104.85,30,0,35|-6.000|4.500|1
6292,104.866666666667,30,0,35|-6.000|4.000|1
6293,104.883333333333,30,0,35|-6.000|3.500|1
6294,104.9,30,0,35|-6.000|3.000|1
6295,104.916666666667,30,0,35|-6.000|2.500|1
6296,104.933333333333,30,0,35|-6.000|2.000|1
6297,104.95,30,0,35|-6.000|1.500|1
6298,104.966666666667,30,0,35|-6.000|1.000|1
6299,104.983333333333,30,0,35|-6.000|0.500|1
6300,105,30,0,35|-6.000|0.000|1
6301,105.016666666667,30,0,36|-15.000|89.500|1
6302,105.033333333333,30,0,36|-14.667|89.000|1
6303,105.05,30,0,36|-14.667|88.500|1
6304,105.066666666667,30,0,36|-14.333|88.000|1
6305,105.083333333333,30,0,36|-14.333|87.500|1
6306,105.1,30,0,36|-14.000|87.000|1
6307,105.116666666667,30,0,36|-14.000|86.500|1
6308,105.133333333333,30,0,36|-14.000|86.000|1
6309,105.15,30,0,36|-14.000|85.500|1
6310,105.166666666667,30,0,36|-14.000|85.000|1
6311,105.183333333333,30,0,36|-14.000|84.500|1
6312,105.2,30,0,36|-13.667|84.000|1
6313,105.216666666667,30,0,36|-13.333|83.500|1
6314,105.233333333333,30,0,36|-13.333|83.000|1
6315,105.25,30,0,36|-13.000|82.500|1
6316,105.266666666667,30,0,36|-13.000|82.000|1
6317,105.283333333333,30,0,36|-13.000|81.500|1
6318,105.3,30,0,36|-13.000|81.000|1
6319,105.316666666667,30,0,36|-13.000|80.500|1
6320,105.333333333333,30,0,36|-12.667|80.000|1
6321,105.35,30,0,36|-12.667|79.500|1
6322,105.366666666667,30,0,36|-12.667|79.000|1
6323,105.383333333333,30,0,36|-12.667|78.500|1
6324,105.4,30,0,36|-12.333|78.000|1
6325,105.416666666667,30,0,36|-12.333|77.500|1
6326,105.433333333333,30,0,36|-12.333|77.000|1
6327,105.45,30,0,36|-12.333|76.500|1
6328,105.466666666667,30,0,36|-12.333|76.000|1
6329,105.483333333333,30,0,36|-12.333|75.500|1
6330,105.5,30,0,36|-12.000|75.000|1
6331,105.516666666667,30,0,36|-12.000|74.500|1
6332,105.533333333333,30,0,36|-12.000|74.000|1
6333,105.55,30,0,36|-12.000|73.500|1
6334,105.566666666667,30,0,36|-12.000|73.000|1
6335,105.583333333333,30,0,36|-11.667|72.500|1
6336,105.6,30,0,36|-11.667|72.000|1
6337,105.616666666667,30,0,36|-11.667|71.500|1
6338,105.633333333333,30,0,36|-11.667|71.000|1
6339,105.65,30,0,36|-11.667|70.500|1
6340,105.666666666667,30,0,36|-11.333|70.000|1
6341,105.683333333333,30,0,36|-11.333|69.500|1
6342,105.7,30,0,36|-11.000|69.000|1
6343,105.716666666667,30,0,36|-11.000|68.500|1
6344,105.733333333333,30,0,36|-11.000|68.000|1
6345,105.75,30,0,36|-11.000|67.500|1
6346,105.766666666667,30,0,36|-10.667|67.000|1
6347,105.783333333333,30,0,36|-10.667|66.500|1
6348,105.8,30,0,36|-10.667|66.000|1
6349,105.816666666667,30,0,36|-10.333|65.500|1
6350,105.833333333333,30,0,36|-10.333|65.000|1
6351,105.85,30,0,36|-10.333|64.500|1
6352,105.866666666667,30,0,36|-10.333|64.000|1
6353,105.883333333333,30,0,36|-10.333|63.500|1
6354,105.9,30,0,36|-10.333|63.000|1
6355,105.916666666667,30,0,36|-10.333|62.500|1
6356,105.933333333333,30,0,36|-10.333|62.000|1
6357,105.95,30,0,36|-10.333|61.500|1
6358,105.966666666667,30,0,36|-10.000|61.000|1
6359,105.983333333333,30,0,36|-10.000|60.500|1
6360,106,30,0,36|-10.000|60.000|1
6361,106.016666666667,30,0,36|-10.000|59.500|1
6362,106.033333333333,30,0,36|-10.000|59.000|1
6363,106.05,30,0,36|-10.000|58.500|1
6364,106.066666666667,30,0,36|-10.000|58.000|1
6365,106.083333333333,30,0,36|-10.000|57.500|1
6366,106.1,30,0,36|-10.000|57.000|1
6367,106.116666666667,30,0,36|-10.000|56.500|1
6368,106.133333333333,30,0,36|-9.667|56.000|1
6369,106.15,30,0,36|-9.667|55.500|1
6370,106.166666666667,30,0,36|-9.667|55.000|1
6371,106.183333333333,30,0,36|-9.333|54.500|1
6372,106.2,30,0,36|-9.333|54.000|1
6373,106.216666666667,30,0,36|-9.333|53.500|1
6374,106.233333333333,30,0,36|-9.333|53.000|1
6375,106.25,30,0,36|-9.333|52.500|1
6376,106.266666666667,30,0,36|-9.333|52.000|1
6377,106.283333333333,30,0,36|-9.333|51.500|1
6378,106.3,30,0,36|-9.333|51.000|1
6379,106.316666666667,30,0,36|-9.000|50.500|1
6380,106.333333333333,30,0,36|-9.000|50.000|1
6381,106.35,30,0,36|-8.667|49.500|1
6382,106.366666666667,30,0,36|-8.667|49.000|1
6383,106.383333333333,30,0,36|-8.667|48.500|1
6384,106.4,30,0,36|-8.333|48.000|1
6385,106.416666666667,30,0,36|-8.000|47.500|1
6386,106.433333333333,30,0,36|-8.000|47.000|1
6387,106.45,30,0,36|-8.000|46.500|1
6388,106.466666666667,30,0,36|-8.000|46.000|1
6389,106.483333333333,30,0,36|-8.000|45.500|1
6390,106.5,30,0,36|-8.000|45.000|1
6391,106.516666666667,30,0,36|-8.000|44.500|1
6392,106.533333333333,30,0,36|-8.000|44.000|1
6393,106.55,30,0,36|-8.000|43.500|1
6394,106.566666666667,30,0,36|-8.000|43.000|1
6395,106.583333333333,30,0,36|-8.000|42.500|1
6396,106.6,30,0,36|-8.000|42.000|1
6397,106.616666666667,30,0,36|-7.667|41.500|1
6398,106.633333333333,30,0,36|-7.667|41.000|1
6399,106.65,30,0,36|-7.667|40.500|1
6400,106.666666666667,30,0,36|-7.667|40.000|1
6401,106.683333333333,30,0,36|-7.333|39.500|1
6402,106.7,30,0,36|-7.333|39.000|1
6403,106.716666666667,30,0,36|-7.333|38.500|1
6404,106.733333333333,30,0,36|-7.333|38.000|1
6405,106.75,30,0,36|-7.333|37.500|1
6406,106.766666666667,30,0,36|-7.333|37.000|1
6407,106.783333333333,30,0,36|-7.333|36.500|1
6408,106.8,30,0,36|-7.000|36.000|1
6409,106.816666666667,30,0,36|-7.000|35.500|1
6410,106.833333333333,30,0,36|-7.000|35.000|1
6411,106.85,30,0,36|-7.000|34.500|1
6412,106.866666666667,30,0,36|-6.667|34.000|1
6413,106.883333333333,30,0,36|-6.667|33.500|1
6414,106.9,30,0,36|-6.667|33.000|1
6415,106.916666666667,30,0,36|-6.333|32.500|1
6416,106.933333333333,30,0,36|-6.333|32.000|1
6417,106.95,30,0,36|-6.000|31.500|1
6418,106.966666666667,30,0,36|-6.000|31.000|1
6419,106.983333333333,30,0,36|-5.667|30.500|1
6420,107,30,0,36|-5.667|30.000|1
6421,107.016666666667,30,0,36|-5.333|29.500|1
6422,107.033333333333,30,0,36|-5.333|29.000|1
6423,107.05,30,0,36|-5.333|28.500|1
6424,107.066666666667,30,0,36|-5.333|28.000|1
6425,107.083333333333,30,0,36|-5.333|27.500|1
6426,107.1,30,0,36|-5.000|27.000|1
6427,107.116666666667,30,0,36|-4.667|26.500|1
6428,107.133333333333,30,0,36|-4.333|26.000|1
6429,107.15,30,0,36|-4.000|25.500|1
6430,107.166666666667,30,0,36|-4.000|25.000|1
6431,107.183333333333,30,0,36|-4.000|24.500|1
6432,107.2,30,0,36|-4.000|24.000|1
6433,107.216666666667,30,0,36|-4.000|23.500|1
6434,107.233333333333,30,0,36|-4.000|23.000|1
6435,107.25,30,0,36|-4.000|22.500|1
6436,107.266666666667,30,0,36|-4.000|22.000|1
6437,107.283333333333,30,0,36|-3.667|21.500|1
6438,107.3,30,0,36|-3.667|21.000|1
6439,107.316666666667,30,0,36|-3.667|20.500|1
6440,107.333333333333,30,0,36|-3.667|20.000|1
6441,107.35,30,0,36|-3.667|19.500|1
6442,107.366666666667,30,0,36|-3.667|19.000|1
6443,107.383333333333,30,0,36|-3.667|18.500|1
6444,107.4,30,0,36|-3.667|18.000|1
6445,107.416666666667,30,0,36|-3.667|17.500|1
6446,107.433333333333,30,0,36|-3.667|17.000|1
6447,107.45,30,0,36|-3.333|16.500|1
6448,107.466666666667,30,0,36|-3.333|16.000|1
6449,107.483333333333,30,0,36|-3.333|15.500|1
6450,107.5,30,0,36|-3.333|15.000|1
6451,107.516666666667,30,0,36|-3.333|14.500|1
6452,107.533333333333,30,0,36|-3.000|14.000|1
6453,107.55,30,0,36|-2.667|13.500|1
6454,107.566666666667,30,0,36|-2.667|13.000|1
6455,107.583333333333,30,0,36|-2.667|12.500|1
6456,107.6,30,0,36|-2.667|12.000|1
6457,107.616666666667,30,0,36|-2.333|11.500|1
6458,107.633333333333,30,0,36|-2.333|11.000|1
6459,107.65,30,0,36|-2.333|10.500|1
6460,107.666666666667,30,0,36|-2.333|10.000|1
6461,107.683333333333,30,0,36|-2.000|9.500|1
6462,107.7,30,0,36|-2.000|9.000|1
6463,107.716666666667,30,0,36|-2.000|8.500|1
6464,107.733333333333,30,0,36|-2.000|8.000|1
6465,107.75,30,0,36|-2.000|7.500|1
6466,107.766666666667,30,0,36|-1.667|7.000|1
6467,107.783333333333,30,0,36|-1.667|6.500|1
6468,107.8,30,0,36|-1.667|6.000|1
6469,107.816666666667,30,0,36|-1.667|5.500|1
6470,107.833333333333,30,0,36|-1.667|5.000|1
6471,107.85,30,0,36|-1.667|4.500|1
6472,107.866666666667,30,0,36|-1.667|4.000|1
6473,107.883333333333,30,0,36|-1.333|3.500|1
6474,107.9,30,0,36|-1.000|3.000|1
6475,107.916666666667,30,0,36|-0.667|2.500|1
6476,107.933333333333,30,0,36|-0.667|2.000|1
6477,107.95,30,0,36|-0.667|1.500|1
6478,107.966666666667,30,0,36|-0.333|1.000|1
6479,107.983333333333,30,0,36|-0.333|0.500|1
6480,108,30,1,36|0.000|0.000|1
6481,108.016666666667,30,0,37|-9.000|89.500|1
6482,108.033333333333,30,0,37|-9.000|89.000|1
6483,108.05,30,0,37|-8.800|88.500|1
6484,108.066666666667,30,0,37|-8.800|88.000|1
6485,108.083333333333,30,0,37|-8.600|87.500|1
6486,108.1,30,0,37|-8.600|87.000|1
6487,108.116666666667,30,0,37|-8.600|86.500|1
6488,108.133333333333,30,0,37|-8.400|86.000|1
6489,108.15,30,0,37|-8.200|85.500|1
6490,108.166666666667,30,0,37|-8.200|85.000|1
6491,108.183333333333,30,0,37|-8.200|84.500|1
6492,108.2,30,0,37|-8.200|84.000|1
6493,108.216666666667,30,0,37|-8.200|83.500|1
6494,108.233333333333,30,0,37|-8.200|83.000|1
6495,108.25,30,0,37|-8.000|82.500|1
6496,108.266666666667,30,0,37|-8.000|82.000|1
6497,108.283333333333,30,0,37|-8.000|81.500|1
6498,108.3,30,0,37|-7.800|81.000|1
6499,108.316666666667,30,0,37|-7.800|80.500|1
6500,108.333333333333,30,0,37|-7.800|80.000|1
6501,108.35,30,0,37|-7.800|79.500|1
6502,108.366666666667,30,0,37|-7.600|79.000|1
6503,108.383333333333,30,0,37|-7.600|78.500|1
6504,108.4,30,0,37|-7.600|78.000|1
6505,108.416666666667,30,0,37|-7.600|77.500|1
6506,108.433333333333,30,0,37|-7.600|77.000|1
6507,108.45,30,0,37|-7.600|76.500|1
6508,108.466666666667,30,0,37|-7.600|76.000|1
6509,108.483333333333,30,0,37|-7.600|75.500|1
6510,108.5,30,0,37|-7.400|75.000|1
6511,108.516666666667,30,0,37|-7.400|74.500|1
6512,108.533333333333,30,0,37|-7.400|74.000|1
6513,108.55,30,0,37|-7.400|73.500|1
6514,108.566666666667,30,0,37|-7.400|73.000|1
6515,108.583333333333,30,0,37|-7.400|72.500|1
6516,108.6,30,0,37|-7.400|72.000|1
6517,108.616666666667,30,0,37|-7.400|71.500|1
6518,108.633333333333,30,0,37|-7.400|71.000|1
6519,108.65,30,0,37|-7.400|70.500|1
6520,108.666666666667,30,0,37|-7.400|70.000|1
6521,108.683333333333,30,0,37|-7.200|69.500|1
6522,108.7,30,0,37|-7.200|69.000|1
6523,108.716666666667,30,0,37|-7.000|68.500|1
6524,108.733333333333,30,0,37|-7.000|68.000|1
6525,108.75,30,0,37|-7.000|67.500|1
6526,108.766666666667,30,0,37|-6.800|67.000|1
6527,108.783333333333,30,0,37|-6.800|66.500|1
6528,108.8,30,0,37|-6.800|66.000|1
6529,108.816666666667,30,0,37|-6.800|65.500|1
6530,108.833333333333,30,0,37|-6.800|65.000|1
6531,108.85,30,0,37|-6.800|64.500|1
6532,108.866666666667,30,0,37|-6.600|64.000|1
6533,108.883333333333,30,0,37|-6.600|63.500|1
6534,108.9,30,0,37|-6.600|63.000|1
6535,108.916666666667,30,0,37|-6.600|62.500|1
6536,108.933333333333,30,0,37|-6.600|62.000|1
6537,108.95,30,0,37|-6.400|61.500|1
6538,108.966666666667,30,0,37|-6.400|61.000|1
6539,108.983333333333,30,0,37|-6.400|60.500|1
6540,109,30,0,37|-6.400|60.000|1
6541,109.016666666667,30,0,37|-6.400|59.500|1
6542,109.033333333333,30,0,37|-6.400|59.000|1
6543,109.05,30,0,37|-6.200|58.500|1
6544,109.066666666667,30,0,37|-6.000|58.000|1
6545,109.083333333333,30,0,37|-6.000|57.500|1
6546,109.1,30,0,37|-6.000|57.000|1
6547,109.116666666667,30,0,37|-6.000|56.500|1
6548,109.133333333333,30,0,37|-5.800|56.000|1
6549,109.15,30,0,37|-5.800|55.500|1
6550,109.166666666667,30,0,37|-5.800|55.000|1
6551,109.183333333333,30,0,37|-5.800|54.500|1
6552,109.2,30,0,37|-5.600|54.000|1
6553,109.216666666667,30,0,37|-5.400|53.500|1
6554,109.233333333333,30,0,37|-5.400|53.000|1
6555,109.25,30,0,37|-5.400|52.500|1
6556,109.266666666667,30,0,37|-5.400|52.000|1
6557,109.283333333333,30,0,37|-5.200|51.500|1
6558,109.3,30,0,37|-5.200|51.000|1
6559,109.316666666667,30,0,37|-5.200|50.500|1
6560,109.333333333333,30,0,37|-5.000|50.000|1
6561,109.35,30,0,37|-5.000|49.500|1
6562,109.366666666667,30,0,37|-5.000|49.000|1
6563,109.383333333333,30,0,37|-4.800|48.500|1
6564,109.4,30,0,37|-4.800|48.000|1
6565,109.416666666667,30,0,37|-4.800|47.500|1
6566,109.433333333333,30,0,37|-4.600|47.000|1
6567,109.45,30,0,37|-4.400|46.500|1
6568,109.466666666667,30,0,37|-4.400|46.000|1
6569,109.483333333333,30,0,37|-4.400|45.500|1
6570,109.5,30,0,37|-4.400|45.000|1
6571,109.516666666667,30,0,37|-4.200|44.500|1
6572,109.533333333333,30,0,37|-4.200|44.000|1
6573,109.55,30,0,37|-4.200|43.500|1
6574,109.566666666667,30,0,37|-4.200|43.000|1
6575,109.583333333333,30,0,37|-4.000|42.500|1
6576,109.6,30,0,37|-4.000|42.000|1
6577,109.616666666667,30,0,37|-4.000|41.500|1
6578,109.633333333333,30,0,37|-4.000|41.000|1
6579,109.65,30,0,37|-3.800|40.500|1
6580,109.666666666667,30,0,37|-3.800|40.000|1
6581,109.683333333333,30,0,37|-3.800|39.500|1
6582,109.7,30,0,37|-3.800|39.000|1
6583,109.716666666667,30,0,37|-3.800|38.500|1
6584,109.733333333333,30,0,37|-3.800|38.000|1
6585,109.75,30,0,37|-3.800|37.500|1
6586,109.766666666667,30,0,37|-3.800|37.000|1
6587,109.783333333333,30,0,37|-3.800|36.500|1
6588,109.8,30,0,37|-3.600|36.000|1
6589,109.816666666667,30,0,37|-3.600|35.500|1
6590,109.833333333333,30,0,37|-3.600|35.000|1
6591,109.85,30,0,37|-3.600|34.500|1
6592,109.866666666667,30,0,37|-3.600|34.000|1
6593,109.883333333333,30,0,37|-3.400|33.500|1
6594,109.9,30,0,37|-3.400|33.000|1
6595,109.916666666667,30,0,37|-3.400|32.500|1
6596,109.933333333333,30,0,37|-3.400|32.000|1
6597,109.95,30,0,37|-3.200|31.500|1
6598,109.966666666667,30,0,37|-3.200|31.000|1
6599,109.983333333333,30,0,37|-3.200|30.500|1
6600,110,30,0,37|-3.200|30.000|1
6601,110.016666666667,30,0,37|-3.200|29.500|1
6602,110.033333333333,30,0,37|-3.200|29.000|1
6603,110.05,30,0,37|-3.200|28.500|1
6604,110.066666666667,30,0,37|-3.200|28.000|1
6605,110.083333333333,30,0,37|-3.200|27.500|1
6606,110.1,30,0,37|-3.000|27.000|1
6607,110.116666666667,30,0,37|-2.800|26.500|1
6608,110.133333333333,30,0,37|-2.800|26.000|1
6609,110.15,30,0,37|-2.600|25.500|1
6610,110.166666666667,30,0,37|-2.600|25.000|1
6611,110.183333333333,30,0,37|-2.600|24.500|1
6612,110.2,30,0,37|-2.600|24.000|1
6613,110.216666666667,30,0,37|-2.600|23.500|1
6614,110.233333333333,30,0,37|-2.400|23.000|1
6615,110.25,30,0,37|-2.400|22.500|1
6616,110.266666666667,30,0,37|-2.400|22.000|1
6617,110.283333333333,30,0,37|-2.400|21.500|1
6618,110.3,30,0,37|-2.400|21.000|1
6619,110.316666666667,30,0,37|-2.400|20.500|1
6620,110.333333333333,30,0,37|-2.400|20.000|1
6621,110.35,30,0,37|-2.400|19.500|1
6622,110.366666666667,30,0,37|-2.400|19.000|1
6623,110.383333333333,30,0,37|-2.200|18.500|1
6624,110.4,30,0,37|-2.200|18.000|1
6625,110.416666666667,30,0,37|-2.200|17.500|1
6626,110.433333333333,30,0,37|-2.000|17.000|1
6627,110.45,30,0,37|-2.000|16.500|1
6628,110.466666666667,30,0,37|-1.800|16.000|1
6629,110.483333333333,30,0,37|-1.800|15.500|1
6630,110.5,30,0,37|-1.800|15.000|1
6631,110.516666666667,30,0,37|-1.600|14.500|1
6632,110.533333333333,30,0,37|-1.600|14.000|1
6633,110.55,30,0,37|-1.600|13.500|1
6634,110.566666666667,30,0,37|-1.600|13.000|1
6635,110.583333333333,30,0,37|-1.600|12.500|1
6636,110.6,30,0,37|-1.600|12.000|1
6637,110.616666666667,30,0,37|-1.600|11.500|1
6638,110.633333333333,30,0,37|-1.400|11.000|1
6639,110.65,30,0,37|-1.400|10.500|1
6640,110.666666666667,30,0,37|-1.400|10.000|1
6641,110.683333333333,30,0,37|-1.400|9.500|1
6642,110.7,30,0,37|-1.400|9.000|1
6643,110.716666666667,30,0,37|-1.400|8.500|1
6644,110.733333333333,30,0,37|-1.200|8.000|1
6645,110.75,30,0,37|-1.200|7.500|1
6646,110.766666666667,30,0,37|-1.200|7.000|1
6647,110.783333333333,30,0,37|-1.200|6.500|1
6648,110.8,30,0,37|-1.000|6.000|1
6649,110.816666666667,30,0,37|-1.000|5.500|1
6650,110.833333333333,30,0,37|-0.800|5.000|1
6651,110.85,30,0,37|-0.800|4.500|1
6652,110.866666666667,30,0,37|-0.800|4.000|1
6653,110.883333333333,30,0,37|-0.800|3.500|1
6654,110.9,30,0,37|-0.800|3.000|1
6655,110.916666666667,30,0,37|-0.600|2.500|1
6656,110.933333333333,30,0,37|-0.600|2.000|1
6657,110.95,30,0,37|-0.400|1.500|1
6658,110.966666666667,30,0,37|-0.200|1.000|1
6659,110.983333333333,30,0,37|-0.200|0.500|1
6660,111,30,1,37|0.000|0.000|1
6661,111.016666666667,30,0,38|-8.950|89.500|1
6662,111.033333333333,30,0,38|-8.900|89.000|1
6663,111.05,30,0,38|-8.850|88.500|1
6664,111.066666666667,30,0,38|-8.800|88.000|1
6665,111.083333333333,30,0,38|-8.750|87.500|1
6666,111.1,30,0,38|-8.700|87.000|1
6667,111.116666666667,30,0,38|-8.650|86.500|1
6668,111.133333333333,30,0,38|-8.600|86.000|1
6669,111.15,30,0,38|-8.550|85.500|1
6670,111.166666666667,30,0,38|-8.500|85.000|1
6671,111.183333333333,30,0,38|-8.450|84.500|1
6672,111.2,30,0,38|-8.400|84.000|1
6673,111.216666666667,30,0,38|-8.350|83.500|1
6674,111.233333333333,30,0,38|-8.300|83.000|1
6675,111.25,30,0,38|-8.250|82.500|1
6676,111.266666666667,30,0,38|-8.200|82.000|1
6677,111.283333333333,30,0,38|-8.150|81.500|1
6678,111.3,30,0,38|-8.100|81.000|1
6679,111.316666666667,30,0,38|-8.050|80.500|1
6680,111.333333333333,30,0,38|-8.000|80.000|1
6681,111.35,30,0,38|-7.950|79.500|1
6682,111.366666666667,30,0,38|-7.900|79.000|1
6683,111.383333333333,30,0,38|-7.850|78.500|1
6684,111.4,30,0,38|-7.800|78.000|1
6685,111.416666666667,30,0,38|-7.750|77.500|1
6686,111.433333333333,30,0,38|-7.700|77.000|1
6687,111.45,30,0,38|-7.650|76.500|1
6688,111.466666666667,30,0,38|-7.600|76.000|1
6689,111.483333333333,30,0,38|-7.550|75.500|1
6690,111.5,30,0,38|-7.500|75.000|1
6691,111.516666666667,30,0,38|-7.450|74.500|1
6692,111.533333333333,30,0,38|-7.400|74.000|1
6693,111.55,30,0,38|-7.350|73.500|1
6694,111.566666666667,30,0,38|-7.300|73.000|1
6695,111.583333333333,30,0,38|-7.250|72.500|1
6696,111.6,30,0,38|-7.200|72.000|1
6697,111.616666666667,30,0,38|-7.150|71.500|1
6698,111.633333333333,30,0,38|-7.100|71.000|1
6699,111.65,30,0,38|-7.050|70.500|1
6700,111.666666666667,30,0,38|-7.000|70.000|1
6701,111.683333333333,30,0,38|-6.950|69.500|1
6702,111.7,30,0,38|-6.900|69.000|1
6703,111.716666666667,30,0,38|-6.850|68.500|1
6704,111.733333333333,30,0,38|-6.800|68.000|1
6705,111.75,30,0,38|-6.750|67.500|1
6706,111.766666666667,30,0,38|-6.700|67.000|1
6707,111.783333333333,30,0,38|-6.650|66.500|1
6708,111.8,30,0,38|-6.600|66.000|1
6709,111.816666666667,30,0,38|-6.550|65.500|1
6710,111.833333333333,30,0,38|-6.500|65.000|1
6711,111.85,30,0,38|-6.450|64.500|1
6712,111.866666666667,30,0,38|-6.400|64.000|1
6713,111.883333333333,30,0,38|-6.350|63.500|1
6714,111.9,30,0,38|-6.300|63.000|1
6715,111.916666666667,30,0,38|-6.250|62.500|1
6716,111.933333333333,30,0,38|-6.200|62.000|1
6717,111.95,30,0,38|-6.150|61.500|1
6718,111.966666666667,30,0,38|-6.100|61.000|1
6719,111.983333333333,30,0,38|-6.050|60.500|1
6720,112,30,0,38|-6.000|60.000|1
6721,112.016666666667,30,0,38|-5.950|59.500|1
6722,112.033333333333,30,0,38|-5.900|59.000|1
6723,112.05,30,0,38|-5.850|58.500|1
6724,112.066666666667,30,0,38|-5.800|58.000|1
6725,112.083333333333,30,0,38|-5.750|57.500|1
6726,112.1,30,0,38|-5.700|57.000|1
6727,112.116666666667,30,0,38|-5.650|56.500|1
6728,112.133333333333,30,0,38|-5.600|56.000|1
6729,112.15,30,0,38|-5.550|55.500|1
6730,112.166666666667,30,0,38|-5.500|55.000|1
6731,112.183333333333,30,0,38|-5.450|54.500|1
6732,112.2,30,0,38|-5.400|54.000|1
6733,112.216666666667,30,0,38|-5.350|53.500|1
6734,112.233333333333,30,0,38|-5.300|53.000|1
6735,112.25,30,0,38|-5.250|52.500|1
6736,112.266666666667,30,0,38|-5.200|52.000|1
6737,112.283333333333,30,0,38|-5.150|51.500|1
6738,112.3,30,0,38|-5.100|51.000|1
6739,112.316666666667,30,0,38|-5.050|50.500|1
6740,112.333333333333,30,0,38|-5.000|50.000|1
6741,112.35,30,0,38|-4.950|49.500|1
6742,112.366666666667,30,0,38|-4.900|49.000|1
6743,112.383333333333,30,0,38|-4.850|48.500|1
6744,112.4,30,0,38|-4.800|48.000|1
6745,112.416666666667,30,0,38|-4.750|47.500|1
6746,112.433333333333,30,0,38|-4.700|47.000|1
6747,112.45,30,0,38|-4.650|46.500|1
6748,112.466666666667,30,0,38|-4.600|46.000|1
6749,112.483333333333,30,0,38|-4.550|45.500|1
6750,112.5,30,0,38|-4.500|45.000|1
6751,112.516666666667,30,0,38|-4.450|44.500|1
6752,112.533333333333,30,0,38|-4.400|44.000|1
6753,112.55,30,0,38|-4.350|43.500|1
6754,112.566666666667,30,0,38|-4.300|43.000|1
6755,112.583333333333,30,0,38|-4.250|42.500|1
6756,112.6,30,0,38|-4.200|42.000|1
6757,112.616666666667,30,0,38|-4.150|41.500|1
6758,112.633333333333,30,0,38|-4.100|41.000|1
6759,112.65,30,0,38|-4.050|40.500|1
6760,112.666666666667,30,0,38|-4.000|40.000|1
6761,112.683333333333,30,0,38|-3.950|39.500|1
6762,112.7,30,0,38|-3.900|39.000|1
6763,112.716666666667,30,0,38|-3.850|38.500|1
6764,112.733333333333,30,0,38|-3.800|38.000|1
6765,112.75,30,0,38|-3.750|37.500|1
6766,112.766666666667,30,0,38|-3.700|37.000|1
6767,112.783333333333,30,0,38|-3.650|36.500|1
6768,112.8,30,0,38|-3.600|36.000|1
6769,112.816666666667,30,0,38|-3.550|35.500|1
6770,112.833333333333,30,0,38|-3.500|35.000|1
6771,112.85,30,0,38|-3.450|34.500|1
6772,112.866666666667,30,0,38|-3.400|34.000|1
6773,112.883333333333,30,0,38|-3.350|33.500|1
6774,112.9,30,0,38|-3.300|33.000|1
6775,112.916666666667,30,0,38|-3.250|32.500|1
6776,112.933333333333,30,0,38|-3.200|32.000|1
6777,112.95,30,0,38|-3.150|31.500|1
6778,112.966666666667,30,0,38|-3.100|31.000|1
6779,112.983333333333,30,0,38|-3.050|30.500|1
6780,113,30,0,38|-3.000|30.000|1
6781,113.016666666667,30,0,38|-2.950|29.500|1
6782,113.033333333333,30,0,38|-2.900|29.000|1
6783,113.05,30,0,38|-2.850|28.500|1
6784,113.066666666667,30,0,38|-2.800|28.000|1
6785,113.083333333333,30,0,38|-2.750|27.500|1
6786,113.1,30,0,38|-2.700|27.000|1
6787,113.116666666667,30,0,38|-2.650|26.500|1
6788,113.133333333333,30,0,38|-2.600|26.000|1
6789,113.15,30,0,38|-2.550|25.500|1
6790,113.166666666667,30,0,38|-2.500|25.000|1
6791,113.183333333333,30,0,38|-2.450|24.500|1
6792,113.2,30,0,38|-2.400|24.000|1
6793,113.216666666667,30,0,38|-2.350|23.500|1
6794,113.233333333333,30,0,38|-2.300|23.000|1
6795,113.25,30,0,38|-2.250|22.500|1
6796,113.266666666667,30,0,38|-2.200|22.000|1
6797,113.283333333333,30,0,38|-2.150|21.500|1
6798,113.3,30,0,38|-2.100|21.000|1
6799,113.316666666667,30,0,38|-2.050|20.500|1
6800,113.333333333333,30,0,38|-2.000|20.000|1
6801,113.35,30,0,38|-1.950|19.500|1
6802,113.366666666667,30,0,38|-1.900|19.000|1
6803,113.383333333333,30,0,38|-1.850|18.500|1
6804,113.4,30,0,38|-1.800|18.000|1
6805,113.416666666667,30,0,38|-1.750|17.500|1
6806,113.433333333333,30,0,38|-1.700|17.000|1
6807,113.45,30,0,38|-1.650|16.500|1
6808,113.466666666667,30,0,38|-1.600|16.000|1
6809,113.483333333333,30,0,38|-1.550|15.500|1
6810,113.5,30,0,38|-1.500|15.000|1
6811,113.516666666667,30,0,38|-1.450|14.500|1
6812,113.533333333333,30,0,38|-1.400|14.000|1
6813,113.55,30,0,38|-1.350|13.500|1
6814,113.566666666667,30,0,38|-1.300|13.000|1
6815,113.583333333333,30,0,38|-1.250|12.500|1
6816,113.6,30,0,38|-1.200|12.000|1
6817,113.616666666667,30,0,38|-1.150|11.500|1
6818,113.633333333333,30,0,38|-1.100|11.000|1
6819,113.65,30,0,38|-1.050|10.500|1
6820,113.666666666667,30,0,38|-1.000|10.000|1
6821,113.683333333333,30,0,38|-0.950|9.500|1
6822,113.7,30,0,38|-0.900|9.000|1
6823,113.716666666667,30,0,38|-0.850|8.500|1
6824,113.733333333333,30,0,38|-0.800|8.000|1
6825,113.75,30,0,38|-0.750|7.500|1
6826,113.766666666667,30,0,38|-0.700|7.000|1
6827,113.783333333333,30,0,38|-0.650|6.500|1
6828,113.8,30,0,38|-0.600|6.000|1
6829,113.816666666667,30,0,38|-0.550|5.500|1
6830,113.833333333333,30,0,38|-0.500|5.000|1
6831,113.85,30,0,38|-0.450|4.500|1
6832,113.866666666667,30,0,38|-0.400|4.000|1
6833,113.883333333333,30,0,38|-0.350|3.500|1
6834,113.9,30,0,38|-0.300|3.000|1
6835,113.916666666667,30,0,38|-0.250|2.500|1
6836,113.933333333333,30,0,38|-0.200|2.000|1
6837,113.95,30,0,38|-0.150|1.500|1
6838,113.966666666667,30,0,38|-0.100|1.000|1
6839,113.983333333333,30,0,38|-0.050|0.500|1
6840,114,30,1,38|-0.000|0.000|1
6841,114.016666666667,30,0,39|14.833|89.500|1
6842,114.033333333333,30,0,39|14.667|89.000|1
6843,114.05,30,0,39|14.500|88.500|1
6844,114.066666666667,30,0,39|14.500|88.000|1
6845,114.083333333333,30,0,39|14.500|87.500|1
6846,114.1,30,0,39|14.333|87.000|1
6847,114.116666666667,30,0,39|14.167|86.500|1
6848,114.133333333333,30,0,39|14.000|86.000|1
6849,114.15,30,0,39|13.833|85.500|1
6850,114.166666666667,30,0,39|13.833|85.000|1
6851,114.183333333333,30,0,39|13.667|84.500|1
6852,114.2,30,0,39|13.500|84.000|1
6853,114.216666666667,30,0,39|13.333|83.500|1
6854,114.233333333333,30,0,39|13.167|83.000|1
6855,114.25,30,0,39|13.000|82.500|1
6856,114.266666666667,30,0,39|13.000|82.000|1
6857,114.283333333333,30,0,39|12.833|81.500|1
6858,114.3,30,0,39|12.667|81.000|1
6859,114.316666666667,30,0,39|12.667|80.500|1
6860,114.333333333333,30,0,39|12.667|80.000|1
6861,114.35,30,0,39|12.667|79.500|1
6862,114.366666666667,30,0,39|12.667|79.000|1
6863,114.383333333333,30,0,39|12.667|78.500|1
6864,114.4,30,0,39|12.667|78.000|1
6865,114.416666666667,30,0,39|12.667|77.500|1
6866,114.433333333333,30,0,39|12.500|77.000|1
6867,114.45,30,0,39|12.333|76.500|1
6868,114.466666666667,30,0,39|12.333|76.000|1
6869,114.483333333333,30,0,39|12.167|75.500|1
6870,114.5,30,0,39|12.000|75.000|1
6871,114.516666666667,30,0,39|11.833|74.500|1
6872,114.533333333333,30,0,39|11.667|74.000|1
6873,114.55,30,0,39|11.667|73.500|1
6874,114.566666666667,30,0,39|11.500|73.000|1
6875,114.583333333333,30,0,39|11.333|72.500|1
6876,114.6,30,0,39|11.167|72.000|1
6877,114.616666666667,30,0,39|11.000|71.500|1
6878,114.633333333333,30,0,39|10.833|71.000|1
6879,114.65,30,0,39|10.833|70.500|1
6880,114.666666666667,30,0,39|10.833|70.000|1
6881,114.683333333333,30,0,39|10.833|69.500|1
6882,114.7,30,0,39|10.667|69.000|1
6883,114.716666666667,30,0,39|10.667|68.500|1
6884,114.733333333333,30,0,39|10.667|68.000|1
6885,114.75,30,0,39|10.667|67.500|1
6886,114.766666666667,30,0,39|10.667|67.000|1
6887,114.783333333333,30,0,39|10.500|66.500|1
6888,114.8,30,0,39|10.333|66.000|1
6889,114.816666666667,30,0,39|10.167|65.500|1
6890,114.833333333333,30,0,39|10.000|65.000|1
6891,114.85,30,0,39|10.000|64.500|1
6892,114.866666666667,30,0,39|10.000|64.000|1
6893,114.883333333333,30,0,39|9.833|63.500|1
6894,114.9,30,0,39|9.667|63.000|1
6895,114.916666666667,30,0,39|9.500|62.500|1
6896,114.933333333333,30,0,39|9.500|62.000|1
6897,114.95,30,0,39|9.333|61.500|1
6898,114.966666666667,30,0,39|9.167|61.000|1
6899,114.983333333333,30,0,39|9.167|60.500|1
6900,115,30,0,39|9.000|60.000|1
6901,115.016666666667,30,0,39|8.833|59.500|1
6902,115.033333333333,30,0,39|8.833|59.000|1
6903,115.05,30,0,39|8.833|58.500|1
6904,115.066666666667,30,0,39|8.833|58.000|1
6905,115.083333333333,30,0,39|8.667|57.500|1
6906,115.1,30,0,39|8.667|57.000|1
6907,115.116666666667,30,0,39|8.667|56.500|1
6908,115.133333333333,30,0,39|8.667|56.000|1
6909,115.15,30,0,39|8.667|55.500|1
6910,115.166666666667,30,0,39|8.667|55.000|1
6911,115.183333333333,30,0,39|8.667|54.500|1
6912,115.2,30,0,39|8.667|54.000|1
6913,115.216666666667,30,0,39|8.667|53.500|1
6914,115.233333333333,30,0,39|8.667|53.000|1
6915,115.25,30,0,39|8.667|52.500|1
6916,115.266666666667,30,0,39|8.667|52.000|1
6917,115.283333333333,30,0,39|8.667|51.500|1
6918,115.3,30,0,39|8.500|51.000|1
6919,115.316666666667,30,0,39|8.333|50.500|1
6920,115.333333333333,30,0,39|8.167|50.000|1
6921,115.35,30,0,39|8.000|49.500|1
6922,115.366666666667,30,0,39|7.833|49.000|1
6923,115.383333333333,30,0,39|7.833|48.500|1
6924,115.4,30,0,39|7.833|48.000|1
6925,115.416666666667,30,0,39|7.667|47.500|1
6926,115.433333333333,30,0,39|7.667|47.000|1
6927,115.45,30,0,39|7.500|46.500|1
6928,115.466666666667,30,0,39|7.500|46.000|1
6929,115.483333333333,30,0,39|7.333|45.500|1
6930,115.5,30,0,39|7.333|45.000|1
6931,115.516666666667,30,0,39|7.333|44.500|1
6932,115.533333333333,30,0,39|7.333|44.000|1
6933,115.55,30,0,39|7.167|43.500|1
6934,115.566666666667,30,0,39|7.167|43.000|1
6935,115.583333333333,30,0,39|7.167|42.500|1
6936,115.6,30,0,39|7.167|42.000|1
6937,115.616666666667,30,0,39|7.000|41.500|1
6938,115.633333333333,30,0,39|6.833|41.000|1
6939,115.65,30,0,39|6.833|40.500|1
6940,115.666666666667,30,0,39|6.667|40.000|1
6941,115.683333333333,30,0,39|6.500|39.500|1
6942,115.7,30,0,39|6.333|39.000|1
6943,115.716666666667,30,0,39|6.167|38.500|1
6944,115.733333333333,30,0,39|6.000|38.000|1
6945,115.75,30,0,39|5.833|37.500|1
6946,115.766666666667,30,0,39|5.667|37.000|1
6947,115.783333333333,30,0,39|5.667|36.500|1
6948,115.8,30,0,39|5.500|36.000|1
6949,115.816666666667,30,0,39|5.500|35.500|1
6950,115.833333333333,30,0,39|5.500|35.000|1
6951,115.85,30,0,39|5.500|34.500|1
6952,115.866666666667,30,0,39|5.333|34.000|1
6953,115.883333333333,30,0,39|5.167|33.500|1
6954,115.9,30,0,39|5.167|33.000|1
6955,115.916666666667,30,0,39|5.000|32.500|1
6956,115.933333333333,30,0,39|5.000|32.000|1
6957,115.95,30,0,39|4.833|31.500|1
6958,115.966666666667,30,0,39|4.833|31.000|1
6959,115.983333333333,30,0,39|4.667|30.500|1
6960,116,30,0,39|4.500|30.000|1
6961,116.016666666667,30,0,39|4.500|29.500|1
6962,116.033333333333,30,0,39|4.500|29.000|1
6963,116.05,30,0,39|4.500|28.500|1
6964,116.066666666667,30,0,39|4.333|28.000|1
6965,116.083333333333,30,0,39|4.333|27.500|1
6966,116.1,30,0,39|4.167|27.000|1
6967,116.116666666667,30,0,39|4.167|26.500|1
6968,116.133333333333,30,0,39|4.000|26.000|1
6969,116.15,30,0,39|4.000|25.500|1
6970,116.166666666667,30,0,39|4.000|25.000|1
6971,116.183333333333,30,0,39|3.833|24.500|1
6972,116.2,30,0,39|3.833|24.000|1
6973,116.216666666667,30,0,39|3.833|23.500|1
6974,116.233333333333,30,0,39|3.833|23.000|1
6975,116.25,30,0,39|3.833|22.500|1
6976,116.266666666667,30,0,39|3.667|22.000|1
6977,116.283333333333,30,0,39|3.500|21.500|1
6978,116.3,30,0,39|3.500|21.000|1
6979,116.316666666667,30,0,39|3.333|20.500|1
6980,116.333333333333,30,0,39|3.333|20.000|1
6981,116.35,30,0,39|3.333|19.500|1
6982,116.366666666667,30,0,39|3.167|19.000|1
6983,116.383333333333,30,0,39|3.167|18.500|1
6984,116.4,30,0,39|3.167|18.000|1
6985,116.416666666667,30,0,39|3.000|17.500|1
6986,116.433333333333,30,0,39|3.000|17.000|1
6987,116.45,30,0,39|2.833|16.500|1
6988,116.466666666667,30,0,39|2.833|16.000|1
6989,116.483333333333,30,0,39|2.833|15.500|1
6990,116.5,30,0,39|2.833|15.000|1
6991,116.516666666667,30,0,39|2.833|14.500|1
6992,116.533333333333,30,0,39|2.833|14.000|1
6993,116.55,30,0,39|2.833|13.500|1
6994,116.566666666667,30,0,39|2.667|13.000|1
6995,116.583333333333,30,0,39|2.667|12.500|1
6996,116.6,30,0,39|2.500|12.000|1
6997,116.616666666667,30,0,39|2.333|11.500|1
6998,116.633333333333,30,0,39|2.167|11.000|1
6999,116.65,30,0,39|2.167|10.500|1
7000,116.666666666667,30,0,39|2.000|10.000|1
7001,116.683333333333,30,0,39|2.000|9.500|1
7002,116.7,30,0,39|2.000|9.000|1
7003,116.716666666667,30,0,39|1.833|8.500|1
7004,116.733333333333,30,0,39|1.667|8.000|1
7005,116.75,30,0,39|1.500|7.500|1
7006,116.766666666667,30,0,39|1.500|7.000|1
7007,116.783333333333,30,0,39|1.333|6.500|1
7008,116.8,30,0,39|1.167|6.000|1
7009,116.816666666667,30,0,39|1.167|5.500|1
7010,116.833333333333,30,0,39|1.000|5.000|1
7011,116.85,30,0,39|0.833|4.500|1
7012,116.866666666667,30,0,39|0.833|4.000|1
7013,116.883333333333,30,0,39|0.667|3.500|1
7014,116.9,30,0,39|0.667|3.000|1
7015,116.916666666667,30,0,39|0.500|2.500|1
7016,116.933333333333,30,0,39|0.500|2.000|1
7017,116.95,30,0,39|0.500|1.500|1
7018,116.966666666667,30,0,39|0.333|1.000|1
7019,116.983333333333,30,0,39|0.167|0.500|1
7020,117,30,1,39|0.000|0.000|1
7021,117.016666666667,30,0,40|9.000|89.500|1
7022,117.033333333333,30,0,40|9.000|89.000|1
7023,117.05,30,0,40|9.000|88.500|1
7024,117.066666666667,30,0,40|8.500|88.000|1
7025,117.083333333333,30,0,40|8.000|87.500|1
7026,117.1,30,0,40|8.000|87.000|1
7027,117.116666666667,30,0,40|8.000|86.500|1
7028,117.133333333333,30,0,40|8.000|86.000|1
7029,117.15,30,0,40|8.000|85.500|1
7030,117.166666666667,30,0,40|8.000|85.000|1
7031,117.183333333333,30,0,40|8.000|84.500|1
7032,117.2,30,0,40|8.000|84.000|1
7033,117.216666666667,30,0,40|8.000|83.500|1
7034,117.233333333333,30,0,40|8.000|83.000|1
7035,117.25,30,0,40|7.500|82.500|1
7036,117.266666666667,30,0,40|7.500|82.000|1
7037,117.283333333333,30,0,40|7.500|81.500|1
7038,117.3,30,0,40|7.500|81.000|1
7039,117.316666666667,30,0,40|7.500|80.500|1
7040,117.333333333333,30,0,40|7.500|80.000|1
7041,117.35,30,0,40|7.500|79.500|1
7042,117.366666666667,30,0,40|7.500|79.000|1
7043,117.383333333333,30,0,40|7.500|78.500|1
7044,117.4,30,0,40|7.500|78.000|1
7045,117.416666666667,30,0,40|7.500|77.500|1
7046,117.433333333333,30,0,40|7.500|77.000|1
7047,117.45,30,0,40|7.500|76.500|1
7048,117.466666666667,30,0,40|7.500|76.000|1
7049,117.483333333333,30,0,40|7.500|75.500|1
7050,117.5,30,0,40|7.500|75.000|1
7051,117.516666666667,30,0,40|7.500|74.500|1
7052,117.533333333333,30,0,40|7.500|74.000|1
7053,117.55,30,0,40|7.500|73.500|1
7054,117.566666666667,30,0,40|7.000|73.000|1
7055,117.583333333333,30,0,40|7.000|72.500|1
7056,117.6,30,0,40|7.000|72.000|1
7057,117.616666666667,30,0,40|7.000|71.500|1
7058,117.633333333333,30,0,40|7.000|71.000|1
7059,117.65,30,0,40|7.000|70.500|1
7060,117.666666666667,30,0,40|6.500|70.000|1
7061,117.683333333333,30,0,40|6.500|69.500|1
7062,117.7,30,0,40|6.500|69.000|1
7063,117.716666666667,30,0,40|6.500|68.500|1
7064,117.733333333333,30,0,40|6.500|68.000|1
7065,117.75,30,0,40|6.000|67.500|1
7066,117.766666666667,30,0,40|6.000|67.000|1
7067,117.783333333333,30,0,40|6.000|66.500|1
7068,117.8,30,0,40|6.000|66.000|1
7069,117.816666666667,30,0,40|6.000|65.500|1
7070,117.833333333333,30,0,40|6.000|65.000|1
7071,117.85,30,0,40|6.000|64.500|1
7072,117.866666666667,30,0,40|6.000|64.000|1
7073,117.883333333333,30,0,40|6.000|63.500|1
7074,117.9,30,0,40|6.000|63.000|1
7075,117.916666666667,30,0,40|6.000|62.500|1
7076,117.933333333333,30,0,40|6.000|62.000|1
7077,117.95,30,0,40|6.000|61.500|1
7078,117.966666666667,30,0,40|6.000|61.000|1
7079,117.983333333333,30,0,40|6.000|60.500|1
7080,118,30,0,40|6.000|60.000|1
7081,118.016666666667,30,0,40|6.000|59.500|1
7082,118.033333333333,30,0,40|6.000|59.000|1
7083,118.05,30,0,40|6.000|58.500|1
7084,118.066666666667,30,0,40|6.000|58.000|1
7085,118.083333333333,30,0,40|6.000|57.500|1
7086,118.1,30,0,40|6.000|57.000|1
7087,118.116666666667,30,0,40|6.000|56.500|1
7088,118.133333333333,30,0,40|6.000|56.000|1
7089,118.15,30,0,40|6.000|55.500|1
7090,118.166666666667,30,0,40|5.500|55.000|1
7091,118.183333333333,30,0,40|5.500|54.500|1
7092,118.2,30,0,40|5.500|54.000|1
7093,118.216666666667,30,0,40|5.500|53.500|1
7094,118.233333333333,30,0,40|5.500|53.000|1
7095,118.25,30,0,40|5.500|52.500|1
7096,118.266666666667,30,0,40|5.500|52.000|1
7097,118.283333333333,30,0,40|5.500|51.500|1
7098,118.3,30,0,40|5.500|51.000|1
7099,118.316666666667,30,0,40|5.500|50.500|1
7100,118.333333333333,30,0,40|5.000|50.000|1
7101,118.35,30,0,40|5.000|49.500|1
7102,118.366666666667,30,0,40|4.500|49.000|1
7103,118.383333333333,30,0,40|4.500|48.500|1
7104,118.4,30,0,40|4.000|48.000|1
7105,118.416666666667,30,0,40|4.000|47.500|1
7106,118.433333333333,30,0,40|4.000|47.000|1
7107,118.45,30,0,40|4.000|46.500|1
7108,118.466666666667,30,0,40|4.000|46.000|1
7109,118.483333333333,30,0,40|4.000|45.500|1
7110,118.5,30,0,40|4.000|45.000|1
7111,118.516666666667,30,0,40|4.000|44.500|1
7112,118.533333333333,30,0,40|4.000|44.000|1
7113,118.55,30,0,40|4.000|43.500|1
7114,118.566666666667,30,0,40|4.000|43.000|1
7115,118.583333333333,30,0,40|4.000|42.500|1
7116,118.6,30,0,40|4.000|42.000|1
7117,118.616666666667,30,0,40|4.000|41.500|1
7118,118.633333333333,30,0,40|4.000|41.000|1
7119,118.65,30,0,40|4.000|40.500|1
7120,118.666666666667,30,0,40|4.000|40.000|1
7121,118.683333333333,30,0,40|4.000|39.500|1
7122,118.7,30,0,40|4.000|39.000|1
7123,118.716666666667,30,0,40|4.000|38.500|1
7124,118.733333333333,30,0,40|4.000|38.000|1
7125,118.75,30,0,40|4.000|37.500|1
7126,118.766666666667,30,0,40|3.500|37.000|1
7127,118.783333333333,30,0,40|3.500|36.500|1
7128,118.8,30,0,40|3.500|36.000|1
7129,118.816666666667,30,0,40|3.500|35.500|1
7130,118.833333333333,30,0,40|3.500|35.000|1
7131,118.85,30,0,40|3.500|34.500|1
7132,118.866666666667,30,0,40|3.500|34.000|1
7133,118.883333333333,30,0,40|3.500|33.500|1
7134,118.9,30,0,40|3.500|33.000|1
7135,118.916666666667,30,0,40|3.500|32.500|1
7136,118.933333333333,30,0,40|3.500|32.000|1
7137,118.95,30,0,40|3.500|31.500|1
7138,118.966666666667,30,0,40|3.500|31.000|1
7139,118.983333333333,30,0,40|3.500|30.500|1
7140,119,30,0,40|3.000|30.000|1
7141,119.016666666667,30,0,40|2.500|29.500|1
7142,119.033333333333,30,0,40|2.500|29.000|1
7143,119.05,30,0,40|2.500|28.500|1
7144,119.066666666667,30,0,40|2.500|28.000|1
7145,119.083333333333,30,0,40|2.500|27.500|1
7146,119.1,30,0,40|2.500|27.000|1
7147,119.116666666667,30,0,40|2.500|26.500|1
7148,119.133333333333,30,0,40|2.500|26.000|1
7149,119.15,30,0,40|2.500|25.500|1
7150,119.166666666667,30,0,40|2.500|25.000|1
7151,119.183333333333,30,0,40|2.500|24.500|1
7152,119.2,30,0,40|2.500|24.000|1
7153,119.216666666667,30,0,40|2.500|23.500|1
7154,119.233333333333,30,0,40|2.500|23.000|1
7155,119.25,30,0,40|2.500|22.500|1
7156,119.266666666667,30,0,40|2.500|22.000|1
7157,119.283333333333,30,0,40|2.500|21.500|1
7158,119.3,30,0,40|2.500|21.000|1
7159,119.316666666667,30,0,40|2.500|20.500|1
7160,119.333333333333,30,0,40|2.500|20.000|1
7161,119.35,30,0,40|2.500|19.500|1
7162,119.366666666667,30,0,40|2.500|19.000|1
7163,119.383333333333,30,0,40|2.500|18.500|1
7164,119.4,30,0,40|2.500|18.000|1
7165,119.416666666667,30,0,40|2.000|17.500|1
7166,119.433333333333,30,0,40|2.000|17.000|1
7167,119.45,30,0,40|2.000|16.500|1
7168,119.466666666667,30,0,40|2.000|16.000|1
7169,119.483333333333,30,0,40|2.000|15.500|1
7170,119.5,30,0,40|2.000|15.000|1
7171,119.516666666667,30,0,40|2.000|14.500|1
7172,119.533333333333,30,0,40|2.000|14.000|1
7173,119.55,30,0,40|2.000|13.500|1
7174,119.566666666667,30,0,40|2.000|13.000|1
7175,119.583333333333,30,0,40|2.000|12.500|1
7176,119.6,30,0,40|2.000|12.000|1
7177,119.616666666667,30,0,40|1.500|11.500|1
7178,119.633333333333,30,0,40|1.500|11.000|1
7179,119.65,30,0,40|1.500|10.500|1
7180,119.666666666667,30,0,40|1.500|10.000|1
7181,119.683333333333,30,0,40|1.500|9.500|1
7182,119.7,30,0,40|1.500|9.000|1
7183,119.716666666667,30,0,40|1.500|8.500|1
7184,119.733333333333,30,0,40|1.000|8.000|1
7185,119.75,30,0,40|0.500|7.500|1
7186,119.766666666667,30,0,40|0.500|7.000|1
7187,119.783333333333,30,0,40|0.500|6.500|1
7188,119.8,30,0,40|0.500|6.000|1
7189,119.816666666667,30,0,40|0.500|5.500|1
7190,119.833333333333,30,0,40|0.500|5.000|1
7191,119.85,30,0,40|0.500|4.500|1
7192,119.866666666667,30,0,40|0.500|4.000|1
7193,119.883333333333,30,0,40|0.500|3.500|1
7194,119.9,30,0,40|0.500|3.000|1
7195,119.916666666667,30,0,40|0.500|2.500|1
7196,119.933333333333,30,0,40|0.000|2.000|1
7197,119.95,30,0,40|0.000|1.500|1
7198,119.966666666667,30,0,40|0.000|1.000|1
7199,119.983333333333,30,0,40|0.000|0.500|1
7200,120,30,1,40|0.000|0.000|1
